profileId,actionId,actionName,sourceStageCount,sourceAnimOccurrenceCount,uniqueSourceClips,uniqueRuntimeClips,particleNotifyCount,particleSystemCount,particleSystems,soundEventCount,soundEvents,notifyTypes,notifyExtendingBeyondAnimationCount,currentPatternIds,currentPatternNames,currentAuthoredGates,currentAuthoringStatuses,analystCategory,analystFamilyWithoutGateAuthority,overlappingNameTags
MN_RPCZ_00,0,STAND,23,16,Idle_Normal_1 ; Idle_Normal_1_1 ; Idle_Normal_1_2 ; Idle_Battle_1 ; Idle_Burrow_Loop_1 ; Idle_Status1_Loop_1 ; Idle_Status2_Loop_1 ; Idle_Status3_Loop_1 ; 0 ; Idle_FixedType_Loop_1 ; Idle_FlyingType_Loop_1 ; Idle_FixedType_Normal_1 ; Idle_FlyingType_Normal_1 ; Idle_Status1_Normal_1 ; Idle_Status2_Normal_1 ; Idle_Status3_Normal_1,rpcz00_idle_normal_1 ; rpcz00_idle_battle_1,0,0,,1,S_Mob_G_KouKu1.G_KouKu1_IdleN1,"{""Condition"": 7, ""Anim"": 16, ""AKEvent"": 1}",0,KAKULSAYDON_G1_PATTERN_12,쿠크_조커찾기,GATE2,PRODUCT,COMMON,공통 상태(대기/이동/낙하/착지/피격/사망/생성/부활/소멸),
MN_RPCZ_00,1,MOVE,14,10,Walk_Normal_1 ; Run_Battle_1 ; Run_Burrow_1 ; Fast_Run_Battle_1 ; Walk_Status1_1 ; Walk_Status3_1 ; Walk_Status2_1 ; Run_Status1_1 ; Run_Status2_1 ; Run_Status3_1,rpcz00_walk_normal_1 ; rpcz00_run_battle_1,0,0,,3,S_Mob_G_KouKu1.G_KouKu1_Walk1 ; S_Mob_G_KouKu1.G_KouKu1_FootStep1 ; S_Mob_G_KouKu1.G_KouKu1_Run1,"{""Condition"": 4, ""Anim"": 10, ""AKEvent"": 6}",0,,,,,COMMON,공통 상태(대기/이동/낙하/착지/피격/사망/생성/부활/소멸),
MN_RPCZ_00,3,FALLING,1,1,Run_Battle_1,rpcz00_run_battle_1,0,0,,0,,"{""Anim"": 1}",0,,,,,COMMON,공통 상태(대기/이동/낙하/착지/피격/사망/생성/부활/소멸),
MN_RPCZ_00,4,LAND,1,1,Idle_Normal_1,rpcz00_idle_normal_1,0,0,,0,,"{""Anim"": 1}",0,,,,,COMMON,공통 상태(대기/이동/낙하/착지/피격/사망/생성/부활/소멸),
MN_RPCZ_00,12,BEHIT,24,21,KnockDown ; StandUp_1 ; Bound ; Bound_Land ; Dmg_Idle_1 ; TwistKnockDown ; KnockDown_Land ; TwistKnockDown_Land ; Abn_Bug_1 ; Abn_EarthQuake_1 ; Abn_Fear_1 ; Abn_Shock_1 ; Abn_Stun_1 ; Ground_1 ; Dmg_Critical_Start_1 ; Dmg_Critical_Loop_1 ; Dmg_Critical_End_1 ; Dmg_Idle_2 ; Dmg_Idle_3,rpcz00_knockdown ; rpcz00_standup_1 ; rpcz00_bound ; rpcz00_bound_land ; rpcz00_dmg_idle_1 ; rpcz00_twistknockdown ; rpcz00_knockdown_land ; rpcz00_twistknockdown_land ; rpcz00_abn_shock_1 ; rpcz00_abn_stun_1 ; rpcz00_ground_1 ; rpcz00_dmg_critical_start_1 ; rpcz00_dmg_critical_loop_1 ; rpcz00_dmg_critical_end_1 ; rpcz00_dmg_idle_2,0,0,,7,S_Mob_G_KouKu1.G_KouKu1_Down1 ; S_Mob_G_KouKu1.G_KouKu1_StandUp1 ; S_Mob_G_KouKu1.G_KouKu1_Damage1 ; S_Mob_G_KouKu1.G_KouKu1_FreezeStart1 ; S_Systems.SYS_MONSTER_FREEZE1 ; S_Mob_G_KouKu1.G_KouKu1_FreezeLoop1 ; S_Mob_G_KouKu1.G_KouKu1_FreezeEnd1,"{""Condition"": 3, ""Anim"": 21, ""AKEvent"": 10, ""Down"": 5, ""SoundSetDownMid"": 3, ""ViewShake"": 1, ""SoundSetSpringBound"": 1}",0,,,,,COMMON,공통 상태(대기/이동/낙하/착지/피격/사망/생성/부활/소멸),
MN_RPCZ_00,13,DIE,22,15,Anim ; Dead_3,rpcz00_dead_1 ; rpcz00_dead_1_loop,13,0,,3,S_Mob_G_KouKu1.G_KouKu1_DeathVox1 ; S_Mob_G_KouKu1.G_KouKu1_DeathDown1 ; S_Mob_G_KouKu1.G_KouKu1_DeathR1,"{""Condition"": 7, ""Anim"": 15, ""PawnMaterialChange"": 8, ""AKEvent"": 5, ""DefaultParticle"": 13, ""PawnMaterialParam"": 8}",0,,,,,COMMON,공통 상태(대기/이동/낙하/착지/피격/사망/생성/부활/소멸),
MN_RPCZ_00,15,SPAWN,9,6,Respawn_1 ; Respawn_2 ; Respawn_1_1 ; Respawn_1_2 ; Respawn_1_3 ; Respawn_1_4,,1,0,,0,,"{""Condition"": 2, ""DefaultParticle"": 1, ""PawnMaterialChange"": 1, ""PawnMaterialParam"": 1, ""SuperArmor"": 7, ""Anim"": 6}",0,,,,,COMMON,공통 상태(대기/이동/낙하/착지/피격/사망/생성/부활/소멸),
MN_RPCZ_00,16,RESURRECT,1,0,,,0,0,,0,,{},0,,,,,COMMON,공통 상태(대기/이동/낙하/착지/피격/사망/생성/부활/소멸),
MN_RPCZ_00,19,DESPAWN,3,0,,,1,0,,0,,"{""Condition"": 2, ""DefaultParticle"": 1, ""PawnMaterialChange"": 1, ""PawnMaterialParam"": 4}",0,,,,,COMMON,공통 상태(대기/이동/낙하/착지/피격/사망/생성/부활/소멸),
MN_RPCZ_00,990378,쿠크_선회_90도_테스트용 임시,1,1,Idle_Battle_1,rpcz00_idle_battle_1,0,0,,1,S_Mob_G_CukSatan1.G_CukSatan1_Attack18_Shot1,"{""Anim"": 1, ""AKEvent"": 1, ""Rotate"": 1}",0,,,,,SYSTEM,선회 테스트 / 버프 정리 / 사망스킬 / 대형 쿠크 카드미로 종료,TEST_OR_UNUSED ; MOVEMENT_OR_CONTROL
MN_RPCZ_00,990379,쿠크_선회_180도_테스트용 임시,1,1,Idle_Battle_1,rpcz00_idle_battle_1,0,0,,1,S_Mob_G_CukSatan1.G_CukSatan1_Attack18_Shot1,"{""Anim"": 1, ""AKEvent"": 1, ""Rotate"": 1}",0,,,,,SYSTEM,선회 테스트 / 버프 정리 / 사망스킬 / 대형 쿠크 카드미로 종료,TEST_OR_UNUSED ; MOVEMENT_OR_CONTROL
MN_RPCZ_00,990380,쿠크_선회_270도_테스트용 임시,1,1,Idle_Battle_1,rpcz00_idle_battle_1,0,0,,1,S_Mob_G_CukSatan1.G_CukSatan1_Attack18_Shot1,"{""Anim"": 1, ""AKEvent"": 1, ""Rotate"": 1}",0,,,,,SYSTEM,선회 테스트 / 버프 정리 / 사망스킬 / 대형 쿠크 카드미로 종료,TEST_OR_UNUSED ; MOVEMENT_OR_CONTROL
MN_RPCZ_00,990381,쿠크_선회_0도_테스트용 임시,1,1,Idle_Battle_1,rpcz00_idle_battle_1,0,0,,1,S_Mob_G_CukSatan1.G_CukSatan1_Attack18_Shot1,"{""Anim"": 1, ""AKEvent"": 1, ""Rotate"": 1}",0,,,,,SYSTEM,선회 테스트 / 버프 정리 / 사망스킬 / 대형 쿠크 카드미로 종료,TEST_OR_UNUSED ; MOVEMENT_OR_CONTROL
MN_RPCZ_00,4219701,쿠크_바주카포_액션_백덤블링,5,5,Att_Battle_1_01 ; Att_Battle_1_08 ; Att_Battle_1_02 ; Att_Battle_1_11,rpcz00_att_battle_1_01 ; rpcz00_att_battle_1_08 ; rpcz00_att_battle_1_02 ; rpcz00_att_battle_1_11,8,4,fx_mn_rpcz_00_g.Par_G_RPCZ_00_Weapon_Spawn_LOC_INT ; FX_MN_RPCZ_00_G.Par_G_RPCZ_00_WP_Bazooka_01 ; FX_MN_RPCZ_00_G.Par_G_RPCZ_00_Jump_dust ; fx_mn_rpcz_00_g.Par_G_RPCZ_00_WP_Bazooka_Despawn_01_LOC_INT,9,S_Mob_G_KouKu1.G_KouKu1_Attack01_CastVox1 ; S_Mob_G_KouKu1.G_KouKu1_Attack01_Cast1 ; S_Mob_G_KouKu1.G_KouKu1_Attack01_Shot1 ; S_Mob_G_KouKu1.G_KouKu1_Attack01_Shot2 ; S_Mob_G_KouKu1.G_KouKu1_Attack01_ShotVox1 ; S_Mob_G_KouKu1.G_KouKu1_Attack01_Shot3 ; S_Mob_G_KouKu1.G_KouKu1_Attack01_Shot4 ; S_Mob_G_KouKu1.G_KouKu1_Attack01_Shot5 ; S_Mob_G_KouKu1.G_KouKu1_Attack01_Shot6,"{""Anim"": 5, ""AKEvent"": 11, ""PlayParticleEffect"": 8, ""TrailGhostEffect"": 2}",0,,,,,NORMAL,바주카포,
MN_RPCZ_00,4219702,쿠크_바주카포_액션_조준3연발,4,4,Att_Battle_1_01 ; Att_Battle_1_08 ; Att_Battle_1_03 ; Att_Battle_1_07,rpcz00_att_battle_1_01 ; rpcz00_att_battle_1_08 ; rpcz00_att_battle_1_03 ; rpcz00_att_battle_1_07,12,5,fx_mn_rpcz_00_g.Par_G_RPCZ_00_Weapon_Spawn_LOC_INT ; FX_MN_RPCZ_00_G.Par_G_RPCZ_00_WP_Bazooka_01 ; fx_mn_rpcz_00_g.Par_G_RPCZ_00_Bazooka_Fire_LOC_INT ; FX_MN_RPCZ_00_G.Par_G_RPCZ_00_Jump_dust ; fx_mn_rpcz_00_g.Par_G_RPCZ_00_WP_Bazooka_Despawn_01_LOC_INT,9,S_Mob_G_KouKu1.G_KouKu1_Attack01_CastVox2 ; S_Mob_G_KouKu1.G_KouKu1_Attack01_Cast1 ; S_Mob_G_KouKu1.G_KouKu1_Attack01_Shot1 ; S_Mob_G_KouKu1.G_KouKu1_Attack01_Shot2 ; S_Mob_G_KouKu1.G_KouKu1_Attack01_Shot7 ; S_Mob_G_KouKu1.G_KouKu1_Attack01_ShotVox2 ; S_Mob_G_KouKu1.G_KouKu1_Attack01_Shot4 ; S_Mob_G_KouKu1.G_KouKu1_Attack01_Shot5 ; S_Mob_G_KouKu1.G_KouKu1_Attack01_Shot6,"{""Anim"": 4, ""AKEvent"": 9, ""PlayParticleEffect"": 12, ""LookTarget"": 1, ""Effect"": 1}",0,,,,,NORMAL,바주카포,
MN_RPCZ_00,4219703,쿠크_바주카포_액션_부채꼴,5,5,Att_Battle_1_01 ; Att_Battle_1_08 ; Att_Battle_1_04 ; Att_Battle_1_07 ; Att_Battle_1_02,rpcz00_att_battle_1_01 ; rpcz00_att_battle_1_08 ; rpcz00_att_battle_1_04 ; rpcz00_att_battle_1_07 ; rpcz00_att_battle_1_02,13,5,fx_mn_rpcz_00_g.Par_G_RPCZ_00_Weapon_Spawn_LOC_INT ; FX_MN_RPCZ_00_G.Par_G_RPCZ_00_WP_Bazooka_01 ; fx_mn_rpcz_00_g.Par_G_RPCZ_00_Bazooka_Fire_LOC_INT ; FX_MN_RPCZ_00_G.Par_G_RPCZ_00_Jump_dust ; fx_mn_rpcz_00_g.Par_G_RPCZ_00_WP_Bazooka_Despawn_01_LOC_INT,11,S_Mob_G_KouKu1.G_KouKu1_Attack01_CastVox3 ; S_Mob_G_KouKu1.G_KouKu1_Attack01_Cast1 ; S_Mob_G_KouKu1.G_KouKu1_Attack01_Shot1 ; S_Mob_G_KouKu1.G_KouKu1_Attack01_Shot2 ; S_Mob_G_KouKu1.G_KouKu1_Attack01_Shot7 ; S_Mob_G_KouKu1.G_KouKu1_Attack01_ShotVox3 ; S_Mob_G_KouKu1.G_KouKu1_Attack01_Shot4 ; S_Mob_G_KouKu1.G_KouKu1_Attack01_Shot5 ; S_Mob_G_KouKu1.G_KouKu1_Attack01_Shot6 ; S_Mob_G_KouKu1.G_KouKu1_Attack01_ShotVox1 ; S_Mob_G_KouKu1.G_KouKu1_Attack01_Shot3,"{""Anim"": 5, ""AKEvent"": 11, ""PlayParticleEffect"": 13, ""Effect"": 3, ""TrailGhostEffect"": 1}",0,,,,,NORMAL,바주카포,
MN_RPCZ_00,4219704,쿠크_바주카포_액션_투사체,4,4,Att_Battle_1_01 ; Att_Battle_1_08 ; Att_Battle_1_05 ; Att_Battle_1_07,rpcz00_att_battle_1_01 ; rpcz00_att_battle_1_08 ; rpcz00_att_battle_1_05 ; rpcz00_att_battle_1_07,9,5,fx_mn_rpcz_00_g.Par_G_RPCZ_00_Weapon_Spawn_LOC_INT ; FX_MN_RPCZ_00_G.Par_G_RPCZ_00_WP_Bazooka_01 ; fx_mn_rpcz_00_g.Par_G_RPCZ_00_Bazooka_Fire_LOC_INT ; FX_MN_RPCZ_00_G.Par_G_RPCZ_00_Jump_dust ; fx_mn_rpcz_00_g.Par_G_RPCZ_00_WP_Bazooka_Despawn_01_LOC_INT,10,S_Mob_G_KouKu1.G_KouKu1_Attack01_CastVox4 ; S_Mob_G_KouKu1.G_KouKu1_Attack01_Cast1 ; S_Mob_G_KouKu1.G_KouKu1_Attack01_Shot1 ; S_Mob_G_KouKu1.G_KouKu1_Attack01_Shot2 ; S_Mob_G_KouKu1.G_KouKu1_Attack01_Shot8 ; S_Mob_G_KouKu1.G_KouKu1_Attack01_ShotVox4 ; S_Mob_G_KouKu1.G_KouKu1_Attack01_Shot9 ; S_Mob_G_KouKu1.G_KouKu1_Attack01_Shot4 ; S_Mob_G_KouKu1.G_KouKu1_Attack01_Shot5 ; S_Mob_G_KouKu1.G_KouKu1_Attack01_Shot6,"{""Anim"": 4, ""AKEvent"": 10, ""PlayParticleEffect"": 9, ""Effect"": 1}",0,,,,,NORMAL,바주카포,
MN_RPCZ_00,4219705,쿠크_바주카포_액션_공격하며후퇴,4,4,Att_Battle_1_01 ; Att_Battle_1_08 ; Att_Battle_1_06 ; Att_Battle_1_07,rpcz00_att_battle_1_01 ; rpcz00_att_battle_1_08 ; rpcz00_att_battle_1_06 ; rpcz00_att_battle_1_07,9,6,fx_mn_rpcz_00_g.Par_G_RPCZ_00_Weapon_Spawn_LOC_INT ; FX_MN_RPCZ_00_G.Par_G_RPCZ_00_WP_Bazooka_01 ; fx_mn_rpcz_00_g.Par_G_RPCZ_00_Jump_LOC_INT ; fx_mn_rpcz_00_g.Par_G_RPCZ_00_Bazooka_Fire_LOC_INT ; FX_MN_RPCZ_00_G.Par_G_RPCZ_00_Jump_dust ; fx_mn_rpcz_00_g.Par_G_RPCZ_00_WP_Bazooka_Despawn_01_LOC_INT,10,S_Mob_G_KouKu1.G_KouKu1_Attack01_CastVox5 ; S_Mob_G_KouKu1.G_KouKu1_Attack01_Cast1 ; S_Mob_G_KouKu1.G_KouKu1_Attack01_Shot1 ; S_Mob_G_KouKu1.G_KouKu1_Attack01_Shot2 ; S_Mob_G_KouKu1.G_KouKu1_Attack01_ShotVox5 ; S_Mob_G_KouKu1.G_KouKu1_Attack01_Shot10 ; S_Mob_G_KouKu1.G_KouKu1_Attack01_Shot11 ; S_Mob_G_KouKu1.G_KouKu1_Attack01_Shot4 ; S_Mob_G_KouKu1.G_KouKu1_Attack01_Shot5 ; S_Mob_G_KouKu1.G_KouKu1_Attack01_Shot6,"{""Anim"": 4, ""AKEvent"": 10, ""PlayParticleEffect"": 9, ""ToggleCollision"": 2, ""Effect"": 1, ""TrailGhostEffect"": 1}",0,,,,,NORMAL,바주카포,
MN_RPCZ_00,4219706,쿠크_뿅망치_액션_선이동A,7,7,Att_Battle_2_01 ; Att_Battle_2_02 ; Att_Battle_2_08 ; Att_Battle_2_03 ; Att_Battle_2_09,rpcz00_att_battle_2_01 ; rpcz00_att_battle_2_02 ; rpcz00_att_battle_2_08 ; rpcz00_att_battle_2_03 ; rpcz00_att_battle_2_09,24,10,FX_MN_RPCZ_00_G.Par_G_RPCZ_00_WP_Hammer_01 ; fx_mn_rpcz_00_g.Par_G_RPCZ_00_Weapon_Spawn_LOC_INT ; fx_mn_rpcz_00_g.Par_G_RPCZ_00_Move_LOC_INT ; fx_cm_03.Swing.Par_MP_Swing_03 ; fx_mn_rpcz_00_g.Par_G_RPCZ_00_Hammer_D_LOC_INT ; FX_MN_RPCZ_00_G.Par_G_RPCZ_00_Jump_dust ; fx_mn_rpcz_00_g.Par_G_RPCZ_00_Hammer_A_00_LOC_INT ; fx_mn_rpcz_00_g.Par_G_RPCZ_00_Hammer_A_01_LOC_INT ; fx_mn_rpcz_00_g.Par_G_RPCZ_00_Hammer_A_02_LOC_INT ; fx_mn_rpcz_00_g.Par_G_RPCZ_00_WP_Hammer_Despawn_01_LOC_INT,13,S_Mob_G_KouKu1.G_KouKu1_Attack02_CastVox1 ; S_Mob_G_KouKu1.G_KouKu1_Attack01_Cast1 ; S_Mob_G_KouKu1.G_KouKu1_Attack01_Shot1 ; S_Mob_G_KouKu1.G_KouKu1_Attack02_Shot1 ; S_Mob_G_KouKu1.G_KouKu1_Attack02_ShotVox1 ; S_Mob_G_KouKu1.G_KouKu1_Attack02_Shot2 ; S_Mob_G_KouKu1.G_KouKu1_Attack02_ShotVox5 ; S_Mob_G_KouKu1.G_KouKu1_Attack02_Shot11 ; S_Mob_G_KouKu1.G_KouKu1_Attack02_ShotVox2 ; S_Mob_G_KouKu1.G_KouKu1_Attack02_Shot5 ; S_Mob_G_KouKu1.G_KouKu1_Attack02_Shot3 ; S_Mob_G_KouKu1.G_KouKu1_Attack02_Shot4 ; S_Mob_G_KouKu1.G_KouKu1_Attack01_Shot6,"{""Anim"": 7, ""AKEvent"": 17, ""PlayParticleEffect"": 24, ""MonsterMoveNextStage"": 4, ""TrailGhostEffect"": 3, ""MonsterMoveNextStageConditionProbability"": 1, ""MonsterMoveNextStageConditionCheckArea"": 1, ""Effect"": 8}",0,,,,,NORMAL,뿅망치,MOVEMENT_OR_CONTROL
MN_RPCZ_00,4219707,쿠크_뿅망치_액션_후방전방찍기,3,3,Att_Battle_2_01 ; Att_Battle_2_03 ; Att_Battle_2_09,rpcz00_att_battle_2_01 ; rpcz00_att_battle_2_03 ; rpcz00_att_battle_2_09,11,6,FX_MN_RPCZ_00_G.Par_G_RPCZ_00_WP_Hammer_01 ; fx_mn_rpcz_00_g.Par_G_RPCZ_00_Weapon_Spawn_LOC_INT ; fx_mn_rpcz_00_g.Par_G_RPCZ_00_Hammer_A_00_LOC_INT ; fx_mn_rpcz_00_g.Par_G_RPCZ_00_Hammer_A_01_LOC_INT ; fx_mn_rpcz_00_g.Par_G_RPCZ_00_Hammer_A_02_LOC_INT ; fx_mn_rpcz_00_g.Par_G_RPCZ_00_WP_Hammer_Despawn_01_LOC_INT,10,S_Mob_G_KouKu1.G_KouKu1_Attack02_CastVox2 ; S_Mob_G_KouKu1.G_KouKu1_Attack01_Cast1 ; S_Mob_G_KouKu1.G_KouKu1_Attack01_Shot1 ; S_Mob_G_KouKu1.G_KouKu1_Attack02_Shot1 ; S_Mob_G_KouKu1.G_KouKu1_Attack02_ShotVox2 ; S_Mob_G_KouKu1.G_KouKu1_Attack02_Shot5 ; S_Mob_G_KouKu1.G_KouKu1_Attack02_Shot12 ; S_Mob_G_KouKu1.G_KouKu1_Attack02_Shot3 ; S_Mob_G_KouKu1.G_KouKu1_Attack02_Shot4 ; S_Mob_G_KouKu1.G_KouKu1_Attack01_Shot6,"{""Anim"": 3, ""AKEvent"": 14, ""PlayParticleEffect"": 11, ""Effect"": 6}",0,,,,,NORMAL,뿅망치,
MN_RPCZ_00,4219708,쿠크_뿅망치_액션_휠윈드,10,10,Att_Battle_2_01 ; Att_Battle_2_04 ; Att_Battle_2_05 ; Att_Battle_2_06 ; Att_Battle_2_09,rpcz00_att_battle_2_01 ; rpcz00_att_battle_2_04 ; rpcz00_att_battle_2_05 ; rpcz00_att_battle_2_06 ; rpcz00_att_battle_2_09,22,6,FX_MN_RPCZ_00_G.Par_G_RPCZ_00_WP_Hammer_01 ; fx_mn_rpcz_00_g.Par_G_RPCZ_00_Weapon_Spawn_LOC_INT ; fx_mn_rpcz_00_g.Par_G_RPCZ_00_Hammer_B_LOC_INT ; FX_CM_00.Dust.Par_E_UnderDustLoop_02 ; FX_MN_RPCZ_00_G.Par_G_RPCZ_00_Jump_dust ; fx_mn_rpcz_00_g.Par_G_RPCZ_00_WP_Hammer_Despawn_01_LOC_INT,10,S_Mob_G_KouKu1.G_KouKu1_Attack02_CastVox3 ; S_Mob_G_KouKu1.G_KouKu1_Attack01_Cast1 ; S_Mob_G_KouKu1.G_KouKu1_Attack01_Shot1 ; S_Mob_G_KouKu1.G_KouKu1_Attack02_Shot1 ; S_Mob_G_KouKu1.G_KouKu1_Attack02_Shot6 ; S_Mob_G_KouKu1.G_KouKu1_Attack02_ShotVox3 ; S_Mob_G_KouKu1.G_KouKu1_Attack02_Shot7 ; S_Mob_G_KouKu1.G_KouKu1_Attack02_Shot3 ; S_Mob_G_KouKu1.G_KouKu1_Attack02_Shot4 ; S_Mob_G_KouKu1.G_KouKu1_Attack01_Shot6,"{""Anim"": 10, ""AKEvent"": 20, ""PlayParticleEffect"": 22, ""CounterAttack"": 2, ""NPCSkillMove"": 2, ""Effect"": 4}",16,KAKULSAYDON_G1_PATTERN_24,쿠크_휠윈드,GATE2,DRAFT,NORMAL,뿅망치,
MN_RPCZ_00,4219709,쿠크_뿅망치_액션_리프어택,3,3,Att_Battle_2_01 ; Att_Battle_2_07 ; Att_Battle_2_09,rpcz00_att_battle_2_01 ; rpcz00_att_battle_2_07 ; rpcz00_att_battle_2_09,9,7,FX_MN_RPCZ_00_G.Par_G_RPCZ_00_WP_Hammer_01 ; fx_mn_rpcz_00_g.Par_G_RPCZ_00_Weapon_Spawn_LOC_INT ; fx_mn_rpcz_00_g.Par_G_RPCZ_00_Jump_LOC_INT ; fx_mn_rpcz_00_g.Par_G_RPCZ_00_Hammer_C_00_LOC_INT ; FX_MN_RPCZ_00_G.Par_G_RPCZ_00_Jump_dust ; fx_mn_rpcz_00_g.Par_G_RPCZ_00_Hammer_C_01_LOC_INT ; fx_mn_rpcz_00_g.Par_G_RPCZ_00_WP_Hammer_Despawn_01_LOC_INT,11,S_Mob_G_KouKu1.G_KouKu1_Attack02_CastVox4 ; S_Mob_G_KouKu1.G_KouKu1_Attack01_Cast1 ; S_Mob_G_KouKu1.G_KouKu1_Attack01_Shot1 ; S_Mob_G_KouKu1.G_KouKu1_Attack02_Shot1 ; S_Mob_G_KouKu1.G_KouKu1_Attack02_ShotVox4 ; S_Mob_G_KouKu1.G_KouKu1_Attack02_Shot8 ; S_Mob_G_KouKu1.G_KouKu1_Attack02_Shot9 ; S_Mob_G_KouKu1.G_KouKu1_Attack02_Shot10 ; S_Mob_G_KouKu1.G_KouKu1_Attack02_Shot3 ; S_Mob_G_KouKu1.G_KouKu1_Attack02_Shot4 ; S_Mob_G_KouKu1.G_KouKu1_Attack01_Shot6,"{""Anim"": 3, ""AKEvent"": 11, ""PlayParticleEffect"": 9, ""MonsterMoveNextStage"": 2, ""TrailGhostEffect"": 1, ""ToggleCollision"": 2, ""Effect"": 2, ""PlayDecalEffect"": 1, ""ViewShake"": 2}",0,,,,,NORMAL,뿅망치,
MN_RPCZ_00,4219710,쿠크_뿅망치_액션_2연타,4,4,Att_Battle_2_01 ; Att_Battle_2_10 ; Att_Battle_2_08 ; Att_Battle_2_09,rpcz00_att_battle_2_01 ; rpcz00_att_battle_2_10 ; rpcz00_att_battle_2_08 ; rpcz00_att_battle_2_09,12,6,FX_MN_RPCZ_00_G.Par_G_RPCZ_00_WP_Hammer_01 ; fx_mn_rpcz_00_g.Par_G_RPCZ_00_Weapon_Spawn_LOC_INT ; fx_cm_03.Swing.Par_MP_Swing_03 ; fx_mn_rpcz_00_g.Par_G_RPCZ_00_Hammer_D_LOC_INT ; FX_MN_RPCZ_00_G.Par_G_RPCZ_00_Jump_dust ; fx_mn_rpcz_00_g.Par_G_RPCZ_00_WP_Hammer_Despawn_01_LOC_INT,9,S_Mob_G_KouKu1.G_KouKu1_Attack02_CastVox5 ; S_Mob_G_KouKu1.G_KouKu1_Attack01_Cast1 ; S_Mob_G_KouKu1.G_KouKu1_Attack01_Shot1 ; S_Mob_G_KouKu1.G_KouKu1_Attack02_Shot1 ; S_Mob_G_KouKu1.G_KouKu1_Attack02_ShotVox5 ; S_Mob_G_KouKu1.G_KouKu1_Attack02_Shot11 ; S_Mob_G_KouKu1.G_KouKu1_Attack02_Shot3 ; S_Mob_G_KouKu1.G_KouKu1_Attack02_Shot4 ; S_Mob_G_KouKu1.G_KouKu1_Attack01_Shot6,"{""Anim"": 4, ""AKEvent"": 10, ""PlayParticleEffect"": 12, ""Effect"": 2}",0,,,,,NORMAL,뿅망치,
MN_RPCZ_00,4219711,쿠크_나팔_액션_선이동A,12,12,Att_Battle_3_01 ; Att_Battle_3_10 ; Att_Battle_3_02 ; Att_Battle_3_09 ; Att_Battle_3_04 ; Att_Battle_3_03,rpcz00_att_battle_3_01 ; rpcz00_att_battle_3_10 ; rpcz00_att_battle_3_02 ; rpcz00_att_battle_3_09 ; rpcz00_att_battle_3_04 ; rpcz00_att_battle_3_03,21,4,fx_mn_rpcz_00_g.Par_G_RPCZ_00_Weapon_Spawn_LOC_INT ; FX_MN_RPCZ_00_G.Par_G_RPCZ_00_WP_Trumpet_01 ; fx_mn_rpcz_00_g.Par_G_RPCZ_00_Move_LOC_INT ; fx_mn_rpcz_00_g.Par_G_RPCZ_00_WP_Trumpet_Despawn_01_LOC_INT,9,S_Mob_G_KouKu1.G_KouKu1_Attack03_CastVox1 ; S_Mob_G_KouKu1.G_KouKu1_Attack01_Cast1 ; S_Mob_G_KouKu1.G_KouKu1_Attack01_Shot1 ; S_Mob_G_KouKu1.G_KouKu1_Attack02_Shot1 ; S_Mob_G_KouKu1.G_KouKu1_Attack03_ShotVox1 ; S_Mob_G_KouKu1.G_KouKu1_Attack02_Shot2 ; S_Mob_G_KouKu1.G_KouKu1_Attack02_Shot3 ; S_Mob_G_KouKu1.G_KouKu1_Attack03_Shot1 ; S_Mob_G_KouKu1.G_KouKu1_Attack01_Shot6,"{""Anim"": 12, ""AKEvent"": 27, ""PlayParticleEffect"": 21, ""TrailGhostEffect"": 3}",0,,,,,NORMAL,나팔(피자 제외),MOVEMENT_OR_CONTROL
MN_RPCZ_00,4219712,쿠크_나팔_액션_전방직선,3,3,Att_Battle_3_01 ; Att_Battle_3_05 ; Att_Battle_3_09,rpcz00_att_battle_3_01 ; rpcz00_att_battle_3_05 ; rpcz00_att_battle_3_09,9,7,fx_mn_rpcz_00_g.Par_G_RPCZ_00_Weapon_Spawn_LOC_INT ; FX_MN_RPCZ_00_G.Par_G_RPCZ_00_WP_Trumpet_01 ; fx_mn_rpcz_00_g.Par_G_RPCZ_00_Jump_LOC_INT ; fx_mn_rpcz_00_g.Par_G_RPCZ_00_Trumpet_A_Music_LOC_INT ; fx_mn_rpcz_00_g.Par_G_RPCZ_00_Trumpet_A_LOC_INT ; FX_MN_RPCZ_00_G.Par_G_RPCZ_00_Jump_dust ; fx_mn_rpcz_00_g.Par_G_RPCZ_00_WP_Trumpet_Despawn_01_LOC_INT,12,S_Mob_G_KouKu1.G_KouKu1_Attack03_CastVox2 ; S_Mob_G_KouKu1.G_KouKu1_Attack01_Cast1 ; S_Mob_G_KouKu1.G_KouKu1_Attack01_Shot1 ; S_Mob_G_KouKu1.G_KouKu1_Attack02_Shot1 ; S_Mob_G_KouKu1.G_KouKu1_Attack03_Cast2 ; S_Mob_G_KouKu1.G_KouKu1_Attack03_Shot2 ; S_Mob_G_KouKu1.G_KouKu1_Attack03_Shot3 ; S_Mob_G_KouKu1.G_KouKu1_Attack03_Shot4 ; S_Mob_G_KouKu1.G_KouKu1_Attack03_ShotVox2 ; S_Mob_G_KouKu1.G_KouKu1_Attack02_Shot3 ; S_Mob_G_KouKu1.G_KouKu1_Attack03_Shot1 ; S_Mob_G_KouKu1.G_KouKu1_Attack01_Shot6,"{""Anim"": 3, ""AKEvent"": 12, ""PlayParticleEffect"": 9, ""PlayDecalEffect"": 1, ""Effect"": 1}",0,,,,,NORMAL,나팔(피자 제외),
MN_RPCZ_00,4219713,쿠크_나팔_액션_좌우공격,3,3,Att_Battle_3_01 ; Att_Battle_3_06 ; Att_Battle_3_09,rpcz00_att_battle_3_01 ; rpcz00_att_battle_3_06 ; rpcz00_att_battle_3_09,12,7,fx_mn_rpcz_00_g.Par_G_RPCZ_00_Weapon_Spawn_LOC_INT ; FX_MN_RPCZ_00_G.Par_G_RPCZ_00_WP_Trumpet_01 ; fx_mn_rpcz_00_g.Par_G_RPCZ_00_Jump_LOC_INT ; fx_mn_rpcz_00_g.Par_G_RPCZ_00_Trumpet_B_02_LOC_INT ; fx_mn_rpcz_00_g.Par_G_RPCZ_00_Trumpet_B_LOC_INT ; FX_MN_RPCZ_00_G.Par_G_RPCZ_00_Jump_dust ; fx_mn_rpcz_00_g.Par_G_RPCZ_00_WP_Trumpet_Despawn_01_LOC_INT,12,S_Mob_G_KouKu1.G_KouKu1_Attack03_CastVox2 ; S_Mob_G_KouKu1.G_KouKu1_Attack01_Cast1 ; S_Mob_G_KouKu1.G_KouKu1_Attack01_Shot1 ; S_Mob_G_KouKu1.G_KouKu1_Attack02_Shot1 ; S_Mob_G_KouKu1.G_KouKu1_Attack03_Cast2 ; S_Mob_G_KouKu1.G_KouKu1_Attack03_Shot2 ; S_Mob_G_KouKu1.G_KouKu1_Attack03_Shot5 ; S_Mob_G_KouKu1.G_KouKu1_Attack03_Shot4 ; S_Mob_G_KouKu1.G_KouKu1_Attack03_ShotVox2 ; S_Mob_G_KouKu1.G_KouKu1_Attack02_Shot3 ; S_Mob_G_KouKu1.G_KouKu1_Attack03_Shot1 ; S_Mob_G_KouKu1.G_KouKu1_Attack01_Shot6,"{""Anim"": 3, ""AKEvent"": 12, ""PlayParticleEffect"": 12, ""PlayDecalEffect"": 6, ""Effect"": 6}",0,,,,,NORMAL,나팔(피자 제외),
MN_RPCZ_00,4219714,쿠크_나팔_액션_피자,6,6,Att_Battle_3_01 ; Att_Battle_3_07 ; Att_Battle_3_09,rpcz00_att_battle_3_01 ; rpcz00_att_battle_3_07 ; rpcz00_att_battle_3_09,18,4,fx_mn_rpcz_00_g.Par_G_RPCZ_00_Weapon_Spawn_LOC_INT ; FX_MN_RPCZ_00_G.Par_G_RPCZ_00_WP_Trumpet_01 ; fx_mn_rpcz_00_g.Par_G_RPCZ_00_Trumpet_C_LOC_INT ; fx_mn_rpcz_00_g.Par_G_RPCZ_00_WP_Trumpet_Despawn_01_LOC_INT,10,S_Mob_G_KouKu1.G_KouKu1_Attack03_CastVox2 ; S_Mob_G_KouKu1.G_KouKu1_Attack01_Cast1 ; S_Mob_G_KouKu1.G_KouKu1_Attack01_Shot1 ; S_Mob_G_KouKu1.G_KouKu1_Attack02_Shot1 ; S_Mob_G_KouKu1.G_KouKu1_Attack03_Cast2 ; S_Mob_G_KouKu1.G_KouKu1_Attack03_Shot6 ; S_Mob_G_KouKu1.G_KouKu1_Attack03_ShotVox2 ; S_Mob_G_KouKu1.G_KouKu1_Attack02_Shot3 ; S_Mob_G_KouKu1.G_KouKu1_Attack03_Shot1 ; S_Mob_G_KouKu1.G_KouKu1_Attack01_Shot6,"{""Anim"": 6, ""AKEvent"": 26, ""PlayParticleEffect"": 18, ""PlayDecalEffect"": 2, ""Effect"": 8}",0,KAKULSAYDON_G1_PATTERN_23,쿠크_팡파레,GATE2,DRAFT,MECHANIC,피자(나팔) — 쿠크가 중앙에서 회전하며 부채꼴 바닥 생성,
MN_RPCZ_00,4219715,쿠크_나팔_액션_3연속도넛,3,3,Att_Battle_3_01 ; Att_Battle_3_08 ; Att_Battle_3_09,rpcz00_att_battle_3_01 ; rpcz00_att_battle_3_08 ; rpcz00_att_battle_3_09,10,6,fx_mn_rpcz_00_g.Par_G_RPCZ_00_Weapon_Spawn_LOC_INT ; FX_MN_RPCZ_00_G.Par_G_RPCZ_00_WP_Trumpet_01 ; fx_mn_rpcz_00_g.Par_G_RPCZ_00_Trumpet_D_Music_LOC_INT ; fx_mn_rpcz_00_g.Par_G_RPCZ_00_Trumpet_D_02_LOC_INT ; fx_mn_rpcz_00_g.Par_G_RPCZ_00_Trumpet_D_LOC_INT ; fx_mn_rpcz_00_g.Par_G_RPCZ_00_WP_Trumpet_Despawn_01_LOC_INT,12,S_Mob_G_KouKu1.G_KouKu1_Attack03_CastVox2 ; S_Mob_G_KouKu1.G_KouKu1_Attack01_Cast1 ; S_Mob_G_KouKu1.G_KouKu1_Attack01_Shot1 ; S_Mob_G_KouKu1.G_KouKu1_Attack02_Shot1 ; S_Mob_G_KouKu1.G_KouKu1_Attack03_Cast2 ; S_Mob_G_KouKu1.G_KouKu1_Attack03_Shot7 ; S_Mob_G_KouKu1.G_KouKu1_Attack03_ShotVox3 ; S_Mob_G_KouKu1.G_KouKu1_Attack03_Shot8 ; S_Mob_G_KouKu1.G_KouKu1_Attack03_ShotVox2 ; S_Mob_G_KouKu1.G_KouKu1_Attack02_Shot3 ; S_Mob_G_KouKu1.G_KouKu1_Attack03_Shot1 ; S_Mob_G_KouKu1.G_KouKu1_Attack01_Shot6,"{""Anim"": 3, ""AKEvent"": 12, ""PlayParticleEffect"": 10, ""PlayDecalEffect"": 1, ""Effect"": 3}",0,,,,,NORMAL,나팔(피자 제외),
MN_RPCZ_00,4219716,쿠크_저글링 액션,2,2,Att_Battle_4_01,rpcz00_att_battle_4_01,12,2,fx_mn_rpcz_00_u.Par_U_RPCZ_Jugle_01_1_LOC_INT ; fx_mn_rpcz_00_u.Par_U_RPCZ_Jugle_Hit_01_LOC_INT,6,S_Mob_G_KouKu1.G_KouKu1_Attack04_ShotVox1 ; S_Mob_G_KouKu1.G_KouKu1_Attack04_Shot1 ; S_Mob_G_KouKu1.G_KouKu1_Attack02_Shot2 ; S_Mob_G_KouKu1.G_KouKu1_Attack05_Shot1 ; S_Mob_G_KouKu1.G_KouKu1_Attack04_Shot2 ; S_Mob_G_KouKu1.G_KouKu1_Attack03_ShotVox1,"{""Anim"": 2, ""LookTarget"": 2, ""AKEvent"": 16, ""PlayParticleEffect"": 12, ""Effect"": 8, ""CounterAttack"": 1}",0,,,,,NORMAL,저글링 / 융단폭격 / 저주받은 인형 / 슈퍼 바주카 / 훌라후프,
MN_RPCZ_00,4219717,쿠크_마법진 붉은색 안전지대,5,5,Idle_Battle_1 ; Att_Battle_5_01 ; Att_Battle_5_02 ; Att_Battle_5_03,rpcz00_idle_battle_1 ; rpcz00_att_battle_5_01 ; rpcz00_att_battle_5_02 ; rpcz00_att_battle_5_03,7,6,fx_mn_rpcz_00_g.Par_G_RPCZ_00_Smoke_Despawn_01_LOC_INT ; fx_mn_rpcz_00_u.Par_U_RPCZ_Cast_01_LOC_INT ; fx_mn_rpcz_00_u.Par_U_RPCZ_Rope_01_LOC_INT ; fx_mn_rpcz_00_u.Par_U_RPCZ_SafeZone_Cast_01_LOC_INT ; fx_mn_rpcz_00_u.Par_U_RPCZ_Ribbon_01_LOC_INT ; FX_CM_00.Dust.Par_C_Dust_001,9,S_Mob_G_KouKu1.G_KouKu1_Attack12_Shot1 ; S_Mob_G_KouKu1.G_KouKu1_Attack12_ShotVox1 ; S_Mob_G_KouKu1.G_KouKu1_Attack12_Shot2 ; S_Mob_G_KouKu1.G_KouKu1_Attack05_CastVox1 ; S_Mob_G_KouKu1.G_KouKu1_Attack05_Cast1 ; S_Mob_G_KouKu1.G_KouKu1_Attack05_Shot1 ; S_Mob_G_KouKu1.G_KouKu1_Attack05_Shot2 ; S_Mob_G_KouKu1.G_KouKu1_Attack05_Shot3 ; S_Mob_G_KouKu1.G_KouKu1_Attack05_ShotVox1,"{""Anim"": 5, ""PlayParticleEffect"": 7, ""AKEvent"": 9, ""HidePawn"": 2, ""Effect"": 10, ""MonsterMoveNextStage"": 4, ""TrailGhostEffect"": 2, ""ToggleCollision"": 2}",7,,,,,MECHANIC,마법진 안전지대(붉은/푸른/반반),
MN_RPCZ_00,4219718,쿠크_광기게이지 관리 스킬,16,14,Att_Battle_6_01 ; Att_Battle_6_02 ; Att_Battle_6_04 ; Idle_Battle_1,rpcz00_att_battle_6_01 ; rpcz00_att_battle_6_02 ; rpcz00_att_battle_6_04 ; rpcz00_idle_battle_1,8,3,FX_CM_00.Dust.Par_C_Dust_001 ; fx_mn_rpcz_00_u.Par_U_RPCZ_EyeLight_01_LOC_INT ; fx_mn_rpcz_00_g.Par_G_RPCZ_00_Smoke_Despawn_01_LOC_INT,8,S_Mob_G_KouKu1.G_KouKu1_Attack06_Cast1 ; S_Mob_G_KouKu1.G_KouKu1_Attack06_CastVox1 ; S_Mob_G_KouKu1.G_KouKu1_Attack06_Cast2 ; S_Mob_G_KouKu1.G_KouKu1_Attack06_Cast3 ; S_Mob_G_KouKu1.G_KouKu1_Attack06_Cast4 ; S_Mob_G_KouKu1.G_KouKu1_Attack12_Shot1 ; S_Mob_G_KouKu1.G_KouKu1_Attack12_ShotVox1 ; S_Mob_G_KouKu1.G_KouKu1_Attack12_Shot2,"{""MonsterMoveNextStageConditionProbability"": 2, ""Anim"": 14, ""AKEvent"": 22, ""TrailGhostEffect"": 8, ""Effect"": 34, ""MonsterMoveNextStage"": 12, ""PawnMaterialParam"": 2, ""PlayParticleEffect"": 8, ""HidePawn"": 6, ""ToggleCollision"": 4}",4,,,,,MECHANIC,광기게이지 관리 / 카운터 / 돌진,EASY
MN_RPCZ_00,4219719,쿠크_융단폭격A,1,1,Att_Battle_7_01,rpcz00_att_battle_7_01,10,9,fx_mn_rpcz_00_u.Par_U_RPCZ_Cast_02_LOC_INT ; fx_mn_rpcz_00_u.Par_U_RPCZ_CircusBomb_Trail_02_LOC_INT ; FX_Post.FX_Par.Par_C_ZoomBlur_01 ; FX_MN_RPCZ_00_U.Par_U_RPCZ_Ball_Appear_01 ; fx_mn_rpcz_00_u.Par_U_RPCZ_Ball_Appear_Cast_01_LOC_INT ; fx_mn_rpcz_00_u.Par_U_RPCZ_Rope_01_LOC_INT ; fx_mn_rpcz_00_u.Par_U_RPCZ_CircusBomb_Trail_01_LOC_INT ; fx_mn_rpcz_00_u.Par_U_RPCZ_Rope_02_LOC_INT ; FX_CM_00.Dust.Par_C_Dust_001,9,S_Mob_G_KouKu1.G_KouKu1_Attack07_CastVox1 ; S_Mob_G_KouKu1.G_KouKu1_Attack07_Cast1 ; S_Mob_G_KouKu1.G_KouKu1_Attack07_Shot1 ; S_Mob_G_KouKu1.G_KouKu1_Attack07_Cast2 ; S_Mob_G_KouKu1.G_KouKu1_Attack07_Shot2 ; S_Mob_G_KouKu1.G_KouKu1_Attack07_Cast3 ; S_Mob_G_KouKu1.G_KouKu1_Attack07_Cast4 ; S_Mob_G_KouKu1.G_KouKu1_Attack07_ShotVox1 ; S_Mob_G_KouKu1.G_KouKu1_Attack07_Cast5,"{""Anim"": 1, ""AKEvent"": 10, ""PlayParticleEffect"": 10, ""TrailGhostEffect"": 2, ""Effect"": 3, ""ToggleCollision"": 2}",0,KAKULSAYDON_G1_PATTERN_8,쿠크_세이튼등장,GATE2,PRODUCT,NORMAL,저글링 / 융단폭격 / 저주받은 인형 / 슈퍼 바주카 / 훌라후프,
MN_RPCZ_00,4219720,쿠크_융단폭격B,6,5,Idle_Battle_1 ; Att_Battle_8_01 ; Att_Battle_8_02,rpcz00_idle_battle_1 ; rpcz00_att_battle_8_01 ; rpcz00_att_battle_8_02,9,6,fx_mn_rpcz_00_g.Par_G_RPCZ_00_Smoke_Despawn_01_LOC_INT ; fx_mn_rpcz_00_u.Par_U_RPCZ_Rope_01_LOC_INT ; fx_mn_rpcz_00_u.Par_U_RPCZ_CircusBomb_Trail_01_LOC_INT ; fx_mn_rpcz_00_u.Par_U_RPCZ_Rope_02_LOC_INT ; fx_mn_rpcz_00_u.Par_U_RPCZ_CircusPrj_02_LOC_INT ; FX_CM_00.Dust.Par_C_Dust_001,7,S_Mob_G_KouKu1.G_KouKu1_Attack12_Shot1 ; S_Mob_G_KouKu1.G_KouKu1_Attack12_ShotVox1 ; S_Mob_G_KouKu1.G_KouKu1_Attack12_Shot2 ; S_Mob_G_KouKu1.G_KouKu1_Attack07_ShotVox2 ; S_Mob_G_KouKu1.G_KouKu1_Attack07_Shot3 ; S_Mob_G_KouKu1.G_KouKu1_Attack07_Shot4 ; S_Mob_G_KouKu1.G_KouKu1_Attack07_Cast5,"{""MonsterMoveNextStageConditionProbability"": 1, ""Anim"": 5, ""PlayParticleEffect"": 9, ""AKEvent"": 10, ""HidePawn"": 3, ""Effect"": 9, ""MonsterMoveNextStage"": 4, ""TrailGhostEffect"": 2, ""ToggleCollision"": 2}",0,,,,,NORMAL,저글링 / 융단폭격 / 저주받은 인형 / 슈퍼 바주카 / 훌라후프,
MN_RPCZ_00,4219721,쿠크_저주받은 인형,2,2,Att_Battle_9_01 ; Att_Battle_9_02,rpcz00_att_battle_9_01 ; rpcz00_att_battle_9_02,3,3,fx_mn_rpcz_00_u.Par_U_RPCZ_Doll_01_LOC_INT ; fx_mn_rpcz_00_u.Par_U_RPCZ_Doll_Appear_Cast_01_LOC_INT ; fx_mn_rpcz_00_u.Par_U_RPCZ_Sword_Cast_01_LOC_INT,7,S_Mob_G_KouKu1.G_KouKu1_Attack08_ShotVox1 ; S_Mob_G_KouKu1.G_KouKu1_Attack01_Cast1 ; S_Mob_G_KouKu1.G_KouKu1_Attack01_Shot1 ; S_Mob_G_KouKu1.G_KouKu1_Attack02_Shot1 ; S_Mob_G_KouKu1.G_KouKu1_Attack08_Shot1 ; S_Mob_G_KouKu1.G_KouKu1_Attack07_Cast1 ; S_Mob_G_KouKu1.G_KouKu1_Attack08_ShotVox2,"{""Anim"": 2, ""AKEvent"": 7, ""PlayParticleEffect"": 3, ""Effect"": 4, ""HidePawn"": 1}",0,,,,,NORMAL,저글링 / 융단폭격 / 저주받은 인형 / 슈퍼 바주카 / 훌라후프,
MN_RPCZ_00,4219722,쿠크_대폭발 시작(미사용),6,6,Idle_Battle_1 ; Att_Battle_10_01 ; Att_Battle_10_02 ; Att_Battle_10_03 ; Att_Battle_10_04,rpcz00_idle_battle_1 ; rpcz00_att_battle_10_01 ; rpcz00_att_battle_10_02 ; rpcz00_att_battle_10_03 ; rpcz00_att_battle_10_04,30,14,fx_mn_rpcz_00_g.Par_G_RPCZ_00_Smoke_Despawn_01_LOC_INT ; FX_CM_02.Light.Par_MP_Light_01 ; fx_mn_rpcz_00_u.Par_U_RPCZ_BigArea_Down_01_LOC_INT ; FX_Post.FX_Par.Par_C_FilmNoise_01 ; fx_mn_rpcz_00_u.Par_U_RPCZ_Doll_Appear_Cast_01_LOC_INT ; fx_mn_rpcz_00_u.Par_U_RPCZ_spotLight_01_LOC_INT ; fx_mn_rpcz_00_u.Par_U_RPCZ_Area_Cast_01_LOC_INT ; fx_mn_rpcz_00_u.Par_U_RPCZ_BigArea_Exp_03_LOC_INT ; fx_mn_rpcz_00_u.Par_U_RPCZ_Shield_Buff_01_LOC_INT ; fx_mn_rpcz_00_u.Par_U_RPCZ_Shield_Buff_02_LOC_INT ; fx_mn_rpcz_00_u.Par_U_RPCZ_Cast_03_LOC_INT ; FX_Post.FX_Par.Par_C_ZoomBlur_01 ; fx_mn_rpcz_00_u.Par_U_RPCZ_BigArea_Exp_01_LOC_INT ; fx_mn_rpcz_00_u.Par_U_RPCZ_BigArea_Exp_02_LOC_INT,12,S_Mob_G_KouKu1.G_KouKu1_Attack12_Shot1 ; S_Mob_G_KouKu1.G_KouKu1_Attack12_ShotVox1 ; S_Mob_G_KouKu1.G_KouKu1_Attack12_Shot2 ; S_Mob_G_KouKu1.G_KouKu1_Attack09_Cast1 ; S_Mob_G_KouKu1.G_KouKu1_Attack09_ShotVox1 ; S_Mob_G_KouKu1.G_KouKu1_Attack09_Shot1 ; S_Mob_G_KouKu1.G_KouKu1_Attack09_Shot2 ; S_Mob_G_KouKu1.G_KouKu1_Attack09_Shot3 ; S_Mob_G_KouKu1.G_KouKu1_Attack09_Cast6 ; S_Mob_G_KouKu1.G_KouKu1_Attack09_ShotVox3 ; S_Mob_G_KouKu1.G_KouKu1_Attack09_Shot6 ; S_Mob_G_KouKu1.G_KouKu1_Attack05_Shot3,"{""Anim"": 6, ""PlayParticleEffect"": 30, ""AKEvent"": 23, ""HidePawn"": 4, ""Effect"": 14, ""MonsterMoveNextStage"": 5, ""TrailGhostEffect"": 3, ""PawnMaterialParam"": 3, ""ViewShake"": 3, ""Paralyzation"": 2}",36,,,,,MECHANIC,"대폭발(시계/반시계 3연속) — 성공은 그로기, 실패는 10_04",
MN_RPCZ_00,4219725,쿠크_슈퍼 바주카 액션,10,10,Idle_Battle_1 ; Att_Battle_11_Start ; Att_Battle_11_Loop ; Att_Battle_11_End,rpcz00_idle_battle_1 ; rpcz00_att_battle_11_start ; rpcz00_att_battle_11_loop ; rpcz00_att_battle_11_end,38,13,fx_mn_rpcz_00_g.Par_G_RPCZ_00_Smoke_Despawn_01_LOC_INT ; fx_mn_rpcz_00_u.Par_U_RPCZ_Doll_Appear_Cast_01_LOC_INT ; FX_MN_RPCZ_00_U.Par_U_RPCZ_Bazooka_01 ; fx_mn_rpcz_00_u.Par_U_RPCZ_EnergyCast_01_LOC_INT ; fx_mn_rpcz_00_u.Par_U_RPCZ_Beam_Cast_Dust_01_LOC_INT ; FX_Post.FX_Par.Par_C_FilmNoise_01 ; FX_Post.FX_Par.Par_C_FilmNoise_03 ; fx_mn_rpcz_00_u.Par_U_RPCZ_Beam_03_LOC_INT ; fx_mn_rpcz_00_u.Par_U_RPCZ_Beam_01_LOC_INT ; FX_CM_00.Dust.Par_E_UnderDust_03_2 ; fx_mn_rpcz_00_u.Par_U_RPCZ_Beam_Dust_01_LOC_INT ; FX_CM_02.Light.Par_MP_Light_01 ; fx_mn_rpcz_00_u.Par_U_RPCZ_Beam_02_LOC_INT,10,S_Mob_G_KouKu1.G_KouKu1_Attack12_Shot1 ; S_Mob_G_KouKu1.G_KouKu1_Attack10_CastVox1 ; S_Mob_G_KouKu1.G_KouKu1_Attack12_Shot2 ; S_Mob_G_KouKu1.G_KouKu1_Attack01_Cast1 ; S_Mob_G_KouKu1.G_KouKu1_Attack01_Shot1 ; S_Mob_G_KouKu1.G_KouKu1_Attack01_Shot2 ; S_Mob_G_KouKu1.G_KouKu1_Attack10_Cast1 ; S_Mob_G_KouKu1.G_KouKu1_Attack10_Shot1 ; S_Mob_G_KouKu1.G_KouKu1_Attack10_ShotVox1 ; S_Mob_G_KouKu1.G_KouKu1_Attack10_ShotVox2,"{""Anim"": 10, ""PlayParticleEffect"": 38, ""Effect"": 6, ""AKEvent"": 24, ""HidePawn"": 4, ""MonsterMoveNextStage"": 8, ""LookTarget"": 2, ""ViewShake"": 4}",10,,,,,NORMAL,저글링 / 융단폭격 / 저주받은 인형 / 슈퍼 바주카 / 훌라후프,
MN_RPCZ_00,4219723,쿠크_대폭발 성공,3,3,Dmg_Critical_Start_1 ; Dmg_Critical_Loop_1 ; Dmg_Critical_End_1,rpcz00_dmg_critical_start_1 ; rpcz00_dmg_critical_loop_1 ; rpcz00_dmg_critical_end_1,3,3,fx_mn_rpcz_00_u.Par_U_RPCZ_Shield_Buff_01_E_LOC_INT ; FX_Post.FX_Par.Par_C_FilmNoise_01 ; FX_CM_00.Dust.Par_C_Dust_001,3,S_Mob_G_KouKu1.G_KouKu1_Attack09_ShotVox2 ; S_Mob_G_KouKu1.G_KouKu1_Attack09_Shot4 ; S_Mob_G_KouKu1.G_KouKu1_Attack09_Shot5,"{""Anim"": 3, ""PlayParticleEffect"": 3, ""Effect"": 4, ""AKEvent"": 3}",0,,,,,MECHANIC,"대폭발(시계/반시계 3연속) — 성공은 그로기, 실패는 10_04",SUCCESS_OR_FAILURE
MN_RPCZ_00,4219724,쿠크_대폭발 실패,1,1,Att_Battle_10_04,rpcz00_att_battle_10_04,6,6,fx_mn_rpcz_00_u.Par_U_RPCZ_Shield_Buff_02_LOC_INT ; fx_mn_rpcz_00_u.Par_U_RPCZ_Cast_03_LOC_INT ; FX_Post.FX_Par.Par_C_ZoomBlur_01 ; fx_mn_rpcz_00_u.Par_U_RPCZ_BigArea_Exp_01_LOC_INT ; fx_mn_rpcz_00_u.Par_U_RPCZ_BigArea_Exp_02_LOC_INT ; FX_CM_02.Light.Par_MP_Light_01,4,S_Mob_G_KouKu1.G_KouKu1_Attack09_Cast6 ; S_Mob_G_KouKu1.G_KouKu1_Attack09_ShotVox3 ; S_Mob_G_KouKu1.G_KouKu1_Attack09_Shot6 ; S_Mob_G_KouKu1.G_KouKu1_Attack05_Shot3,"{""Anim"": 1, ""PlayParticleEffect"": 6, ""AKEvent"": 4, ""TrailGhostEffect"": 1, ""PawnMaterialParam"": 1, ""ViewShake"": 1, ""Effect"": 1}",0,,,,,MECHANIC,"대폭발(시계/반시계 3연속) — 성공은 그로기, 실패는 10_04",SUCCESS_OR_FAILURE
MN_RPCZ_00,4219726,쿠크_훌라후프 액션A,6,6,Att_Battle_12_Start ; Att_Battle_12_Loop ; Att_Battle_12_End,rpcz00_att_battle_12_start ; rpcz00_att_battle_12_loop ; rpcz00_att_battle_12_end,28,7,fx_mn_rpcz_00_g.Par_G_RPCZ_ThrowHoop_Aura_01_LOC_INT ; fx_mn_rpct_05_g.Par_G_RPCT_05_Dance_Hand_Trail_01_LOC_INT ; fx_mn_rpcz_00_g.Par_G_RPCZ_ThrowHoop_01_LOC_INT ; FX_CM_00.Dust.Par_D_Dust_001_pr ; fx_mn_rpcz_00_g.Par_G_RPCZ_TrowHoop_A_01_LOC_INT ; fx_mn_rpcz_00_g.Par_G_RPCZ_TrowHoop_A_01_Despawn_LOC_INT ; fx_mn_rpcz_00_g.Par_G_RPCZ_TrowHoop_A_Hell_01_LOC_INT,5,S_Mob_G_KouKu1.G_KouKu1_Attack11_Cast1 ; S_Mob_G_KouKu1.G_KouKu1_Attack11_CastVox1 ; S_Mob_G_KouKu1.G_KouKu1_Attack11_Shot1 ; S_Mob_G_KouKu1.G_KouKu1_Attack11_ShotVox1 ; S_Mob_G_KouKu1.G_KouKu1_Attack11_Shot2,"{""Anim"": 6, ""AKEvent"": 10, ""PlayParticleEffect"": 28, ""Effect"": 30, ""MaintainHidePawn"": 2}",38,,,,,NORMAL,저글링 / 융단폭격 / 저주받은 인형 / 슈퍼 바주카 / 훌라후프,
MN_RPCZ_00,4219727,쿠크_훌라후프 액션B,6,6,Att_Battle_13_Start ; Att_Battle_13_Loop ; Att_Battle_13_End,rpcz00_att_battle_13_start ; rpcz00_att_battle_13_loop ; rpcz00_att_battle_13_end,32,6,fx_mn_rpcz_00_g.Par_G_RPCZ_ThrowHoop_Aura_01_LOC_INT ; fx_mn_rpct_05_g.Par_G_RPCT_05_Dance_Hand_Trail_01_LOC_INT ; fx_mn_rpcz_00_g.Par_G_RPCZ_ThrowHoop_01_LOC_INT ; FX_CM_00.Dust.Par_D_Dust_001_pr ; FX_MN_RPCZ_00_G.Par_G_RPCZ_TrowHoop_B_01 ; FX_MN_RPCZ_00_G.Par_G_RPCZ_TrowHoop_B_01_Despawn,5,S_Mob_G_KouKu1.G_KouKu1_Attack11_Cast1 ; S_Mob_G_KouKu1.G_KouKu1_Attack11_CastVox1 ; S_Mob_G_KouKu1.G_KouKu1_Attack11_Shot1 ; S_Mob_G_KouKu1.G_KouKu1_Attack11_ShotVox1 ; S_Mob_G_KouKu1.G_KouKu1_Attack11_Shot2,"{""Anim"": 6, ""AKEvent"": 10, ""PlayParticleEffect"": 32, ""Effect"": 4, ""MaintainHidePawn"": 2}",14,,,,,NORMAL,저글링 / 융단폭격 / 저주받은 인형 / 슈퍼 바주카 / 훌라후프,
MN_RPCZ_00,4219728,쿠크_마법진 푸른색 안전지대,5,5,Idle_Battle_1 ; Att_Battle_5_01 ; Att_Battle_5_02 ; Att_Battle_5_03,rpcz00_idle_battle_1 ; rpcz00_att_battle_5_01 ; rpcz00_att_battle_5_02 ; rpcz00_att_battle_5_03,7,6,fx_mn_rpcz_00_g.Par_G_RPCZ_00_Smoke_Despawn_01_LOC_INT ; FX_MN_RPCZ_00_G.Par_G_RPCZ_Cast_01 ; FX_MN_RPCZ_00_G.Par_G_RPCZ_Rope_Blue_01 ; FX_MN_RPCZ_00_G.Par_G_RPCZ_SafeZone_Cast_01 ; FX_MN_RPCZ_00_G.Par_G_RPCZ_Ribbon_01 ; FX_CM_00.Dust.Par_C_Dust_001,9,S_Mob_G_KouKu1.G_KouKu1_Attack12_Shot1 ; S_Mob_G_KouKu1.G_KouKu1_Attack12_ShotVox1 ; S_Mob_G_KouKu1.G_KouKu1_Attack12_Shot2 ; S_Mob_G_KouKu1.G_KouKu1_Attack05_CastVox1 ; S_Mob_G_KouKu1.G_KouKu1_Attack05_Cast1 ; S_Mob_G_KouKu1.G_KouKu1_Attack05_Shot1 ; S_Mob_G_KouKu1.G_KouKu1_Attack05_Shot2 ; S_Mob_G_KouKu1.G_KouKu1_Attack05_Shot3 ; S_Mob_G_KouKu1.G_KouKu1_Attack05_ShotVox1,"{""Anim"": 5, ""PlayParticleEffect"": 7, ""AKEvent"": 9, ""HidePawn"": 2, ""Effect"": 10, ""MonsterMoveNextStage"": 4, ""TrailGhostEffect"": 2, ""ToggleCollision"": 2}",7,KAKULSAYDON_G1_PATTERN_10,쿠크_파1빨2,GATE2,DRAFT,MECHANIC,마법진 안전지대(붉은/푸른/반반),
MN_RPCZ_00,4219729,쿠크_마법진 반반색 안전지대,57,57,Idle_Battle_1 ; Att_Battle_5_01 ; Att_Battle_5_02 ; Att_Battle_5_03,rpcz00_idle_battle_1 ; rpcz00_att_battle_5_01 ; rpcz00_att_battle_5_02 ; rpcz00_att_battle_5_03,105,8,fx_mn_rpcz_00_g.Par_G_RPCZ_00_Smoke_Despawn_01_LOC_INT ; fx_mn_rpcz_00_u.Par_U_RPCZ_Cast_01_LOC_INT ; FX_MN_RPCZ_00_G.Par_G_RPCZ_Rope_Blue_01 ; fx_mn_rpcz_00_u.Par_U_RPCZ_SafeZone_Cast_01_LOC_INT ; FX_MN_RPCZ_00_G.Par_G_RPCZ_SafeZone_Cast_01 ; fx_mn_rpcz_00_u.Par_U_RPCZ_Ribbon_01_LOC_INT ; FX_CM_00.Dust.Par_C_Dust_001 ; FX_U_W_01.notuse.Par_U_RPCZ_SafeZone_Cast_01,9,S_Mob_G_KouKu1.G_KouKu1_Attack12_Shot1 ; S_Mob_G_KouKu1.G_KouKu1_Attack12_ShotVox1 ; S_Mob_G_KouKu1.G_KouKu1_Attack12_Shot2 ; S_Mob_G_KouKu1.G_KouKu1_Attack05_CastVox1 ; S_Mob_G_KouKu1.G_KouKu1_Attack05_Cast1 ; S_Mob_G_KouKu1.G_KouKu1_Attack05_Shot1 ; S_Mob_G_KouKu1.G_KouKu1_Attack05_Shot2 ; S_Mob_G_KouKu1.G_KouKu1_Attack05_Shot3 ; S_Mob_G_KouKu1.G_KouKu1_Attack05_ShotVox1,"{""Anim"": 57, ""PlayParticleEffect"": 105, ""AKEvent"": 93, ""HidePawn"": 9, ""Effect"": 171, ""MonsterMoveNextStageConditionProbability"": 21, ""TrailGhostEffect"": 24, ""ToggleCollision"": 18, ""MonsterMoveNextStage"": 24}",152,,,,,MECHANIC,마법진 안전지대(붉은/푸른/반반),
MN_RPCZ_00,4219765,대형 쿠크_순간이동,2,2,Idle_Battle_1,rpcz00_idle_battle_1,2,1,fx_mn_rpcz_00_g.Par_G_RPCZ_00_Smoke_Despawn_01_LOC_INT,3,S_Mob_G_KouKu1.G_KouKu1_Attack12_Shot1 ; S_Mob_G_KouKu1.G_KouKu1_Attack12_ShotVox1 ; S_Mob_G_KouKu1.G_KouKu1_Attack12_Shot2,"{""Anim"": 2, ""PlayParticleEffect"": 2, ""AKEvent"": 3, ""HidePawn"": 2, ""Effect"": 1, ""MonsterMoveNextStage"": 1}",0,,,,,MECHANIC,110줄 진짜 쿠크세이튼 찾기(하트핑) — 쿠크 측 사라짐/이동 후보,MOVEMENT_OR_CONTROL
MN_RPCZ_00,4219730,대형 쿠크_저주받은 인형_종료,2,2,Idle_Battle_1 ; Att_Battle_9_02,rpcz00_idle_battle_1 ; rpcz00_att_battle_9_02,1,1,fx_mn_rpcz_00_u.Par_U_RPCZ_Cast_01_LOC_INT,2,S_Mob_G_KouKu1.G_KouKu1_Attack07_Cast1 ; S_Mob_G_KouKu1.G_KouKu1_Attack08_ShotVox2,"{""Anim"": 2, ""PlayParticleEffect"": 1, ""Effect"": 2, ""AKEvent"": 2}",0,,,,,NORMAL,저글링 / 융단폭격 / 저주받은 인형 / 슈퍼 바주카 / 훌라후프,
MN_RPCZ_00,4219740,쿠크_바주카포_액션_1,4,4,Att_Battle_1_08 ; Att_Battle_1_03 ; Att_Battle_1_04 ; Att_Battle_1_07,rpcz00_att_battle_1_08 ; rpcz00_att_battle_1_03 ; rpcz00_att_battle_1_04 ; rpcz00_att_battle_1_07,17,4,FX_MN_RPCZ_00_G.Par_G_RPCZ_00_WP_Bazooka_01 ; fx_mn_rpcz_00_g.Par_G_RPCZ_00_Bazooka_Fire_LOC_INT ; FX_MN_RPCZ_00_G.Par_G_RPCZ_00_Jump_dust ; fx_mn_rpcz_00_g.Par_G_RPCZ_00_WP_Bazooka_Despawn_01_LOC_INT,5,S_Mob_G_KouKu1.G_KouKu1_Attack01_Shot7 ; S_Mob_G_KouKu1.G_KouKu1_Attack01_ShotVox2 ; S_Mob_G_KouKu1.G_KouKu1_Attack01_Shot4 ; S_Mob_G_KouKu1.G_KouKu1_Attack01_Shot5 ; S_Mob_G_KouKu1.G_KouKu1_Attack01_Shot6,"{""Anim"": 4, ""PlayParticleEffect"": 17, ""MonsterMoveNextStage"": 3, ""LookTarget"": 1, ""Effect"": 4, ""AKEvent"": 7}",0,KAKULSAYDON_G1_PATTERN_21,쿠크_레이저,GATE2,DRAFT,NORMAL,바주카포,
MN_RPCZ_00,4219741,쿠크_바주카포_액션_2,6,6,Att_Battle_1_08 ; Att_Battle_1_05 ; Att_Battle_1_04 ; Att_Battle_1_06 ; Att_Battle_1_07,rpcz00_att_battle_1_08 ; rpcz00_att_battle_1_05 ; rpcz00_att_battle_1_04 ; rpcz00_att_battle_1_06 ; rpcz00_att_battle_1_07,19,5,FX_MN_RPCZ_00_G.Par_G_RPCZ_00_WP_Bazooka_01 ; fx_mn_rpcz_00_g.Par_G_RPCZ_00_Bazooka_Fire_LOC_INT ; FX_MN_RPCZ_00_G.Par_G_RPCZ_00_Jump_dust ; fx_mn_rpcz_00_g.Par_G_RPCZ_00_Jump_LOC_INT ; fx_mn_rpcz_00_g.Par_G_RPCZ_00_WP_Bazooka_Despawn_01_LOC_INT,11,S_Mob_G_KouKu1.G_KouKu1_Attack01_Shot8 ; S_Mob_G_KouKu1.G_KouKu1_Attack01_ShotVox4 ; S_Mob_G_KouKu1.G_KouKu1_Attack01_Shot9 ; S_Mob_G_KouKu1.G_KouKu1_Attack01_Shot7 ; S_Mob_G_KouKu1.G_KouKu1_Attack01_ShotVox2 ; S_Mob_G_KouKu1.G_KouKu1_Attack01_ShotVox5 ; S_Mob_G_KouKu1.G_KouKu1_Attack01_Shot10 ; S_Mob_G_KouKu1.G_KouKu1_Attack01_Shot11 ; S_Mob_G_KouKu1.G_KouKu1_Attack01_Shot4 ; S_Mob_G_KouKu1.G_KouKu1_Attack01_Shot5 ; S_Mob_G_KouKu1.G_KouKu1_Attack01_Shot6,"{""Anim"": 6, ""PlayParticleEffect"": 19, ""MonsterMoveNextStage"": 5, ""LookTarget"": 2, ""AKEvent"": 11, ""Effect"": 5, ""ToggleCollision"": 2, ""TrailGhostEffect"": 1}",0,,,,,NORMAL,바주카포,
MN_RPCZ_00,4219745,쿠크_바주카포_이동액션_신규,6,5,Att_Battle_1_01 ; Att_Battle_1_09 ; Att_Battle_1_10 ; Att_Battle_1_02,rpcz00_att_battle_1_01 ; rpcz00_att_battle_1_09 ; rpcz00_att_battle_1_10 ; rpcz00_att_battle_1_02,7,2,fx_mn_rpcz_00_g.Par_G_RPCZ_00_Weapon_Spawn_LOC_INT ; FX_MN_RPCZ_00_G.Par_G_RPCZ_00_WP_Bazooka_01,7,S_Mob_G_KouKu1.G_KouKu1_Attack10_ShotVox2 ; S_Mob_G_KouKu1.G_KouKu1_Attack01_Cast1 ; S_Mob_G_KouKu1.G_KouKu1_Attack01_Shot1 ; S_Mob_G_KouKu1.G_KouKu1_Attack01_Shot2 ; S_Mob_G_KouKu1.G_KouKu1_Attack02_Shot2 ; S_Mob_G_KouKu1.G_KouKu1_Attack01_ShotVox1 ; S_Mob_G_KouKu1.G_KouKu1_Attack01_Shot3,"{""MonsterMoveNextStageConditionProbability"": 3, ""Anim"": 5, ""AKEvent"": 12, ""PlayParticleEffect"": 7, ""TrailGhostEffect"": 3}",0,,,,,NORMAL,바주카포,MOVEMENT_OR_CONTROL
MN_RPCZ_00,4219746,쿠크_뿅망치_이동액션_신규,7,6,Att_Battle_2_01 ; Att_Battle_2_11 ; Att_Battle_2_12 ; Att_Battle_2_13 ; Att_Battle_2_09,rpcz00_att_battle_2_01 ; rpcz00_att_battle_2_11 ; rpcz00_att_battle_2_12 ; rpcz00_att_battle_2_13 ; rpcz00_att_battle_2_09,12,4,FX_MN_RPCZ_00_G.Par_G_RPCZ_00_WP_Hammer_01 ; fx_mn_rpcz_00_g.Par_G_RPCZ_00_Weapon_Spawn_LOC_INT ; fx_mn_rpcz_00_g.Par_G_RPCZ_00_Move_LOC_INT ; fx_mn_rpcz_00_g.Par_G_RPCZ_00_WP_Hammer_Despawn_01_LOC_INT,8,S_Mob_G_KouKu1.G_KouKu1_Attack02_CastVox1 ; S_Mob_G_KouKu1.G_KouKu1_Attack01_Cast1 ; S_Mob_G_KouKu1.G_KouKu1_Attack01_Shot1 ; S_Mob_G_KouKu1.G_KouKu1_Attack02_Shot1 ; S_Mob_G_KouKu1.G_KouKu1_Attack02_Shot2 ; S_Mob_G_KouKu1.G_KouKu1_Attack02_Shot3 ; S_Mob_G_KouKu1.G_KouKu1_Attack02_Shot4 ; S_Mob_G_KouKu1.G_KouKu1_Attack01_Shot6,"{""MonsterMoveNextStageConditionProbability"": 2, ""Anim"": 6, ""AKEvent"": 14, ""PlayParticleEffect"": 12, ""MonsterMoveNextStage"": 4, ""TrailGhostEffect"": 3}",0,,,,,NORMAL,뿅망치,MOVEMENT_OR_CONTROL
MN_RPCZ_00,4219742,쿠크_바주카포_액션_3,6,6,Att_Battle_1_08 ; Att_Battle_1_05 ; Att_Battle_1_06 ; Att_Battle_1_07,rpcz00_att_battle_1_08 ; rpcz00_att_battle_1_05 ; rpcz00_att_battle_1_06 ; rpcz00_att_battle_1_07,19,5,FX_MN_RPCZ_00_G.Par_G_RPCZ_00_WP_Bazooka_01 ; fx_mn_rpcz_00_g.Par_G_RPCZ_00_Bazooka_Fire_LOC_INT ; FX_MN_RPCZ_00_G.Par_G_RPCZ_00_Jump_dust ; fx_mn_rpcz_00_g.Par_G_RPCZ_00_Jump_LOC_INT ; fx_mn_rpcz_00_g.Par_G_RPCZ_00_WP_Bazooka_Despawn_01_LOC_INT,9,S_Mob_G_KouKu1.G_KouKu1_Attack01_Shot8 ; S_Mob_G_KouKu1.G_KouKu1_Attack01_ShotVox4 ; S_Mob_G_KouKu1.G_KouKu1_Attack01_Shot9 ; S_Mob_G_KouKu1.G_KouKu1_Attack01_ShotVox5 ; S_Mob_G_KouKu1.G_KouKu1_Attack01_Shot10 ; S_Mob_G_KouKu1.G_KouKu1_Attack01_Shot11 ; S_Mob_G_KouKu1.G_KouKu1_Attack01_Shot4 ; S_Mob_G_KouKu1.G_KouKu1_Attack01_Shot5 ; S_Mob_G_KouKu1.G_KouKu1_Attack01_Shot6,"{""Anim"": 6, ""PlayParticleEffect"": 19, ""MonsterMoveNextStage"": 4, ""LookTarget"": 3, ""AKEvent"": 15, ""Effect"": 4, ""MonsterMoveNextStageConditionProbability"": 1, ""ToggleCollision"": 2, ""TrailGhostEffect"": 1}",0,,,,,NORMAL,바주카포,
MN_RPCZ_00,4219747,쿠크_뿅망치_액션1,26,26,Att_Battle_2_01 ; Att_Battle_2_08 ; Att_Battle_2_09 ; Att_Battle_1_01 ; Att_Battle_1_06 ; Att_Battle_1_07 ; Att_Battle_2_02 ; Att_Battle_2_04 ; Att_Battle_2_05 ; Att_Battle_2_06,rpcz00_att_battle_2_01 ; rpcz00_att_battle_2_08 ; rpcz00_att_battle_2_09 ; rpcz00_att_battle_1_01 ; rpcz00_att_battle_1_06 ; rpcz00_att_battle_1_07 ; rpcz00_att_battle_2_02 ; rpcz00_att_battle_2_04 ; rpcz00_att_battle_2_05 ; rpcz00_att_battle_2_06,68,13,FX_MN_RPCZ_00_G.Par_G_RPCZ_00_WP_Hammer_01 ; fx_mn_rpcz_00_g.Par_G_RPCZ_00_Weapon_Spawn_LOC_INT ; fx_cm_03.Swing.Par_MP_Swing_03 ; fx_mn_rpcz_00_g.Par_G_RPCZ_00_Hammer_D_LOC_INT ; FX_MN_RPCZ_00_G.Par_G_RPCZ_00_Jump_dust ; fx_mn_rpcz_00_g.Par_G_RPCZ_00_WP_Hammer_Despawn_01_LOC_INT ; FX_MN_RPCZ_00_G.Par_G_RPCZ_00_WP_Bazooka_01 ; fx_mn_rpcz_00_g.Par_G_RPCZ_00_Jump_LOC_INT ; fx_mn_rpcz_00_g.Par_G_RPCZ_00_Bazooka_Fire_LOC_INT ; fx_mn_rpcz_00_g.Par_G_RPCZ_00_WP_Bazooka_Despawn_01_LOC_INT ; fx_mn_rpcz_00_g.Par_G_RPCZ_00_Move_LOC_INT ; fx_mn_rpcz_00_g.Par_G_RPCZ_00_Hammer_B_LOC_INT ; FX_CM_00.Dust.Par_E_UnderDustLoop_02,20,S_Mob_G_KouKu1.G_KouKu1_Attack02_CastVox5 ; S_Mob_G_KouKu1.G_KouKu1_Attack01_Cast1 ; S_Mob_G_KouKu1.G_KouKu1_Attack01_Shot1 ; S_Mob_G_KouKu1.G_KouKu1_Attack02_Shot1 ; S_Mob_G_KouKu1.G_KouKu1_Attack02_ShotVox5 ; S_Mob_G_KouKu1.G_KouKu1_Attack02_Shot11 ; S_Mob_G_KouKu1.G_KouKu1_Attack02_Shot3 ; S_Mob_G_KouKu1.G_KouKu1_Attack02_Shot4 ; S_Mob_G_KouKu1.G_KouKu1_Attack01_Shot6 ; S_Mob_G_KouKu1.G_KouKu1_Attack01_CastVox5 ; S_Mob_G_KouKu1.G_KouKu1_Attack01_Shot2 ; S_Mob_G_KouKu1.G_KouKu1_Attack01_ShotVox5 ; S_Mob_G_KouKu1.G_KouKu1_Attack01_Shot10 ; S_Mob_G_KouKu1.G_KouKu1_Attack01_Shot11 ; S_Mob_G_KouKu1.G_KouKu1_Attack01_Shot4 ; S_Mob_G_KouKu1.G_KouKu1_Attack01_Shot5 ; S_Mob_G_KouKu1.G_KouKu1_Attack02_Shot2 ; S_Mob_G_KouKu1.G_KouKu1_Attack02_Shot6 ; S_Mob_G_KouKu1.G_KouKu1_Attack02_ShotVox3 ; S_Mob_G_KouKu1.G_KouKu1_Attack02_Shot7,"{""Anim"": 26, ""AKEvent"": 56, ""PlayParticleEffect"": 68, ""MonsterMoveNextStage"": 16, ""Effect"": 10, ""MonsterMoveNextStageConditionCheckArea"": 2, ""MonsterMoveNextStageConditionProbability"": 2, ""ToggleCollision"": 4, ""TrailGhostEffect"": 6, ""CounterAttack"": 2, ""NPCSkillMove"": 2}",18,,,,,NORMAL,뿅망치,
MN_RPCZ_00,4219748,쿠크_뿅망치_액션2,18,18,Att_Battle_2_01 ; Att_Battle_2_07 ; Att_Battle_2_04 ; Att_Battle_2_05 ; Att_Battle_2_06 ; Att_Battle_2_10 ; Att_Battle_2_08 ; Att_Battle_2_09,rpcz00_att_battle_2_01 ; rpcz00_att_battle_2_07 ; rpcz00_att_battle_2_04 ; rpcz00_att_battle_2_05 ; rpcz00_att_battle_2_06 ; rpcz00_att_battle_2_10 ; rpcz00_att_battle_2_08 ; rpcz00_att_battle_2_09,58,11,FX_MN_RPCZ_00_G.Par_G_RPCZ_00_WP_Hammer_01 ; fx_mn_rpcz_00_g.Par_G_RPCZ_00_Weapon_Spawn_LOC_INT ; fx_mn_rpcz_00_g.Par_G_RPCZ_00_Jump_LOC_INT ; fx_mn_rpcz_00_g.Par_G_RPCZ_00_Hammer_C_00_LOC_INT ; FX_MN_RPCZ_00_G.Par_G_RPCZ_00_Jump_dust ; fx_mn_rpcz_00_g.Par_G_RPCZ_00_Hammer_C_01_LOC_INT ; fx_mn_rpcz_00_g.Par_G_RPCZ_00_Hammer_B_LOC_INT ; FX_CM_00.Dust.Par_E_UnderDustLoop_02 ; fx_cm_03.Swing.Par_MP_Swing_03 ; fx_mn_rpcz_00_g.Par_G_RPCZ_00_Hammer_D_LOC_INT ; fx_mn_rpcz_00_g.Par_G_RPCZ_00_WP_Hammer_Despawn_01_LOC_INT,16,S_Mob_G_KouKu1.G_KouKu1_Attack02_CastVox4 ; S_Mob_G_KouKu1.G_KouKu1_Attack01_Cast1 ; S_Mob_G_KouKu1.G_KouKu1_Attack01_Shot1 ; S_Mob_G_KouKu1.G_KouKu1_Attack02_Shot1 ; S_Mob_G_KouKu1.G_KouKu1_Attack02_ShotVox4 ; S_Mob_G_KouKu1.G_KouKu1_Attack02_Shot8 ; S_Mob_G_KouKu1.G_KouKu1_Attack02_Shot9 ; S_Mob_G_KouKu1.G_KouKu1_Attack02_Shot10 ; S_Mob_G_KouKu1.G_KouKu1_Attack02_Shot6 ; S_Mob_G_KouKu1.G_KouKu1_Attack02_ShotVox3 ; S_Mob_G_KouKu1.G_KouKu1_Attack02_Shot7 ; S_Mob_G_KouKu1.G_KouKu1_Attack02_ShotVox5 ; S_Mob_G_KouKu1.G_KouKu1_Attack02_Shot11 ; S_Mob_G_KouKu1.G_KouKu1_Attack02_Shot3 ; S_Mob_G_KouKu1.G_KouKu1_Attack02_Shot4 ; S_Mob_G_KouKu1.G_KouKu1_Attack01_Shot6,"{""Anim"": 18, ""AKEvent"": 42, ""PlayParticleEffect"": 58, ""MonsterMoveNextStage"": 12, ""TrailGhostEffect"": 4, ""ToggleCollision"": 8, ""Effect"": 16, ""PlayDecalEffect"": 4, ""ViewShake"": 8, ""MonsterMoveNextStageConditionProbability"": 2, ""CounterAttack"": 2, ""NPCSkillMove"": 2, ""LookTarget"": 2, ""MonsterMoveNextStageConditionCheckArea"": 2}",18,,,,,NORMAL,뿅망치,
MN_RPCZ_00,4219750,쿠크_나팔_액션_1,30,30,Att_Battle_3_01 ; Att_Battle_3_08 ; Att_Battle_3_10 ; Att_Battle_3_07 ; Att_Battle_3_09 ; Att_Battle_2_01 ; Att_Battle_2_04 ; Att_Battle_2_05 ; Att_Battle_2_06 ; Att_Battle_2_09,rpcz00_att_battle_3_01 ; rpcz00_att_battle_3_08 ; rpcz00_att_battle_3_10 ; rpcz00_att_battle_3_07 ; rpcz00_att_battle_3_09 ; rpcz00_att_battle_2_01 ; rpcz00_att_battle_2_04 ; rpcz00_att_battle_2_05 ; rpcz00_att_battle_2_06 ; rpcz00_att_battle_2_09,81,12,fx_mn_rpcz_00_g.Par_G_RPCZ_00_Weapon_Spawn_LOC_INT ; FX_MN_RPCZ_00_G.Par_G_RPCZ_00_WP_Trumpet_01 ; fx_mn_rpcz_00_g.Par_G_RPCZ_00_Trumpet_D_Music_LOC_INT ; fx_mn_rpcz_00_g.Par_G_RPCZ_00_Trumpet_D_02_LOC_INT ; fx_mn_rpcz_00_g.Par_G_RPCZ_00_Trumpet_D_LOC_INT ; fx_mn_rpcz_00_g.Par_G_RPCZ_00_Trumpet_C_LOC_INT ; fx_mn_rpcz_00_g.Par_G_RPCZ_00_WP_Trumpet_Despawn_01_LOC_INT ; FX_MN_RPCZ_00_G.Par_G_RPCZ_00_WP_Hammer_01 ; fx_mn_rpcz_00_g.Par_G_RPCZ_00_Hammer_B_LOC_INT ; FX_CM_00.Dust.Par_E_UnderDustLoop_02 ; FX_MN_RPCZ_00_G.Par_G_RPCZ_00_Jump_dust ; fx_mn_rpcz_00_g.Par_G_RPCZ_00_WP_Hammer_Despawn_01_LOC_INT,18,S_Mob_G_KouKu1.G_KouKu1_Attack03_CastVox2 ; S_Mob_G_KouKu1.G_KouKu1_Attack01_Cast1 ; S_Mob_G_KouKu1.G_KouKu1_Attack01_Shot1 ; S_Mob_G_KouKu1.G_KouKu1_Attack02_Shot1 ; S_Mob_G_KouKu1.G_KouKu1_Attack03_Cast2 ; S_Mob_G_KouKu1.G_KouKu1_Attack03_Shot7 ; S_Mob_G_KouKu1.G_KouKu1_Attack03_ShotVox3 ; S_Mob_G_KouKu1.G_KouKu1_Attack03_Shot8 ; S_Mob_G_KouKu1.G_KouKu1_Attack03_Shot6 ; S_Mob_G_KouKu1.G_KouKu1_Attack03_ShotVox2 ; S_Mob_G_KouKu1.G_KouKu1_Attack02_Shot3 ; S_Mob_G_KouKu1.G_KouKu1_Attack03_Shot1 ; S_Mob_G_KouKu1.G_KouKu1_Attack01_Shot6 ; S_Mob_G_KouKu1.G_KouKu1_Attack02_CastVox5 ; S_Mob_G_KouKu1.G_KouKu1_Attack02_Shot6 ; S_Mob_G_KouKu1.G_KouKu1_Attack02_ShotVox3 ; S_Mob_G_KouKu1.G_KouKu1_Attack02_Shot7 ; S_Mob_G_KouKu1.G_KouKu1_Attack02_Shot4,"{""Anim"": 30, ""Effect"": 39, ""AKEvent"": 81, ""PlayParticleEffect"": 81, ""MonsterMoveNextStage"": 21, ""PlayDecalEffect"": 3, ""MonsterMoveNextStageConditionProbability"": 3, ""CounterAttack"": 3, ""NPCSkillMove"": 3}",27,,,,,NORMAL,나팔(피자 제외),
MN_RPCZ_00,4219751,쿠크_나팔_액션_2,8,8,Att_Battle_3_01 ; Att_Battle_3_05 ; Att_Battle_3_10 ; Att_Battle_3_03 ; Att_Battle_3_06 ; Att_Battle_3_02 ; Att_Battle_3_09,rpcz00_att_battle_3_01 ; rpcz00_att_battle_3_05 ; rpcz00_att_battle_3_10 ; rpcz00_att_battle_3_03 ; rpcz00_att_battle_3_06 ; rpcz00_att_battle_3_02 ; rpcz00_att_battle_3_09,27,10,fx_mn_rpcz_00_g.Par_G_RPCZ_00_Weapon_Spawn_LOC_INT ; FX_MN_RPCZ_00_G.Par_G_RPCZ_00_WP_Trumpet_01 ; fx_mn_rpcz_00_g.Par_G_RPCZ_00_Jump_LOC_INT ; fx_mn_rpcz_00_g.Par_G_RPCZ_00_Trumpet_A_Music_LOC_INT ; fx_mn_rpcz_00_g.Par_G_RPCZ_00_Trumpet_A_LOC_INT ; FX_MN_RPCZ_00_G.Par_G_RPCZ_00_Jump_dust ; fx_mn_rpcz_00_g.Par_G_RPCZ_00_Move_LOC_INT ; fx_mn_rpcz_00_g.Par_G_RPCZ_00_Trumpet_B_02_LOC_INT ; fx_mn_rpcz_00_g.Par_G_RPCZ_00_Trumpet_B_LOC_INT ; fx_mn_rpcz_00_g.Par_G_RPCZ_00_WP_Trumpet_Despawn_01_LOC_INT,14,S_Mob_G_KouKu1.G_KouKu1_Attack03_CastVox2 ; S_Mob_G_KouKu1.G_KouKu1_Attack01_Cast1 ; S_Mob_G_KouKu1.G_KouKu1_Attack01_Shot1 ; S_Mob_G_KouKu1.G_KouKu1_Attack02_Shot1 ; S_Mob_G_KouKu1.G_KouKu1_Attack03_Cast2 ; S_Mob_G_KouKu1.G_KouKu1_Attack03_Shot2 ; S_Mob_G_KouKu1.G_KouKu1_Attack03_Shot3 ; S_Mob_G_KouKu1.G_KouKu1_Attack03_Shot4 ; S_Mob_G_KouKu1.G_KouKu1_Attack02_Shot2 ; S_Mob_G_KouKu1.G_KouKu1_Attack03_Shot5 ; S_Mob_G_KouKu1.G_KouKu1_Attack03_ShotVox2 ; S_Mob_G_KouKu1.G_KouKu1_Attack02_Shot3 ; S_Mob_G_KouKu1.G_KouKu1_Attack03_Shot1 ; S_Mob_G_KouKu1.G_KouKu1_Attack01_Shot6,"{""Anim"": 8, ""AKEvent"": 22, ""PlayParticleEffect"": 27, ""MonsterMoveNextStage"": 5, ""PlayDecalEffect"": 8, ""Effect"": 8, ""MonsterMoveNextStageConditionProbability"": 2, ""TrailGhostEffect"": 2}",0,KAKULSAYDON_G1_PATTERN_28,쿠크_카드미로연출,GATE2,DRAFT,NORMAL,나팔(피자 제외),
MN_RPCZ_00,4219752,쿠크_나팔_액션_3연속도넛_안팍,26,26,Att_Battle_3_01 ; Att_Battle_3_04 ; Att_Battle_3_08 ; Att_Battle_3_10 ; Att_Battle_3_07 ; Att_Battle_3_09 ; Att_Battle_3_06 ; Att_Battle_3_03 ; Att_Battle_3_02 ; Att_Battle_3_05,rpcz00_att_battle_3_01 ; rpcz00_att_battle_3_04 ; rpcz00_att_battle_3_08 ; rpcz00_att_battle_3_10 ; rpcz00_att_battle_3_07 ; rpcz00_att_battle_3_09 ; rpcz00_att_battle_3_06 ; rpcz00_att_battle_3_03 ; rpcz00_att_battle_3_02 ; rpcz00_att_battle_3_05,78,14,fx_mn_rpcz_00_g.Par_G_RPCZ_00_Weapon_Spawn_LOC_INT ; FX_MN_RPCZ_00_G.Par_G_RPCZ_00_WP_Trumpet_01 ; fx_mn_rpcz_00_g.Par_G_RPCZ_00_Move_LOC_INT ; fx_mn_rpcz_00_g.Par_G_RPCZ_00_Trumpet_D_Music_LOC_INT ; fx_mn_rpcz_00_g.Par_G_RPCZ_00_Trumpet_D_02_LOC_INT ; fx_mn_rpcz_00_g.Par_G_RPCZ_00_Trumpet_D_LOC_INT ; fx_mn_rpcz_00_g.Par_G_RPCZ_00_Trumpet_C_LOC_INT ; fx_mn_rpcz_00_g.Par_G_RPCZ_00_WP_Trumpet_Despawn_01_LOC_INT ; fx_mn_rpcz_00_g.Par_G_RPCZ_00_Jump_LOC_INT ; fx_mn_rpcz_00_g.Par_G_RPCZ_00_Trumpet_B_02_LOC_INT ; fx_mn_rpcz_00_g.Par_G_RPCZ_00_Trumpet_B_LOC_INT ; FX_MN_RPCZ_00_G.Par_G_RPCZ_00_Jump_dust ; fx_mn_rpcz_00_g.Par_G_RPCZ_00_Trumpet_A_Music_LOC_INT ; fx_mn_rpcz_00_g.Par_G_RPCZ_00_Trumpet_A_LOC_INT,18,S_Mob_G_KouKu1.G_KouKu1_Attack03_CastVox2 ; S_Mob_G_KouKu1.G_KouKu1_Attack01_Cast1 ; S_Mob_G_KouKu1.G_KouKu1_Attack01_Shot1 ; S_Mob_G_KouKu1.G_KouKu1_Attack02_Shot1 ; S_Mob_G_KouKu1.G_KouKu1_Attack02_Shot2 ; S_Mob_G_KouKu1.G_KouKu1_Attack03_Cast2 ; S_Mob_G_KouKu1.G_KouKu1_Attack03_Shot7 ; S_Mob_G_KouKu1.G_KouKu1_Attack03_ShotVox3 ; S_Mob_G_KouKu1.G_KouKu1_Attack03_Shot8 ; S_Mob_G_KouKu1.G_KouKu1_Attack03_Shot6 ; S_Mob_G_KouKu1.G_KouKu1_Attack03_ShotVox2 ; S_Mob_G_KouKu1.G_KouKu1_Attack02_Shot3 ; S_Mob_G_KouKu1.G_KouKu1_Attack03_Shot1 ; S_Mob_G_KouKu1.G_KouKu1_Attack01_Shot6 ; S_Mob_G_KouKu1.G_KouKu1_Attack03_Shot2 ; S_Mob_G_KouKu1.G_KouKu1_Attack03_Shot5 ; S_Mob_G_KouKu1.G_KouKu1_Attack03_Shot4 ; S_Mob_G_KouKu1.G_KouKu1_Attack03_Shot3,"{""Anim"": 26, ""AKEvent"": 64, ""PlayParticleEffect"": 78, ""MonsterMoveNextStageConditionCheckArea"": 4, ""TrailGhostEffect"": 6, ""MonsterMoveNextStage"": 12, ""Effect"": 36, ""PlayDecalEffect"": 16, ""MonsterMoveNextStageConditionProbability"": 4}",0,,,,,NORMAL,나팔(피자 제외),
MN_RPCZ_00,4219753,쿠크_광기게이지 관리 스킬2,16,14,Att_Battle_6_01 ; Att_Battle_6_02 ; Att_Battle_6_04 ; Idle_Battle_1,rpcz00_att_battle_6_01 ; rpcz00_att_battle_6_02 ; rpcz00_att_battle_6_04 ; rpcz00_idle_battle_1,8,3,FX_CM_00.Dust.Par_C_Dust_001 ; fx_mn_rpcz_00_u.Par_U_RPCZ_EyeLight_01_LOC_INT ; fx_mn_rpcz_00_g.Par_G_RPCZ_00_Smoke_Despawn_01_LOC_INT,8,S_Mob_G_KouKu1.G_KouKu1_Attack06_Cast1 ; S_Mob_G_KouKu1.G_KouKu1_Attack06_CastVox1 ; S_Mob_G_KouKu1.G_KouKu1_Attack06_Cast2 ; S_Mob_G_KouKu1.G_KouKu1_Attack06_Cast3 ; S_Mob_G_KouKu1.G_KouKu1_Attack06_Cast4 ; S_Mob_G_KouKu1.G_KouKu1_Attack12_Shot1 ; S_Mob_G_KouKu1.G_KouKu1_Attack12_ShotVox1 ; S_Mob_G_KouKu1.G_KouKu1_Attack12_Shot2,"{""MonsterMoveNextStageConditionProbability"": 2, ""Anim"": 14, ""AKEvent"": 22, ""TrailGhostEffect"": 8, ""Effect"": 34, ""MonsterMoveNextStage"": 12, ""PawnMaterialParam"": 2, ""PlayParticleEffect"": 8, ""HidePawn"": 6, ""ToggleCollision"": 4}",4,,,,,MECHANIC,광기게이지 관리 / 카운터 / 돌진,EASY
MN_RPCZ_00,4219754,쿠크_광기게이지 관리 스킬3,16,14,Att_Battle_6_01 ; Att_Battle_6_02 ; Att_Battle_6_04 ; Idle_Battle_1,rpcz00_att_battle_6_01 ; rpcz00_att_battle_6_02 ; rpcz00_att_battle_6_04 ; rpcz00_idle_battle_1,8,3,FX_CM_00.Dust.Par_C_Dust_001 ; fx_mn_rpcz_00_u.Par_U_RPCZ_EyeLight_01_LOC_INT ; fx_mn_rpcz_00_g.Par_G_RPCZ_00_Smoke_Despawn_01_LOC_INT,8,S_Mob_G_KouKu1.G_KouKu1_Attack06_Cast1 ; S_Mob_G_KouKu1.G_KouKu1_Attack06_CastVox1 ; S_Mob_G_KouKu1.G_KouKu1_Attack06_Cast2 ; S_Mob_G_KouKu1.G_KouKu1_Attack06_Cast3 ; S_Mob_G_KouKu1.G_KouKu1_Attack06_Cast4 ; S_Mob_G_KouKu1.G_KouKu1_Attack12_Shot1 ; S_Mob_G_KouKu1.G_KouKu1_Attack12_ShotVox1 ; S_Mob_G_KouKu1.G_KouKu1_Attack12_Shot2,"{""MonsterMoveNextStageConditionProbability"": 2, ""Anim"": 14, ""AKEvent"": 22, ""TrailGhostEffect"": 8, ""Effect"": 34, ""MonsterMoveNextStage"": 12, ""PawnMaterialParam"": 2, ""PlayParticleEffect"": 8, ""HidePawn"": 6, ""ToggleCollision"": 4}",4,,,,,MECHANIC,광기게이지 관리 / 카운터 / 돌진,EASY
MN_RPCZ_00,4219755,쿠크_융단폭격B_2,7,6,Idle_Battle_1 ; Att_Battle_8_01 ; Att_Battle_8_02,rpcz00_idle_battle_1 ; rpcz00_att_battle_8_01 ; rpcz00_att_battle_8_02,13,6,fx_mn_rpcz_00_g.Par_G_RPCZ_00_Smoke_Despawn_01_LOC_INT ; fx_mn_rpcz_00_u.Par_U_RPCZ_Rope_01_LOC_INT ; fx_mn_rpcz_00_u.Par_U_RPCZ_CircusBomb_Trail_01_LOC_INT ; fx_mn_rpcz_00_u.Par_U_RPCZ_Rope_02_LOC_INT ; fx_mn_rpcz_00_u.Par_U_RPCZ_CircusPrj_02_LOC_INT ; FX_CM_00.Dust.Par_C_Dust_001,7,S_Mob_G_KouKu1.G_KouKu1_Attack12_Shot1 ; S_Mob_G_KouKu1.G_KouKu1_Attack12_ShotVox1 ; S_Mob_G_KouKu1.G_KouKu1_Attack12_Shot2 ; S_Mob_G_KouKu1.G_KouKu1_Attack07_ShotVox2 ; S_Mob_G_KouKu1.G_KouKu1_Attack07_Shot3 ; S_Mob_G_KouKu1.G_KouKu1_Attack07_Shot4 ; S_Mob_G_KouKu1.G_KouKu1_Attack07_Cast5,"{""MonsterMoveNextStageConditionProbability"": 1, ""Anim"": 6, ""PlayParticleEffect"": 13, ""Effect"": 12, ""AKEvent"": 11, ""HidePawn"": 4, ""MonsterMoveNextStage"": 5, ""TrailGhostEffect"": 3, ""ToggleCollision"": 2}",0,,,,,NORMAL,저글링 / 융단폭격 / 저주받은 인형 / 슈퍼 바주카 / 훌라후프,
MN_RPCZ_00,4219756,쿠크_조커카드 찾기_소환1,1,1,Idle_Battle_1,rpcz00_idle_battle_1,0,0,,0,,"{""Anim"": 1, ""Effect"": 7}",0,,,,,MECHANIC,카드 맞추기 — 쿠크 측 조커카드 소환 1~7,SUMMON_OR_REQUEST
MN_RPCZ_00,4219757,쿠크_조커카드 찾기_소환2,1,1,Idle_Battle_1,rpcz00_idle_battle_1,0,0,,0,,"{""Anim"": 1, ""Effect"": 7}",0,,,,,MECHANIC,카드 맞추기 — 쿠크 측 조커카드 소환 1~7,SUMMON_OR_REQUEST
MN_RPCZ_00,4219758,쿠크_조커카드 찾기_소환3,1,1,Idle_Battle_1,rpcz00_idle_battle_1,0,0,,0,,"{""Anim"": 1, ""Effect"": 7}",0,,,,,MECHANIC,카드 맞추기 — 쿠크 측 조커카드 소환 1~7,SUMMON_OR_REQUEST
MN_RPCZ_00,4219759,쿠크_조커카드 찾기_소환4,1,1,Idle_Battle_1,rpcz00_idle_battle_1,0,0,,0,,"{""Anim"": 1, ""Effect"": 7}",0,,,,,MECHANIC,카드 맞추기 — 쿠크 측 조커카드 소환 1~7,SUMMON_OR_REQUEST
MN_RPCZ_00,4219760,쿠크_조커카드 찾기_소환5,1,1,Idle_Battle_1,rpcz00_idle_battle_1,0,0,,0,,"{""Anim"": 1, ""Effect"": 7}",0,,,,,MECHANIC,카드 맞추기 — 쿠크 측 조커카드 소환 1~7,SUMMON_OR_REQUEST
MN_RPCZ_00,4219761,쿠크_조커카드 찾기_소환6,1,1,Idle_Battle_1,rpcz00_idle_battle_1,0,0,,0,,"{""Anim"": 1, ""Effect"": 7}",0,,,,,MECHANIC,카드 맞추기 — 쿠크 측 조커카드 소환 1~7,SUMMON_OR_REQUEST
MN_RPCZ_00,4219762,쿠크_조커카드 찾기_소환7,1,1,Idle_Battle_1,rpcz00_idle_battle_1,0,0,,0,,"{""Anim"": 1, ""Effect"": 7}",0,,,,,MECHANIC,카드 맞추기 — 쿠크 측 조커카드 소환 1~7,SUMMON_OR_REQUEST
MN_RPCZ_00,4219795,대형 쿠크_전투 시작 시 문양 디버프 삭제,1,1,Idle_Battle_1,rpcz00_idle_battle_1,0,0,,0,,"{""Anim"": 1, ""Effect"": 4}",0,,,,,SYSTEM,선회 테스트 / 버프 정리 / 사망스킬 / 대형 쿠크 카드미로 종료,
MN_RPCZ_00,4219763,쿠크_그로기,3,3,Dmg_Critical_Start_1 ; Dmg_Critical_Loop_1 ; Dmg_Critical_End_1,rpcz00_dmg_critical_start_1 ; rpcz00_dmg_critical_loop_1 ; rpcz00_dmg_critical_end_1,2,2,FX_CM_02.Light.Par_MP_Light_01 ; FX_BS_00.Hit.Par_K_RaidGroggy_Hit_01_LOC_INT,4,S_Mob_G_KouKu1.G_KouKu1_FreezeStart1 ; S_Systems.SYS_MONSTER_FREEZE1 ; S_Mob_G_KouKu1.G_KouKu1_FreezeLoop1 ; S_Mob_G_KouKu1.G_KouKu1_FreezeEnd1,"{""Anim"": 3, ""DominantDirectionalLight_Control"": 1, ""PawnMaterialParam"": 1, ""PlayParticleEffect"": 2, ""ViewShake"": 1, ""Effect"": 5, ""NpcDirectionGuideFx"": 3, ""AKEvent"": 4}",2,KAKULSAYDON_G1_PATTERN_22,쿠크_그로기,GATE2,DRAFT,MECHANIC,130줄 반사(응집된 에너지) — 중앙이동 → 구체 생성/유지 → 실패 발산 | 성공 → 그로기,
MN_RPCZ_00,4219766,대형 쿠크_광기게이지_카운터_1,6,6,Dmg_Critical_Start_1 ; Dmg_Critical_Loop_1 ; Dmg_Critical_End_1 ; Idle_Battle_1,rpcz00_dmg_critical_start_1 ; rpcz00_dmg_critical_loop_1 ; rpcz00_dmg_critical_end_1 ; rpcz00_idle_battle_1,4,3,FX_CM_02.Light.Par_MP_Light_01 ; FX_BS_00.Hit.Par_K_RaidGroggy_Hit_01_LOC_INT ; fx_mn_rpcz_00_g.Par_G_RPCZ_00_Smoke_Despawn_01_LOC_INT,7,S_Mob_G_KouKu1.G_KouKu1_FreezeStart1 ; S_Systems.SYS_MONSTER_FREEZE1 ; S_Mob_G_KouKu1.G_KouKu1_FreezeLoop1 ; S_Mob_G_KouKu1.G_KouKu1_FreezeEnd1 ; S_Mob_G_KouKu1.G_KouKu1_Attack12_Shot1 ; S_Mob_G_KouKu1.G_KouKu1_Attack12_ShotVox1 ; S_Mob_G_KouKu1.G_KouKu1_Attack12_Shot2,"{""Anim"": 6, ""DominantDirectionalLight_Control"": 1, ""PawnMaterialParam"": 1, ""PlayParticleEffect"": 4, ""ViewShake"": 1, ""AKEvent"": 7, ""MonsterMoveNextStage"": 5, ""HidePawn"": 3, ""ToggleCollision"": 2, ""Effect"": 1}",4,,,,,MECHANIC,광기게이지 관리 / 카운터 / 돌진,EASY
MN_RPCZ_00,4219767,대형 쿠크_광기게이지_카운터_2,6,6,Dmg_Critical_Start_1 ; Dmg_Critical_Loop_1 ; Dmg_Critical_End_1 ; Idle_Battle_1,rpcz00_dmg_critical_start_1 ; rpcz00_dmg_critical_loop_1 ; rpcz00_dmg_critical_end_1 ; rpcz00_idle_battle_1,4,3,FX_CM_02.Light.Par_MP_Light_01 ; FX_BS_00.Hit.Par_K_RaidGroggy_Hit_01_LOC_INT ; fx_mn_rpcz_00_g.Par_G_RPCZ_00_Smoke_Despawn_01_LOC_INT,7,S_Mob_G_KouKu1.G_KouKu1_FreezeStart1 ; S_Systems.SYS_MONSTER_FREEZE1 ; S_Mob_G_KouKu1.G_KouKu1_FreezeLoop1 ; S_Mob_G_KouKu1.G_KouKu1_FreezeEnd1 ; S_Mob_G_KouKu1.G_KouKu1_Attack12_Shot1 ; S_Mob_G_KouKu1.G_KouKu1_Attack12_ShotVox1 ; S_Mob_G_KouKu1.G_KouKu1_Attack12_Shot2,"{""Anim"": 6, ""DominantDirectionalLight_Control"": 1, ""PawnMaterialParam"": 1, ""PlayParticleEffect"": 4, ""ViewShake"": 1, ""AKEvent"": 7, ""MonsterMoveNextStage"": 5, ""HidePawn"": 3, ""ToggleCollision"": 2, ""Effect"": 1}",2,,,,,MECHANIC,광기게이지 관리 / 카운터 / 돌진,EASY
MN_RPCZ_00,4219768,대형 쿠크_광기게이지_카운터_3,5,5,Dmg_Critical_Start_1 ; Dmg_Critical_Loop_1 ; Dmg_Critical_End_1 ; Idle_Battle_1,rpcz00_dmg_critical_start_1 ; rpcz00_dmg_critical_loop_1 ; rpcz00_dmg_critical_end_1 ; rpcz00_idle_battle_1,4,3,FX_CM_02.Light.Par_MP_Light_01 ; FX_BS_00.Hit.Par_K_RaidGroggy_Hit_01_LOC_INT ; fx_mn_rpcz_00_g.Par_G_RPCZ_00_Smoke_Despawn_01_LOC_INT,7,S_Mob_G_KouKu1.G_KouKu1_FreezeStart1 ; S_Systems.SYS_MONSTER_FREEZE1 ; S_Mob_G_KouKu1.G_KouKu1_FreezeLoop1 ; S_Mob_G_KouKu1.G_KouKu1_FreezeEnd1 ; S_Mob_G_KouKu1.G_KouKu1_Attack12_Shot1 ; S_Mob_G_KouKu1.G_KouKu1_Attack12_ShotVox1 ; S_Mob_G_KouKu1.G_KouKu1_Attack12_Shot2,"{""Anim"": 5, ""DominantDirectionalLight_Control"": 1, ""PawnMaterialParam"": 1, ""PlayParticleEffect"": 4, ""ViewShake"": 1, ""AKEvent"": 7, ""MonsterMoveNextStage"": 4, ""HidePawn"": 2, ""ToggleCollision"": 2, ""Effect"": 1}",2,,,,,MECHANIC,광기게이지 관리 / 카운터 / 돌진,EASY
MN_RPCZ_00,4219769,쿠크_대폭발_반시계_시계_반시계,18,18,Idle_Battle_1 ; Att_Battle_10_01 ; Att_Battle_10_02 ; Att_Battle_10_04 ; Att_Battle_10_03,rpcz00_idle_battle_1 ; rpcz00_att_battle_10_01 ; rpcz00_att_battle_10_02 ; rpcz00_att_battle_10_04 ; rpcz00_att_battle_10_03,90,15,fx_mn_rpcz_00_g.Par_G_RPCZ_00_Smoke_Despawn_01_LOC_INT ; fx_mn_rpcz_00_u.Par_U_RPCZ_BigExp_CounterClockWise_01_LOC_INT ; fx_mn_rpcz_00_u.Par_U_RPCZ_BigExp_ClockWise_01_LOC_INT ; fx_mn_rpcz_00_u.Par_U_RPCZ_Doll_Appear_Cast_01_LOC_INT ; FX_CM_02.Light.Par_MP_Light_01 ; fx_mn_rpcz_00_u.Par_U_RPCZ_spotLight_01_LOC_INT ; FX_Post.FX_Par.Par_C_FilmNoise_01 ; fx_mn_rpcz_00_u.Par_U_RPCZ_Area_Cast_01_LOC_INT ; fx_mn_rpcz_00_u.Par_U_RPCZ_Shield_Buff_02_LOC_INT ; fx_mn_rpcz_00_u.Par_U_RPCZ_Cast_03_LOC_INT ; FX_Post.FX_Par.Par_C_ZoomBlur_01 ; fx_mn_rpcz_00_u.Par_U_RPCZ_BigArea_Exp_01_LOC_INT ; fx_mn_rpcz_00_u.Par_U_RPCZ_BigArea_Exp_02_LOC_INT ; fx_mn_rpcz_00_u.Par_U_RPCZ_Shield_Buff_01_LOC_INT ; fx_mn_rpcz_00_u.Par_U_RPCZ_BigArea_Exp_03_LOC_INT,13,S_Mob_G_KouKu1.G_KouKu1_Attack12_Shot1 ; S_Mob_G_KouKu1.G_KouKu1_Attack12_ShotVox1 ; S_Mob_G_KouKu1.G_KouKu1_Attack12_Shot2 ; S_Mob_G_KouKu1.G_KouKu1_Attack09_ShotVox1 ; S_Mob_G_KouKu1.G_KouKu1_Attack11_Cast1 ; S_Mob_G_KouKu1.G_KouKu1_Attack07_Cast2 ; S_Mob_G_KouKu1.G_KouKu1_Attack09_Shot1 ; S_Mob_G_KouKu1.G_KouKu1_Attack09_Shot2 ; S_Mob_G_KouKu1.G_KouKu1_Attack09_Cast6 ; S_Mob_G_KouKu1.G_KouKu1_Attack09_ShotVox3 ; S_Mob_G_KouKu1.G_KouKu1_Attack09_Shot6 ; S_Mob_G_KouKu1.G_KouKu1_Attack05_Shot3 ; S_Mob_G_KouKu1.G_KouKu1_Attack09_Shot3,"{""Anim"": 18, ""Effect"": 118, ""PlayParticleEffect"": 90, ""AKEvent"": 72, ""HidePawn"": 6, ""MonsterMoveNextStage"": 15, ""PawnMaterialParam"": 9, ""TrailGhostEffect"": 6, ""Paralyzation"": 6, ""ViewShake"": 6, ""EmitTriggerSignal"": 3}",141,KAKULSAYDON_G1_PATTERN_25,쿠크_피자,GATE2,DRAFT,MECHANIC,"대폭발(시계/반시계 3연속) — 성공은 그로기, 실패는 10_04",
MN_RPCZ_00,4219770,쿠크_대폭발_시계_반시계_시계,18,18,Idle_Battle_1 ; Att_Battle_10_01 ; Att_Battle_10_02 ; Att_Battle_10_04 ; Att_Battle_10_03,rpcz00_idle_battle_1 ; rpcz00_att_battle_10_01 ; rpcz00_att_battle_10_02 ; rpcz00_att_battle_10_04 ; rpcz00_att_battle_10_03,87,15,fx_mn_rpcz_00_g.Par_G_RPCZ_00_Smoke_Despawn_01_LOC_INT ; fx_mn_rpcz_00_u.Par_U_RPCZ_BigExp_ClockWise_01_LOC_INT ; fx_mn_rpcz_00_u.Par_U_RPCZ_BigExp_CounterClockWise_01_LOC_INT ; fx_mn_rpcz_00_u.Par_U_RPCZ_Doll_Appear_Cast_01_LOC_INT ; fx_mn_rpcz_00_u.Par_U_RPCZ_spotLight_01_LOC_INT ; FX_Post.FX_Par.Par_C_FilmNoise_01 ; fx_mn_rpcz_00_u.Par_U_RPCZ_Area_Cast_01_LOC_INT ; fx_mn_rpcz_00_u.Par_U_RPCZ_Shield_Buff_02_LOC_INT ; fx_mn_rpcz_00_u.Par_U_RPCZ_Cast_03_LOC_INT ; FX_Post.FX_Par.Par_C_ZoomBlur_01 ; fx_mn_rpcz_00_u.Par_U_RPCZ_BigArea_Exp_01_LOC_INT ; fx_mn_rpcz_00_u.Par_U_RPCZ_BigArea_Exp_02_LOC_INT ; FX_CM_02.Light.Par_MP_Light_01 ; fx_mn_rpcz_00_u.Par_U_RPCZ_Shield_Buff_01_LOC_INT ; fx_mn_rpcz_00_u.Par_U_RPCZ_BigArea_Exp_03_LOC_INT,13,S_Mob_G_KouKu1.G_KouKu1_Attack12_Shot1 ; S_Mob_G_KouKu1.G_KouKu1_Attack12_ShotVox1 ; S_Mob_G_KouKu1.G_KouKu1_Attack12_Shot2 ; S_Mob_G_KouKu1.G_KouKu1_Attack09_ShotVox1 ; S_Mob_G_KouKu1.G_KouKu1_Attack11_Cast1 ; S_Mob_G_KouKu1.G_KouKu1_Attack07_Cast2 ; S_Mob_G_KouKu1.G_KouKu1_Attack09_Shot1 ; S_Mob_G_KouKu1.G_KouKu1_Attack09_Shot2 ; S_Mob_G_KouKu1.G_KouKu1_Attack09_Cast6 ; S_Mob_G_KouKu1.G_KouKu1_Attack09_ShotVox3 ; S_Mob_G_KouKu1.G_KouKu1_Attack09_Shot6 ; S_Mob_G_KouKu1.G_KouKu1_Attack05_Shot3 ; S_Mob_G_KouKu1.G_KouKu1_Attack09_Shot3,"{""Anim"": 18, ""Effect"": 118, ""PlayParticleEffect"": 87, ""AKEvent"": 72, ""HidePawn"": 6, ""MonsterMoveNextStage"": 15, ""PawnMaterialParam"": 9, ""TrailGhostEffect"": 6, ""Paralyzation"": 6, ""ViewShake"": 6}",138,,,,,MECHANIC,"대폭발(시계/반시계 3연속) — 성공은 그로기, 실패는 10_04",
MN_RPCZ_00,4219771,쿠크_대폭발_시계_반시계_반시계,18,18,Idle_Battle_1 ; Att_Battle_10_01 ; Att_Battle_10_02 ; Att_Battle_10_04 ; Att_Battle_10_03,rpcz00_idle_battle_1 ; rpcz00_att_battle_10_01 ; rpcz00_att_battle_10_02 ; rpcz00_att_battle_10_04 ; rpcz00_att_battle_10_03,87,15,fx_mn_rpcz_00_g.Par_G_RPCZ_00_Smoke_Despawn_01_LOC_INT ; fx_mn_rpcz_00_u.Par_U_RPCZ_BigExp_ClockWise_01_LOC_INT ; fx_mn_rpcz_00_u.Par_U_RPCZ_BigExp_CounterClockWise_01_LOC_INT ; fx_mn_rpcz_00_u.Par_U_RPCZ_Doll_Appear_Cast_01_LOC_INT ; fx_mn_rpcz_00_u.Par_U_RPCZ_spotLight_01_LOC_INT ; FX_Post.FX_Par.Par_C_FilmNoise_01 ; fx_mn_rpcz_00_u.Par_U_RPCZ_Area_Cast_01_LOC_INT ; fx_mn_rpcz_00_u.Par_U_RPCZ_Shield_Buff_02_LOC_INT ; fx_mn_rpcz_00_u.Par_U_RPCZ_Cast_03_LOC_INT ; FX_Post.FX_Par.Par_C_ZoomBlur_01 ; fx_mn_rpcz_00_u.Par_U_RPCZ_BigArea_Exp_01_LOC_INT ; fx_mn_rpcz_00_u.Par_U_RPCZ_BigArea_Exp_02_LOC_INT ; FX_CM_02.Light.Par_MP_Light_01 ; fx_mn_rpcz_00_u.Par_U_RPCZ_Shield_Buff_01_LOC_INT ; fx_mn_rpcz_00_u.Par_U_RPCZ_BigArea_Exp_03_LOC_INT,13,S_Mob_G_KouKu1.G_KouKu1_Attack12_Shot1 ; S_Mob_G_KouKu1.G_KouKu1_Attack12_ShotVox1 ; S_Mob_G_KouKu1.G_KouKu1_Attack12_Shot2 ; S_Mob_G_KouKu1.G_KouKu1_Attack09_ShotVox1 ; S_Mob_G_KouKu1.G_KouKu1_Attack11_Cast1 ; S_Mob_G_KouKu1.G_KouKu1_Attack07_Cast2 ; S_Mob_G_KouKu1.G_KouKu1_Attack09_Shot1 ; S_Mob_G_KouKu1.G_KouKu1_Attack09_Shot2 ; S_Mob_G_KouKu1.G_KouKu1_Attack09_Cast6 ; S_Mob_G_KouKu1.G_KouKu1_Attack09_ShotVox3 ; S_Mob_G_KouKu1.G_KouKu1_Attack09_Shot6 ; S_Mob_G_KouKu1.G_KouKu1_Attack05_Shot3 ; S_Mob_G_KouKu1.G_KouKu1_Attack09_Shot3,"{""Anim"": 18, ""Effect"": 118, ""PlayParticleEffect"": 87, ""AKEvent"": 72, ""HidePawn"": 6, ""MonsterMoveNextStage"": 15, ""PawnMaterialParam"": 9, ""TrailGhostEffect"": 6, ""Paralyzation"": 6, ""ViewShake"": 6, ""EmitTriggerSignal"": 3}",141,,,,,MECHANIC,"대폭발(시계/반시계 3연속) — 성공은 그로기, 실패는 10_04",
MN_RPCZ_00,4219772,쿠크_대폭발_반시계_시계_시계,18,18,Idle_Battle_1 ; Att_Battle_10_01 ; Att_Battle_10_02 ; Att_Battle_10_04 ; Att_Battle_10_03,rpcz00_idle_battle_1 ; rpcz00_att_battle_10_01 ; rpcz00_att_battle_10_02 ; rpcz00_att_battle_10_04 ; rpcz00_att_battle_10_03,87,15,fx_mn_rpcz_00_g.Par_G_RPCZ_00_Smoke_Despawn_01_LOC_INT ; fx_mn_rpcz_00_u.Par_U_RPCZ_BigExp_CounterClockWise_01_LOC_INT ; fx_mn_rpcz_00_u.Par_U_RPCZ_BigExp_ClockWise_01_LOC_INT ; fx_mn_rpcz_00_u.Par_U_RPCZ_Doll_Appear_Cast_01_LOC_INT ; fx_mn_rpcz_00_u.Par_U_RPCZ_spotLight_01_LOC_INT ; FX_Post.FX_Par.Par_C_FilmNoise_01 ; fx_mn_rpcz_00_u.Par_U_RPCZ_Area_Cast_01_LOC_INT ; fx_mn_rpcz_00_u.Par_U_RPCZ_Shield_Buff_02_LOC_INT ; fx_mn_rpcz_00_u.Par_U_RPCZ_Cast_03_LOC_INT ; FX_Post.FX_Par.Par_C_ZoomBlur_01 ; fx_mn_rpcz_00_u.Par_U_RPCZ_BigArea_Exp_01_LOC_INT ; fx_mn_rpcz_00_u.Par_U_RPCZ_BigArea_Exp_02_LOC_INT ; FX_CM_02.Light.Par_MP_Light_01 ; fx_mn_rpcz_00_u.Par_U_RPCZ_Shield_Buff_01_LOC_INT ; fx_mn_rpcz_00_u.Par_U_RPCZ_BigArea_Exp_03_LOC_INT,13,S_Mob_G_KouKu1.G_KouKu1_Attack12_Shot1 ; S_Mob_G_KouKu1.G_KouKu1_Attack12_ShotVox1 ; S_Mob_G_KouKu1.G_KouKu1_Attack12_Shot2 ; S_Mob_G_KouKu1.G_KouKu1_Attack09_ShotVox1 ; S_Mob_G_KouKu1.G_KouKu1_Attack11_Cast1 ; S_Mob_G_KouKu1.G_KouKu1_Attack07_Cast2 ; S_Mob_G_KouKu1.G_KouKu1_Attack09_Shot1 ; S_Mob_G_KouKu1.G_KouKu1_Attack09_Shot2 ; S_Mob_G_KouKu1.G_KouKu1_Attack09_Cast6 ; S_Mob_G_KouKu1.G_KouKu1_Attack09_ShotVox3 ; S_Mob_G_KouKu1.G_KouKu1_Attack09_Shot6 ; S_Mob_G_KouKu1.G_KouKu1_Attack05_Shot3 ; S_Mob_G_KouKu1.G_KouKu1_Attack09_Shot3,"{""Anim"": 18, ""Effect"": 118, ""PlayParticleEffect"": 87, ""AKEvent"": 72, ""HidePawn"": 6, ""MonsterMoveNextStage"": 15, ""PawnMaterialParam"": 9, ""TrailGhostEffect"": 6, ""Paralyzation"": 6, ""ViewShake"": 6, ""EmitTriggerSignal"": 3}",141,,,,,MECHANIC,"대폭발(시계/반시계 3연속) — 성공은 그로기, 실패는 10_04",
MN_RPCZ_00,4219773,쿠크_대폭발_시계_시계_반시계,18,18,Idle_Battle_1 ; Att_Battle_10_01 ; Att_Battle_10_02 ; Att_Battle_10_04 ; Att_Battle_10_03,rpcz00_idle_battle_1 ; rpcz00_att_battle_10_01 ; rpcz00_att_battle_10_02 ; rpcz00_att_battle_10_04 ; rpcz00_att_battle_10_03,87,15,fx_mn_rpcz_00_g.Par_G_RPCZ_00_Smoke_Despawn_01_LOC_INT ; fx_mn_rpcz_00_u.Par_U_RPCZ_BigExp_ClockWise_01_LOC_INT ; fx_mn_rpcz_00_u.Par_U_RPCZ_BigExp_CounterClockWise_01_LOC_INT ; fx_mn_rpcz_00_u.Par_U_RPCZ_Doll_Appear_Cast_01_LOC_INT ; fx_mn_rpcz_00_u.Par_U_RPCZ_spotLight_01_LOC_INT ; FX_Post.FX_Par.Par_C_FilmNoise_01 ; fx_mn_rpcz_00_u.Par_U_RPCZ_Area_Cast_01_LOC_INT ; fx_mn_rpcz_00_u.Par_U_RPCZ_Shield_Buff_02_LOC_INT ; fx_mn_rpcz_00_u.Par_U_RPCZ_Cast_03_LOC_INT ; FX_Post.FX_Par.Par_C_ZoomBlur_01 ; fx_mn_rpcz_00_u.Par_U_RPCZ_BigArea_Exp_01_LOC_INT ; fx_mn_rpcz_00_u.Par_U_RPCZ_BigArea_Exp_02_LOC_INT ; FX_CM_02.Light.Par_MP_Light_01 ; fx_mn_rpcz_00_u.Par_U_RPCZ_Shield_Buff_01_LOC_INT ; fx_mn_rpcz_00_u.Par_U_RPCZ_BigArea_Exp_03_LOC_INT,13,S_Mob_G_KouKu1.G_KouKu1_Attack12_Shot1 ; S_Mob_G_KouKu1.G_KouKu1_Attack12_ShotVox1 ; S_Mob_G_KouKu1.G_KouKu1_Attack12_Shot2 ; S_Mob_G_KouKu1.G_KouKu1_Attack09_ShotVox1 ; S_Mob_G_KouKu1.G_KouKu1_Attack11_Cast1 ; S_Mob_G_KouKu1.G_KouKu1_Attack07_Cast2 ; S_Mob_G_KouKu1.G_KouKu1_Attack09_Shot1 ; S_Mob_G_KouKu1.G_KouKu1_Attack09_Shot2 ; S_Mob_G_KouKu1.G_KouKu1_Attack09_Cast6 ; S_Mob_G_KouKu1.G_KouKu1_Attack09_ShotVox3 ; S_Mob_G_KouKu1.G_KouKu1_Attack09_Shot6 ; S_Mob_G_KouKu1.G_KouKu1_Attack05_Shot3 ; S_Mob_G_KouKu1.G_KouKu1_Attack09_Shot3,"{""Anim"": 18, ""Effect"": 118, ""PlayParticleEffect"": 87, ""AKEvent"": 72, ""HidePawn"": 6, ""MonsterMoveNextStage"": 15, ""PawnMaterialParam"": 9, ""TrailGhostEffect"": 6, ""Paralyzation"": 6, ""ViewShake"": 6, ""EmitTriggerSignal"": 3}",141,,,,,MECHANIC,"대폭발(시계/반시계 3연속) — 성공은 그로기, 실패는 10_04",
MN_RPCZ_00,4219774,쿠크_대폭발_반시계_반시계_시계,18,18,Idle_Battle_1 ; Att_Battle_10_01 ; Att_Battle_10_02 ; Att_Battle_10_04 ; Att_Battle_10_03,rpcz00_idle_battle_1 ; rpcz00_att_battle_10_01 ; rpcz00_att_battle_10_02 ; rpcz00_att_battle_10_04 ; rpcz00_att_battle_10_03,87,15,fx_mn_rpcz_00_g.Par_G_RPCZ_00_Smoke_Despawn_01_LOC_INT ; fx_mn_rpcz_00_u.Par_U_RPCZ_BigExp_CounterClockWise_01_LOC_INT ; fx_mn_rpcz_00_u.Par_U_RPCZ_BigExp_ClockWise_01_LOC_INT ; fx_mn_rpcz_00_u.Par_U_RPCZ_Doll_Appear_Cast_01_LOC_INT ; fx_mn_rpcz_00_u.Par_U_RPCZ_spotLight_01_LOC_INT ; FX_Post.FX_Par.Par_C_FilmNoise_01 ; fx_mn_rpcz_00_u.Par_U_RPCZ_Area_Cast_01_LOC_INT ; fx_mn_rpcz_00_u.Par_U_RPCZ_Shield_Buff_02_LOC_INT ; fx_mn_rpcz_00_u.Par_U_RPCZ_Cast_03_LOC_INT ; FX_Post.FX_Par.Par_C_ZoomBlur_01 ; fx_mn_rpcz_00_u.Par_U_RPCZ_BigArea_Exp_01_LOC_INT ; fx_mn_rpcz_00_u.Par_U_RPCZ_BigArea_Exp_02_LOC_INT ; FX_CM_02.Light.Par_MP_Light_01 ; fx_mn_rpcz_00_u.Par_U_RPCZ_Shield_Buff_01_LOC_INT ; fx_mn_rpcz_00_u.Par_U_RPCZ_BigArea_Exp_03_LOC_INT,13,S_Mob_G_KouKu1.G_KouKu1_Attack12_Shot1 ; S_Mob_G_KouKu1.G_KouKu1_Attack12_ShotVox1 ; S_Mob_G_KouKu1.G_KouKu1_Attack12_Shot2 ; S_Mob_G_KouKu1.G_KouKu1_Attack09_ShotVox1 ; S_Mob_G_KouKu1.G_KouKu1_Attack11_Cast1 ; S_Mob_G_KouKu1.G_KouKu1_Attack07_Cast2 ; S_Mob_G_KouKu1.G_KouKu1_Attack09_Shot1 ; S_Mob_G_KouKu1.G_KouKu1_Attack09_Shot2 ; S_Mob_G_KouKu1.G_KouKu1_Attack09_Cast6 ; S_Mob_G_KouKu1.G_KouKu1_Attack09_ShotVox3 ; S_Mob_G_KouKu1.G_KouKu1_Attack09_Shot6 ; S_Mob_G_KouKu1.G_KouKu1_Attack05_Shot3 ; S_Mob_G_KouKu1.G_KouKu1_Attack09_Shot3,"{""Anim"": 18, ""Effect"": 118, ""PlayParticleEffect"": 87, ""AKEvent"": 72, ""HidePawn"": 6, ""MonsterMoveNextStage"": 15, ""PawnMaterialParam"": 9, ""TrailGhostEffect"": 6, ""Paralyzation"": 6, ""ViewShake"": 6}",138,,,,,MECHANIC,"대폭발(시계/반시계 3연속) — 성공은 그로기, 실패는 10_04",
MN_RPCZ_00,4219775,쿠크_저주받은 인형_노말,2,2,Att_Battle_9_01 ; Att_Battle_9_02,rpcz00_att_battle_9_01 ; rpcz00_att_battle_9_02,3,3,fx_mn_rpcz_00_u.Par_U_RPCZ_Doll_01_LOC_INT ; fx_mn_rpcz_00_u.Par_U_RPCZ_Doll_Appear_Cast_01_LOC_INT ; fx_mn_rpcz_00_u.Par_U_RPCZ_Sword_Cast_01_LOC_INT,7,S_Mob_G_KouKu1.G_KouKu1_Attack08_ShotVox1 ; S_Mob_G_KouKu1.G_KouKu1_Attack01_Cast1 ; S_Mob_G_KouKu1.G_KouKu1_Attack01_Shot1 ; S_Mob_G_KouKu1.G_KouKu1_Attack02_Shot1 ; S_Mob_G_KouKu1.G_KouKu1_Attack08_Shot1 ; S_Mob_G_KouKu1.G_KouKu1_Attack07_Cast1 ; S_Mob_G_KouKu1.G_KouKu1_Attack08_ShotVox2,"{""Anim"": 2, ""AKEvent"": 7, ""PlayParticleEffect"": 3, ""Effect"": 4, ""HidePawn"": 1}",0,,,,,NORMAL,저글링 / 융단폭격 / 저주받은 인형 / 슈퍼 바주카 / 훌라후프,
MN_RPCZ_00,4219794,대형 쿠크_카드미로 종료 후 체크버프삭제,1,1,Idle_Battle_1,rpcz00_idle_battle_1,0,0,,0,,"{""Anim"": 1, ""Effect"": 1}",0,,,,,SYSTEM,선회 테스트 / 버프 정리 / 사망스킬 / 대형 쿠크 카드미로 종료,
MN_RPCZ_00,4219776,쿠크_돌진,24,24,Att_Battle_6_01 ; Att_Battle_6_02 ; Att_Battle_6_03 ; Att_Battle_6_04,rpcz00_att_battle_6_01 ; rpcz00_att_battle_6_02 ; rpcz00_att_battle_6_03 ; rpcz00_att_battle_6_04,24,4,FX_CM_00.Dust.Par_C_Dust_001 ; fx_mn_rpcz_00_u.Par_U_RPCZ_EyeLight_01_LOC_INT ; fx_mn_rpcz_00_u.Par_U_RPCZ_Dash_Trail_01_LOC_INT ; fx_mn_rpcz_00_u.Par_U_RPCZ_Dash_Ground_01_LOC_INT,7,S_Mob_G_KouKu1.G_KouKu1_Attack06_Cast1 ; S_Mob_G_KouKu1.G_KouKu1_Attack06_CastVox1 ; S_Mob_G_KouKu1.G_KouKu1_Attack06_Cast2 ; S_Mob_G_KouKu1.G_KouKu1_Attack06_Cast3 ; S_Mob_G_KouKu1.G_KouKu1_Attack06_Shot1 ; S_Mob_G_KouKu1.G_KouKu1_Attack06_ShotVox1 ; S_Mob_G_KouKu1.G_KouKu1_Attack06_Cast4,"{""Anim"": 24, ""AKEvent"": 36, ""TrailGhostEffect"": 24, ""CounterAttack"": 14, ""MonsterMoveNextStage"": 15, ""PawnMaterialParam"": 12, ""PlayParticleEffect"": 24, ""Effect"": 6, ""MonsterMoveNextStageConditionSkillEffectHit"": 3}",0,KAKULSAYDON_G1_PATTERN_15,쿠크_거미카운터,GATE2,DRAFT,MECHANIC,광기게이지 관리 / 카운터 / 돌진,
MN_RPCZ_00,4219777,쿠크_바주카포_액션_1_이지,4,4,Att_Battle_1_08 ; Att_Battle_1_03 ; Att_Battle_1_04 ; Att_Battle_1_07,rpcz00_att_battle_1_08 ; rpcz00_att_battle_1_03 ; rpcz00_att_battle_1_04 ; rpcz00_att_battle_1_07,17,4,FX_MN_RPCZ_00_G.Par_G_RPCZ_00_WP_Bazooka_01 ; fx_mn_rpcz_00_g.Par_G_RPCZ_00_Bazooka_Fire_LOC_INT ; FX_MN_RPCZ_00_G.Par_G_RPCZ_00_Jump_dust ; fx_mn_rpcz_00_g.Par_G_RPCZ_00_WP_Bazooka_Despawn_01_LOC_INT,5,S_Mob_G_KouKu1.G_KouKu1_Attack01_Shot7 ; S_Mob_G_KouKu1.G_KouKu1_Attack01_ShotVox2 ; S_Mob_G_KouKu1.G_KouKu1_Attack01_Shot4 ; S_Mob_G_KouKu1.G_KouKu1_Attack01_Shot5 ; S_Mob_G_KouKu1.G_KouKu1_Attack01_Shot6,"{""Anim"": 4, ""PlayParticleEffect"": 17, ""MonsterMoveNextStage"": 3, ""LookTarget"": 1, ""Effect"": 4, ""AKEvent"": 7}",0,,,,,NORMAL,바주카포,EASY
MN_RPCZ_00,4219778,쿠크_바주카포_액션_2_이지,6,6,Att_Battle_1_08 ; Att_Battle_1_05 ; Att_Battle_1_04 ; Att_Battle_1_06 ; Att_Battle_1_07,rpcz00_att_battle_1_08 ; rpcz00_att_battle_1_05 ; rpcz00_att_battle_1_04 ; rpcz00_att_battle_1_06 ; rpcz00_att_battle_1_07,19,5,FX_MN_RPCZ_00_G.Par_G_RPCZ_00_WP_Bazooka_01 ; fx_mn_rpcz_00_g.Par_G_RPCZ_00_Bazooka_Fire_LOC_INT ; FX_MN_RPCZ_00_G.Par_G_RPCZ_00_Jump_dust ; fx_mn_rpcz_00_g.Par_G_RPCZ_00_Jump_LOC_INT ; fx_mn_rpcz_00_g.Par_G_RPCZ_00_WP_Bazooka_Despawn_01_LOC_INT,11,S_Mob_G_KouKu1.G_KouKu1_Attack01_Shot8 ; S_Mob_G_KouKu1.G_KouKu1_Attack01_ShotVox4 ; S_Mob_G_KouKu1.G_KouKu1_Attack01_Shot9 ; S_Mob_G_KouKu1.G_KouKu1_Attack01_Shot7 ; S_Mob_G_KouKu1.G_KouKu1_Attack01_ShotVox2 ; S_Mob_G_KouKu1.G_KouKu1_Attack01_ShotVox5 ; S_Mob_G_KouKu1.G_KouKu1_Attack01_Shot10 ; S_Mob_G_KouKu1.G_KouKu1_Attack01_Shot11 ; S_Mob_G_KouKu1.G_KouKu1_Attack01_Shot4 ; S_Mob_G_KouKu1.G_KouKu1_Attack01_Shot5 ; S_Mob_G_KouKu1.G_KouKu1_Attack01_Shot6,"{""Anim"": 6, ""PlayParticleEffect"": 19, ""MonsterMoveNextStage"": 5, ""LookTarget"": 2, ""AKEvent"": 11, ""Effect"": 5, ""ToggleCollision"": 2, ""TrailGhostEffect"": 1}",0,,,,,NORMAL,바주카포,EASY
MN_RPCZ_00,4219779,쿠크_바주카포_액션_3_이지,6,6,Att_Battle_1_08 ; Att_Battle_1_05 ; Att_Battle_1_06 ; Att_Battle_1_07,rpcz00_att_battle_1_08 ; rpcz00_att_battle_1_05 ; rpcz00_att_battle_1_06 ; rpcz00_att_battle_1_07,19,5,FX_MN_RPCZ_00_G.Par_G_RPCZ_00_WP_Bazooka_01 ; fx_mn_rpcz_00_g.Par_G_RPCZ_00_Bazooka_Fire_LOC_INT ; FX_MN_RPCZ_00_G.Par_G_RPCZ_00_Jump_dust ; fx_mn_rpcz_00_g.Par_G_RPCZ_00_Jump_LOC_INT ; fx_mn_rpcz_00_g.Par_G_RPCZ_00_WP_Bazooka_Despawn_01_LOC_INT,9,S_Mob_G_KouKu1.G_KouKu1_Attack01_Shot8 ; S_Mob_G_KouKu1.G_KouKu1_Attack01_ShotVox4 ; S_Mob_G_KouKu1.G_KouKu1_Attack01_Shot9 ; S_Mob_G_KouKu1.G_KouKu1_Attack01_ShotVox5 ; S_Mob_G_KouKu1.G_KouKu1_Attack01_Shot10 ; S_Mob_G_KouKu1.G_KouKu1_Attack01_Shot11 ; S_Mob_G_KouKu1.G_KouKu1_Attack01_Shot4 ; S_Mob_G_KouKu1.G_KouKu1_Attack01_Shot5 ; S_Mob_G_KouKu1.G_KouKu1_Attack01_Shot6,"{""Anim"": 6, ""PlayParticleEffect"": 19, ""MonsterMoveNextStage"": 4, ""LookTarget"": 3, ""AKEvent"": 15, ""Effect"": 4, ""MonsterMoveNextStageConditionProbability"": 1, ""ToggleCollision"": 2, ""TrailGhostEffect"": 1}",0,,,,,NORMAL,바주카포,EASY
MN_RPCZ_00,4219780,대형 쿠크_사망스킬,2,2,Idle_Battle_1,rpcz00_idle_battle_1,1,1,fx_mn_rpcz_00_g.Par_G_RPCZ_00_Smoke_Despawn_01_LOC_INT,3,S_Mob_G_KouKu1.G_KouKu1_Attack12_Shot1 ; S_Mob_G_KouKu1.G_KouKu1_Attack12_ShotVox1 ; S_Mob_G_KouKu1.G_KouKu1_Attack12_Shot2,"{""Anim"": 2, ""PlayParticleEffect"": 1, ""ToggleCollision"": 1, ""AKEvent"": 3, ""HidePawn"": 1, ""Effect"": 2, ""MaintainHidePawn"": 1}",0,,,,,SYSTEM,선회 테스트 / 버프 정리 / 사망스킬 / 대형 쿠크 카드미로 종료,
MN_RPCZ_00,42197100,쿠크_응집된 에너지 발산,3,3,Att_Battle_14_01 ; Att_Battle_14_02 ; Att_Battle_14_03,rpcz00_att_battle_14_01 ; rpcz00_att_battle_14_02 ; rpcz00_att_battle_14_03,6,6,fx_mn_rpcz_00_u.Par_U_RPCZ_EnergyBalloon_03_LOC_INT ; FX_Post.FX_Par.Par_C_ZoomBlur_01 ; fx_mn_rpcz_00_u.Par_U_RPCZ_EnergyBalloon_01_LOC_INT ; fx_mn_rpcz_00_u.Par_U_RPCZ_EnergyBalloon_02_LOC_INT ; fx_mn_rpcz_00_u.Par_U_RPCZ_Hand_Cast_01_LOC_INT ; fx_mn_rpcz_00_u.Par_U_RPCZ_Cohesion_Exp_02_LOC_INT,7,S_Mob_G_KouKu1.G_KouKu1_Attack14_Cast1 ; S_Mob_G_KouKu1.G_KouKu1_Attack14_CastVox1 ; S_Mob_G_KouKu1.G_KouKu1_Attack14_Shot1 ; S_Mob_G_KouKu1.G_KouKu1_Attack14_Shot2 ; S_Mob_G_KouKu1.G_KouKu1_Attack14_ShotVox1 ; S_Mob_G_KouKu1.G_KouKu1_Attack14_Cast2 ; S_Mob_G_KouKu1.G_KouKu1_Attack14_Shot3,"{""Anim"": 3, ""Effect"": 5, ""AKEvent"": 8, ""TrailGhostEffect"": 1, ""PawnMaterialParam"": 3, ""PlayParticleEffect"": 6, ""Paralyzation"": 2, ""ViewShake"": 1}",4,,,,,MECHANIC,130줄 반사(응집된 에너지) — 중앙이동 → 구체 생성/유지 → 실패 발산 | 성공 → 그로기,
MN_RPCZ_00,42197101,쿠크_응집된 에너지 발산_성공,1,1,Att_Battle_14_04,rpcz00_att_battle_14_04,3,3,fx_mn_rpcz_00_u.Par_U_RPCZ_EnergyBalloon_04_1_LOC_INT ; fx_mn_rpcz_00_u.Par_U_RPCZ_EnergyBalloon_04_LOC_INT ; fx_mn_rpcz_00_u.Par_U_RPCZ_Cohesion_Exp_01_LOC_INT,3,S_Mob_G_KouKu1.G_KouKu1_Attack14_Shot2 ; S_Mob_G_KouKu1.G_KouKu1_Attack14_ShotVox1 ; S_Mob_G_KouKu1.G_KouKu1_Attack14_Shot3,"{""Anim"": 1, ""PlayParticleEffect"": 3, ""AKEvent"": 3, ""PawnMaterialParam"": 1, ""ViewShake"": 1, ""Effect"": 2}",0,,,,,MECHANIC,130줄 반사(응집된 에너지) — 중앙이동 → 구체 생성/유지 → 실패 발산 | 성공 → 그로기,SUCCESS_OR_FAILURE
MN_RPCZ_00,42197102,쿠크_중앙이동,3,3,Idle_Battle_1,rpcz00_idle_battle_1,2,1,fx_mn_rpcz_00_g.Par_G_RPCZ_00_Smoke_Despawn_01_LOC_INT,3,S_Mob_G_KouKu1.G_KouKu1_Attack12_Shot1 ; S_Mob_G_KouKu1.G_KouKu1_Attack10_CastVox1 ; S_Mob_G_KouKu1.G_KouKu1_Attack12_Shot2,"{""Anim"": 3, ""PlayParticleEffect"": 2, ""AKEvent"": 3, ""HidePawn"": 2, ""Effect"": 1, ""MonsterMoveNextStage"": 2}",0,,,,,MECHANIC,130줄 반사(응집된 에너지) — 중앙이동 → 구체 생성/유지 → 실패 발산 | 성공 → 그로기,MOVEMENT_OR_CONTROL
MN_RPCT_05,0,STAND,23,16,Idle_Normal_1 ; Idle_Normal_1_1 ; Idle_Normal_1_2 ; Idle_Battle_1 ; Idle_Burrow_Loop_1 ; Idle_Status1_Loop_1 ; Idle_Status2_Loop_1 ; Idle_Status3_Loop_1 ; 0 ; Idle_FixedType_Loop_1 ; Idle_FlyingType_Loop_1 ; Idle_FixedType_Normal_1 ; Idle_FlyingType_Normal_1 ; Idle_Status1_Normal_1 ; Idle_Status2_Normal_1 ; Idle_Status3_Normal_1,rpct00_idle_normal_1 ; rpct00_idle_battle_1,0,0,,1,S_Mob_G_KoukuSatan1.G_KoukuSatan1_IdleN1,"{""Condition"": 7, ""Anim"": 16, ""AKEvent"": 1}",0,,,,,COMMON,공통 상태 — 세이튼(MN_RPCT_05),
MN_RPCT_05,1,MOVE,14,10,Walk_Normal_1 ; Run_Battle_1 ; Run_Burrow_1 ; Fast_Run_Battle_1 ; Walk_Status1_1 ; Walk_Status3_1 ; Walk_Status2_1 ; Run_Status1_1 ; Run_Status2_1 ; Run_Status3_1,rpct00_walk_normal_1 ; rpct00_run_battle_1,0,0,,3,S_Mob_G_KoukuSatan1.G_KoukuSatan1_Walk1 ; S_Mob_G_KoukuSatan1.G_KoukuSatan1_FootStep1 ; S_Mob_G_KoukuSatan1.G_KoukuSatan1_Run1,"{""Condition"": 4, ""Anim"": 10, ""AKEvent"": 6, ""Footstep"": 4}",0,,,,,COMMON,공통 상태 — 세이튼(MN_RPCT_05),
MN_RPCT_05,3,FALLING,1,1,Run_Battle_1,rpct00_run_battle_1,0,0,,0,,"{""Anim"": 1}",0,,,,,COMMON,공통 상태 — 세이튼(MN_RPCT_05),
MN_RPCT_05,4,LAND,1,1,Idle_Normal_1,rpct00_idle_normal_1,0,0,,0,,"{""Anim"": 1}",0,,,,,COMMON,공통 상태 — 세이튼(MN_RPCT_05),
MN_RPCT_05,12,BEHIT,24,21,KnockDown ; StandUp_1 ; Bound ; Bound_Land ; Dmg_Idle_1 ; TwistKnockDown ; KnockDown_Land ; TwistKnockDown_Land ; Abn_Bug_1 ; Abn_EarthQuake_1 ; Abn_Fear_1 ; Abn_Shock_1 ; Abn_Stun_1 ; Ground_1 ; Dmg_Critical_Start_1 ; Dmg_Critical_Loop_1 ; Dmg_Critical_End_1 ; Dmg_Idle_2 ; Dmg_Idle_3,rpct00_abn_shock_1 ; rpct00_dmg_critical_start_1 ; rpct00_dmg_critical_loop_1 ; rpct00_dmg_critical_end_1,0,0,,4,S_Mob_G_KoukuSatan1.G_KoukuSatan1_FreezeStart1 ; S_Systems.SYS_MONSTER_FREEZE1 ; S_Mob_G_KoukuSatan1.G_KoukuSatan1_FreezeLoop1 ; S_Mob_G_KoukuSatan1.G_KoukuSatan1_FreezeEnd1,"{""Condition"": 3, ""Anim"": 21, ""Down"": 5, ""SoundSetDownMid"": 3, ""ViewShake"": 1, ""AKEvent"": 4, ""SoundSetSpringBound"": 1}",0,,,,,COMMON,공통 상태 — 세이튼(MN_RPCT_05),
MN_RPCT_05,13,DIE,22,15,Anim ; Dead_3,,13,0,,3,S_Mob_G_KoukuSatan1.G_KoukuSatan1_Death1 ; S_Mob_G_KoukuSatan1.G_KoukuSatan1_DeathVox1 ; S_Mob_G_KoukuSatan1.G_KoukuSatan1_Death1_Impact1,"{""Condition"": 7, ""Anim"": 15, ""PawnMaterialChange"": 8, ""AKEvent"": 7, ""DefaultParticle"": 13, ""PawnMaterialParam"": 8}",0,,,,,COMMON,공통 상태 — 세이튼(MN_RPCT_05),
MN_RPCT_05,15,SPAWN,9,6,Respawn_1 ; Respawn_2 ; Respawn_1_1 ; Respawn_1_2 ; Respawn_1_3 ; Respawn_1_4,rpct00_respawn_1_1,1,0,,2,S_Mob_G_KoukuSatan1.G_KoukuSatan1_Spawn1 ; S_Mob_G_KoukuSatan1.G_KoukuSatan1_Down1,"{""Condition"": 2, ""DefaultParticle"": 1, ""PawnMaterialChange"": 1, ""PawnMaterialParam"": 1, ""SuperArmor"": 7, ""Anim"": 6, ""AKEvent"": 2}",0,,,,,MECHANIC,125줄 세이튼 등장 — 생성/순간이동/스폰 즉시 사라짐,
MN_RPCT_05,16,RESURRECT,1,0,,,0,0,,0,,{},0,,,,,COMMON,공통 상태 — 세이튼(MN_RPCT_05),
MN_RPCT_05,19,DESPAWN,3,0,,,1,0,,0,,"{""Condition"": 2, ""DefaultParticle"": 1, ""PawnMaterialChange"": 1, ""PawnMaterialParam"": 4}",0,,,,,COMMON,공통 상태 — 세이튼(MN_RPCT_05),
MN_RPCT_05,4219801,세이튼_불뿜기 쇼,6,6,Att_Battle_14_01 ; Att_Battle_14_02,rpct00_att_battle_14_01 ; rpct00_att_battle_14_02,23,7,fx_mn_rpct_05_l.Par_L_RPCT_05_Trail_01_LOC_INT ; FX_CM_00.Dust.Par_D_Dust_007_pr ; fx_cm_01.Distortion.Par_MP_ConcaveDis_Z_01 ; fx_mn_rpct_05_l.Par_L_RPCT_05_Sk_01_2_LOC_INT ; FX_MN_RPCT_05_L.Par_L_RPCT_05_Sk_01_1 ; fx_mn_rpct_05_l.Par_L_RPCT_05_Sk_01_LOC_INT ; FX_CM_02.Light.Par_MP_Light_01,6,S_Mob_G_KoukuSatan1.G_Satan1_Attack01_Cast1 ; S_Mob_G_KoukuSatan1.G_Satan1_Attack01_ShotVox1 ; S_Mob_G_KoukuSatan1.G_Satan1_Attack01_Shot1 ; S_Mob_G_KoukuSatan1.G_KoukuSatan1_Attack24_Cast1 ; S_Mob_G_KoukuSatan1.G_KoukuSatan1_Attack24_ShotVox1 ; S_Mob_G_KoukuSatan1.G_KoukuSatan1_Attack24_Shot1,"{""Anim"": 6, ""PlayParticleEffect"": 23, ""AKEvent"": 9, ""Effect"": 28, ""CounterAttack"": 1}",0,,,,,NORMAL,세이튼 무대 — 쇼/무기 계열,
MN_RPCT_05,4219802,세이튼_마술쇼_종이비둘기,5,5,Att_Battle_15_01 ; Att_Battle_15_02 ; Att_Battle_15_03 ; Att_Battle_5_01 ; Idle_Battle_1,rpct00_att_battle_15_01 ; rpct00_att_battle_15_02 ; rpct00_att_battle_15_03 ; rpct00_att_battle_5_01 ; rpct00_idle_battle_1,6,4,fx_mn_rpct_05_l.Par_L_RPCT_05_Sk_02_5_LOC_INT ; FX_MN_RPCT_05_L.Par_L_RPCT_05_Sk_02 ; fx_mn_rpct_05_l.Par_L_RPCT_05_Sk_02_1_LOC_INT ; FX_MN_RPCT_05_L.Par_L_RPCT_05_Sk_02_6,8,S_Mob_G_KoukuSatan1.G_Satan1_Attack02_Cast1 ; S_Mob_G_KoukuSatan1.G_Satan1_Attack02_ShotVox1 ; S_Mob_G_KoukuSatan1.G_Satan1_Attack02_Cast2 ; S_Mob_G_KoukuSatan1.G_Satan1_Attack02_Cast3 ; S_Mob_G_KoukuSatan1.G_Satan1_Attack02_Shot1 ; S_Mob_G_KoukuSatan1.G_Satan1_Attack02_ShotVox2 ; S_Mob_G_KoukuSatan1.G_Satan1_Attack02_Shot2 ; S_Mob_G_KoukuSatan1.G_Satan1_Attack02_Shot3,"{""Anim"": 5, ""AKEvent"": 8, ""PlayParticleEffect"": 6, ""HidePawn"": 4, ""MonsterMoveNextStage"": 3, ""Effect"": 20, ""LookTarget"": 1, ""MonsterMoveNextStageConditionProbability"": 1}",6,,,,,NORMAL,세이튼 무대 — 쇼/무기 계열,
MN_RPCT_05,4219803,세이튼_카드낙하,3,3,att_battle_16_01 ; Att_Battle_16_02 ; Att_Battle_16_03,rpct00_att_battle_16_01 ; rpct00_att_battle_16_02 ; rpct00_att_battle_16_03,10,5,fx_mn_rpct_05_g.Par_G_RPCT_05_Card_Aura_01_LOC_INT ; fx_mn_rpct_05_g.Par_G_RPCT_05_Dance_Hand_Trail_01_LOC_INT ; FX_MN_RPCT_05_G.Par_G_RPCT_05_Dance_Light_01 ; fx_mn_rpct_05_g.Par_G_RPCT_05_Card_Deco_01_LOC_INT ; fx_mn_rpct_05_g.Par_G_RPCT_05_Dance_Aura_02_LOC_INT,6,S_Mob_G_KoukuSatan1.G_Satan1_Attack03_Cast1 ; S_Mob_G_KoukuSatan1.G_Satan1_Attack03_ShotVox1 ; S_Mob_G_KoukuSatan1.G_Satan1_Attack03_Shot1 ; S_Mob_G_KoukuSatan1.G_Satan1_Attack03_Shot2 ; S_Mob_G_KoukuSatan1.G_Satan1_Attack03_Shot3 ; S_Mob_G_KoukuSatan1.G_Satan1_Attack03_Shot4,"{""Anim"": 3, ""AKEvent"": 6, ""PlayParticleEffect"": 10, ""Effect"": 6}",8,,,,,MECHANIC,카드 맞추기 — 세이튼(MN_RPCT_05) 카드 짝 맞추기/카드낙하/회전 카드 날리기 후보,
MN_RPCT_05,4219804,세이튼_아드레날린 무기A,10,10,Att_Battle_17_01 ; Att_battle_17_06 ; Att_Battle_17_07 ; Att_battle_17_04 ; Att_battle_17_05,rpct00_att_battle_17_01 ; rpct00_att_battle_17_06 ; rpct00_att_battle_17_07 ; rpct00_att_battle_17_04 ; rpct00_att_battle_17_05,34,12,fx_mn_rpct_05_l.Par_L_RPCT_05_Trail_03_LOC_INT ; FX_MN_RPCT_05_L.Par_L_RPCT_05_Sk_04_12 ; FX_MN_RPCT_05_L.Par_L_RPCT_05_Sk_04_13 ; FX_MN_RPCT_05_L.Par_L_RPCT_05_Eye_01 ; FX_MN_RPCT_05_L.Par_L_RPCT_05_Sk_01_1 ; fx_mn_rpct_05_l.Par_L_RPCT_05_Sk_04_5_LOC_INT ; FX_BS_01.Trail.Par_D_Trail_23_LOC_INT ; fx_mn_rpct_05_l.Par_L_RPCT_05_Sk_04_2_LOC_INT ; fx_mn_rpct_05_l.Par_L_RPCT_05_Sk_02_1_LOC_INT ; fx_mn_rpct_05_l.Par_L_RPCT_05_Trail_04_LOC_INT ; fx_mn_rpct_05_l.Par_L_RPCT_05_Sk_04_4_LOC_INT ; fx_mn_rpct_05_l.Par_L_RPCT_05_Sk_04_3_LOC_INT,12,S_Mob_G_KoukuSatan1.G_KoukuSatan1_Attack26_ShotVox1 ; S_Mob_G_KoukuSatan1.G_KoukuSatan1_Attack26_Cast1 ; S_Mob_G_KoukuSatan1.G_KoukuSatan1_Attack26_Cast2 ; S_Mob_G_KoukuSatan1.G_KoukuSatan1_Attack26_Cast3 ; S_Mob_G_KoukuSatan1.G_KoukuSatan1_Attack26_Shot1 ; S_Mob_G_KoukuSatan1.G_KoukuSatan1_Attack26_Cast4 ; S_Mob_G_KoukuSatan1.G_KoukuSatan1_Attack19_Shot2 ; S_Mob_G_KoukuSatan1.G_KoukuSatan1_Attack26_Shot2 ; S_Mob_G_KoukuSatan1.G_KoukuSatan1_Attack26_Cast5 ; S_Mob_G_KoukuSatan1.G_KoukuSatan1_Attack26_Shot3 ; S_Mob_G_KoukuSatan1.G_KoukuSatan1_Attack26_Shot4 ; S_Mob_G_KoukuSatan1.G_KoukuSatan1_Attack26_Shot5,"{""Anim"": 10, ""AKEvent"": 24, ""PlayParticleEffect"": 34, ""PawnMaterialParam"": 8, ""MonsterMoveNextStage"": 8, ""TrailGhostEffect"": 2, ""Effect"": 22, ""Trails"": 4, ""ViewShake"": 8, ""HidePawn"": 2, ""PlayDecalEffect"": 4}",14,,,,,NORMAL,세이튼 무대 — 쇼/무기 계열,
MN_RPCT_05,4219806,세이튼_서커스공 날리기,8,8,Att_Battle_18_01 ; Att_Battle_18_02 ; Att_Battle_18_03 ; Att_Battle_29_01,rpct00_att_battle_18_01 ; rpct00_att_battle_18_02 ; rpct00_att_battle_18_03 ; rpct00_att_battle_29_01,24,9,fx_mn_rpct_05_g.Par_G_RPCT_05_Dance_Hand_Trail_01_LOC_INT ; FX_MN_RPCT_05_G.Par_G_RPCT_05_Hat ; fx_mn_rpct_05_g.Par_G_RPCT_05_CircusBall_01_LOC_INT ; FX_MN_RPCT_05_G.Par_G_RPCT_05_CircusBall_01_01 ; FX_MN_RPCT_05_G.Par_G_RPCT_05_CircusBall_02 ; fx_mn_rpct_05_g.Par_G_RPCT_05_CircusBall_03_LOC_INT ; FX_MN_RPCZ_00_G.Par_G_RPCZ_00_Jump_dust ; fx_mn_rpct_07_v.Par_V_RPCT_HandSwing_Trail_01_LOC_INT ; fx_mn_rpct_07_v.Par_V_RPCT_DashAtk_Dash_01_LOC_INT,5,S_Mob_G_KoukuSatan1.G_Satan1_Attack05_CastVox1 ; S_Mob_G_KoukuSatan1.G_Satan1_Attack05_Cast1 ; S_Mob_G_KoukuSatan1.G_Satan1_Attack05_Shot1 ; S_Mob_G_KoukuSatan1.G_Satan1_Attack05_Shot2 ; S_Mob_G_KoukuSatan1.G_Satan1_Attack05_ShotVox1,"{""Anim"": 8, ""AKEvent"": 10, ""PlayParticleEffect"": 24, ""HidePawn"": 6, ""MonsterMoveNextStage"": 6, ""Effect"": 15, ""TrailGhostEffect"": 4, ""PawnMaterialParam"": 2}",10,,,,,NORMAL,세이튼 무대 — 쇼/무기 계열,
MN_RPCT_05,4219807,세이튼_레이져 쇼_A,30,30,Idle_Battle_1 ; Att_Battle_19_01_Start ; Att_Battle_19_01_Loop ; Att_Battle_5_01 ; Att_Battle_19_01_End,rpct00_idle_battle_1 ; rpct00_att_battle_19_01_start ; rpct00_att_battle_19_01_loop ; rpct00_att_battle_5_01 ; rpct00_att_battle_19_01_end,77,6,fx_mn_rpct_05_l.Par_L_RPCT_05_Trail_02_LOC_INT ; FX_MN_RPCT_05_L.Par_L_RPCT_05_Sk_06_5 ; FX_MN_RPCT_05_L.Par_L_RPCT_05_Eye_01 ; FX_MN_RPCT_05_L.Par_L_RPCT_05_Sk_06_8 ; FX_MN_RPCT_05_L.Par_L_RPCT_05_Sk_06_7 ; FX_MN_RPCT_05_L.Par_L_RPCT_05_Sk_06_4,3,S_Mob_G_KoukuSatan1.G_Satan1_Attack06_ShotVox1 ; S_Mob_G_KoukuSatan1.G_Satan1_Attack06_Cast1 ; S_Mob_G_KoukuSatan1.G_Satan1_Attack06_Shot1,"{""Anim"": 30, ""MonsterMoveNextStageConditionProbability"": 3, ""AKEvent"": 17, ""PlayParticleEffect"": 77, ""PawnMaterialParam"": 14, ""MonsterMoveNextStage"": 22, ""Effect"": 14, ""ViewShake"": 7}",81,,,,,MECHANIC,레이저(레이더) — 세이튼 레이져 쇼 A~D(30 stage) / 눈 레이저 / 대형 세이튼 광선,
MN_RPCT_05,4219808,세이튼_진짜를 찾아봐_시작,6,6,Att_Battle_5_01 ; Att_Battle_20_01,rpct00_att_battle_5_01 ; rpct00_att_battle_20_01,4,1,fx_mn_rpct_05_l.Par_L_RPCT_05_Sk_02_1_LOC_INT,4,S_Mob_G_KoukuSatan1.G_Satan1_Attack07_CastVox1 ; S_Mob_G_KoukuSatan1.G_Satan1_Attack07_Cast4 ; S_Mob_G_KoukuSatan1.G_Satan1_Attack07_ShotVox1 ; S_Mob_G_KoukuSatan1.G_Satan1_Attack07_Shot1,"{""Anim"": 6, ""AKEvent"": 12, ""MonsterMoveNextStageConditionProbability"": 2, ""HidePawn"": 4, ""PlayParticleEffect"": 4, ""Effect"": 15}",0,,,,,MECHANIC,110줄 진짜 쿠크세이튼 찾기(하트핑) — 소환 세이튼(MN_RPCT_05) 진짜/가짜 세트,
MN_RPCT_05,4219809,세이튼_카드무늬 홀로그램,3,3,Att_Battle_21_01 ; Att_Battle_21_02 ; Att_Battle_21_03,rpct00_att_battle_21_01 ; rpct00_att_battle_21_02 ; rpct00_att_battle_21_03,7,5,fx_mn_rpct_05_l.Par_L_RPCT_05_Trail_02_LOC_INT ; FX_MN_RPCT_05_L.Par_L_RPCT_05_Eye_01 ; fx_mn_rpct_05_l.Par_L_RPCT_05_Sk_08_1_LOC_INT ; fx_mn_rpct_05_l.Par_L_RPCT_05_Sk_08_LOC_INT ; fx_mn_rpct_05_l.Par_L_RPCT_05_Sk_08_2_LOC_INT,5,S_Mob_G_KoukuSatan1.G_Satan1_Attack08_CastVox1 ; S_Mob_G_KoukuSatan1.G_Satan1_Attack08_Cast1 ; S_Mob_G_KoukuSatan1.G_Satan1_Attack08_Cast2 ; S_Mob_G_KoukuSatan1.G_Satan1_Attack08_Shot1 ; S_Mob_G_KoukuSatan1.G_Satan1_Attack08_Cast3,"{""Anim"": 3, ""AKEvent"": 8, ""PlayParticleEffect"": 7, ""Effect"": 4}",9,,,,,MECHANIC,110줄 파1·빨2 — 카드무늬 홀로그램 + 주사위 8종(검은/붉은 × 스페이드/클로버/하트/다이아),
MN_RPCT_05,4219805,세이튼_아드레날린 무기B,10,10,Att_Battle_17_01 ; Att_battle_17_06 ; Att_Battle_17_07 ; Att_battle_17_04 ; Att_battle_17_05,rpct00_att_battle_17_01 ; rpct00_att_battle_17_06 ; rpct00_att_battle_17_07 ; rpct00_att_battle_17_04 ; rpct00_att_battle_17_05,34,12,fx_mn_rpct_05_l.Par_L_RPCT_05_Trail_03_LOC_INT ; fx_mn_rpct_05_l.Par_L_RPCT_05_Sk_04_LOC_INT ; fx_mn_rpct_05_l.Par_L_RPCT_05_Sk_04_1_LOC_INT ; fx_mn_rpct_05_l.Par_L_RPCT_05_Eye_02_LOC_INT ; FX_MN_RPCT_05_L.Par_L_RPCT_05_Sk_01_1 ; fx_mn_rpct_05_l.Par_L_RPCT_05_Sk_04_5_LOC_INT ; FX_BS_01.Trail.Par_D_Trail_23_LOC_INT ; fx_mn_rpct_05_l.Par_L_RPCT_05_Sk_04_2_LOC_INT ; fx_mn_rpct_05_l.Par_L_RPCT_05_Sk_02_1_LOC_INT ; fx_mn_rpct_05_l.Par_L_RPCT_05_Trail_04_LOC_INT ; fx_mn_rpct_05_l.Par_L_RPCT_05_Sk_04_4_LOC_INT ; fx_mn_rpct_05_l.Par_L_RPCT_05_Sk_04_3_LOC_INT,12,S_Mob_G_KoukuSatan1.G_KoukuSatan1_Attack26_ShotVox1 ; S_Mob_G_KoukuSatan1.G_KoukuSatan1_Attack26_Cast1 ; S_Mob_G_KoukuSatan1.G_KoukuSatan1_Attack26_Cast2 ; S_Mob_G_KoukuSatan1.G_KoukuSatan1_Attack26_Cast3 ; S_Mob_G_KoukuSatan1.G_KoukuSatan1_Attack26_Shot1 ; S_Mob_G_KoukuSatan1.G_KoukuSatan1_Attack26_Cast4 ; S_Mob_G_KoukuSatan1.G_KoukuSatan1_Attack19_Shot2 ; S_Mob_G_KoukuSatan1.G_KoukuSatan1_Attack26_Shot2 ; S_Mob_G_KoukuSatan1.G_KoukuSatan1_Attack26_Cast5 ; S_Mob_G_KoukuSatan1.G_KoukuSatan1_Attack26_Shot3 ; S_Mob_G_KoukuSatan1.G_KoukuSatan1_Attack26_Shot4 ; S_Mob_G_KoukuSatan1.G_KoukuSatan1_Attack26_Shot5,"{""Anim"": 10, ""AKEvent"": 24, ""PlayParticleEffect"": 34, ""PawnMaterialParam"": 8, ""MonsterMoveNextStage"": 8, ""TrailGhostEffect"": 2, ""Effect"": 22, ""Trails"": 4, ""ViewShake"": 8, ""HidePawn"": 2, ""PlayDecalEffect"": 4}",14,,,,,NORMAL,세이튼 무대 — 쇼/무기 계열,
MN_RPCT_05,4219810,세이튼_주사위 검은색 스패이드,76,73,Att_Battle_11_02 ; Att_Battle_29_01 ; Att_Battle_21_01 ; Att_Battle_21_02 ; Att_Battle_21_03 ; Att_Phase1_1_01 ; Att_Phase1_1_06,rpct00_att_battle_11_02 ; rpct00_att_battle_29_01 ; rpct00_att_battle_21_01 ; rpct00_att_battle_21_02 ; rpct00_att_battle_21_03 ; rpct00_att_phase1_1_01 ; rpct00_att_phase1_1_06,236,19,fx_mn_rpct_05_l.Par_L_RPCT_05_Trail_03_LOC_INT ; fx_mn_rpct_05_l.Par_L_RPCT_05_Sk_04_1_LOC_INT ; fx_mn_rpct_05_l.Par_L_RPCT_05_Sk_09_1_LOC_INT ; FX_MN_RPCT_05_L.Par_L_RPCT_05_Sk_09_9 ; fx_mn_rpct_05_l.Par_L_RPCT_05_Sk_09_3_LOC_INT ; fx_mn_rpct_05_l.Par_L_RPCT_05_Sk_09_5_LOC_INT ; fx_mn_rpct_05_l.Par_L_RPCT_05_Sk_09_6_LOC_INT ; fx_mn_rpct_05_l.Par_L_RPCT_05_Sk_09_10_LOC_INT ; fx_mn_rpct_05_l.Par_L_RPCT_05_Sk_09_7_LOC_INT ; fx_mn_rpct_07_v.Par_V_RPCT_HandSwing_Trail_01_LOC_INT ; fx_mn_rpct_07_v.Par_V_RPCT_DashAtk_Dash_01_LOC_INT ; fx_mn_rpct_05_l.Par_L_RPCT_05_Trail_02_LOC_INT ; FX_MN_RPCT_05_L.Par_L_RPCT_05_Eye_01 ; fx_mn_rpct_05_l.Par_L_RPCT_05_Sk_08_1_LOC_INT ; fx_mn_rpct_05_l.Par_L_RPCT_05_Sk_08_LOC_INT ; fx_mn_rpct_05_l.Par_L_RPCT_05_Sk_08_2_LOC_INT ; fx_mn_rpct_05_g.Par_G_RPCT_05_Smoke_01_LOC_INT ; fx_mn_rpct_05_g.Par_G_RPCT_05_Smoke_02_LOC_INT ; fx_mn_rpct_05_g.Par_G_RPCT_Dust_01_LOC_INT,15,S_Mob_G_KoukuSatan1.G_Satan1_Attack09_CastVox1 ; S_Mob_G_KoukuSatan1.G_Satan1_Attack09_Cast1 ; S_Mob_G_KoukuSatan1.G_Satan1_Attack09_Shot1 ; S_Mob_G_KoukuSatan1.G_Satan1_Attack09_Shot2 ; S_Mob_G_KoukuSatan1.G_Satan1_Attack09_Shot3 ; S_Mob_G_KoukuSatan1.G_Satan1_Attack09_ShotVox1 ; S_Mob_G_KoukuSatan1.G_Satan1_Attack08_CastVox1 ; S_Mob_G_KoukuSatan1.G_Satan1_Attack08_Cast1 ; S_Mob_G_KoukuSatan1.G_Satan1_Attack08_Cast2 ; S_Mob_G_KoukuSatan1.G_Satan1_Attack08_Shot1 ; S_Mob_G_KoukuSatan1.G_Satan1_Attack08_Cast3 ; S_Mob_G_KoukuSatan1.G_KoukuSatan1_Attack22_Cast1 ; S_Mob_G_KoukuSatan1.G_Satan1_Attack17_CastVox1 ; S_Mob_G_KoukuSatan1.G_KoukuSatan1_Attack22_Shot1 ; S_Mob_G_KoukuSatan1.G_Satan1_Attack17_ShotVox1,"{""Anim"": 73, ""PlayParticleEffect"": 236, ""AKEvent"": 110, ""HidePawn"": 7, ""ViewShake"": 6, ""Effect"": 155, ""MonsterMoveNextStage"": 26, ""TrailGhostEffect"": 8, ""PawnMaterialParam"": 8, ""LookTarget"": 6, ""MonsterMoveNextStageConditionSkillEffectHit"": 40, ""MonsterMoveNextStageConditionProbability"": 3, ""Rotate"": 1}",200,,,,,MECHANIC,110줄 파1·빨2 — 카드무늬 홀로그램 + 주사위 8종(검은/붉은 × 스페이드/클로버/하트/다이아),
MN_RPCT_05,4219811,세이튼_서커스 룰렛 시작,1,1,Att_Battle_12_06,rpct00_att_battle_12_06,1,1,fx_mn_rpct_05_g.Par_G_RPCT_05_Dance_Aura_01_LOC_INT,3,S_Mob_G_KoukuSatan1.G_Satan1_Attack10_ShotVox1 ; S_Mob_G_KoukuSatan1.G_Satan1_Attack10_Cast1 ; S_Mob_G_KoukuSatan1.G_Satan1_Attack10_Shot1,"{""Anim"": 1, ""AKEvent"": 3, ""PlayParticleEffect"": 1, ""EmitTriggerSignal"": 1, ""Effect"": 2}",0,KAKULSAYDON_G1_PATTERN_7,세이튼_룰렛,GATE1,PRODUCT,MECHANIC,50줄 룰렛 — 세이튼(MN_RPCT_05) 서커스 룰렛 시작/대기/춤A/춤B + 결과 분기,
MN_RPCT_05,4219815,세이튼_랜덤박스 요청,2,2,Att_Battle_8_01 ; Att_Battle_8_02,rpct00_att_battle_8_01 ; rpct00_att_battle_8_02,7,5,fx_mn_rpct_05_g.Par_G_RPCT_05_Dance_Aura_02_LOC_INT ; fx_mn_rpct_05_g.Par_G_RPCT_05_Dance_Hand_Trail_01_LOC_INT ; FX_MN_RPCT_05_G.Par_G_RPCT_05_Dance_FingerPoint_01 ; fx_mn_rpct_05_g.Par_G_RPCT_05_RandomBox_LOC_INT ; fx_mn_rpct_05_g.Par_G_RPCT_05_RandomBox_02_LOC_INT,4,S_Mob_G_KoukuSatan1.G_Satan1_Attack13_ShotVox1 ; S_Mob_G_KoukuSatan1.G_Satan1_Attack13_Cast1 ; S_Mob_G_KoukuSatan1.G_Satan1_Attack13_Cast2 ; S_Mob_G_KoukuSatan1.G_Satan1_Attack13_Cast3,"{""Anim"": 2, ""PlayParticleEffect"": 7, ""AKEvent"": 4, ""Effect"": 4}",0,,,,,NORMAL,세이튼 무대 — 쇼/무기 계열,SUMMON_OR_REQUEST
MN_RPCT_05,4219816,세이튼_무력화 시작,38,38,Idle_Battle_1 ; Att_Battle_6_04 ; Att_Battle_6_02 ; Att_Battle_6_03 ; Att_Battle_34_02 ; Att_Battle_34_01 ; Att_Battle_34_04 ; Att_Battle_34_03,rpct00_idle_battle_1 ; rpct00_att_battle_6_04 ; rpct00_att_battle_6_02 ; rpct00_att_battle_6_03 ; rpct00_att_battle_34_02 ; rpct00_att_battle_34_01 ; rpct00_att_battle_34_04 ; rpct00_att_battle_34_03,101,13,fx_mn_rpct_05_l.Par_L_RPCT_05_Sk_12_LOC_INT ; fx_mn_rpct_05_l.Par_L_RPCT_05_Sk_12_1_LOC_INT ; fx_mn_rpct_05_l.Par_L_RPCT_05_Sk_01_2_LOC_INT ; fx_mn_rpct_05_l.Par_L_RPCT_05_Sk_12_2_LOC_INT ; fx_mn_rpct_05_l.Par_L_RPCT_05_Sk_12_6_LOC_INT ; fx_mn_rpct_05_l.Par_L_RPCT_05_Sk_12_7_LOC_INT ; fx_mn_rpct_05_l.Par_L_RPCT_05_Sk_12_8_LOC_INT ; fx_mn_rpct_05_l.Par_L_RPCT_05_Sk_12_9_LOC_INT ; fx_mn_rpct_05_l.Par_L_RPCT_05_Sk_12_4_LOC_INT ; fx_mn_rpct_05_l.Par_L_RPCT_05_Sk_12_3_LOC_INT ; fx_mn_rpct_05_l.Par_L_RPCT_05_Sk_12_5_LOC_INT ; fx_mn_rpct_07_v.Par_V_RPCT_HandSwing_Trail_03_LOC_INT ; FX_MN_RPCT_05_L.Par_L_RPCT_05_Sk_02,10,S_Mob_G_KoukuSatan1.G_KoukuSatan1_Attack28_ShotVox1 ; S_Mob_G_KoukuSatan1.G_Satan1_Attack20_Cast1 ; S_Mob_G_KoukuSatan1.G_Satan1_Attack20_Shot1 ; S_Mob_G_KoukuSatan1.G_Satan1_Attack20_Shot2 ; S_Mob_G_KoukuSatan1.G_Satan1_Attack20_Shot3 ; S_Mob_G_KoukuSatan1.G_Satan1_Attack20_Shot4 ; S_Mob_G_KoukuSatan1.G_KoukuSatan1_Attack14_Shot1 ; S_Mob_G_KoukuSatan1.G_KoukuSatan1_Attack14_ShotVox4 ; S_Mob_G_KoukuSatan1.G_KoukuSatan1_Attack25_Cast3 ; S_Mob_G_KoukuSatan1.G_KoukuSatan1_Attack14_ShotVox1,"{""Anim"": 38, ""MonsterMoveNextStageConditionProbability"": 9, ""AKEvent"": 60, ""PlayParticleEffect"": 101, ""Effect"": 36, ""Paralyzation"": 18, ""MonsterMoveNextStage"": 26, ""PawnMaterialParam"": 13, ""ViewShake"": 3, ""ToggleNpcDirectionGuideFx"": 1, ""TrailGhostEffect"": 4}",90,,,,,MECHANIC,무력화(세이튼) 시작/성공/실패,
MN_RPCT_05,4219817,세이튼_무력화 성공,3,3,Dmg_Critical_Start_1 ; Dmg_Critical_Loop_1 ; Dmg_Critical_End_1,rpct00_dmg_critical_start_1 ; rpct00_dmg_critical_loop_1 ; rpct00_dmg_critical_end_1,2,2,FX_CM_02.Light.Par_MP_Light_01 ; FX_BS_00.Hit.Par_K_RaidGroggy_Hit_01_LOC_INT,4,S_Mob_G_KoukuSatan1.G_KoukuSatan1_FreezeStart1 ; S_Systems.SYS_MONSTER_FREEZE1 ; S_Mob_G_KoukuSatan1.G_KoukuSatan1_FreezeLoop1 ; S_Mob_G_KoukuSatan1.G_KoukuSatan1_FreezeEnd1,"{""Anim"": 3, ""DominantDirectionalLight_Control"": 1, ""PawnMaterialParam"": 1, ""PlayParticleEffect"": 2, ""ViewShake"": 1, ""Effect"": 4, ""AKEvent"": 4}",0,,,,,MECHANIC,무력화(세이튼) 시작/성공/실패,SUCCESS_OR_FAILURE
MN_RPCT_05,4219818,세이튼_무력화 실패,1,1,Att_Battle_6_03,rpct00_att_battle_6_03,1,1,fx_mn_rpct_05_l.Par_L_RPCT_05_Sk_12_5_LOC_INT,1,S_Mob_G_KoukuSatan1.G_Satan1_Attack20_Shot4,"{""Anim"": 1, ""Effect"": 1, ""PlayParticleEffect"": 1, ""ViewShake"": 1, ""AKEvent"": 1}",0,,,,,MECHANIC,무력화(세이튼) 시작/성공/실패,SUCCESS_OR_FAILURE
MN_RPCT_05,4219819,세이튼_회전하며 카드 날리기,6,6,Att_battle_4_04 ; Att_Battle_4_02 ; Att_Battle_4_03,rpct00_att_battle_4_04 ; rpct00_att_battle_4_02 ; rpct00_att_battle_4_03,8,4,fx_mn_rpct_05_l.Par_L_RPCT_05_Trail_02_LOC_INT ; fx_mn_rpct_05_l.Par_L_RPCT_05_Sk_13_LOC_INT ; fx_mn_rpct_05_l.Par_L_RPCT_05_Sk_13_2_LOC_INT ; FX_CM_00.Dust.Par_D_Dust_001_pr,3,S_Mob_G_KoukuSatan1.G_Satan1_Attack14_ShotVox1 ; S_Mob_G_KoukuSatan1.G_Satan1_Attack14_Cast1 ; S_Mob_G_KoukuSatan1.G_Satan1_Attack14_Shot1,"{""Anim"": 6, ""AKEvent"": 6, ""PlayParticleEffect"": 8, ""PawnMaterialParam"": 2, ""MonsterMoveNextStage"": 4, ""Effect"": 26, ""NPCSkillMove"": 2}",24,,,,,MECHANIC,카드 맞추기 — 세이튼(MN_RPCT_05) 카드 짝 맞추기/카드낙하/회전 카드 날리기 후보,
MN_RPCT_05,4219820,세이튼_화염 파동,5,5,Idle_Battle_1 ; Att_Battle_10_02,rpct00_idle_battle_1 ; rpct00_att_battle_10_02,12,4,fx_mn_rpct_05_g.Par_G_RPCT_05_Wand_Spin_01_LOC_INT ; fx_mn_rpct_05_g.Par_G_RPCT_05_Wand_Decal_LOC_INT ; FX_CM_02.Light.Par_M_Light_001 ; fx_mn_rpct_05_g.Par_G_RPCT_05_FireWave_01_LOC_INT,3,S_Mob_G_KoukuSatan1.G_Satan1_Attack15_ShotVox1 ; S_Mob_G_KoukuSatan1.G_Satan1_Attack15_Cast1 ; S_Mob_G_KoukuSatan1.G_Satan1_Attack15_Shot1,"{""Anim"": 5, ""MonsterMoveNextStageConditionProbability"": 1, ""Effect"": 5, ""AKEvent"": 6, ""PlayParticleEffect"": 12, ""PawnMaterialParam"": 2, ""MonsterMoveNextStage"": 2}",0,,,,,NORMAL,세이튼 무대 — 이동/근접 계열,
MN_RPCT_05,4219821,세이튼_내려치기A,2,2,Att_Battle_34_01 ; Att_Battle_17_02,rpct00_att_battle_34_01 ; rpct00_att_battle_17_02,5,5,fx_mn_rpct_07_v.Par_V_RPCT_HandSwing_Trail_03_LOC_INT ; fx_mn_rpct_05_l.Par_L_RPCT_05_Trail_03_LOC_INT ; fx_mn_rpct_05_l.Par_L_RPCT_05_Sk_04_6_LOC_INT ; fx_mn_rpct_05_l.Par_L_RPCT_05_Sk_04_8_LOC_INT ; fx_mn_rpct_05_l.Par_L_RPCT_05_Sk_04_7_LOC_INT,3,S_Mob_G_KoukuSatan1.G_KoukuSatan1_Attack14_Shot1 ; S_Mob_G_KoukuSatan1.G_KoukuSatan1_Attack14_ShotVox1 ; S_Mob_G_KoukuSatan1.G_Satan1_Attack04_Shot1,"{""Anim"": 2, ""PlayParticleEffect"": 5, ""PawnMaterialParam"": 2, ""TrailGhostEffect"": 1, ""AKEvent"": 4, ""MonsterMoveNextStage"": 1, ""Effect"": 2}",0,,,,,NORMAL,세이튼 무대 — 이동/근접 계열,
MN_RPCT_05,4219822,세이튼_내려치기B,1,1,Att_Battle_1_02,rpct00_att_battle_1_02,8,7,fx_mn_rpct_05_g.Par_G_RPCT_05_Wand_01_LOC_INT ; FX_BS_01.Trail.Par_D_Trail_23_LOC_INT ; FX_CM_00.Dust.Par_D_Dust_007_pr ; fx_cm_01.Distortion.Par_MP_ConcaveDis_Z_01 ; fx_cm_01.Decal.Par_D_Decal_02 ; fx_mn_rpct_05_g.Par_G_RPCT_05_Hit_LOC_INT ; fx_cm_03.Swing.Par_MP_Swing_03,4,S_Mob_G_KoukuSatan1.G_Satan1_Attack16_Cast1 ; S_Mob_G_KoukuSatan1.G_Satan1_Attack16_ShotVox2 ; S_Mob_G_KoukuSatan1.G_Satan1_Attack16_Shot1 ; S_Mob_G_KoukuSatan1.G_Satan1_Attack16_Shot2,"{""Anim"": 1, ""PlayParticleEffect"": 8, ""AKEvent"": 4, ""Trails"": 2, ""Effect"": 2}",0,,,,,NORMAL,세이튼 무대 — 이동/근접 계열,
MN_RPCT_05,4219823,세이튼_순간이동 사라지기,1,1,Att_Phase1_1_01,rpct00_att_phase1_1_01,1,1,fx_mn_rpct_05_g.Par_G_RPCT_05_Smoke_01_LOC_INT,3,S_Mob_G_KoukuSatan1.G_KoukuSatan1_Attack22_Cast1 ; S_Mob_G_KoukuSatan1.G_Satan1_Attack17_CastVox1 ; S_Mob_G_KoukuSatan1.G_KoukuSatan1_Attack22_Shot1,"{""Anim"": 1, ""AKEvent"": 3, ""PlayParticleEffect"": 1, ""Effect"": 2, ""HidePawn"": 1}",0,KAKULSAYDON_G1_PATTERN_2,세이튼_진짜세이튼찾기,GATE1,PRODUCT,MECHANIC,125줄 세이튼 등장 — 생성/순간이동/스폰 즉시 사라짐,MOVEMENT_OR_CONTROL
MN_RPCT_05,4219824,세이튼_순간이동 나타나기,1,1,Att_Phase1_1_06,rpct00_att_phase1_1_06,2,2,fx_mn_rpct_05_g.Par_G_RPCT_05_Smoke_02_LOC_INT ; fx_mn_rpct_05_g.Par_G_RPCT_Dust_01_LOC_INT,2,S_Mob_G_KoukuSatan1.G_Satan1_Attack17_ShotVox1 ; S_Mob_G_KoukuSatan1.G_KoukuSatan1_Attack22_Shot2,"{""Anim"": 1, ""PlayParticleEffect"": 2, ""AKEvent"": 2, ""Effect"": 2}",0,KAKULSAYDON_G1_PATTERN_2,세이튼_진짜세이튼찾기,GATE1,PRODUCT,MECHANIC,125줄 세이튼 등장 — 생성/순간이동/스폰 즉시 사라짐,MOVEMENT_OR_CONTROL
MN_RPCT_05,4219825,세이튼_화염분출,12,12,Att_battle_9_04 ; Att_Battle_9_01 ; Att_Battle_9_02 ; Att_Battle_9_03 ; Att_Battle_34_04 ; Att_Battle_34_03,rpct00_att_battle_9_04 ; rpct00_att_battle_9_01 ; rpct00_att_battle_9_02 ; rpct00_att_battle_9_03 ; rpct00_att_battle_34_04 ; rpct00_att_battle_34_03,26,9,fx_mn_rpct_05_g.Par_G_RPCT_05_Drug_01_LOC_INT ; FX_MN_RPCT_05_G.Par_G_RPCT_05_Mouse_02 ; fx_mn_rpct_05_g.Par_G_RPCT_05_Mouse_01_LOC_INT ; fx_mn_rpct_05_g.Par_G_RPCT_05_Wand_02_LOC_INT ; fx_mn_rpct_05_g.Par_G_RPCT_05_aura_01_LOC_INT ; fx_mn_rpct_05_g.Par_G_RPCT_05_Fire_01_LOC_INT ; fx_mn_rpct_05_g.Par_G_RPCT_05_Fire_02_LOC_INT ; FX_CM_02.Light.Par_MP_Light_01 ; fx_mn_rpct_07_v.Par_V_RPCT_HandSwing_Trail_03_LOC_INT,6,S_Mob_G_KoukuSatan1.G_Satan1_Attack18_Cast1 ; S_Mob_G_KoukuSatan1.G_Satan1_Attack18_ShotVox1 ; S_Mob_G_KoukuSatan1.G_Satan1_Attack18_Cast2 ; S_Mob_G_KoukuSatan1.G_Satan1_Attack18_Cast3 ; S_Mob_G_KoukuSatan1.G_Satan1_Attack18_Shot1 ; S_Mob_G_KoukuSatan1.G_KoukuSatan1_Attack14_Shot1,"{""Anim"": 12, ""AKEvent"": 14, ""PlayParticleEffect"": 26, ""MonsterMoveNextStageConditionProbability"": 2, ""Effect"": 24, ""LookTarget"": 2, ""MonsterMoveNextStage"": 8, ""PawnMaterialParam"": 6, ""TrailGhostEffect"": 4}",12,,,,,NORMAL,세이튼 무대 — 이동/근접 계열,
MN_RPCT_05,4219826,세이튼_선회(좌),2,2,Turn_L_1,rpct00_turn_l_1,0,0,,0,,"{""Anim"": 2, ""Rotate"": 2}",0,,,,,NORMAL,세이튼 무대 — 이동/근접 계열,MOVEMENT_OR_CONTROL
MN_RPCT_05,4219827,세이튼_선회(우),2,2,Turn_R_1,rpct00_turn_r_1,0,0,,0,,"{""Anim"": 2, ""Rotate"": 2}",0,,,,,NORMAL,세이튼 무대 — 이동/근접 계열,MOVEMENT_OR_CONTROL
MN_RPCT_05,4219812,세이튼_서커스 룰렛 대기,24,24,Att_Battle_12_07 ; Att_Battle_12_04 ; Idle_Battle_1,rpct00_att_battle_12_07 ; rpct00_att_battle_12_04 ; rpct00_idle_battle_1,12,1,fx_mn_rpct_05_g.Par_G_RPCT_05_Dance_Aura_02_LOC_INT,5,S_Mob_G_KoukuSatan1.G_Satan1_Attack11_ShotVox1 ; S_Mob_G_KoukuSatan1.G_Satan1_Attack11_Cast1 ; S_Mob_G_KoukuSatan1.G_KoukuSatan1_Attack05_Shot2 ; S_Mob_G_KoukuSatan1.G_Satan1_Attack11_Shot1 ; S_Mob_G_KoukuSatan1.G_Satan1_Attack10_Shot1,"{""Anim"": 24, ""Effect"": 82, ""AKEvent"": 20, ""MonsterMoveNextStage"": 2, ""PlayParticleEffect"": 12, ""MonsterMoveNextStageConditionProbability"": 10}",60,,,,,MECHANIC,50줄 룰렛 — 세이튼(MN_RPCT_05) 서커스 룰렛 시작/대기/춤A/춤B + 결과 분기,
MN_RPCT_05,4219813,세이튼_서커스 룰렛 춤A,5,5,Att_Battle_12_05 ; Att_Battle_13_01 ; Att_battle_13_02 ; Idle_Battle_1 ; Att_Battle_5_01,rpct00_att_battle_12_05 ; rpct00_att_battle_13_01 ; rpct00_att_battle_13_02 ; rpct00_idle_battle_1 ; rpct00_att_battle_5_01,11,5,FX_MN_RPCT_05_G.Par_G_RPCT_05_Dance_Light_01 ; fx_mn_rpct_05_g.Par_G_RPCT_05_Dance_Hand_Trail_01_LOC_INT ; fx_mn_rpct_05_g.Par_G_RPCT_05_Dance_Aura_01_LOC_INT ; fx_mn_rpct_05_g.Par_G_RPCT_05_Dance_Aura_02_LOC_INT ; FX_MN_RPCT_05_G.Par_G_RPCT_05_Dance_FingerPoint_01,6,S_Mob_G_KoukuSatan1.G_Satan1_Attack12_ShotVox1 ; S_Mob_G_KoukuSatan1.G_Satan1_Attack03_Shot2 ; S_Mob_G_KoukuSatan1.G_Satan1_Attack12_Shot1 ; S_Mob_G_KoukuSatan1.G_Satan1_Attack03_Shot3 ; S_Mob_G_KoukuSatan1.G_KoukuSatan1_Attack05_Shot3 ; S_Mob_G_KoukuSatan1.G_Satan1_Attack07_ShotVox6,"{""Anim"": 5, ""MonsterMoveNextStage"": 4, ""PlayParticleEffect"": 11, ""AKEvent"": 6, ""Effect"": 1}",0,KAKULSAYDON_G1_PATTERN_7,세이튼_룰렛,GATE1,PRODUCT,MECHANIC,50줄 룰렛 — 세이튼(MN_RPCT_05) 서커스 룰렛 시작/대기/춤A/춤B + 결과 분기,
MN_RPCT_05,4219814,세이튼_서커스 룰렛 춤B,24,24,Idle_Battle_1 ; Att_Battle_13_04 ; Att_battle_13_02 ; Att_Battle_29_01 ; Att_Battle_5_01,rpct00_idle_battle_1 ; rpct00_att_battle_13_04 ; rpct00_att_battle_13_02 ; rpct00_att_battle_29_01 ; rpct00_att_battle_5_01,84,7,FX_MN_RPCT_05_G.Par_G_RPCT_05_Dance_Light_01 ; fx_mn_rpct_05_g.Par_G_RPCT_05_Dance_Hand_Trail_01_LOC_INT ; fx_mn_rpct_05_g.Par_G_RPCT_05_Dance_Aura_01_LOC_INT ; fx_mn_rpct_05_g.Par_G_RPCT_05_Dance_Aura_02_LOC_INT ; FX_MN_RPCT_05_G.Par_G_RPCT_05_Dance_FingerPoint_01 ; fx_mn_rpct_07_v.Par_V_RPCT_HandSwing_Trail_01_LOC_INT ; fx_mn_rpct_07_v.Par_V_RPCT_DashAtk_Dash_01_LOC_INT,10,S_Mob_G_KoukuSatan1.G_KoukuSatan1_Attack05_ShotVox1 ; S_Mob_G_KoukuSatan1.G_Satan1_Attack03_Shot2 ; S_Mob_G_KoukuSatan1.G_Satan1_Attack12_Shot2 ; S_Mob_G_KoukuSatan1.G_Satan1_Attack03_Shot3 ; S_Mob_G_KoukuSatan1.G_KoukuSatan1_Attack05_Shot3 ; S_Mob_G_KoukuSatan1.G_KoukuSatan1_Attack05_Shot2 ; S_Mob_G_KoukuSatan1.G_Satan1_Attack07_ShotVox6 ; S_Mob_G_KoukuSatan1.G_Satan1_Attack07_CastVox2 ; S_Mob_G_KoukuSatan1.G_Satan1_Attack12_ShotVox1 ; S_Mob_G_KoukuSatan1.G_KoukuSatan1_Attack30_ShotVox1,"{""Anim"": 24, ""MonsterMoveNextStageConditionProbability"": 4, ""PlayParticleEffect"": 84, ""Effect"": 54, ""AKEvent"": 44, ""MonsterMoveNextStage"": 18, ""TrailGhostEffect"": 2, ""PawnMaterialParam"": 2}",0,,,,,MECHANIC,50줄 룰렛 — 세이튼(MN_RPCT_05) 서커스 룰렛 시작/대기/춤A/춤B + 결과 분기,
MN_RPCT_05,4219828,세이튼_트럼프 카드 발급,17,17,Att_Battle_25_05_Start ; Att_Battle_25_05_Loop ; Att_Battle_25_05_End ; Att_Battle_25_07,rpct00_att_battle_25_05_start ; rpct00_att_battle_25_05_loop ; rpct00_att_battle_25_05_end ; rpct00_att_battle_25_07,11,3,fx_mn_rpct_07_v.Par_V_RPCT_HandSwing_Trail_01_LOC_INT ; fx_mn_rpct_07_v.Par_V_RPCT_dance_Cast_01_LOC_INT ; FX_MN_RPCT_07_V.Par_V_RPCT_Dance_shot_01,3,S_Mob_G_KoukuSatan1.G_Satan1_Attack19_ShotVox1 ; S_Mob_G_KoukuSatan1.G_Satan1_Attack19_Cast1 ; S_Mob_G_KoukuSatan1.G_Satan1_Attack19_Shot1,"{""Anim"": 17, ""PlayParticleEffect"": 11, ""AKEvent"": 11, ""Effect"": 11, ""PawnMaterialParam"": 7, ""MonsterMoveNextStageConditionMultipleProbability"": 1, ""MonsterMoveNextStage"": 8}",26,,,,,NORMAL,세이튼 무대 — 쇼/무기 계열,
MN_RPCT_05,4219829,세이튼_레이져 쇼_B,30,30,Idle_Battle_1 ; Att_Battle_19_01_Start ; Att_Battle_19_01_Loop ; Att_Battle_5_01 ; Att_Battle_19_01_End,rpct00_idle_battle_1 ; rpct00_att_battle_19_01_start ; rpct00_att_battle_19_01_loop ; rpct00_att_battle_5_01 ; rpct00_att_battle_19_01_end,77,6,fx_mn_rpct_05_l.Par_L_RPCT_05_Trail_02_LOC_INT ; FX_MN_RPCT_05_L.Par_L_RPCT_05_Sk_06_5 ; FX_MN_RPCT_05_L.Par_L_RPCT_05_Eye_01 ; FX_MN_RPCT_05_L.Par_L_RPCT_05_Sk_06_8 ; FX_MN_RPCT_05_L.Par_L_RPCT_05_Sk_06_7 ; FX_MN_RPCT_05_L.Par_L_RPCT_05_Sk_06_4,3,S_Mob_G_KoukuSatan1.G_Satan1_Attack06_ShotVox1 ; S_Mob_G_KoukuSatan1.G_Satan1_Attack06_Cast1 ; S_Mob_G_KoukuSatan1.G_Satan1_Attack06_Shot1,"{""Anim"": 30, ""MonsterMoveNextStageConditionProbability"": 3, ""AKEvent"": 17, ""PlayParticleEffect"": 77, ""PawnMaterialParam"": 14, ""MonsterMoveNextStage"": 22, ""Effect"": 14, ""ViewShake"": 7}",81,,,,,MECHANIC,레이저(레이더) — 세이튼 레이져 쇼 A~D(30 stage) / 눈 레이저 / 대형 세이튼 광선,
MN_RPCT_05,4219830,세이튼_레이져 쇼_C,30,30,Idle_Battle_1 ; Att_Battle_19_01_Start ; Att_Battle_19_01_Loop ; Att_Battle_5_01 ; Att_Battle_19_01_End,rpct00_idle_battle_1 ; rpct00_att_battle_19_01_start ; rpct00_att_battle_19_01_loop ; rpct00_att_battle_5_01 ; rpct00_att_battle_19_01_end,77,6,fx_mn_rpct_05_l.Par_L_RPCT_05_Trail_02_LOC_INT ; FX_MN_RPCT_05_L.Par_L_RPCT_05_Sk_06_5 ; FX_MN_RPCT_05_L.Par_L_RPCT_05_Eye_01 ; FX_MN_RPCT_05_L.Par_L_RPCT_05_Sk_06_8 ; FX_MN_RPCT_05_L.Par_L_RPCT_05_Sk_06_7 ; FX_MN_RPCT_05_L.Par_L_RPCT_05_Sk_06_4,3,S_Mob_G_KoukuSatan1.G_Satan1_Attack06_ShotVox1 ; S_Mob_G_KoukuSatan1.G_Satan1_Attack06_Cast1 ; S_Mob_G_KoukuSatan1.G_Satan1_Attack06_Shot1,"{""Anim"": 30, ""MonsterMoveNextStageConditionProbability"": 3, ""AKEvent"": 17, ""PlayParticleEffect"": 77, ""PawnMaterialParam"": 14, ""MonsterMoveNextStage"": 22, ""Effect"": 14, ""ViewShake"": 7}",81,,,,,MECHANIC,레이저(레이더) — 세이튼 레이져 쇼 A~D(30 stage) / 눈 레이저 / 대형 세이튼 광선,
MN_RPCT_05,4219831,세이튼_레이져 쇼_D,30,30,Idle_Battle_1 ; Att_Battle_19_01_Start ; Att_Battle_19_01_Loop ; Att_Battle_5_01 ; Att_Battle_19_01_End,rpct00_idle_battle_1 ; rpct00_att_battle_19_01_start ; rpct00_att_battle_19_01_loop ; rpct00_att_battle_5_01 ; rpct00_att_battle_19_01_end,77,6,fx_mn_rpct_05_l.Par_L_RPCT_05_Trail_02_LOC_INT ; FX_MN_RPCT_05_L.Par_L_RPCT_05_Sk_06_5 ; FX_MN_RPCT_05_L.Par_L_RPCT_05_Eye_01 ; FX_MN_RPCT_05_L.Par_L_RPCT_05_Sk_06_8 ; FX_MN_RPCT_05_L.Par_L_RPCT_05_Sk_06_7 ; FX_MN_RPCT_05_L.Par_L_RPCT_05_Sk_06_4,3,S_Mob_G_KoukuSatan1.G_Satan1_Attack06_ShotVox1 ; S_Mob_G_KoukuSatan1.G_Satan1_Attack06_Cast1 ; S_Mob_G_KoukuSatan1.G_Satan1_Attack06_Shot1,"{""Anim"": 30, ""MonsterMoveNextStageConditionProbability"": 3, ""AKEvent"": 17, ""PlayParticleEffect"": 77, ""PawnMaterialParam"": 14, ""MonsterMoveNextStage"": 22, ""Effect"": 14, ""ViewShake"": 7}",81,,,,,MECHANIC,레이저(레이더) — 세이튼 레이져 쇼 A~D(30 stage) / 눈 레이저 / 대형 세이튼 광선,
MN_RPCT_05,4219832,세이튼_진짜를 찾아봐_하트셋트_진짜 공격,26,26,Att_Battle_20_02 ; Att_Battle_20_03 ; Att_battle_20_06 ; Att_Battle_20_04 ; Idle_Battle_1,rpct00_att_battle_20_02 ; rpct00_att_battle_20_03 ; rpct00_att_battle_20_06 ; rpct00_att_battle_20_04 ; rpct00_idle_battle_1,54,12,fx_mn_rpct_05_l.Par_L_RPCT_05_Sk_02_1_LOC_INT ; fx_mn_rpct_05_l.Par_L_RPCT_05_Sk_07_LOC_INT ; fx_mn_rpct_05_l.Par_L_RPCT_05_Sk_07_4_LOC_INT ; fx_mn_rpct_05_l.Par_L_RPCT_05_Sk_07_7_LOC_INT ; fx_mn_rpct_05_l.Par_L_RPCT_05_Sk_07_2_LOC_INT ; fx_mn_rpct_05_l.Par_L_RPCT_05_Sk_07_5_LOC_INT ; FX_MN_RPCT_05_L.Par_L_RPCT_05_Sk_06_5 ; FX_MN_RPCT_05_L.Par_L_RPCT_05_Sk_07_1 ; FX_MN_RPCT_05_L.Par_L_RPCT_05_Sk_07_3 ; fx_mn_rpct_05_l.Par_L_RPCT_05_Sk_07_12_LOC_INT ; fx_mn_rpct_05_l.Par_L_RPCT_05_Sk_07_10_LOC_INT ; fx_mn_rpct_05_l.Par_L_RPCT_05_Sk_07_11_LOC_INT,10,S_Mob_G_KoukuSatan1.G_Satan1_Attack07_CastVox5 ; S_Mob_G_KoukuSatan1.G_Satan1_Attack07_Cast2 ; S_Mob_G_KoukuSatan1.G_Satan1_Attack07_Shot1 ; S_Mob_G_KoukuSatan1.G_Satan1_Attack07_ShotVox3 ; S_Mob_G_KoukuSatan1.G_Satan1_Attack07_Cast3 ; S_Mob_G_KoukuSatan1.G_Satan1_Attack07_Shot4 ; S_Mob_G_KoukuSatan1.G_Satan1_Attack07_ShotVox2 ; S_Mob_G_KoukuSatan1.G_Satan1_Attack07_Cast5 ; S_Mob_G_KoukuSatan1.G_Satan1_Attack07_Shot3 ; S_Mob_G_KoukuSatan1.G_Satan1_Attack02_Shot1,"{""Anim"": 26, ""HidePawn"": 10, ""AKEvent"": 34, ""Effect"": 19, ""PlayParticleEffect"": 54, ""MonsterMoveNextStage"": 18, ""MonsterMoveNextStageConditionProbability"": 4, ""PlayDecalEffect"": 2, ""ViewShake"": 2, ""MaintainHidePawn"": 2, ""SendNpcSignal"": 2}",16,,,,,MECHANIC,110줄 진짜 쿠크세이튼 찾기(하트핑) — 소환 세이튼(MN_RPCT_05) 진짜/가짜 세트,
MN_RPCT_05,4219833,세이튼_진짜를 찾아봐_하트셋트_가짜 공격,24,24,Att_Battle_20_02 ; Att_Battle_20_03 ; Att_battle_20_05 ; Idle_Battle_1,rpct00_att_battle_20_02 ; rpct00_att_battle_20_03 ; rpct00_att_battle_20_05 ; rpct00_idle_battle_1,38,6,fx_mn_rpct_05_l.Par_L_RPCT_05_Sk_02_1_LOC_INT ; fx_mn_rpct_05_l.Par_L_RPCT_05_Sk_07_LOC_INT ; fx_mn_rpct_05_l.Par_L_RPCT_05_Sk_07_4_LOC_INT ; fx_mn_rpct_05_l.Par_L_RPCT_05_Sk_07_6_LOC_INT ; fx_mn_rpct_05_l.Par_L_RPCT_05_Sk_07_2_LOC_INT ; fx_mn_rpct_05_l.Par_L_RPCT_05_Sk_07_5_LOC_INT,7,S_Mob_G_KoukuSatan1.G_Satan1_Attack07_CastVox6 ; S_Mob_G_KoukuSatan1.G_Satan1_Attack07_Cast2 ; S_Mob_G_KoukuSatan1.G_Satan1_Attack07_Shot1 ; S_Mob_G_KoukuSatan1.G_Satan1_Attack07_ShotVox5 ; S_Mob_G_KoukuSatan1.G_Satan1_Attack07_Cast3 ; S_Mob_G_KoukuSatan1.G_Satan1_Attack07_Shot5 ; S_Mob_G_KoukuSatan1.G_Satan1_Attack07_Shot2,"{""Anim"": 24, ""HidePawn"": 12, ""AKEvent"": 26, ""Effect"": 19, ""PlayParticleEffect"": 38, ""MonsterMoveNextStage"": 18, ""MonsterMoveNextStageConditionProbability"": 4, ""MaintainHidePawn"": 2}",16,,,,,MECHANIC,110줄 진짜 쿠크세이튼 찾기(하트핑) — 소환 세이튼(MN_RPCT_05) 진짜/가짜 세트,CLONE_OR_FAKE
MN_RPCT_05,4219834,세이튼_주사위 붉은 스패이드,25,25,Att_Battle_11_02 ; Att_Battle_21_01 ; Att_Battle_21_02 ; Att_Battle_21_03 ; Att_Battle_29_01,rpct00_att_battle_11_02 ; rpct00_att_battle_21_01 ; rpct00_att_battle_21_02 ; rpct00_att_battle_21_03 ; rpct00_att_battle_29_01,82,16,fx_mn_rpct_05_l.Par_L_RPCT_05_Trail_03_LOC_INT ; fx_mn_rpct_05_l.Par_L_RPCT_05_Sk_04_1_LOC_INT ; fx_mn_rpct_05_l.Par_L_RPCT_05_Sk_09_LOC_INT ; FX_MN_RPCT_05_L.Par_L_RPCT_05_Sk_09_9 ; fx_mn_rpct_05_l.Par_L_RPCT_05_Sk_09_2_LOC_INT ; fx_mn_rpct_05_l.Par_L_RPCT_05_Sk_09_4_LOC_INT ; fx_mn_rpct_05_l.Par_L_RPCT_05_Sk_09_6_LOC_INT ; fx_mn_rpct_05_l.Par_L_RPCT_05_Sk_09_8_LOC_INT ; fx_mn_rpct_05_l.Par_L_RPCT_05_Sk_09_7_LOC_INT ; fx_mn_rpct_05_l.Par_L_RPCT_05_Trail_02_LOC_INT ; FX_MN_RPCT_05_L.Par_L_RPCT_05_Eye_01 ; fx_mn_rpct_05_l.Par_L_RPCT_05_Sk_08_1_LOC_INT ; fx_mn_rpct_05_l.Par_L_RPCT_05_Sk_08_LOC_INT ; fx_mn_rpct_05_l.Par_L_RPCT_05_Sk_08_2_LOC_INT ; fx_mn_rpct_07_v.Par_V_RPCT_HandSwing_Trail_01_LOC_INT ; fx_mn_rpct_07_v.Par_V_RPCT_DashAtk_Dash_01_LOC_INT,11,S_Mob_G_KoukuSatan1.G_Satan1_Attack09_CastVox1 ; S_Mob_G_KoukuSatan1.G_Satan1_Attack09_Cast1 ; S_Mob_G_KoukuSatan1.G_Satan1_Attack09_Shot1 ; S_Mob_G_KoukuSatan1.G_Satan1_Attack09_Shot2 ; S_Mob_G_KoukuSatan1.G_Satan1_Attack09_Shot3 ; S_Mob_G_KoukuSatan1.G_Satan1_Attack09_ShotVox1 ; S_Mob_G_KoukuSatan1.G_Satan1_Attack08_CastVox1 ; S_Mob_G_KoukuSatan1.G_Satan1_Attack08_Cast1 ; S_Mob_G_KoukuSatan1.G_Satan1_Attack08_Cast2 ; S_Mob_G_KoukuSatan1.G_Satan1_Attack08_Shot1 ; S_Mob_G_KoukuSatan1.G_Satan1_Attack08_Cast3,"{""Anim"": 25, ""PlayParticleEffect"": 82, ""AKEvent"": 36, ""HidePawn"": 2, ""ViewShake"": 2, ""Effect"": 44, ""MonsterMoveNextStage"": 7, ""LookTarget"": 2, ""MonsterMoveNextStageConditionSkillEffectHit"": 16, ""TrailGhostEffect"": 3, ""PawnMaterialParam"": 3}",74,,,,,MECHANIC,110줄 파1·빨2 — 카드무늬 홀로그램 + 주사위 8종(검은/붉은 × 스페이드/클로버/하트/다이아),
MN_RPCT_05,4219835,세이튼_주사위 검은색 클로버,75,72,Att_Battle_11_02 ; Att_Battle_21_01 ; Att_Battle_21_02 ; Att_Battle_21_03 ; Att_Battle_29_01 ; Att_Phase1_1_01 ; Att_Phase1_1_06,rpct00_att_battle_11_02 ; rpct00_att_battle_21_01 ; rpct00_att_battle_21_02 ; rpct00_att_battle_21_03 ; rpct00_att_battle_29_01 ; rpct00_att_phase1_1_01 ; rpct00_att_phase1_1_06,235,19,fx_mn_rpct_05_l.Par_L_RPCT_05_Trail_03_LOC_INT ; fx_mn_rpct_05_l.Par_L_RPCT_05_Sk_04_1_LOC_INT ; fx_mn_rpct_05_l.Par_L_RPCT_05_Sk_09_1_LOC_INT ; FX_MN_RPCT_05_L.Par_L_RPCT_05_Sk_09_9 ; fx_mn_rpct_05_l.Par_L_RPCT_05_Sk_09_3_LOC_INT ; fx_mn_rpct_05_l.Par_L_RPCT_05_Sk_09_5_LOC_INT ; fx_mn_rpct_05_l.Par_L_RPCT_05_Sk_09_6_LOC_INT ; fx_mn_rpct_05_l.Par_L_RPCT_05_Sk_09_12_LOC_INT ; fx_mn_rpct_05_l.Par_L_RPCT_05_Sk_09_7_LOC_INT ; fx_mn_rpct_05_l.Par_L_RPCT_05_Trail_02_LOC_INT ; FX_MN_RPCT_05_L.Par_L_RPCT_05_Eye_01 ; fx_mn_rpct_05_l.Par_L_RPCT_05_Sk_08_1_LOC_INT ; fx_mn_rpct_05_l.Par_L_RPCT_05_Sk_08_LOC_INT ; fx_mn_rpct_05_l.Par_L_RPCT_05_Sk_08_2_LOC_INT ; fx_mn_rpct_07_v.Par_V_RPCT_HandSwing_Trail_01_LOC_INT ; fx_mn_rpct_07_v.Par_V_RPCT_DashAtk_Dash_01_LOC_INT ; fx_mn_rpct_05_g.Par_G_RPCT_05_Smoke_01_LOC_INT ; fx_mn_rpct_05_g.Par_G_RPCT_05_Smoke_02_LOC_INT ; fx_mn_rpct_05_g.Par_G_RPCT_Dust_01_LOC_INT,15,S_Mob_G_KoukuSatan1.G_Satan1_Attack09_CastVox1 ; S_Mob_G_KoukuSatan1.G_Satan1_Attack09_Cast1 ; S_Mob_G_KoukuSatan1.G_Satan1_Attack09_Shot1 ; S_Mob_G_KoukuSatan1.G_Satan1_Attack09_Shot2 ; S_Mob_G_KoukuSatan1.G_Satan1_Attack09_Shot3 ; S_Mob_G_KoukuSatan1.G_Satan1_Attack09_ShotVox3 ; S_Mob_G_KoukuSatan1.G_Satan1_Attack08_CastVox1 ; S_Mob_G_KoukuSatan1.G_Satan1_Attack08_Cast1 ; S_Mob_G_KoukuSatan1.G_Satan1_Attack08_Cast2 ; S_Mob_G_KoukuSatan1.G_Satan1_Attack08_Shot1 ; S_Mob_G_KoukuSatan1.G_Satan1_Attack08_Cast3 ; S_Mob_G_KoukuSatan1.G_KoukuSatan1_Attack22_Cast1 ; S_Mob_G_KoukuSatan1.G_Satan1_Attack17_CastVox1 ; S_Mob_G_KoukuSatan1.G_KoukuSatan1_Attack22_Shot1 ; S_Mob_G_KoukuSatan1.G_Satan1_Attack17_ShotVox1,"{""Anim"": 72, ""PlayParticleEffect"": 235, ""AKEvent"": 109, ""HidePawn"": 7, ""ViewShake"": 6, ""Effect"": 159, ""MonsterMoveNextStage"": 26, ""LookTarget"": 6, ""MonsterMoveNextStageConditionSkillEffectHit"": 40, ""TrailGhostEffect"": 8, ""PawnMaterialParam"": 8, ""MonsterMoveNextStageConditionProbability"": 3, ""Rotate"": 1}",200,,,,,MECHANIC,110줄 파1·빨2 — 카드무늬 홀로그램 + 주사위 8종(검은/붉은 × 스페이드/클로버/하트/다이아),
MN_RPCT_05,4219836,세이튼_주사위 붉은색 클로버,25,25,Att_Battle_11_02 ; Att_Battle_21_01 ; Att_Battle_21_02 ; Att_Battle_21_03 ; Att_Battle_29_01,rpct00_att_battle_11_02 ; rpct00_att_battle_21_01 ; rpct00_att_battle_21_02 ; rpct00_att_battle_21_03 ; rpct00_att_battle_29_01,82,16,fx_mn_rpct_05_l.Par_L_RPCT_05_Trail_03_LOC_INT ; fx_mn_rpct_05_l.Par_L_RPCT_05_Sk_04_1_LOC_INT ; fx_mn_rpct_05_l.Par_L_RPCT_05_Sk_09_LOC_INT ; FX_MN_RPCT_05_L.Par_L_RPCT_05_Sk_09_9 ; fx_mn_rpct_05_l.Par_L_RPCT_05_Sk_09_2_LOC_INT ; fx_mn_rpct_05_l.Par_L_RPCT_05_Sk_09_4_LOC_INT ; fx_mn_rpct_05_l.Par_L_RPCT_05_Sk_09_6_LOC_INT ; fx_mn_rpct_05_l.Par_L_RPCT_05_Sk_09_11_LOC_INT ; fx_mn_rpct_05_l.Par_L_RPCT_05_Sk_09_7_LOC_INT ; fx_mn_rpct_05_l.Par_L_RPCT_05_Trail_02_LOC_INT ; FX_MN_RPCT_05_L.Par_L_RPCT_05_Eye_01 ; fx_mn_rpct_05_l.Par_L_RPCT_05_Sk_08_1_LOC_INT ; fx_mn_rpct_05_l.Par_L_RPCT_05_Sk_08_LOC_INT ; fx_mn_rpct_05_l.Par_L_RPCT_05_Sk_08_2_LOC_INT ; fx_mn_rpct_07_v.Par_V_RPCT_HandSwing_Trail_01_LOC_INT ; fx_mn_rpct_07_v.Par_V_RPCT_DashAtk_Dash_01_LOC_INT,11,S_Mob_G_KoukuSatan1.G_Satan1_Attack09_CastVox1 ; S_Mob_G_KoukuSatan1.G_Satan1_Attack09_Cast1 ; S_Mob_G_KoukuSatan1.G_Satan1_Attack09_Shot1 ; S_Mob_G_KoukuSatan1.G_Satan1_Attack09_Shot2 ; S_Mob_G_KoukuSatan1.G_Satan1_Attack09_Shot3 ; S_Mob_G_KoukuSatan1.G_Satan1_Attack09_ShotVox3 ; S_Mob_G_KoukuSatan1.G_Satan1_Attack08_CastVox1 ; S_Mob_G_KoukuSatan1.G_Satan1_Attack08_Cast1 ; S_Mob_G_KoukuSatan1.G_Satan1_Attack08_Cast2 ; S_Mob_G_KoukuSatan1.G_Satan1_Attack08_Shot1 ; S_Mob_G_KoukuSatan1.G_Satan1_Attack08_Cast3,"{""Anim"": 25, ""PlayParticleEffect"": 82, ""AKEvent"": 36, ""HidePawn"": 2, ""ViewShake"": 2, ""Effect"": 46, ""MonsterMoveNextStage"": 7, ""LookTarget"": 2, ""MonsterMoveNextStageConditionSkillEffectHit"": 16, ""TrailGhostEffect"": 3, ""PawnMaterialParam"": 3}",74,,,,,MECHANIC,110줄 파1·빨2 — 카드무늬 홀로그램 + 주사위 8종(검은/붉은 × 스페이드/클로버/하트/다이아),
MN_RPCT_05,4219837,세이튼_주사위 검은색 하트,25,25,Att_Battle_11_02 ; Att_Battle_21_01 ; Att_Battle_21_02 ; Att_Battle_21_03 ; Att_Battle_29_01,rpct00_att_battle_11_02 ; rpct00_att_battle_21_01 ; rpct00_att_battle_21_02 ; rpct00_att_battle_21_03 ; rpct00_att_battle_29_01,82,16,fx_mn_rpct_05_l.Par_L_RPCT_05_Trail_03_LOC_INT ; fx_mn_rpct_05_l.Par_L_RPCT_05_Sk_04_1_LOC_INT ; fx_mn_rpct_05_l.Par_L_RPCT_05_Sk_09_1_LOC_INT ; FX_MN_RPCT_05_L.Par_L_RPCT_05_Sk_09_9 ; fx_mn_rpct_05_l.Par_L_RPCT_05_Sk_09_3_LOC_INT ; fx_mn_rpct_05_l.Par_L_RPCT_05_Sk_09_5_LOC_INT ; fx_mn_rpct_05_l.Par_L_RPCT_05_Sk_09_6_LOC_INT ; fx_mn_rpct_05_l.Par_L_RPCT_05_Sk_09_14_LOC_INT ; fx_mn_rpct_05_l.Par_L_RPCT_05_Sk_09_7_LOC_INT ; fx_mn_rpct_05_l.Par_L_RPCT_05_Trail_02_LOC_INT ; FX_MN_RPCT_05_L.Par_L_RPCT_05_Eye_01 ; fx_mn_rpct_05_l.Par_L_RPCT_05_Sk_08_1_LOC_INT ; fx_mn_rpct_05_l.Par_L_RPCT_05_Sk_08_LOC_INT ; fx_mn_rpct_05_l.Par_L_RPCT_05_Sk_08_2_LOC_INT ; fx_mn_rpct_07_v.Par_V_RPCT_HandSwing_Trail_01_LOC_INT ; fx_mn_rpct_07_v.Par_V_RPCT_DashAtk_Dash_01_LOC_INT,8,S_Mob_G_KoukuSatan1.G_Satan1_Attack09_CastVox1 ; S_Mob_G_KoukuSatan1.G_Satan1_Attack09_Cast1 ; S_Mob_G_KoukuSatan1.G_Satan1_Attack09_Shot1 ; S_Mob_G_KoukuSatan1.G_Satan1_Attack09_Shot2 ; S_Mob_G_KoukuSatan1.G_Satan1_Attack09_Shot3 ; S_Mob_G_KoukuSatan1.G_Satan1_Attack09_ShotVox2 ; S_Mob_G_KoukuSatan1.G_Satan1_Attack08_Shot1 ; S_Mob_G_KoukuSatan1.G_Satan1_Attack08_Cast3,"{""Anim"": 25, ""PlayParticleEffect"": 82, ""AKEvent"": 30, ""HidePawn"": 2, ""ViewShake"": 2, ""Effect"": 46, ""MonsterMoveNextStage"": 7, ""LookTarget"": 2, ""MonsterMoveNextStageConditionSkillEffectHit"": 16, ""TrailGhostEffect"": 3, ""PawnMaterialParam"": 3}",74,,,,,MECHANIC,110줄 파1·빨2 — 카드무늬 홀로그램 + 주사위 8종(검은/붉은 × 스페이드/클로버/하트/다이아),
MN_RPCT_05,4219838,세이튼_주사위 붉은색 하트,75,72,Att_Battle_11_02 ; Att_Battle_21_01 ; Att_Battle_21_02 ; Att_Battle_21_03 ; Att_Battle_29_01 ; Att_Phase1_1_01 ; Att_Phase1_1_06,rpct00_att_battle_11_02 ; rpct00_att_battle_21_01 ; rpct00_att_battle_21_02 ; rpct00_att_battle_21_03 ; rpct00_att_battle_29_01 ; rpct00_att_phase1_1_01 ; rpct00_att_phase1_1_06,235,19,fx_mn_rpct_05_l.Par_L_RPCT_05_Trail_03_LOC_INT ; fx_mn_rpct_05_l.Par_L_RPCT_05_Sk_04_1_LOC_INT ; fx_mn_rpct_05_l.Par_L_RPCT_05_Sk_09_LOC_INT ; FX_MN_RPCT_05_L.Par_L_RPCT_05_Sk_09_9 ; fx_mn_rpct_05_l.Par_L_RPCT_05_Sk_09_2_LOC_INT ; fx_mn_rpct_05_l.Par_L_RPCT_05_Sk_09_4_LOC_INT ; fx_mn_rpct_05_l.Par_L_RPCT_05_Sk_09_6_LOC_INT ; fx_mn_rpct_05_l.Par_L_RPCT_05_Sk_09_13_LOC_INT ; fx_mn_rpct_05_l.Par_L_RPCT_05_Sk_09_7_LOC_INT ; fx_mn_rpct_05_l.Par_L_RPCT_05_Trail_02_LOC_INT ; FX_MN_RPCT_05_L.Par_L_RPCT_05_Eye_01 ; fx_mn_rpct_05_l.Par_L_RPCT_05_Sk_08_1_LOC_INT ; fx_mn_rpct_05_l.Par_L_RPCT_05_Sk_08_LOC_INT ; fx_mn_rpct_05_l.Par_L_RPCT_05_Sk_08_2_LOC_INT ; fx_mn_rpct_07_v.Par_V_RPCT_HandSwing_Trail_01_LOC_INT ; fx_mn_rpct_07_v.Par_V_RPCT_DashAtk_Dash_01_LOC_INT ; fx_mn_rpct_05_g.Par_G_RPCT_05_Smoke_01_LOC_INT ; fx_mn_rpct_05_g.Par_G_RPCT_05_Smoke_02_LOC_INT ; fx_mn_rpct_05_g.Par_G_RPCT_Dust_01_LOC_INT,15,S_Mob_G_KoukuSatan1.G_Satan1_Attack09_CastVox1 ; S_Mob_G_KoukuSatan1.G_Satan1_Attack09_Cast1 ; S_Mob_G_KoukuSatan1.G_Satan1_Attack09_Shot1 ; S_Mob_G_KoukuSatan1.G_Satan1_Attack09_Shot2 ; S_Mob_G_KoukuSatan1.G_Satan1_Attack09_Shot3 ; S_Mob_G_KoukuSatan1.G_Satan1_Attack09_ShotVox2 ; S_Mob_G_KoukuSatan1.G_Satan1_Attack08_CastVox1 ; S_Mob_G_KoukuSatan1.G_Satan1_Attack08_Cast1 ; S_Mob_G_KoukuSatan1.G_Satan1_Attack08_Cast2 ; S_Mob_G_KoukuSatan1.G_Satan1_Attack08_Shot1 ; S_Mob_G_KoukuSatan1.G_Satan1_Attack08_Cast3 ; S_Mob_G_KoukuSatan1.G_KoukuSatan1_Attack22_Cast1 ; S_Mob_G_KoukuSatan1.G_Satan1_Attack17_CastVox1 ; S_Mob_G_KoukuSatan1.G_KoukuSatan1_Attack22_Shot1 ; S_Mob_G_KoukuSatan1.G_Satan1_Attack17_ShotVox1,"{""Anim"": 72, ""PlayParticleEffect"": 235, ""AKEvent"": 109, ""HidePawn"": 7, ""ViewShake"": 6, ""Effect"": 159, ""MonsterMoveNextStage"": 26, ""LookTarget"": 6, ""MonsterMoveNextStageConditionSkillEffectHit"": 40, ""TrailGhostEffect"": 8, ""PawnMaterialParam"": 8, ""MonsterMoveNextStageConditionProbability"": 3, ""Rotate"": 1}",200,,,,,MECHANIC,110줄 파1·빨2 — 카드무늬 홀로그램 + 주사위 8종(검은/붉은 × 스페이드/클로버/하트/다이아),
MN_RPCT_05,4219839,세이튼_주사위 검은색 다이아,25,25,Att_Battle_11_02 ; Att_Battle_21_01 ; Att_Battle_21_02 ; Att_Battle_21_03 ; Att_Battle_29_01,rpct00_att_battle_11_02 ; rpct00_att_battle_21_01 ; rpct00_att_battle_21_02 ; rpct00_att_battle_21_03 ; rpct00_att_battle_29_01,82,16,fx_mn_rpct_05_l.Par_L_RPCT_05_Trail_03_LOC_INT ; fx_mn_rpct_05_l.Par_L_RPCT_05_Sk_04_1_LOC_INT ; fx_mn_rpct_05_l.Par_L_RPCT_05_Sk_09_1_LOC_INT ; FX_MN_RPCT_05_L.Par_L_RPCT_05_Sk_09_9 ; fx_mn_rpct_05_l.Par_L_RPCT_05_Sk_09_3_LOC_INT ; fx_mn_rpct_05_l.Par_L_RPCT_05_Sk_09_5_LOC_INT ; fx_mn_rpct_05_l.Par_L_RPCT_05_Sk_09_6_LOC_INT ; fx_mn_rpct_05_l.Par_L_RPCT_05_Sk_09_16_LOC_INT ; fx_mn_rpct_05_l.Par_L_RPCT_05_Sk_09_7_LOC_INT ; fx_mn_rpct_05_l.Par_L_RPCT_05_Trail_02_LOC_INT ; FX_MN_RPCT_05_L.Par_L_RPCT_05_Eye_01 ; fx_mn_rpct_05_l.Par_L_RPCT_05_Sk_08_1_LOC_INT ; fx_mn_rpct_05_l.Par_L_RPCT_05_Sk_08_LOC_INT ; fx_mn_rpct_05_l.Par_L_RPCT_05_Sk_08_2_LOC_INT ; fx_mn_rpct_07_v.Par_V_RPCT_HandSwing_Trail_01_LOC_INT ; fx_mn_rpct_07_v.Par_V_RPCT_DashAtk_Dash_01_LOC_INT,11,S_Mob_G_KoukuSatan1.G_Satan1_Attack09_CastVox1 ; S_Mob_G_KoukuSatan1.G_Satan1_Attack09_Cast1 ; S_Mob_G_KoukuSatan1.G_Satan1_Attack09_Shot1 ; S_Mob_G_KoukuSatan1.G_Satan1_Attack09_Shot2 ; S_Mob_G_KoukuSatan1.G_Satan1_Attack09_Shot3 ; S_Mob_G_KoukuSatan1.G_Satan1_Attack09_ShotVox4 ; S_Mob_G_KoukuSatan1.G_Satan1_Attack08_CastVox1 ; S_Mob_G_KoukuSatan1.G_Satan1_Attack08_Cast1 ; S_Mob_G_KoukuSatan1.G_Satan1_Attack08_Cast2 ; S_Mob_G_KoukuSatan1.G_Satan1_Attack08_Shot1 ; S_Mob_G_KoukuSatan1.G_Satan1_Attack08_Cast3,"{""Anim"": 25, ""PlayParticleEffect"": 82, ""AKEvent"": 36, ""HidePawn"": 2, ""ViewShake"": 2, ""Effect"": 46, ""MonsterMoveNextStage"": 7, ""LookTarget"": 2, ""MonsterMoveNextStageConditionSkillEffectHit"": 16, ""TrailGhostEffect"": 3, ""PawnMaterialParam"": 3}",74,,,,,MECHANIC,110줄 파1·빨2 — 카드무늬 홀로그램 + 주사위 8종(검은/붉은 × 스페이드/클로버/하트/다이아),
MN_RPCT_05,4219840,세이튼_주사위 붉은색 다이아,75,72,Att_Battle_11_02 ; Att_Battle_21_01 ; Att_Battle_21_02 ; Att_Battle_21_03 ; Att_Battle_29_01 ; Att_Phase1_1_01 ; Att_Phase1_1_06,rpct00_att_battle_11_02 ; rpct00_att_battle_21_01 ; rpct00_att_battle_21_02 ; rpct00_att_battle_21_03 ; rpct00_att_battle_29_01 ; rpct00_att_phase1_1_01 ; rpct00_att_phase1_1_06,235,19,fx_mn_rpct_05_l.Par_L_RPCT_05_Trail_03_LOC_INT ; fx_mn_rpct_05_l.Par_L_RPCT_05_Sk_04_1_LOC_INT ; fx_mn_rpct_05_l.Par_L_RPCT_05_Sk_09_LOC_INT ; FX_MN_RPCT_05_L.Par_L_RPCT_05_Sk_09_9 ; fx_mn_rpct_05_l.Par_L_RPCT_05_Sk_09_2_LOC_INT ; fx_mn_rpct_05_l.Par_L_RPCT_05_Sk_09_4_LOC_INT ; fx_mn_rpct_05_l.Par_L_RPCT_05_Sk_09_6_LOC_INT ; fx_mn_rpct_05_l.Par_L_RPCT_05_Sk_09_15_LOC_INT ; fx_mn_rpct_05_l.Par_L_RPCT_05_Sk_09_7_LOC_INT ; fx_mn_rpct_05_l.Par_L_RPCT_05_Trail_02_LOC_INT ; FX_MN_RPCT_05_L.Par_L_RPCT_05_Eye_01 ; fx_mn_rpct_05_l.Par_L_RPCT_05_Sk_08_1_LOC_INT ; fx_mn_rpct_05_l.Par_L_RPCT_05_Sk_08_LOC_INT ; fx_mn_rpct_05_l.Par_L_RPCT_05_Sk_08_2_LOC_INT ; fx_mn_rpct_07_v.Par_V_RPCT_HandSwing_Trail_01_LOC_INT ; fx_mn_rpct_07_v.Par_V_RPCT_DashAtk_Dash_01_LOC_INT ; fx_mn_rpct_05_g.Par_G_RPCT_05_Smoke_01_LOC_INT ; fx_mn_rpct_05_g.Par_G_RPCT_05_Smoke_02_LOC_INT ; fx_mn_rpct_05_g.Par_G_RPCT_Dust_01_LOC_INT,15,S_Mob_G_KoukuSatan1.G_Satan1_Attack09_CastVox1 ; S_Mob_G_KoukuSatan1.G_Satan1_Attack09_Cast1 ; S_Mob_G_KoukuSatan1.G_Satan1_Attack09_Shot1 ; S_Mob_G_KoukuSatan1.G_Satan1_Attack09_Shot2 ; S_Mob_G_KoukuSatan1.G_Satan1_Attack09_Shot3 ; S_Mob_G_KoukuSatan1.G_Satan1_Attack09_ShotVox4 ; S_Mob_G_KoukuSatan1.G_Satan1_Attack08_CastVox1 ; S_Mob_G_KoukuSatan1.G_Satan1_Attack08_Cast1 ; S_Mob_G_KoukuSatan1.G_Satan1_Attack08_Cast2 ; S_Mob_G_KoukuSatan1.G_Satan1_Attack08_Cast3 ; S_Mob_G_KoukuSatan1.G_KoukuSatan1_Attack22_Cast1 ; S_Mob_G_KoukuSatan1.G_Satan1_Attack17_CastVox1 ; S_Mob_G_KoukuSatan1.G_KoukuSatan1_Attack22_Shot1 ; S_Mob_G_KoukuSatan1.G_Satan1_Attack08_Shot1 ; S_Mob_G_KoukuSatan1.G_Satan1_Attack17_ShotVox1,"{""Anim"": 72, ""PlayParticleEffect"": 235, ""AKEvent"": 69, ""HidePawn"": 7, ""ViewShake"": 6, ""Effect"": 159, ""MonsterMoveNextStage"": 26, ""LookTarget"": 6, ""MonsterMoveNextStageConditionSkillEffectHit"": 40, ""TrailGhostEffect"": 8, ""PawnMaterialParam"": 8, ""MonsterMoveNextStageConditionProbability"": 3, ""Rotate"": 1}",160,,,,,MECHANIC,110줄 파1·빨2 — 카드무늬 홀로그램 + 주사위 8종(검은/붉은 × 스페이드/클로버/하트/다이아),
MN_RPCT_05,4219841,세이튼_스폰과 동시에 사라지기,1,1,Idle_Battle_1,rpct00_idle_battle_1,0,0,,0,,"{""Anim"": 1, ""HidePawn"": 1}",0,,,,,MECHANIC,110줄 진짜 쿠크세이튼 찾기(하트핑) — 소환 세이튼(MN_RPCT_05) 진짜/가짜 세트,MOVEMENT_OR_CONTROL
MN_RPCT_05,4219842,세이튼_진짜를 찾아봐_총잡이셋트_진짜 공격,24,24,Att_Battle_20_02 ; Att_Battle_20_03 ; Att_battle_20_05 ; Att_Battle_20_04 ; Idle_Battle_1,rpct00_att_battle_20_02 ; rpct00_att_battle_20_03 ; rpct00_att_battle_20_05 ; rpct00_att_battle_20_04 ; rpct00_idle_battle_1,40,9,fx_mn_rpct_05_l.Par_L_RPCT_05_Sk_02_1_LOC_INT ; fx_mn_rpct_05_l.Par_L_RPCT_05_Sk_07_LOC_INT ; fx_mn_rpct_05_l.Par_L_RPCT_05_Sk_07_4_LOC_INT ; fx_mn_rpct_05_l.Par_L_RPCT_05_Sk_07_6_LOC_INT ; fx_mn_rpct_05_l.Par_L_RPCT_05_Sk_07_2_LOC_INT ; fx_mn_rpct_05_l.Par_L_RPCT_05_Sk_07_5_LOC_INT ; FX_MN_RPCT_05_L.Par_L_RPCT_05_Sk_06_5 ; fx_mn_rpct_05_l.Par_L_RPCT_05_Sk_07_9_LOC_INT ; fx_mn_rpct_05_l.Par_L_RPCT_05_Sk_07_8_LOC_INT,10,S_Mob_G_KoukuSatan1.G_Satan1_Attack07_CastVox7 ; S_Mob_G_KoukuSatan1.G_Satan1_Attack07_Cast2 ; S_Mob_G_KoukuSatan1.G_Satan1_Attack07_Shot1 ; S_Mob_G_KoukuSatan1.G_Satan1_Attack07_ShotVox7 ; S_Mob_G_KoukuSatan1.G_Satan1_Attack07_Cast3 ; S_Mob_G_KoukuSatan1.G_Satan1_Attack07_Shot5 ; S_Mob_G_KoukuSatan1.G_Satan1_Attack07_ShotVox2 ; S_Mob_G_KoukuSatan1.G_Satan1_Attack07_Cast5 ; S_Mob_G_KoukuSatan1.G_Satan1_Attack07_Shot3 ; S_Mob_G_KoukuSatan1.G_Satan1_Attack02_Shot1,"{""Anim"": 24, ""HidePawn"": 10, ""AKEvent"": 32, ""Effect"": 19, ""PlayParticleEffect"": 40, ""MonsterMoveNextStage"": 18, ""MonsterMoveNextStageConditionProbability"": 4, ""PlayDecalEffect"": 2, ""ViewShake"": 2, ""MaintainHidePawn"": 2, ""SendNpcSignal"": 2}",16,KAKULSAYDON_G1_PATTERN_2,세이튼_진짜세이튼찾기,GATE1,PRODUCT,MECHANIC,110줄 진짜 쿠크세이튼 찾기(하트핑) — 소환 세이튼(MN_RPCT_05) 진짜/가짜 세트,
MN_RPCT_05,4219843,세이튼_진짜를 찾아봐_총잡이셋트_가짜 공격,24,24,Att_Battle_20_02 ; Att_Battle_20_03 ; Att_battle_20_06 ; Idle_Battle_1,rpct00_att_battle_20_02 ; rpct00_att_battle_20_03 ; rpct00_att_battle_20_06 ; rpct00_idle_battle_1,44,6,fx_mn_rpct_05_l.Par_L_RPCT_05_Sk_02_1_LOC_INT ; fx_mn_rpct_05_l.Par_L_RPCT_05_Sk_07_LOC_INT ; fx_mn_rpct_05_l.Par_L_RPCT_05_Sk_07_4_LOC_INT ; fx_mn_rpct_05_l.Par_L_RPCT_05_Sk_07_7_LOC_INT ; fx_mn_rpct_05_l.Par_L_RPCT_05_Sk_07_2_LOC_INT ; fx_mn_rpct_05_l.Par_L_RPCT_05_Sk_07_5_LOC_INT,7,S_Mob_G_KoukuSatan1.G_Satan1_Attack07_CastVox4 ; S_Mob_G_KoukuSatan1.G_Satan1_Attack07_Cast1 ; S_Mob_G_KoukuSatan1.G_Satan1_Attack07_Shot1 ; S_Mob_G_KoukuSatan1.G_Satan1_Attack07_ShotVox3 ; S_Mob_G_KoukuSatan1.G_Satan1_Attack07_Cast3 ; S_Mob_G_KoukuSatan1.G_Satan1_Attack07_Shot4 ; S_Mob_G_KoukuSatan1.G_Satan1_Attack07_Shot2,"{""Anim"": 24, ""HidePawn"": 12, ""AKEvent"": 26, ""Effect"": 19, ""PlayParticleEffect"": 44, ""MonsterMoveNextStage"": 18, ""MonsterMoveNextStageConditionProbability"": 4, ""MaintainHidePawn"": 2}",16,,,,,MECHANIC,110줄 진짜 쿠크세이튼 찾기(하트핑) — 소환 세이튼(MN_RPCT_05) 진짜/가짜 세트,CLONE_OR_FAKE
MN_RPCT_05,4219844,세이튼_갈고리 요청_A,3,3,Idle_Battle_1,rpct00_idle_battle_1,0,0,,0,,"{""Anim"": 3, ""MonsterMoveNextStageConditionProbability"": 1, ""EmitTriggerSignal"": 2}",0,,,,,NORMAL,세이튼 무대 — 쇼/무기 계열,SUMMON_OR_REQUEST
MN_RPCT_05,4219845,세이튼_갈고리 요청_B,3,3,Idle_Battle_1,rpct00_idle_battle_1,0,0,,0,,"{""Anim"": 3, ""MonsterMoveNextStageConditionProbability"": 1, ""EmitTriggerSignal"": 2}",0,,,,,NORMAL,세이튼 무대 — 쇼/무기 계열,SUMMON_OR_REQUEST
MN_RPCT_05,4219846,세이튼_괴상한 인형 요청,1,1,Idle_Battle_1,rpct00_idle_battle_1,0,0,,0,,"{""Anim"": 1, ""EmitTriggerSignal"": 1}",0,,,,,NORMAL,세이튼 무대 — 쇼/무기 계열,SUMMON_OR_REQUEST
MN_RPCT_05,4219847,세이튼_화염링 요청A,1,1,Idle_Battle_1,rpct00_idle_battle_1,0,0,,0,,"{""Anim"": 1, ""Effect"": 1}",0,,,,,NORMAL,세이튼 무대 — 쇼/무기 계열,SUMMON_OR_REQUEST
MN_RPCT_05,4219848,세이튼_화염링 요청B,1,1,Idle_Battle_1,rpct00_idle_battle_1,0,0,,0,,"{""Anim"": 1, ""Effect"": 1}",0,,,,,NORMAL,세이튼 무대 — 쇼/무기 계열,SUMMON_OR_REQUEST
MN_RPCT_05,4219849,세이튼_화염링 요청C,1,1,Idle_Battle_1,rpct00_idle_battle_1,0,0,,0,,"{""Anim"": 1, ""Effect"": 1}",0,,,,,NORMAL,세이튼 무대 — 쇼/무기 계열,SUMMON_OR_REQUEST
MN_RPCT_05,4219850,세이튼_화염링 요청D,1,1,Idle_Battle_1,rpct00_idle_battle_1,0,0,,0,,"{""Anim"": 1, ""Effect"": 1}",0,,,,,NORMAL,세이튼 무대 — 쇼/무기 계열,SUMMON_OR_REQUEST
MN_RPCT_05,4219851,세이튼_거대 망치 요청,7,7,Idle_Battle_1,rpct00_idle_battle_1,0,0,,0,,"{""Anim"": 7, ""MonsterMoveNextStageConditionProbability"": 3, ""EmitTriggerSignal"": 4}",0,,,,,MECHANIC,잡기 후 뿅망치 — 대형 세이튼 잡기/던지기/무력화 + 세이튼 거대 망치 요청,SUMMON_OR_REQUEST
MN_RPCT_05,4219852,세이튼_01_레벨트리거 요청,2,2,Idle_Battle_1 ; Att_Phase1_1_02,rpct00_idle_battle_1 ; rpct00_att_phase1_1_02,0,0,,0,,"{""Anim"": 2, ""EmitTriggerSignal"": 1}",0,,,,,MECHANIC,카드 미로 — 레벨트리거 요청 01~06 (+RPCZ 4219794),SUMMON_OR_REQUEST
MN_RPCT_05,4219853,세이튼_02_레벨트리거 요청,2,2,Idle_Battle_1 ; Att_Phase1_1_02,rpct00_idle_battle_1 ; rpct00_att_phase1_1_02,0,0,,0,,"{""Anim"": 2, ""EmitTriggerSignal"": 1}",0,,,,,MECHANIC,카드 미로 — 레벨트리거 요청 01~06 (+RPCZ 4219794),SUMMON_OR_REQUEST
MN_RPCT_05,4219854,세이튼_03_레벨트리거 요청,2,2,Idle_Battle_1 ; Att_Phase1_1_02,rpct00_idle_battle_1 ; rpct00_att_phase1_1_02,0,0,,0,,"{""Anim"": 2, ""EmitTriggerSignal"": 1}",0,,,,,MECHANIC,카드 미로 — 레벨트리거 요청 01~06 (+RPCZ 4219794),SUMMON_OR_REQUEST
MN_RPCT_05,4219855,세이튼_04_레벨트리거 요청,2,2,Idle_Battle_1 ; Att_Phase1_1_02,rpct00_idle_battle_1 ; rpct00_att_phase1_1_02,0,0,,0,,"{""Anim"": 2, ""EmitTriggerSignal"": 1}",0,,,,,MECHANIC,카드 미로 — 레벨트리거 요청 01~06 (+RPCZ 4219794),SUMMON_OR_REQUEST
MN_RPCT_05,4219856,세이튼_05_레벨트리거 요청,2,2,Idle_Battle_1 ; Att_Phase1_1_02,rpct00_idle_battle_1 ; rpct00_att_phase1_1_02,0,0,,0,,"{""Anim"": 2, ""EmitTriggerSignal"": 1}",0,,,,,MECHANIC,카드 미로 — 레벨트리거 요청 01~06 (+RPCZ 4219794),SUMMON_OR_REQUEST
MN_RPCT_05,4219858,세이튼_고속이동 전방,1,1,Att_Battle_34_01,rpct00_att_battle_34_01,1,1,fx_mn_rpct_07_v.Par_V_RPCT_HandSwing_Trail_03_LOC_INT,2,S_Mob_G_KoukuSatan1.G_KoukuSatan1_Attack14_Shot1 ; S_Mob_G_KoukuSatan1.G_KoukuSatan1_Attack14_ShotVox1,"{""Anim"": 1, ""PlayParticleEffect"": 1, ""PawnMaterialParam"": 1, ""TrailGhostEffect"": 1, ""AKEvent"": 2}",0,,,,,NORMAL,세이튼 무대 — 이동/근접 계열,MOVEMENT_OR_CONTROL
MN_RPCT_05,4219859,세이튼_고속이동 후방,1,1,Att_Battle_34_02,rpct00_att_battle_34_02,1,1,fx_mn_rpct_07_v.Par_V_RPCT_HandSwing_Trail_03_LOC_INT,2,S_Mob_G_KoukuSatan1.G_KoukuSatan1_Attack14_Shot1 ; S_Mob_G_KoukuSatan1.G_KoukuSatan1_Attack14_ShotVox4,"{""Anim"": 1, ""PlayParticleEffect"": 1, ""PawnMaterialParam"": 1, ""TrailGhostEffect"": 1, ""AKEvent"": 2}",0,,,,,NORMAL,세이튼 무대 — 이동/근접 계열,MOVEMENT_OR_CONTROL
MN_RPCT_05,4219860,세이튼_고속이동 왼쪽,1,1,Att_Battle_34_04,rpct00_att_battle_34_04,1,1,fx_mn_rpct_07_v.Par_V_RPCT_HandSwing_Trail_03_LOC_INT,2,S_Mob_G_KoukuSatan1.G_KoukuSatan1_Attack14_Shot1 ; S_Mob_G_KoukuSatan1.G_KoukuSatan1_Attack14_ShotVox3,"{""Anim"": 1, ""PlayParticleEffect"": 1, ""PawnMaterialParam"": 1, ""TrailGhostEffect"": 1, ""AKEvent"": 2}",0,,,,,NORMAL,세이튼 무대 — 이동/근접 계열,MOVEMENT_OR_CONTROL
MN_RPCT_05,4219861,세이튼_고속이동 오른쪽,1,1,Att_Battle_34_03,rpct00_att_battle_34_03,1,1,fx_mn_rpct_07_v.Par_V_RPCT_HandSwing_Trail_03_LOC_INT,2,S_Mob_G_KoukuSatan1.G_KoukuSatan1_Attack14_Shot1 ; S_Mob_G_KoukuSatan1.G_KoukuSatan1_Attack14_ShotVox2,"{""Anim"": 1, ""PlayParticleEffect"": 1, ""PawnMaterialParam"": 1, ""TrailGhostEffect"": 1, ""AKEvent"": 2}",0,,,,,NORMAL,세이튼 무대 — 이동/근접 계열,MOVEMENT_OR_CONTROL
MN_RPCT_05,4219857,세이튼_순간이동 센터로 이동,2,2,Att_Phase1_1_01 ; Att_Phase1_1_06,rpct00_att_phase1_1_01 ; rpct00_att_phase1_1_06,3,3,fx_mn_rpct_05_g.Par_G_RPCT_05_Smoke_01_LOC_INT ; fx_mn_rpct_05_g.Par_G_RPCT_05_Smoke_02_LOC_INT ; fx_mn_rpct_05_g.Par_G_RPCT_Dust_01_LOC_INT,4,S_Mob_G_KoukuSatan1.G_KoukuSatan1_Attack22_Cast1 ; S_Mob_G_KoukuSatan1.G_Satan1_Attack17_CastVox1 ; S_Mob_G_KoukuSatan1.G_KoukuSatan1_Attack22_Shot1 ; S_Mob_G_KoukuSatan1.G_Satan1_Attack17_ShotVox1,"{""Anim"": 2, ""AKEvent"": 5, ""PlayParticleEffect"": 3, ""HidePawn"": 1, ""Effect"": 5}",0,KAKULSAYDON_G1_PATTERN_5,세이튼_가짜세이튼,GATE1,PRODUCT,MECHANIC,125줄 세이튼 등장 — 생성/순간이동/스폰 즉시 사라짐,MOVEMENT_OR_CONTROL
MN_RPCT_05,4219862,세이튼_06_레벨트리거 요청,2,2,Idle_Battle_1 ; Att_Phase1_1_02,rpct00_idle_battle_1 ; rpct00_att_phase1_1_02,0,0,,0,,"{""Anim"": 2, ""EmitTriggerSignal"": 1}",0,,,,,MECHANIC,카드 미로 — 레벨트리거 요청 01~06 (+RPCZ 4219794),SUMMON_OR_REQUEST
MN_RPCT_05,4219863,세이튼_슬라이딩 태클,11,11,Att_Battle_22_01 ; Att_battle_22_04 ; Att_Battle_34_05 ; Att_Battle_22_02 ; Att_Battle_22_03 ; Att_Battle_5_01 ; Idle_Battle_1,rpct00_att_battle_22_01 ; rpct00_att_battle_22_04 ; rpct00_att_battle_34_05 ; rpct00_att_battle_22_02 ; rpct00_att_battle_22_03 ; rpct00_att_battle_5_01 ; rpct00_idle_battle_1,19,10,FX_MN_BOEH_00.Par_O_BOEH_Atk_08_Dust_01 ; fx_mn_rpct_07_v.Par_V_RPCT_HandSwing_Trail_03_LOC_INT ; FX_CM_02.Light.Par_MP_Light_05_L ; fx_mn_rpct_07_v.Par_V_RPCT_dash_Atk_01_01_LOC_INT ; FX_MN_RPCT_07_V.Par_V_RPCT_BallRead_Ball_04 ; fx_mn_rpct_07_v.Par_V_RPCT_BallRead_Exp_01_LOC_INT ; FX_CM_00.Dust.Par_D_Dust_001_1 ; FX_Post.FX_Par.Par_C_ZoomBlur_01 ; fx_mn_rpct_07_v.Par_V_RPCT_shot_02_1_LOC_INT ; FX_Post.FX_Par.Par_C_ZoomBlur_03,7,S_Mob_G_KoukuSatan1.G_KoukuSatan1_Attack01_Cast1 ; S_Mob_G_KoukuSatan1.G_KoukuSatan1_Attack01_ShotVox1 ; S_Mob_G_KoukuSatan1.G_KoukuSatan1_Attack01_Shot1 ; S_Mob_G_KoukuSatan1.G_KoukuSatan1_Attack07_Cast2 ; S_Mob_G_KoukuSatan1.G_KoukuSatan1_Attack01_Shot2 ; S_Mob_G_KoukuSatan1.G_KoukuSatan1_Attack01_Shot4 ; S_Mob_G_KoukuSatan1.G_KoukuSatan1_Attack01_Shot3,"{""Anim"": 11, ""CounterAttack"": 3, ""AKEvent"": 13, ""TrailGhostEffect"": 7, ""MonsterMoveNextStage"": 5, ""PawnMaterialParam"": 4, ""PlayParticleEffect"": 19, ""Effect"": 4, ""MonsterMoveNextStageConditionSkillEffectHit"": 3, ""Rotate"": 2, ""ViewShake"": 1, ""PlayDecalEffect"": 1}",0,,,,,NORMAL,세이튼 무대 — 이동/근접 계열,
MN_RPCT_05,4219864,세이튼_서커스공 스매쉬,6,6,Att_Battle_23_01 ; Att_Battle_23_02 ; Att_Battle_23_03,rpct00_att_battle_23_01 ; rpct00_att_battle_23_02 ; rpct00_att_battle_23_03,12,5,fx_mn_rpct_07_v.Par_V_RPCT_HandSwing_Trail_01_LOC_INT ; FX_CM_02.Light.Par_MP_Light_05_L ; fx_mn_rpct_07_v.Par_V_RPCT_Potalshot_Exp_02_LOC_INT ; FX_Post.FX_Par.Par_C_ZoomBlur_03 ; FX_Post.FX_Par.Par_C_ZoomBlur_02,5,S_Mob_G_KoukuSatan1.G_KoukuSatan1_Attack02_Cast1 ; S_Mob_G_KoukuSatan1.G_KoukuSatan1_Attack02_ShotVox1 ; S_Mob_G_KoukuSatan1.G_KoukuSatan1_Attack02_Cast2 ; S_Mob_G_KoukuSatan1.G_KoukuSatan1_Attack02_Cast3 ; S_Mob_G_KoukuSatan1.G_KoukuSatan1_Attack02_Shot1,"{""Anim"": 6, ""PlayParticleEffect"": 12, ""AKEvent"": 10, ""PawnMaterialParam"": 6, ""TrailGhostEffect"": 2, ""Effect"": 16, ""MonsterMoveNextStage"": 4, ""PlayProjectileDecalEffect"": 4, ""ViewShake"": 2}",6,,,,,NORMAL,세이튼 무대 — 쇼/무기 계열,
MN_RPCT_05,4219865,세이튼_서커스공 스매쉬_스피드,3,3,Att_Battle_23_01 ; Att_Battle_23_02 ; Att_Battle_23_03,rpct00_att_battle_23_01 ; rpct00_att_battle_23_02 ; rpct00_att_battle_23_03,6,5,fx_mn_rpct_07_v.Par_V_RPCT_HandSwing_Trail_01_LOC_INT ; FX_CM_02.Light.Par_MP_Light_05_L ; fx_mn_rpct_07_v.Par_V_RPCT_Potalshot_Exp_02_LOC_INT ; FX_Post.FX_Par.Par_C_ZoomBlur_03 ; FX_Post.FX_Par.Par_C_ZoomBlur_02,5,S_Mob_G_KoukuSatan1.G_KoukuSatan1_Attack02_Cast1 ; S_Mob_G_KoukuSatan1.G_KoukuSatan1_Attack04_ShotVox1 ; S_Mob_G_KoukuSatan1.G_KoukuSatan1_Attack02_Cast2 ; S_Mob_G_KoukuSatan1.G_KoukuSatan1_Attack02_Cast3 ; S_Mob_G_KoukuSatan1.G_KoukuSatan1_Attack02_Shot1,"{""Anim"": 3, ""PlayParticleEffect"": 6, ""AKEvent"": 5, ""PawnMaterialParam"": 3, ""TrailGhostEffect"": 1, ""Effect"": 8, ""MonsterMoveNextStage"": 2, ""PlayProjectileDecalEffect"": 2, ""ViewShake"": 1}",0,,,,,NORMAL,세이튼 무대 — 쇼/무기 계열,
MN_RPCT_05,4219866,세이튼_서커스공 탑승,39,39,Att_Battle_26_01 ; Att_Battle_26_02 ; Att_Battle_26_04 ; Idle_Battle_1 ; Att_Battle_5_01,rpct00_att_battle_26_01 ; rpct00_att_battle_26_02 ; rpct00_att_battle_26_04 ; rpct00_idle_battle_1 ; rpct00_att_battle_5_01,99,7,FX_MN_RPCT_07_V.Par_V_RPCT_BallRead_Ball_02 ; fx_mn_rpct_07_v.Par_V_RPCT_BallRead_Exp_01_LOC_INT ; fx_mn_rpct_07_v.Par_V_RPCT_BallRead_Exp_03_LOC_INT ; fx_mn_rpct_07_v.Par_V_RPCT_BallRead_Ball_01_LOC_INT ; fx_mn_rpct_07_v.Par_V_RPCT_FireBreath_Breath_01_LOC_INT ; FX_CM_02.Light.Par_MP_Light_01 ; FX_MN_RPCT_07_V.Par_V_RPCT_BallRead_Ball_03,7,S_Mob_G_KoukuSatan1.G_KoukuSatan1_Attack07_Cast1 ; S_Mob_G_KoukuSatan1.G_KoukuSatan1_Attack07_ShotVox1 ; S_Mob_G_KoukuSatan1.G_KoukuSatan1_Attack07_Cast2 ; S_Mob_G_KoukuSatan1.G_KoukuSatan1_Attack07_Shot1 ; S_Mob_G_KoukuSatan1.G_KoukuSatan1_Attack07_Shot2 ; S_Mob_G_KoukuSatan1.G_KoukuSatan1_Attack07_Shot3 ; S_Mob_G_KoukuSatan1.G_KoukuSatan1_Attack03_Cast2,"{""Anim"": 39, ""AKEvent"": 24, ""PlayParticleEffect"": 99, ""CounterAttack"": 3, ""Effect"": 63, ""ViewShake"": 6, ""MonsterMoveNextStage"": 12, ""NPCSkillMove"": 27, ""MonsterMoveNextStageConditionSkillEffectHit"": 21, ""MonsterMoveNextStageConditionProbability"": 3}",0,,,,,NORMAL,세이튼 무대 — 쇼/무기 계열,
MN_RPCT_05,4219867,세이튼_리프어택,1,1,Att_Battle_37_01,rpct00_att_battle_37_01,8,8,fx_mn_rpcz_00_u.Par_U_RPCZ_CircusBomb_Trail_02_LOC_INT ; FX_MN_RPCT_07_V.Par_V_RPCT_Ball_Appear_01 ; fx_mn_rpct_07_v.Par_V_RPCT_HandSwing_Trail_03_LOC_INT ; fx_mn_rpct_07_v.Par_V_RPCT_BallRead_Exp_01_LOC_INT ; FX_Post.FX_Par.Par_C_ZoomBlur_03 ; FX_Post.FX_Par.Par_C_ZoomBlur_01 ; FX_CM_02.Light.Par_MP_Light_05_L ; fx_mn_rpct_07_v.Par_V_RPCT_jump_Exp_01_LOC_INT,5,S_Mob_G_KoukuSatan1.G_KoukuSatan1_Attack17_ShotVox1 ; S_Mob_G_KoukuSatan1.G_KoukuSatan1_Attack17_Cast1 ; S_Mob_G_KoukuSatan1.G_KoukuSatan1_Attack03_Cast2 ; S_Mob_G_KoukuSatan1.G_KoukuSatan1_Attack17_Shot1 ; S_Mob_G_KoukuSatan1.G_KoukuSatan1_Attack17_Shot2,"{""Anim"": 1, ""PlayParticleEffect"": 8, ""TrailGhostEffect"": 1, ""AKEvent"": 5, ""ViewShake"": 2, ""PawnMaterialParam"": 2, ""Effect"": 1}",0,,,,,NORMAL,세이튼 무대 — 이동/근접 계열,
MN_RPCT_05,4219868,세이튼_사라진후 내려찍기,3,3,Att_Battle_34_02 ; Att_battle_17_04 ; Att_battle_17_05,rpct00_att_battle_34_02 ; rpct00_att_battle_17_04 ; rpct00_att_battle_17_05,6,6,fx_mn_rpct_07_v.Par_V_RPCT_HandSwing_Trail_03_LOC_INT ; fx_mn_rpct_05_l.Par_L_RPCT_05_Sk_02_1_LOC_INT ; fx_mn_rpct_05_l.Par_L_RPCT_05_Trail_04_LOC_INT ; fx_mn_rpct_05_l.Par_L_RPCT_05_Sk_04_4_LOC_INT ; FX_BS_01.Trail.Par_D_Trail_23_LOC_INT ; fx_mn_rpct_05_l.Par_L_RPCT_05_Sk_04_3_LOC_INT,6,S_Mob_G_KoukuSatan1.G_KoukuSatan1_Attack19_ShotVox1 ; S_Mob_G_KoukuSatan1.G_KoukuSatan1_Attack14_Shot1 ; S_Mob_G_KoukuSatan1.G_KoukuSatan1_Attack03_Cast3 ; S_Mob_G_KoukuSatan1.G_KoukuSatan1_Attack26_Shot3 ; S_Mob_G_KoukuSatan1.G_KoukuSatan1_Attack26_Shot4 ; S_Mob_G_KoukuSatan1.G_KoukuSatan1_Attack26_Shot5,"{""Anim"": 3, ""PlayParticleEffect"": 6, ""PawnMaterialParam"": 2, ""TrailGhostEffect"": 1, ""AKEvent"": 6, ""Effect"": 8, ""MonsterMoveNextStage"": 2, ""HidePawn"": 1, ""PlayDecalEffect"": 1, ""ViewShake"": 3, ""Trails"": 1}",5,,,,,NORMAL,세이튼 무대 — 이동/근접 계열,MOVEMENT_OR_CONTROL
MN_RPCT_05,4219869,세이튼_화염링 소환,4,4,Att_Battle_17_03,rpct00_att_battle_17_03,12,3,fx_mn_rpct_05_l.Par_L_RPCT_05_Trail_03_LOC_INT ; fx_mn_rpct_05_l.Par_L_RPCT_05_Sk_04_9_LOC_INT ; fx_mn_rpct_05_l.Par_L_RPCT_05_Sk_02_1_LOC_INT,3,S_Mob_G_KoukuSatan1.G_KoukuSatan1_Attack32_Cast1 ; S_Mob_G_KoukuSatan1.G_KoukuSatan1_Attack32_ShotVox1 ; S_Mob_G_KoukuSatan1.G_KoukuSatan1_Attack32_Shot1,"{""Anim"": 4, ""PawnMaterialParam"": 4, ""AKEvent"": 11, ""PlayParticleEffect"": 12, ""Effect"": 41, ""ViewShake"": 4, ""MonsterMoveNextStageConditionChangeTarget"": 2, ""HidePawn"": 4, ""LookTarget"": 2}",0,,,,,NORMAL,세이튼 무대 — 쇼/무기 계열,SUMMON_OR_REQUEST
MN_RPCT_05,4219870,세이튼_순간이동 공격,14,14,Att_Battle_5_01 ; Att_Battle_5_02 ; Att_Battle_5_03 ; Idle_Battle_1 ; Att_Phase1_1_06,rpct00_att_battle_5_01 ; rpct00_att_battle_5_02 ; rpct00_att_battle_5_03 ; rpct00_idle_battle_1 ; rpct00_att_phase1_1_06,33,7,FX_CM_00.Dust.Par_D_Dust_007_pr ; fx_mn_rpct_07_v.Par_V_RPCT_HandSwing_Trail_03_LOC_INT ; FX_BS_01.Trail.Par_D_Trail_23_LOC_INT ; FX_CM_00.Dust.Par_D_Dust_002_pr ; fx_cm_01.Debris.Par_D_Debris_003 ; fx_mn_rpct_05_l.Par_L_RPCT_05_Sk_02_1_LOC_INT ; fx_mn_rpct_05_g.Par_G_RPCT_Dust_01_LOC_INT,8,S_Mob_G_KoukuSatan1.G_KoukuSatan1_Attack19_ShotVox1 ; S_Mob_G_KoukuSatan1.G_KoukuSatan1_Attack19_Cast1 ; S_Mob_G_KoukuSatan1.G_KoukuSatan1_Attack19_Shot1 ; S_Mob_G_KoukuSatan1.G_KoukuSatan1_Attack19_Shot2 ; S_Mob_G_KoukuSatan1.G_KoukuSatan1_Attack19_Shot3 ; S_Mob_G_KoukuSatan1.G_KoukuSatan1_Attack22_Shot2 ; S_Mob_G_KoukuSatan1.G_KoukuSatan1_Attack03_Cast2 ; S_Mob_G_KoukuSatan1.G_KoukuSatan1_Attack03_Cast3,"{""Anim"": 14, ""AKEvent"": 29, ""MonsterMoveNextStage"": 11, ""PlayParticleEffect"": 33, ""Trails"": 15, ""Effect"": 26, ""PawnMaterialParam"": 3, ""MonsterMoveNextStageConditionChangeTarget"": 1, ""HidePawn"": 7, ""LookTarget"": 2, ""MonsterMoveNextStageConditionProbability"": 1}",0,,,,,NORMAL,세이튼 무대 — 이동/근접 계열,MOVEMENT_OR_CONTROL
MN_RPCT_05,4219871,세이튼_광기의 불길A,6,5,Att_Battle_30_01 ; Att_Battle_30_04,rpct00_att_battle_30_01 ; rpct00_att_battle_30_04,15,2,FX_MN_RPCT_07_V.Par_V_PPCT_spot_Dance_01 ; fx_mn_rpct_07_v.Par_V_RPCT_HandSwing_Trail_01_LOC_INT,4,S_Mob_G_KoukuSatan1.G_KoukuSatan1_Attack11_Cast1 ; S_Mob_G_KoukuSatan1.G_KoukuSatan1_Attack11_ShotVox1 ; S_Mob_G_KoukuSatan1.G_KoukuSatan1_Attack11_Cast2 ; S_Mob_G_KoukuSatan1.G_KoukuSatan1_Attack11_Shot1,"{""Anim"": 5, ""PlayParticleEffect"": 15, ""AKEvent"": 12, ""Effect"": 16, ""TrailGhostEffect"": 3, ""PawnMaterialParam"": 3, ""MonsterMoveNextStageConditionProbability"": 1, ""MonsterMoveNextStage"": 2}",0,,,,,NORMAL,세이튼 무대 — 이동/근접 계열,
MN_RPCT_05,4219872,세이튼_광기의 불길B,9,8,Att_Battle_30_01 ; Att_Battle_30_02 ; Att_Battle_30_04,rpct00_att_battle_30_01 ; rpct00_att_battle_30_02 ; rpct00_att_battle_30_04,30,2,FX_MN_RPCT_07_V.Par_V_PPCT_spot_Dance_01 ; fx_mn_rpct_07_v.Par_V_RPCT_HandSwing_Trail_01_LOC_INT,4,S_Mob_G_KoukuSatan1.G_KoukuSatan1_Attack11_Cast1 ; S_Mob_G_KoukuSatan1.G_KoukuSatan1_Attack11_ShotVox1 ; S_Mob_G_KoukuSatan1.G_KoukuSatan1_Attack11_Cast2 ; S_Mob_G_KoukuSatan1.G_KoukuSatan1_Attack11_Shot1,"{""Anim"": 8, ""PlayParticleEffect"": 30, ""AKEvent"": 24, ""Effect"": 32, ""TrailGhostEffect"": 6, ""PawnMaterialParam"": 6, ""MonsterMoveNextStageConditionProbability"": 1, ""MonsterMoveNextStage"": 4}",0,,,,,NORMAL,세이튼 무대 — 이동/근접 계열,
MN_RPCT_05,4219873,세이튼_초강력 바람 방구_전방,4,4,Idle_Battle_1 ; Att_Battle_36_01 ; Att_Battle_5_01,rpct00_idle_battle_1 ; rpct00_att_battle_36_01 ; rpct00_att_battle_5_01,7,7,FX_MN_RPCT_07_V.Par_V_RPCT_coming_shot_cast_01 ; FX_MN_RPCT_07_V.Par_V_RPCT_Gas_Cast_02 ; FX_CM_02.Light.Par_MP_Light_05_L ; FX_MN_RPCT_07_V.Par_V_RPCT_back_Atk_01 ; FX_Post.FX_Par.Par_C_ZoomBlur_03 ; FX_Post.FX_Par.Par_C_ZoomBlur_01 ; FX_MN_RPCT_07_V.Par_V_RPCT_Back_Shot_Dust_Atk_02,4,S_Mob_G_KoukuSatan1.G_KoukuSatan1_Attack16_Cast1 ; S_Mob_G_KoukuSatan1.G_KoukuSatan1_Attack16_ShotVox1 ; S_Mob_G_KoukuSatan1.G_KoukuSatan1_Attack16_Cast2 ; S_Mob_G_KoukuSatan1.G_KoukuSatan1_Attack16_Shot1,"{""Anim"": 4, ""Rotate"": 2, ""MonsterMoveNextStage"": 2, ""AKEvent"": 4, ""PlayParticleEffect"": 7, ""ViewShake"": 2, ""PawnMaterialParam"": 1, ""Effect"": 1, ""MonsterMoveNextStageConditionSkillEffectHit"": 1}",0,,,,,NORMAL,세이튼 무대 — 이동/근접 계열,
MN_RPCT_05,4219874,세이튼_인형 대상자 집중 공격,4,4,Att_Battle_12_05 ; Att_Battle_13_01 ; Att_battle_13_02,rpct00_att_battle_12_05 ; rpct00_att_battle_13_01 ; rpct00_att_battle_13_02,13,5,FX_MN_RPCT_05_G.Par_G_RPCT_05_Dance_Light_01 ; fx_mn_rpct_05_g.Par_G_RPCT_05_Dance_Hand_Trail_01_LOC_INT ; fx_mn_rpct_05_g.Par_G_RPCT_05_Dance_Aura_01_LOC_INT ; fx_mn_rpct_05_g.Par_G_RPCT_05_Dance_Aura_02_LOC_INT ; FX_MN_RPCT_05_G.Par_G_RPCT_05_Dance_FingerPoint_01,4,S_Mob_G_KoukuSatan1.G_Satan1_Attack12_ShotVox1 ; S_Mob_G_KoukuSatan1.G_Satan1_Attack03_Shot2 ; S_Mob_G_KoukuSatan1.G_Satan1_Attack12_Shot1 ; S_Mob_G_KoukuSatan1.G_Satan1_Attack03_Shot3,"{""Anim"": 4, ""MonsterMoveNextStage"": 1, ""PlayParticleEffect"": 13, ""AKEvent"": 4, ""Effect"": 3, ""MonsterMoveNextStageConditionChangeTarget"": 1}",0,,,,,MECHANIC,50줄 룰렛 — 세이튼(MN_RPCT_05) 서커스 룰렛 시작/대기/춤A/춤B + 결과 분기,
MN_RPCT_05,4219875,세이튼_슬라이딩 태클_2연속,10,10,Att_Battle_22_01 ; Att_battle_22_04 ; Att_Battle_34_01 ; Idle_Battle_1 ; Att_Battle_34_05,rpct00_att_battle_22_01 ; rpct00_att_battle_22_04 ; rpct00_att_battle_34_01 ; rpct00_idle_battle_1 ; rpct00_att_battle_34_05,10,4,FX_MN_BOEH_00.Par_O_BOEH_Atk_08_Dust_01 ; fx_mn_rpct_07_v.Par_V_RPCT_HandSwing_Trail_03_LOC_INT ; FX_CM_02.Light.Par_MP_Light_05_L ; fx_mn_rpct_07_v.Par_V_RPCT_dash_Atk_01_01_LOC_INT,4,S_Mob_G_KoukuSatan1.G_KoukuSatan1_Attack01_Cast1 ; S_Mob_G_KoukuSatan1.G_KoukuSatan1_Attack01_ShotVox1 ; S_Mob_G_KoukuSatan1.G_KoukuSatan1_Attack01_Shot1 ; S_Mob_G_KoukuSatan1.G_KoukuSatan1_Attack14_Shot1,"{""Anim"": 10, ""AKEvent"": 8, ""TrailGhostEffect"": 6, ""CounterAttack"": 2, ""MonsterMoveNextStage"": 5, ""PawnMaterialParam"": 4, ""PlayParticleEffect"": 10, ""Effect"": 2, ""MonsterMoveNextStageConditionChangeTarget"": 1, ""LookTarget"": 1, ""MonsterMoveNextStageConditionSkillEffectHit"": 1, ""Rotate"": 1}",0,,,,,NORMAL,세이튼 무대 — 이동/근접 계열,
MN_RPCT_05,4219876,세이튼_눈에서 레이져빔 발사,7,7,Att_Battle_35_01 ; Att_Battle_35_04 ; Att_Battle_35_03 ; Att_Battle_35_02,rpct00_att_battle_35_01 ; rpct00_att_battle_35_04 ; rpct00_att_battle_35_03 ; rpct00_att_battle_35_02,19,6,fx_mn_rpct_07_v.Par_V_RPCT_EyeCast_01_LOC_INT ; FX_Post.FX_Par.Par_C_ZoomBlur_03 ; FX_CM_02.Light.Par_MP_Light_04 ; FX_MN_PTCK_00.Par_O_PTCK_Atk_04_Dust_01 ; fx_mn_rpct_07_v.Par_V_RPCT_EYE_Atk_01_LOC_INT ; fx_mn_rpct_07_v.Par_V_RPCT_EYE_Atk_02_LOC_INT,4,S_Mob_G_KoukuSatan1.G_KoukuSatan1_Attack15_Cast1 ; S_Mob_G_KoukuSatan1.G_KoukuSatan1_Attack15_ShotVox1 ; S_Mob_G_KoukuSatan1.G_KoukuSatan1_Attack15_Cast2 ; S_Mob_G_KoukuSatan1.G_KoukuSatan1_Attack15_Shot1,"{""Anim"": 7, ""AKEvent"": 13, ""PlayParticleEffect"": 19, ""Effect"": 14, ""ViewShake"": 4, ""MonsterMoveNextStageConditionProbability"": 1, ""PlayDecalEffect"": 1}",1,,,,,MECHANIC,레이저(레이더) — 세이튼 레이져 쇼 A~D(30 stage) / 눈 레이저 / 대형 세이튼 광선,
MN_RPCT_05,4219877,세이튼_내려치기C,1,1,Att_Battle_1_01,rpct00_att_battle_1_01,5,6,fx_mn_rpct_05_g.Par_G_RPCT_05_Wand_01_LOC_INT ; FX_BS_01.Trail.Par_D_Trail_23_LOC_INT ; FX_CM_00.Dust.Par_D_Dust_007_pr ; fx_cm_01.Distortion.Par_MP_ConcaveDis_Z_01 ; fx_cm_01.Decal.Par_D_Decal_02 ; fx_mn_rpct_05_g.Par_G_RPCT_05_Hit_LOC_INT,3,S_Mob_G_KoukuSatan1.G_Satan1_Attack16_Cast1 ; S_Mob_G_KoukuSatan1.G_Satan1_Attack16_ShotVox2 ; S_Mob_G_KoukuSatan1.G_Satan1_Attack16_Shot1,"{""Anim"": 1, ""PlayParticleEffect"": 5, ""AKEvent"": 3, ""Trails"": 1, ""Effect"": 1}",0,,,,,NORMAL,세이튼 무대 — 이동/근접 계열,
MN_RPCT_05,4219878,세이튼_초강력 바람 방구_후방,3,3,Att_Battle_36_01 ; Att_Battle_5_01 ; Idle_Battle_1,rpct00_att_battle_36_01 ; rpct00_att_battle_5_01 ; rpct00_idle_battle_1,6,6,fx_mn_rpct_07_v.Par_V_RPCT_Gas_Cast_01_LOC_INT ; FX_CM_02.Light.Par_MP_Light_05_L ; FX_MN_RPCT_07_V.Par_V_RPCT_back_Atk_01 ; FX_Post.FX_Par.Par_C_ZoomBlur_03 ; FX_Post.FX_Par.Par_C_ZoomBlur_01 ; FX_MN_RPCT_07_V.Par_V_RPCT_Back_Shot_Dust_Atk_02,4,S_Mob_G_KoukuSatan1.G_KoukuSatan1_Attack16_Cast1 ; S_Mob_G_KoukuSatan1.G_KoukuSatan1_Attack16_ShotVox1 ; S_Mob_G_KoukuSatan1.G_KoukuSatan1_Attack16_Cast2 ; S_Mob_G_KoukuSatan1.G_KoukuSatan1_Attack16_Shot1,"{""Anim"": 3, ""AKEvent"": 4, ""PlayParticleEffect"": 6, ""ViewShake"": 2, ""PawnMaterialParam"": 1, ""Effect"": 1, ""MonsterMoveNextStageConditionSkillEffectHit"": 1, ""Rotate"": 1, ""MonsterMoveNextStage"": 1}",0,,,,,NORMAL,세이튼 무대 — 이동/근접 계열,
MN_RPCT_05,4219879,댄스타임 준비,2,2,Att_Battle_25_01 ; Idle_Battle_1,rpct00_att_battle_25_01 ; rpct00_idle_battle_1,11,6,FX_MN_RPCT_07_V.Par_V_PPCT_spot_Dance_01 ; fx_mn_rpct_07_v.Par_V_RPCT_HandSwing_Trail_01_LOC_INT ; FX_CM_02.Light.Par_MP_Light_01 ; FX_BS_04.State.Par_J_ExMove_01 ; FX_CM_02.Light.Par_MP_Light_05_L ; fx_mn_rpct_07_v.Par_V_RPCT_BallRead_Exp_01_LOC_INT,6,S_Mob_G_KoukuSatan1.G_KoukuSatan1_Attack05_Shot2 ; S_Mob_G_KoukuSatan1.G_KoukuSatan1_Attack05_Cast2 ; S_Mob_G_KoukuSatan1.G_KoukuSatan1_Attack05_CastVox1 ; S_Mob_G_KoukuSatan1.G_KoukuSatan1_Attack05_Cast1 ; S_Mob_G_KoukuSatan1.G_KoukuSatan1_Attack03_Cast2 ; S_Mob_G_KoukuSatan1.G_KoukuSatan1_Attack03_Cast3,"{""Anim"": 2, ""PlayParticleEffect"": 11, ""DominantDirectionalLight_Control"": 1, ""PawnMaterialParam"": 2, ""AKEvent"": 6, ""EmitTriggerSignal"": 1, ""Effect"": 9, ""HidePawn"": 2, ""ViewShake"": 2, ""MonsterMoveNextStage"": 1}",0,,,,,MECHANIC,85줄 댄스타임 — 세이튼(MN_RPCT_05) 4종 춤 249-stage 본편과 리허설,
MN_RPCT_05,4219880,쿠크세이튼_쿠크세이튼과 함께 춤을_4초,249,249,Att_Battle_25_02 ; Att_Battle_25_03_Start ; Att_Battle_25_03_Loop ; Att_Battle_25_03_End ; Att_Battle_25_04_Start ; Att_Battle_25_04_Loop ; Att_Battle_25_04_End ; Att_Battle_25_05_Start ; Att_Battle_25_05_Loop ; Att_Battle_25_05_End ; Att_Battle_25_06_Start ; Att_Battle_25_06_Loop ; Att_Battle_25_06_End ; Turn_L_1 ; Att_Battle_25_07 ; Att_Battle_20_03 ; Att_Battle_20_04,rpct00_att_battle_25_02 ; rpct00_att_battle_25_03_start ; rpct00_att_battle_25_03_loop ; rpct00_att_battle_25_03_end ; rpct00_att_battle_25_04_start ; rpct00_att_battle_25_04_loop ; rpct00_att_battle_25_04_end ; rpct00_att_battle_25_05_start ; rpct00_att_battle_25_05_loop ; rpct00_att_battle_25_05_end ; rpct00_att_battle_25_06_start ; rpct00_att_battle_25_06_loop ; rpct00_att_battle_25_06_end ; rpct00_turn_l_1 ; rpct00_att_battle_25_07 ; rpct00_att_battle_20_03 ; rpct00_att_battle_20_04,346,14,fx_mn_rpct_07_v.Par_V_RPCT_HandSwing_Trail_01_LOC_INT ; fx_mn_rpct_07_v.Par_V_RPCT_dance_Cast_01_LOC_INT ; FX_MN_RPCT_07_V.Par_V_RPCT_Dance_shot_01 ; fx_mn_rpct_07_v.Par_V_RPCT_hand_shot_01_LOC_INT ; fx_mn_rpct_05_l.Par_L_RPCT_05_Sk_07_LOC_INT ; fx_mn_rpct_05_l.Par_L_RPCT_05_Sk_02_1_LOC_INT ; fx_mn_rpct_05_l.Par_L_RPCT_05_Sk_07_11_LOC_INT ; fx_mn_rpct_05_l.Par_L_RPCT_05_Sk_07_10_LOC_INT ; fx_mn_rpct_05_l.Par_L_RPCT_05_Sk_07_2_LOC_INT ; FX_MN_RPCT_05_L.Par_L_RPCT_05_Sk_06_5 ; FX_MN_RPCT_05_L.Par_L_RPCT_05_Sk_07_1 ; FX_MN_RPCT_05_L.Par_L_RPCT_05_Sk_07_3 ; fx_mn_rpct_05_l.Par_L_RPCT_05_Sk_07_9_LOC_INT ; fx_mn_rpct_05_l.Par_L_RPCT_05_Sk_07_8_LOC_INT,10,S_Mob_G_KoukuSatan1.G_KoukuSatan1_Attack05_CastVox1 ; S_Mob_G_KoukuSatan1.G_KoukuSatan1_Attack05_Shot4 ; S_Mob_G_KoukuSatan1.G_KoukuSatan1_Attack06_Cast1 ; S_Mob_G_KoukuSatan1.G_KoukuSatan1_Attack06_ShotVox1 ; S_Mob_G_KoukuSatan1.G_KoukuSatan1_Attack06_Shot1 ; S_Mob_G_KoukuSatan1.G_KoukuSatan1_Attack05_CastVox2 ; S_Mob_G_KoukuSatan1.G_KoukuSatan1_Attack06_ShotVox2 ; S_Mob_G_KoukuSatan1.G_Satan1_Attack07_ShotVox2 ; S_Mob_G_KoukuSatan1.G_Satan1_Attack07_Cast5 ; S_Mob_G_KoukuSatan1.G_Satan1_Attack07_Shot3,"{""MonsterMoveNextStageConditionProbability"": 49, ""Anim"": 249, ""ToggleNpcDirectionGuideFx"": 8, ""AKEvent"": 396, ""PlayParticleEffect"": 346, ""PawnMaterialParam"": 192, ""MonsterMoveNextStage"": 196, ""Effect"": 139, ""Rotate"": 12, ""PlayDecalEffect"": 2, ""HidePawn"": 2, ""ViewShake"": 2}",266,,,,,MECHANIC,85줄 댄스타임 — 세이튼(MN_RPCT_05) 4종 춤 249-stage 본편과 리허설,
MN_RPCT_05,4219881,쿠크세이튼_쿠크세이튼과 함께 춤을_3초,249,249,Att_Battle_25_02 ; Att_Battle_25_03_Start ; Att_Battle_25_03_Loop ; Att_Battle_25_03_End ; Att_Battle_25_04_Start ; Att_Battle_25_04_Loop ; Att_Battle_25_04_End ; Att_Battle_25_05_Start ; Att_Battle_25_05_Loop ; Att_Battle_25_05_End ; Att_Battle_25_06_Start ; Att_Battle_25_06_Loop ; Att_Battle_25_06_End ; Turn_L_1 ; Att_Battle_25_07 ; Att_Battle_20_04 ; Att_Battle_20_03,rpct00_att_battle_25_02 ; rpct00_att_battle_25_03_start ; rpct00_att_battle_25_03_loop ; rpct00_att_battle_25_03_end ; rpct00_att_battle_25_04_start ; rpct00_att_battle_25_04_loop ; rpct00_att_battle_25_04_end ; rpct00_att_battle_25_05_start ; rpct00_att_battle_25_05_loop ; rpct00_att_battle_25_05_end ; rpct00_att_battle_25_06_start ; rpct00_att_battle_25_06_loop ; rpct00_att_battle_25_06_end ; rpct00_turn_l_1 ; rpct00_att_battle_25_07 ; rpct00_att_battle_20_04 ; rpct00_att_battle_20_03,346,14,fx_mn_rpct_07_v.Par_V_RPCT_HandSwing_Trail_01_LOC_INT ; fx_mn_rpct_07_v.Par_V_RPCT_dance_Cast_01_LOC_INT ; FX_MN_RPCT_07_V.Par_V_RPCT_Dance_shot_01 ; fx_mn_rpct_07_v.Par_V_RPCT_hand_shot_01_LOC_INT ; FX_MN_RPCT_05_L.Par_L_RPCT_05_Sk_06_5 ; fx_mn_rpct_05_l.Par_L_RPCT_05_Sk_07_9_LOC_INT ; fx_mn_rpct_05_l.Par_L_RPCT_05_Sk_07_8_LOC_INT ; fx_mn_rpct_05_l.Par_L_RPCT_05_Sk_07_LOC_INT ; fx_mn_rpct_05_l.Par_L_RPCT_05_Sk_02_1_LOC_INT ; fx_mn_rpct_05_l.Par_L_RPCT_05_Sk_07_11_LOC_INT ; fx_mn_rpct_05_l.Par_L_RPCT_05_Sk_07_2_LOC_INT ; FX_MN_RPCT_05_L.Par_L_RPCT_05_Sk_07_1 ; FX_MN_RPCT_05_L.Par_L_RPCT_05_Sk_07_3 ; fx_mn_rpct_05_l.Par_L_RPCT_05_Sk_07_10_LOC_INT,10,S_Mob_G_KoukuSatan1.G_KoukuSatan1_Attack05_CastVox1 ; S_Mob_G_KoukuSatan1.G_KoukuSatan1_Attack05_Shot4 ; S_Mob_G_KoukuSatan1.G_KoukuSatan1_Attack06_Cast1 ; S_Mob_G_KoukuSatan1.G_KoukuSatan1_Attack06_ShotVox1 ; S_Mob_G_KoukuSatan1.G_KoukuSatan1_Attack06_Shot1 ; S_Mob_G_KoukuSatan1.G_KoukuSatan1_Attack05_CastVox2 ; S_Mob_G_KoukuSatan1.G_KoukuSatan1_Attack06_ShotVox2 ; S_Mob_G_KoukuSatan1.G_Satan1_Attack07_ShotVox2 ; S_Mob_G_KoukuSatan1.G_Satan1_Attack07_Cast5 ; S_Mob_G_KoukuSatan1.G_Satan1_Attack07_Shot3,"{""MonsterMoveNextStageConditionProbability"": 49, ""Anim"": 249, ""ToggleNpcDirectionGuideFx"": 8, ""AKEvent"": 396, ""PlayParticleEffect"": 346, ""PawnMaterialParam"": 192, ""MonsterMoveNextStage"": 196, ""Effect"": 139, ""Rotate"": 12, ""PlayDecalEffect"": 2, ""HidePawn"": 2, ""ViewShake"": 2}",264,,,,,MECHANIC,85줄 댄스타임 — 세이튼(MN_RPCT_05) 4종 춤 249-stage 본편과 리허설,
MN_RPCT_05,4219882,쿠크세이튼_쿠크세이튼과 함께 춤을_2초,249,249,Att_Battle_25_02 ; Att_Battle_25_03_Start ; Att_Battle_25_03_Loop ; Att_Battle_25_03_End ; Att_Battle_25_04_Start ; Att_Battle_25_04_Loop ; Att_Battle_25_04_End ; Att_Battle_25_05_Start ; Att_Battle_25_05_Loop ; Att_Battle_25_05_End ; Att_Battle_25_06_Start ; Att_Battle_25_06_Loop ; Att_Battle_25_06_End ; Turn_L_1 ; Att_Battle_25_07 ; Att_Battle_20_04 ; Att_Battle_20_03,rpct00_att_battle_25_02 ; rpct00_att_battle_25_03_start ; rpct00_att_battle_25_03_loop ; rpct00_att_battle_25_03_end ; rpct00_att_battle_25_04_start ; rpct00_att_battle_25_04_loop ; rpct00_att_battle_25_04_end ; rpct00_att_battle_25_05_start ; rpct00_att_battle_25_05_loop ; rpct00_att_battle_25_05_end ; rpct00_att_battle_25_06_start ; rpct00_att_battle_25_06_loop ; rpct00_att_battle_25_06_end ; rpct00_turn_l_1 ; rpct00_att_battle_25_07 ; rpct00_att_battle_20_04 ; rpct00_att_battle_20_03,346,14,fx_mn_rpct_07_v.Par_V_RPCT_HandSwing_Trail_01_LOC_INT ; fx_mn_rpct_07_v.Par_V_RPCT_dance_Cast_01_LOC_INT ; FX_MN_RPCT_07_V.Par_V_RPCT_Dance_shot_01 ; fx_mn_rpct_07_v.Par_V_RPCT_hand_shot_01_LOC_INT ; fx_mn_rpct_05_l.Par_L_RPCT_05_Sk_07_2_LOC_INT ; FX_MN_RPCT_05_L.Par_L_RPCT_05_Sk_06_5 ; FX_MN_RPCT_05_L.Par_L_RPCT_05_Sk_07_1 ; FX_MN_RPCT_05_L.Par_L_RPCT_05_Sk_07_3 ; fx_mn_rpct_05_l.Par_L_RPCT_05_Sk_07_LOC_INT ; fx_mn_rpct_05_l.Par_L_RPCT_05_Sk_02_1_LOC_INT ; fx_mn_rpct_05_l.Par_L_RPCT_05_Sk_07_10_LOC_INT ; fx_mn_rpct_05_l.Par_L_RPCT_05_Sk_07_11_LOC_INT ; fx_mn_rpct_05_l.Par_L_RPCT_05_Sk_07_9_LOC_INT ; fx_mn_rpct_05_l.Par_L_RPCT_05_Sk_07_8_LOC_INT,10,S_Mob_G_KoukuSatan1.G_KoukuSatan1_Attack05_CastVox1 ; S_Mob_G_KoukuSatan1.G_KoukuSatan1_Attack05_Shot4 ; S_Mob_G_KoukuSatan1.G_KoukuSatan1_Attack06_Cast1 ; S_Mob_G_KoukuSatan1.G_KoukuSatan1_Attack06_ShotVox1 ; S_Mob_G_KoukuSatan1.G_KoukuSatan1_Attack06_Shot1 ; S_Mob_G_KoukuSatan1.G_KoukuSatan1_Attack05_CastVox2 ; S_Mob_G_KoukuSatan1.G_KoukuSatan1_Attack06_ShotVox2 ; S_Mob_G_KoukuSatan1.G_Satan1_Attack07_ShotVox2 ; S_Mob_G_KoukuSatan1.G_Satan1_Attack07_Cast5 ; S_Mob_G_KoukuSatan1.G_Satan1_Attack07_Shot3,"{""MonsterMoveNextStageConditionProbability"": 49, ""Anim"": 249, ""ToggleNpcDirectionGuideFx"": 8, ""AKEvent"": 396, ""PlayParticleEffect"": 346, ""PawnMaterialParam"": 192, ""MonsterMoveNextStage"": 196, ""Effect"": 139, ""Rotate"": 12, ""PlayDecalEffect"": 2, ""HidePawn"": 2, ""ViewShake"": 2}",266,,,,,MECHANIC,85줄 댄스타임 — 세이튼(MN_RPCT_05) 4종 춤 249-stage 본편과 리허설,
MN_RPCT_05,4219883,쿠크세이튼_쿠크세이튼과 함께 춤을_2초_B,249,249,Att_Battle_25_02 ; Att_Battle_25_03_Start ; Att_Battle_25_03_Loop ; Att_Battle_25_03_End ; Att_Battle_25_04_Start ; Att_Battle_25_04_Loop ; Att_Battle_25_04_End ; Att_Battle_25_05_Start ; Att_Battle_25_05_Loop ; Att_Battle_25_05_End ; Att_Battle_25_06_Start ; Att_Battle_25_06_Loop ; Att_Battle_25_06_End ; Turn_L_1 ; Att_Battle_25_07 ; Att_Battle_20_04 ; Att_Battle_20_03,rpct00_att_battle_25_02 ; rpct00_att_battle_25_03_start ; rpct00_att_battle_25_03_loop ; rpct00_att_battle_25_03_end ; rpct00_att_battle_25_04_start ; rpct00_att_battle_25_04_loop ; rpct00_att_battle_25_04_end ; rpct00_att_battle_25_05_start ; rpct00_att_battle_25_05_loop ; rpct00_att_battle_25_05_end ; rpct00_att_battle_25_06_start ; rpct00_att_battle_25_06_loop ; rpct00_att_battle_25_06_end ; rpct00_turn_l_1 ; rpct00_att_battle_25_07 ; rpct00_att_battle_20_04 ; rpct00_att_battle_20_03,346,14,fx_mn_rpct_07_v.Par_V_RPCT_HandSwing_Trail_01_LOC_INT ; fx_mn_rpct_07_v.Par_V_RPCT_dance_Cast_01_LOC_INT ; FX_MN_RPCT_07_V.Par_V_RPCT_Dance_shot_01 ; fx_mn_rpct_07_v.Par_V_RPCT_hand_shot_01_LOC_INT ; FX_MN_RPCT_05_L.Par_L_RPCT_05_Sk_06_5 ; fx_mn_rpct_05_l.Par_L_RPCT_05_Sk_07_9_LOC_INT ; fx_mn_rpct_05_l.Par_L_RPCT_05_Sk_07_8_LOC_INT ; fx_mn_rpct_05_l.Par_L_RPCT_05_Sk_07_LOC_INT ; fx_mn_rpct_05_l.Par_L_RPCT_05_Sk_02_1_LOC_INT ; fx_mn_rpct_05_l.Par_L_RPCT_05_Sk_07_10_LOC_INT ; fx_mn_rpct_05_l.Par_L_RPCT_05_Sk_07_11_LOC_INT ; fx_mn_rpct_05_l.Par_L_RPCT_05_Sk_07_2_LOC_INT ; FX_MN_RPCT_05_L.Par_L_RPCT_05_Sk_07_1 ; FX_MN_RPCT_05_L.Par_L_RPCT_05_Sk_07_3,10,S_Mob_G_KoukuSatan1.G_KoukuSatan1_Attack05_CastVox1 ; S_Mob_G_KoukuSatan1.G_KoukuSatan1_Attack05_Shot4 ; S_Mob_G_KoukuSatan1.G_KoukuSatan1_Attack06_Cast1 ; S_Mob_G_KoukuSatan1.G_KoukuSatan1_Attack06_ShotVox1 ; S_Mob_G_KoukuSatan1.G_KoukuSatan1_Attack06_Shot1 ; S_Mob_G_KoukuSatan1.G_KoukuSatan1_Attack05_CastVox2 ; S_Mob_G_KoukuSatan1.G_KoukuSatan1_Attack06_ShotVox2 ; S_Mob_G_KoukuSatan1.G_Satan1_Attack07_ShotVox2 ; S_Mob_G_KoukuSatan1.G_Satan1_Attack07_Cast5 ; S_Mob_G_KoukuSatan1.G_Satan1_Attack07_Shot3,"{""MonsterMoveNextStageConditionProbability"": 49, ""Anim"": 249, ""ToggleNpcDirectionGuideFx"": 8, ""AKEvent"": 396, ""PlayParticleEffect"": 346, ""PawnMaterialParam"": 192, ""MonsterMoveNextStage"": 196, ""Effect"": 139, ""Rotate"": 24, ""PlayDecalEffect"": 2, ""HidePawn"": 2, ""ViewShake"": 2}",264,,,,,MECHANIC,85줄 댄스타임 — 세이튼(MN_RPCT_05) 4종 춤 249-stage 본편과 리허설,
MN_RPCT_05,4219884,댄스타임 대기,2,2,Att_Battle_25_02,rpct00_att_battle_25_02,2,1,fx_mn_rpct_07_v.Par_V_RPCT_hand_shot_01_LOC_INT,4,S_Mob_G_KoukuSatan1.G_KoukuSatan1_Attack05_Cast2 ; S_Mob_G_KoukuSatan1.G_KoukuSatan1_Attack05_Shot3 ; S_Mob_G_KoukuSatan1.G_KoukuSatan1_Attack05_Shot4 ; S_Mob_G_KoukuSatan1.G_KoukuSatan1_Attack05_ShotVox1,"{""Anim"": 2, ""HidePawn"": 2, ""Effect"": 20, ""ToggleNpcDirectionGuideFx"": 2, ""AKEvent"": 8, ""PlayParticleEffect"": 2}",6,,,,,MECHANIC,85줄 댄스타임 — 세이튼(MN_RPCT_05) 4종 춤 249-stage 본편과 리허설,
MN_RPCT_05,4219885,폭탄해체 놀이,4,4,Att_Battle_13_04 ; Att_Battle_25_02 ; Att_battle_13_02 ; Att_Battle_25_01,rpct00_att_battle_13_04 ; rpct00_att_battle_25_02 ; rpct00_att_battle_13_02 ; rpct00_att_battle_25_01,21,12,FX_MN_RPCT_05_G.Par_G_RPCT_05_Dance_Light_01 ; fx_mn_rpct_05_g.Par_G_RPCT_05_Dance_Hand_Trail_01_LOC_INT ; fx_mn_rpct_05_g.Par_G_RPCT_05_Dance_Aura_01_LOC_INT ; fx_mn_rpct_05_g.Par_G_RPCT_05_Dance_Aura_02_LOC_INT ; fx_mn_rpct_07_v.Par_V_RPCT_hand_shot_01_LOC_INT ; FX_MN_RPCT_05_G.Par_G_RPCT_05_Dance_FingerPoint_01 ; FX_MN_RPCT_07_V.Par_V_PPCT_spot_Dance_01 ; fx_mn_rpct_07_v.Par_V_RPCT_HandSwing_Trail_01_LOC_INT ; FX_CM_02.Light.Par_MP_Light_01 ; FX_BS_04.State.Par_J_ExMove_01 ; FX_CM_02.Light.Par_MP_Light_05_L ; fx_mn_rpct_07_v.Par_V_RPCT_BallRead_Exp_01_LOC_INT,12,S_Mob_G_KoukuSatan1.G_Satan1_Attack12_ShotVox1 ; S_Mob_G_KoukuSatan1.G_Satan1_Attack03_Shot2 ; S_Mob_G_KoukuSatan1.G_Satan1_Attack12_Shot2 ; S_Mob_G_KoukuSatan1.G_Satan1_Attack03_Shot3 ; S_Mob_G_KoukuSatan1.G_KoukuSatan1_Attack05_Shot4 ; S_Mob_G_KoukuSatan1.G_KoukuSatan1_Attack05_ShotVox1 ; S_Mob_G_KoukuSatan1.G_Satan1_Attack02_Cast3 ; S_Mob_G_KoukuSatan1.G_KoukuSatan1_Attack05_Shot2 ; S_Mob_G_KoukuSatan1.G_KoukuSatan1_Attack05_Cast2 ; S_Mob_G_KoukuSatan1.G_KoukuSatan1_Attack05_CastVox1 ; S_Mob_G_KoukuSatan1.G_KoukuSatan1_Attack05_Cast1 ; S_Mob_G_KoukuSatan1.G_KoukuSatan1_Attack03_Cast2,"{""Anim"": 4, ""PlayParticleEffect"": 21, ""Effect"": 7, ""AKEvent"": 12, ""MonsterMoveNextStage"": 3, ""HidePawn"": 2, ""DominantDirectionalLight_Control"": 1, ""PawnMaterialParam"": 2, ""ViewShake"": 1}",1,,,,,MECHANIC,50줄 룰렛 — 세이튼(MN_RPCT_05) 서커스 룰렛 시작/대기/춤A/춤B + 결과 분기,
MN_RPCT_05,4219886,자살 처리,1,1,Idle_Battle_1,rpct00_idle_battle_1,2,2,FX_CM_02.Light.Par_MP_Light_05_L ; fx_mn_rpct_07_v.Par_V_RPCT_BallRead_Exp_01_LOC_INT,0,,"{""Anim"": 1, ""Effect"": 2, ""HidePawn"": 1, ""ViewShake"": 1, ""PlayParticleEffect"": 2, ""MaintainHidePawn"": 1}",0,,,,,NORMAL,세이튼 무대 — 이동/근접 계열,MOVEMENT_OR_CONTROL
MN_RPCT_05,4219887,세이튼_회전하며 카드 날리기_리허설,7,7,Att_battle_4_04 ; Att_Battle_4_02 ; Att_Battle_4_03,rpct00_att_battle_4_04 ; rpct00_att_battle_4_02 ; rpct00_att_battle_4_03,10,4,fx_mn_rpct_05_l.Par_L_RPCT_05_Trail_02_LOC_INT ; fx_mn_rpct_05_l.Par_L_RPCT_05_Sk_13_LOC_INT ; fx_mn_rpct_05_l.Par_L_RPCT_05_Sk_13_2_LOC_INT ; FX_CM_00.Dust.Par_D_Dust_001_pr,3,S_Mob_G_KoukuSatan1.G_Satan1_Attack14_ShotVox1 ; S_Mob_G_KoukuSatan1.G_Satan1_Attack14_Cast1 ; S_Mob_G_KoukuSatan1.G_Satan1_Attack14_Shot1,"{""Anim"": 7, ""AKEvent"": 7, ""PlayParticleEffect"": 10, ""PawnMaterialParam"": 3, ""MonsterMoveNextStage"": 2, ""Effect"": 26, ""NPCSkillMove"": 2}",20,,,,,MECHANIC,카드 맞추기 — 세이튼(MN_RPCT_05) 카드 짝 맞추기/카드낙하/회전 카드 날리기 후보,REHEARSAL
MN_RPCT_05,4219888,세이튼_진짜를 찾아봐_하트셋트_진짜 공격_리허설,12,12,Att_Battle_20_02 ; Att_Battle_20_03 ; Att_battle_20_06 ; Att_Battle_20_04 ; Idle_Battle_1,rpct00_att_battle_20_02 ; rpct00_att_battle_20_03 ; rpct00_att_battle_20_06 ; rpct00_att_battle_20_04 ; rpct00_idle_battle_1,30,10,fx_mn_rpct_05_l.Par_L_RPCT_05_Sk_02_1_LOC_INT ; fx_mn_rpct_05_l.Par_L_RPCT_05_Sk_07_LOC_INT ; FX_MN_RPCT_05_L.Par_O_RPCT_Star_01_01 ; fx_mn_rpct_05_l.Par_L_RPCT_05_Sk_07_4_LOC_INT ; fx_mn_rpct_05_l.Par_L_RPCT_05_Sk_07_7_LOC_INT ; fx_mn_rpct_05_l.Par_L_RPCT_05_Sk_07_2_LOC_INT ; fx_mn_rpct_05_l.Par_L_RPCT_05_Sk_07_5_LOC_INT ; FX_MN_RPCT_05_L.Par_L_RPCT_05_Sk_06_5 ; FX_MN_RPCT_05_L.Par_L_RPCT_05_Sk_07_1 ; FX_MN_RPCT_05_L.Par_L_RPCT_05_Sk_07_3,10,S_Mob_G_KoukuSatan1.G_Satan1_Attack07_CastVox5 ; S_Mob_G_KoukuSatan1.G_Satan1_Attack07_Cast2 ; S_Mob_G_KoukuSatan1.G_Satan1_Attack07_Shot1 ; S_Mob_G_KoukuSatan1.G_Satan1_Attack07_ShotVox3 ; S_Mob_G_KoukuSatan1.G_Satan1_Attack07_Cast3 ; S_Mob_G_KoukuSatan1.G_Satan1_Attack07_Shot4 ; S_Mob_G_KoukuSatan1.G_Satan1_Attack07_ShotVox2 ; S_Mob_G_KoukuSatan1.G_Satan1_Attack07_Cast5 ; S_Mob_G_KoukuSatan1.G_Satan1_Attack07_Shot3 ; S_Mob_G_KoukuSatan1.G_Satan1_Attack02_Shot1,"{""Anim"": 12, ""HidePawn"": 5, ""AKEvent"": 16, ""Effect"": 9, ""PlayParticleEffect"": 30, ""MonsterMoveNextStage"": 9, ""MonsterMoveNextStageConditionProbability"": 2, ""PlayDecalEffect"": 1, ""ViewShake"": 1, ""MaintainHidePawn"": 1, ""SendNpcSignal"": 1}",12,,,,,MECHANIC,110줄 진짜 쿠크세이튼 찾기(하트핑) — 소환 세이튼(MN_RPCT_05) 진짜/가짜 세트,REHEARSAL
MN_RPCT_05,4219889,세이튼_진짜를 찾아봐_하트셋트_가짜 공격_리허설,12,12,Att_Battle_20_02 ; Att_Battle_20_03 ; Att_battle_20_05 ; Idle_Battle_1,rpct00_att_battle_20_02 ; rpct00_att_battle_20_03 ; rpct00_att_battle_20_05 ; rpct00_idle_battle_1,26,7,fx_mn_rpct_05_l.Par_L_RPCT_05_Sk_02_1_LOC_INT ; fx_mn_rpct_05_l.Par_L_RPCT_05_Sk_07_LOC_INT ; FX_MN_RPCT_05_L.Par_O_RPCT_heart_01_01 ; fx_mn_rpct_05_l.Par_L_RPCT_05_Sk_07_4_LOC_INT ; fx_mn_rpct_05_l.Par_L_RPCT_05_Sk_07_6_LOC_INT ; fx_mn_rpct_05_l.Par_L_RPCT_05_Sk_07_2_LOC_INT ; fx_mn_rpct_05_l.Par_L_RPCT_05_Sk_07_5_LOC_INT,7,S_Mob_G_KoukuSatan1.G_Satan1_Attack07_CastVox6 ; S_Mob_G_KoukuSatan1.G_Satan1_Attack07_Cast2 ; S_Mob_G_KoukuSatan1.G_Satan1_Attack07_Shot1 ; S_Mob_G_KoukuSatan1.G_Satan1_Attack07_ShotVox5 ; S_Mob_G_KoukuSatan1.G_Satan1_Attack07_Cast3 ; S_Mob_G_KoukuSatan1.G_Satan1_Attack07_Shot5 ; S_Mob_G_KoukuSatan1.G_Satan1_Attack07_Shot2,"{""Anim"": 12, ""HidePawn"": 6, ""AKEvent"": 13, ""Effect"": 9, ""PlayParticleEffect"": 26, ""MonsterMoveNextStage"": 9, ""MonsterMoveNextStageConditionProbability"": 2, ""MaintainHidePawn"": 1}",12,,,,,MECHANIC,110줄 진짜 쿠크세이튼 찾기(하트핑) — 소환 세이튼(MN_RPCT_05) 진짜/가짜 세트,REHEARSAL ; CLONE_OR_FAKE
MN_RPCT_05,4219890,세이튼_진짜를 찾아봐_총잡이셋트_진짜 공격_리허설,12,12,Att_Battle_20_02 ; Att_Battle_20_03 ; Att_battle_20_05 ; Att_Battle_20_04 ; Idle_Battle_1,rpct00_att_battle_20_02 ; rpct00_att_battle_20_03 ; rpct00_att_battle_20_05 ; rpct00_att_battle_20_04 ; rpct00_idle_battle_1,26,10,fx_mn_rpct_05_l.Par_L_RPCT_05_Sk_02_1_LOC_INT ; fx_mn_rpct_05_l.Par_L_RPCT_05_Sk_07_LOC_INT ; FX_MN_RPCT_05_L.Par_O_RPCT_heart_01_01 ; fx_mn_rpct_05_l.Par_L_RPCT_05_Sk_07_4_LOC_INT ; fx_mn_rpct_05_l.Par_L_RPCT_05_Sk_07_6_LOC_INT ; fx_mn_rpct_05_l.Par_L_RPCT_05_Sk_07_2_LOC_INT ; fx_mn_rpct_05_l.Par_L_RPCT_05_Sk_07_5_LOC_INT ; FX_MN_RPCT_05_L.Par_L_RPCT_05_Sk_06_5 ; fx_mn_rpct_05_l.Par_L_RPCT_05_Sk_07_9_LOC_INT ; fx_mn_rpct_05_l.Par_L_RPCT_05_Sk_07_8_LOC_INT,10,S_Mob_G_KoukuSatan1.G_Satan1_Attack07_CastVox7 ; S_Mob_G_KoukuSatan1.G_Satan1_Attack07_Cast2 ; S_Mob_G_KoukuSatan1.G_Satan1_Attack07_Shot1 ; S_Mob_G_KoukuSatan1.G_Satan1_Attack07_ShotVox7 ; S_Mob_G_KoukuSatan1.G_Satan1_Attack07_Cast3 ; S_Mob_G_KoukuSatan1.G_Satan1_Attack07_Shot5 ; S_Mob_G_KoukuSatan1.G_Satan1_Attack07_ShotVox2 ; S_Mob_G_KoukuSatan1.G_Satan1_Attack07_Cast5 ; S_Mob_G_KoukuSatan1.G_Satan1_Attack07_Shot3 ; S_Mob_G_KoukuSatan1.G_Satan1_Attack02_Shot1,"{""Anim"": 12, ""HidePawn"": 5, ""AKEvent"": 16, ""Effect"": 9, ""PlayParticleEffect"": 26, ""MonsterMoveNextStage"": 9, ""MonsterMoveNextStageConditionProbability"": 2, ""PlayDecalEffect"": 1, ""ViewShake"": 1, ""MaintainHidePawn"": 1, ""SendNpcSignal"": 1}",12,,,,,MECHANIC,110줄 진짜 쿠크세이튼 찾기(하트핑) — 소환 세이튼(MN_RPCT_05) 진짜/가짜 세트,REHEARSAL
MN_RPCT_05,4219891,세이튼_진짜를 찾아봐_총잡이셋트_가짜 공격_리허설,12,12,Att_Battle_20_02 ; Att_Battle_20_03 ; Att_battle_20_06 ; Idle_Battle_1,rpct00_att_battle_20_02 ; rpct00_att_battle_20_03 ; rpct00_att_battle_20_06 ; rpct00_idle_battle_1,29,7,fx_mn_rpct_05_l.Par_L_RPCT_05_Sk_02_1_LOC_INT ; fx_mn_rpct_05_l.Par_L_RPCT_05_Sk_07_LOC_INT ; FX_MN_RPCT_05_L.Par_O_RPCT_Star_01_01 ; fx_mn_rpct_05_l.Par_L_RPCT_05_Sk_07_4_LOC_INT ; fx_mn_rpct_05_l.Par_L_RPCT_05_Sk_07_7_LOC_INT ; fx_mn_rpct_05_l.Par_L_RPCT_05_Sk_07_2_LOC_INT ; fx_mn_rpct_05_l.Par_L_RPCT_05_Sk_07_5_LOC_INT,7,S_Mob_G_KoukuSatan1.G_Satan1_Attack07_CastVox4 ; S_Mob_G_KoukuSatan1.G_Satan1_Attack07_Cast1 ; S_Mob_G_KoukuSatan1.G_Satan1_Attack07_Shot1 ; S_Mob_G_KoukuSatan1.G_Satan1_Attack07_ShotVox3 ; S_Mob_G_KoukuSatan1.G_Satan1_Attack07_Cast3 ; S_Mob_G_KoukuSatan1.G_Satan1_Attack07_Shot4 ; S_Mob_G_KoukuSatan1.G_Satan1_Attack07_Shot2,"{""Anim"": 12, ""HidePawn"": 6, ""AKEvent"": 13, ""Effect"": 9, ""PlayParticleEffect"": 29, ""MonsterMoveNextStage"": 9, ""MonsterMoveNextStageConditionProbability"": 2, ""MaintainHidePawn"": 1}",12,KAKULSAYDON_G1_PATTERN_5,세이튼_가짜세이튼,GATE1,PRODUCT,MECHANIC,110줄 진짜 쿠크세이튼 찾기(하트핑) — 소환 세이튼(MN_RPCT_05) 진짜/가짜 세트,REHEARSAL ; CLONE_OR_FAKE
MN_RPCT_05,4219892,세이튼_서커스 룰렛 대기_리허설,12,12,Att_Battle_12_07 ; Att_Battle_12_04 ; Idle_Battle_1,rpct00_att_battle_12_07 ; rpct00_att_battle_12_04 ; rpct00_idle_battle_1,6,1,fx_mn_rpct_05_g.Par_G_RPCT_05_Dance_Aura_02_LOC_INT,5,S_Mob_G_KoukuSatan1.G_Satan1_Attack11_ShotVox1 ; S_Mob_G_KoukuSatan1.G_Satan1_Attack11_Cast1 ; S_Mob_G_KoukuSatan1.G_KoukuSatan1_Attack05_Shot2 ; S_Mob_G_KoukuSatan1.G_Satan1_Attack11_Shot1 ; S_Mob_G_KoukuSatan1.G_Satan1_Attack10_Shot1,"{""Anim"": 12, ""Effect"": 38, ""AKEvent"": 10, ""MonsterMoveNextStage"": 1, ""PlayParticleEffect"": 6, ""MonsterMoveNextStageConditionProbability"": 5}",18,,,,,MECHANIC,50줄 룰렛 — 세이튼(MN_RPCT_05) 서커스 룰렛 시작/대기/춤A/춤B + 결과 분기,REHEARSAL
MN_RPCT_05,4219893,세이튼_서커스 룰렛 춤A_리허설,5,5,Att_Battle_12_05 ; Att_Battle_13_01 ; Att_battle_13_02 ; Idle_Battle_1 ; Att_Battle_5_01,rpct00_att_battle_12_05 ; rpct00_att_battle_13_01 ; rpct00_att_battle_13_02 ; rpct00_idle_battle_1 ; rpct00_att_battle_5_01,11,5,FX_MN_RPCT_05_G.Par_G_RPCT_05_Dance_Light_01 ; fx_mn_rpct_05_g.Par_G_RPCT_05_Dance_Hand_Trail_01_LOC_INT ; fx_mn_rpct_05_g.Par_G_RPCT_05_Dance_Aura_01_LOC_INT ; fx_mn_rpct_05_g.Par_G_RPCT_05_Dance_Aura_02_LOC_INT ; FX_MN_RPCT_05_G.Par_G_RPCT_05_Dance_FingerPoint_01,6,S_Mob_G_KoukuSatan1.G_Satan1_Attack12_ShotVox1 ; S_Mob_G_KoukuSatan1.G_Satan1_Attack03_Shot2 ; S_Mob_G_KoukuSatan1.G_Satan1_Attack12_Shot1 ; S_Mob_G_KoukuSatan1.G_Satan1_Attack03_Shot3 ; S_Mob_G_KoukuSatan1.G_KoukuSatan1_Attack05_Shot3 ; S_Mob_G_KoukuSatan1.G_Satan1_Attack07_ShotVox6,"{""Anim"": 5, ""MonsterMoveNextStage"": 4, ""PlayParticleEffect"": 11, ""AKEvent"": 6, ""Effect"": 1}",0,,,,,MECHANIC,50줄 룰렛 — 세이튼(MN_RPCT_05) 서커스 룰렛 시작/대기/춤A/춤B + 결과 분기,REHEARSAL
MN_RPCT_05,4219894,세이튼_서커스 룰렛 춤B_리허설,20,20,Idle_Battle_1 ; Att_Battle_13_04 ; Att_battle_13_02 ; Att_Battle_29_01 ; Att_Battle_5_01 ; Att_Battle_12_06 ; Att_Battle_12_07 ; Att_Battle_12_04 ; Att_Battle_12_05 ; Att_Battle_13_01,rpct00_idle_battle_1 ; rpct00_att_battle_13_04 ; rpct00_att_battle_13_02 ; rpct00_att_battle_29_01 ; rpct00_att_battle_5_01 ; rpct00_att_battle_12_06 ; rpct00_att_battle_12_07 ; rpct00_att_battle_12_04 ; rpct00_att_battle_12_05 ; rpct00_att_battle_13_01,42,7,FX_MN_RPCT_05_G.Par_G_RPCT_05_Dance_Light_01 ; fx_mn_rpct_05_g.Par_G_RPCT_05_Dance_Hand_Trail_01_LOC_INT ; fx_mn_rpct_05_g.Par_G_RPCT_05_Dance_Aura_01_LOC_INT ; fx_mn_rpct_05_g.Par_G_RPCT_05_Dance_Aura_02_LOC_INT ; FX_MN_RPCT_05_G.Par_G_RPCT_05_Dance_FingerPoint_01 ; fx_mn_rpct_07_v.Par_V_RPCT_HandSwing_Trail_01_LOC_INT ; fx_mn_rpct_07_v.Par_V_RPCT_DashAtk_Dash_01_LOC_INT,10,S_Mob_G_KoukuSatan1.G_KoukuSatan1_Attack05_ShotVox1 ; S_Mob_G_KoukuSatan1.G_Satan1_Attack03_Shot2 ; S_Mob_G_KoukuSatan1.G_Satan1_Attack12_Shot2 ; S_Mob_G_KoukuSatan1.G_Satan1_Attack03_Shot3 ; S_Mob_G_KoukuSatan1.G_KoukuSatan1_Attack05_Shot3 ; S_Mob_G_KoukuSatan1.G_KoukuSatan1_Attack05_Shot2 ; S_Mob_G_KoukuSatan1.G_Satan1_Attack07_ShotVox6 ; S_Mob_G_KoukuSatan1.G_Satan1_Attack07_CastVox2 ; S_Mob_G_KoukuSatan1.G_Satan1_Attack12_ShotVox1 ; S_Mob_G_KoukuSatan1.G_KoukuSatan1_Attack30_ShotVox1,"{""Anim"": 20, ""MonsterMoveNextStageConditionProbability"": 2, ""PlayParticleEffect"": 42, ""Effect"": 25, ""AKEvent"": 22, ""MonsterMoveNextStage"": 9, ""TrailGhostEffect"": 1, ""PawnMaterialParam"": 1}",0,,,,,MECHANIC,50줄 룰렛 — 세이튼(MN_RPCT_05) 서커스 룰렛 시작/대기/춤A/춤B + 결과 분기,REHEARSAL
MN_RPCT_05,4219895,쿠크세이튼_쿠크세이튼과 함께 춤을_4초_리허설,78,78,Att_Battle_25_02 ; Att_Battle_25_03_Start ; Att_Battle_25_03_Loop ; Att_Battle_25_03_End ; Att_Battle_25_04_Start ; Att_Battle_25_04_Loop ; Att_Battle_25_04_End ; Att_Battle_25_05_Start ; Att_Battle_25_05_Loop ; Att_Battle_25_05_End ; Att_Battle_25_06_Start ; Att_Battle_25_06_Loop ; Att_Battle_25_06_End ; Turn_L_1 ; Att_Battle_25_07 ; Idle_Battle_1 ; Att_Battle_13_01,rpct00_att_battle_25_02 ; rpct00_att_battle_25_03_start ; rpct00_att_battle_25_03_loop ; rpct00_att_battle_25_03_end ; rpct00_att_battle_25_04_start ; rpct00_att_battle_25_04_loop ; rpct00_att_battle_25_04_end ; rpct00_att_battle_25_05_start ; rpct00_att_battle_25_05_loop ; rpct00_att_battle_25_05_end ; rpct00_att_battle_25_06_start ; rpct00_att_battle_25_06_loop ; rpct00_att_battle_25_06_end ; rpct00_turn_l_1 ; rpct00_att_battle_25_07 ; rpct00_idle_battle_1 ; rpct00_att_battle_13_01,113,9,fx_mn_rpct_07_v.Par_V_RPCT_HandSwing_Trail_01_LOC_INT ; fx_mn_rpct_07_v.Par_V_RPCT_dance_Cast_01_LOC_INT ; FX_MN_RPCT_07_V.Par_V_RPCT_Dance_shot_01 ; fx_mn_rpct_07_v.Par_V_RPCT_hand_shot_01_LOC_INT ; FX_MN_RPCT_05_G.Par_G_RPCT_05_Dance_Light_01 ; fx_mn_rpct_05_g.Par_G_RPCT_05_Dance_Hand_Trail_01_LOC_INT ; fx_mn_rpct_05_g.Par_G_RPCT_05_Dance_Aura_01_LOC_INT ; fx_mn_rpct_05_g.Par_G_RPCT_05_Dance_Aura_02_LOC_INT ; fx_mn_rpct_07_v.Par_V_RPCT_BallRead_Exp_01_LOC_INT,10,S_Mob_G_KoukuSatan1.G_KoukuSatan1_Attack05_CastVox1 ; S_Mob_G_KoukuSatan1.G_KoukuSatan1_Attack05_Shot4 ; S_Mob_G_KoukuSatan1.G_KoukuSatan1_Attack06_Cast1 ; S_Mob_G_KoukuSatan1.G_KoukuSatan1_Attack06_ShotVox1 ; S_Mob_G_KoukuSatan1.G_KoukuSatan1_Attack06_Shot1 ; S_Mob_G_KoukuSatan1.G_KoukuSatan1_Attack05_CastVox2 ; S_Mob_G_KoukuSatan1.G_KoukuSatan1_Attack06_ShotVox2 ; S_Mob_G_KoukuSatan1.G_KoukuSatan1_Attack30_ShotVox1 ; S_Mob_G_KoukuSatan1.G_KoukuSatan1_Attack30_Shot1 ; S_Mob_G_KoukuSatan1.G_KoukuSatan1_Attack03_Cast2,"{""MonsterMoveNextStageConditionProbability"": 15, ""Anim"": 78, ""ToggleNpcDirectionGuideFx"": 2, ""AKEvent"": 120, ""PlayParticleEffect"": 113, ""PawnMaterialParam"": 60, ""MonsterMoveNextStage"": 61, ""Effect"": 39, ""HidePawn"": 1}",79,KAKULSAYDON_G1_PATTERN_6,세이튼_댄스타임,GATE1,PRODUCT,MECHANIC,85줄 댄스타임 — 세이튼(MN_RPCT_05) 4종 춤 249-stage 본편과 리허설,REHEARSAL
MN_RPCT_05,4219896,쿠크세이튼_쿠크세이튼과 함께 춤을_3초_리허설,61,61,Att_Battle_25_02 ; Att_Battle_25_03_Start ; Att_Battle_25_03_Loop ; Att_Battle_25_03_End ; Att_Battle_25_04_Start ; Att_Battle_25_04_Loop ; Att_Battle_25_04_End ; Att_Battle_25_05_Start ; Att_Battle_25_05_Loop ; Att_Battle_25_05_End ; Att_Battle_25_06_Start ; Att_Battle_25_06_Loop ; Att_Battle_25_06_End ; Turn_L_1 ; Att_Battle_25_07,rpct00_att_battle_25_02 ; rpct00_att_battle_25_03_start ; rpct00_att_battle_25_03_loop ; rpct00_att_battle_25_03_end ; rpct00_att_battle_25_04_start ; rpct00_att_battle_25_04_loop ; rpct00_att_battle_25_04_end ; rpct00_att_battle_25_05_start ; rpct00_att_battle_25_05_loop ; rpct00_att_battle_25_05_end ; rpct00_att_battle_25_06_start ; rpct00_att_battle_25_06_loop ; rpct00_att_battle_25_06_end ; rpct00_turn_l_1 ; rpct00_att_battle_25_07,83,4,fx_mn_rpct_07_v.Par_V_RPCT_HandSwing_Trail_01_LOC_INT ; fx_mn_rpct_07_v.Par_V_RPCT_dance_Cast_01_LOC_INT ; FX_MN_RPCT_07_V.Par_V_RPCT_Dance_shot_01 ; fx_mn_rpct_07_v.Par_V_RPCT_hand_shot_01_LOC_INT,7,S_Mob_G_KoukuSatan1.G_KoukuSatan1_Attack05_CastVox1 ; S_Mob_G_KoukuSatan1.G_KoukuSatan1_Attack05_Shot4 ; S_Mob_G_KoukuSatan1.G_KoukuSatan1_Attack06_Cast1 ; S_Mob_G_KoukuSatan1.G_KoukuSatan1_Attack06_ShotVox1 ; S_Mob_G_KoukuSatan1.G_KoukuSatan1_Attack06_Shot1 ; S_Mob_G_KoukuSatan1.G_KoukuSatan1_Attack05_CastVox2 ; S_Mob_G_KoukuSatan1.G_KoukuSatan1_Attack06_ShotVox2,"{""MonsterMoveNextStageConditionProbability"": 12, ""Anim"": 61, ""ToggleNpcDirectionGuideFx"": 2, ""AKEvent"": 97, ""PlayParticleEffect"": 83, ""PawnMaterialParam"": 48, ""MonsterMoveNextStage"": 48, ""Effect"": 34}",65,,,,,MECHANIC,85줄 댄스타임 — 세이튼(MN_RPCT_05) 4종 춤 249-stage 본편과 리허설,REHEARSAL
MN_RPCT_05,4219897,쿠크세이튼_쿠크세이튼과 함께 춤을_2초_리허설,61,61,Att_Battle_25_02 ; Att_Battle_25_03_Start ; Att_Battle_25_03_Loop ; Att_Battle_25_03_End ; Att_Battle_25_04_Start ; Att_Battle_25_04_Loop ; Att_Battle_25_04_End ; Att_Battle_25_05_Start ; Att_Battle_25_05_Loop ; Att_Battle_25_05_End ; Att_Battle_25_06_Start ; Att_Battle_25_06_Loop ; Att_Battle_25_06_End ; Turn_L_1 ; Att_Battle_25_07,rpct00_att_battle_25_02 ; rpct00_att_battle_25_03_start ; rpct00_att_battle_25_03_loop ; rpct00_att_battle_25_03_end ; rpct00_att_battle_25_04_start ; rpct00_att_battle_25_04_loop ; rpct00_att_battle_25_04_end ; rpct00_att_battle_25_05_start ; rpct00_att_battle_25_05_loop ; rpct00_att_battle_25_05_end ; rpct00_att_battle_25_06_start ; rpct00_att_battle_25_06_loop ; rpct00_att_battle_25_06_end ; rpct00_turn_l_1 ; rpct00_att_battle_25_07,83,4,fx_mn_rpct_07_v.Par_V_RPCT_HandSwing_Trail_01_LOC_INT ; fx_mn_rpct_07_v.Par_V_RPCT_dance_Cast_01_LOC_INT ; FX_MN_RPCT_07_V.Par_V_RPCT_Dance_shot_01 ; fx_mn_rpct_07_v.Par_V_RPCT_hand_shot_01_LOC_INT,7,S_Mob_G_KoukuSatan1.G_KoukuSatan1_Attack05_CastVox1 ; S_Mob_G_KoukuSatan1.G_KoukuSatan1_Attack05_Shot4 ; S_Mob_G_KoukuSatan1.G_KoukuSatan1_Attack06_Cast1 ; S_Mob_G_KoukuSatan1.G_KoukuSatan1_Attack06_ShotVox1 ; S_Mob_G_KoukuSatan1.G_KoukuSatan1_Attack06_Shot1 ; S_Mob_G_KoukuSatan1.G_KoukuSatan1_Attack05_CastVox2 ; S_Mob_G_KoukuSatan1.G_KoukuSatan1_Attack06_ShotVox2,"{""MonsterMoveNextStageConditionProbability"": 12, ""Anim"": 61, ""ToggleNpcDirectionGuideFx"": 2, ""AKEvent"": 97, ""PlayParticleEffect"": 83, ""PawnMaterialParam"": 48, ""MonsterMoveNextStage"": 48, ""Effect"": 34}",65,KAKULSAYDON_G1_PATTERN_6,세이튼_댄스타임,GATE1,PRODUCT,MECHANIC,85줄 댄스타임 — 세이튼(MN_RPCT_05) 4종 춤 249-stage 본편과 리허설,REHEARSAL
MN_RPCT_05,4219898,쿠크세이튼_쿠크세이튼과 함께 춤을_2초_B_리허설,61,61,Att_Battle_25_02 ; Att_Battle_25_03_Start ; Att_Battle_25_03_Loop ; Att_Battle_25_03_End ; Att_Battle_25_04_Start ; Att_Battle_25_04_Loop ; Att_Battle_25_04_End ; Att_Battle_25_05_Start ; Att_Battle_25_05_Loop ; Att_Battle_25_05_End ; Att_Battle_25_06_Start ; Att_Battle_25_06_Loop ; Att_Battle_25_06_End ; Turn_L_1 ; Att_Battle_25_07,rpct00_att_battle_25_02 ; rpct00_att_battle_25_03_start ; rpct00_att_battle_25_03_loop ; rpct00_att_battle_25_03_end ; rpct00_att_battle_25_04_start ; rpct00_att_battle_25_04_loop ; rpct00_att_battle_25_04_end ; rpct00_att_battle_25_05_start ; rpct00_att_battle_25_05_loop ; rpct00_att_battle_25_05_end ; rpct00_att_battle_25_06_start ; rpct00_att_battle_25_06_loop ; rpct00_att_battle_25_06_end ; rpct00_turn_l_1 ; rpct00_att_battle_25_07,83,4,fx_mn_rpct_07_v.Par_V_RPCT_HandSwing_Trail_01_LOC_INT ; fx_mn_rpct_07_v.Par_V_RPCT_dance_Cast_01_LOC_INT ; FX_MN_RPCT_07_V.Par_V_RPCT_Dance_shot_01 ; fx_mn_rpct_07_v.Par_V_RPCT_hand_shot_01_LOC_INT,7,S_Mob_G_KoukuSatan1.G_KoukuSatan1_Attack05_CastVox1 ; S_Mob_G_KoukuSatan1.G_KoukuSatan1_Attack05_Shot4 ; S_Mob_G_KoukuSatan1.G_KoukuSatan1_Attack06_Cast1 ; S_Mob_G_KoukuSatan1.G_KoukuSatan1_Attack06_ShotVox1 ; S_Mob_G_KoukuSatan1.G_KoukuSatan1_Attack06_Shot1 ; S_Mob_G_KoukuSatan1.G_KoukuSatan1_Attack05_CastVox2 ; S_Mob_G_KoukuSatan1.G_KoukuSatan1_Attack06_ShotVox2,"{""MonsterMoveNextStageConditionProbability"": 12, ""Anim"": 61, ""ToggleNpcDirectionGuideFx"": 2, ""AKEvent"": 97, ""PlayParticleEffect"": 83, ""PawnMaterialParam"": 48, ""MonsterMoveNextStage"": 48, ""Effect"": 34}",65,,,,,MECHANIC,85줄 댄스타임 — 세이튼(MN_RPCT_05) 4종 춤 249-stage 본편과 리허설,REHEARSAL
MN_RPCT_05,4219899,카드 짝 맞추기_Start,3,3,att_battle_16_01 ; Att_battle_16_04 ; Att_Battle_16_02,rpct00_att_battle_16_01 ; rpct00_att_battle_16_04 ; rpct00_att_battle_16_02,12,7,fx_mn_rpct_05_g.Par_G_RPCT_05_Dance_Hand_Trail_01_LOC_INT ; fx_mn_rpct_05_g.Par_G_RPCT_05_Card_Aura_01_LOC_INT ; fx_mn_rpct_07_v.Par_V_RPCT_HandSwing_Trail_03_LOC_INT ; fx_mn_rpct_07_v.Par_V_RPCT_BallRead_Exp_01_LOC_INT ; FX_MN_RPCT_05_G.Par_G_RPCT_05_Dance_Light_01 ; fx_mn_rpct_05_g.Par_G_RPCT_05_Card_Deco_01_LOC_INT ; fx_mn_rpct_05_g.Par_G_RPCT_05_Dance_Aura_02_LOC_INT,7,S_Mob_G_KoukuSatan1.G_Satan1_Attack03_Cast1 ; S_Mob_G_KoukuSatan1.G_Satan1_Attack03_ShotVox1 ; S_Mob_G_KoukuSatan1.G_Satan1_Attack03_Shot1 ; S_Mob_G_KoukuSatan1.G_Satan1_Attack03_Shot2 ; S_Mob_G_KoukuSatan1.G_Satan1_Attack03_Shot3 ; S_Mob_G_KoukuSatan1.G_KoukuSatan1_Attack03_Cast1 ; S_Mob_G_KoukuSatan1.G_KoukuSatan1_Attack03_Cast3,"{""Anim"": 3, ""PlayParticleEffect"": 12, ""AKEvent"": 7, ""PawnMaterialParam"": 1, ""TrailGhostEffect"": 1, ""Effect"": 2, ""HidePawn"": 1}",6,,,,,MECHANIC,카드 맞추기 — 세이튼(MN_RPCT_05) 카드 짝 맞추기/카드낙하/회전 카드 날리기 후보,
MN_RPCT_05,42198100,공통무늬 찾기 준비,16,2,Att_Battle_25_01 ; Att_Phase1_1_06,rpct00_att_battle_25_01 ; rpct00_att_phase1_1_06,11,8,FX_MN_RPCT_07_V.Par_V_PPCT_spot_Dance_01 ; fx_mn_rpct_07_v.Par_V_RPCT_HandSwing_Trail_01_LOC_INT ; FX_CM_02.Light.Par_MP_Light_01 ; FX_BS_04.State.Par_J_ExMove_01 ; FX_CM_02.Light.Par_MP_Light_05_L ; fx_mn_rpct_07_v.Par_V_RPCT_BallRead_Exp_01_LOC_INT ; fx_mn_rpct_05_g.Par_G_RPCT_05_Smoke_02_LOC_INT ; fx_mn_rpct_05_g.Par_G_RPCT_Dust_01_LOC_INT,7,S_Mob_G_KoukuSatan1.G_KoukuSatan1_Attack05_Shot2 ; S_Mob_G_KoukuSatan1.G_KoukuSatan1_Attack05_Cast2 ; S_Mob_G_KoukuSatan1.G_KoukuSatan1_Attack05_CastVox1 ; S_Mob_G_KoukuSatan1.G_KoukuSatan1_Attack05_Cast1 ; S_Mob_G_KoukuSatan1.G_KoukuSatan1_Attack03_Cast2 ; S_Mob_G_KoukuSatan1.G_Satan1_Attack17_ShotVox1 ; S_Mob_G_KoukuSatan1.G_KoukuSatan1_Attack22_Shot2,"{""Anim"": 2, ""PlayParticleEffect"": 11, ""DominantDirectionalLight_Control"": 1, ""PawnMaterialParam"": 2, ""AKEvent"": 7, ""Effect"": 159, ""HidePawn"": 1, ""ViewShake"": 1, ""MonsterMoveNextStageConditionProbability"": 7, ""MonsterMoveNextStage"": 8}",0,,,,,MECHANIC,카드 맞추기 — 세이튼(MN_RPCT_05) 카드 짝 맞추기/카드낙하/회전 카드 날리기 후보,
MN_RPCT_05,42198101,카드 짝 맞추기_ing,2,2,Idle_Battle_1 ; Att_battle_16_05,rpct00_idle_battle_1 ; rpct00_att_battle_16_05,4,4,fx_mn_rpct_07_v.Par_V_RPCT_BallRead_Exp_01_LOC_INT ; fx_mn_rpct_05_g.Par_G_RPCT_05_Dance_Hand_Trail_01_LOC_INT ; fx_mn_rpct_07_v.Par_V_RPCT_HandSwing_Trail_03_LOC_INT ; fx_mn_rpct_07_v.Par_V_RPCT_jump_Exp_01_LOC_INT,0,,"{""Anim"": 2, ""Effect"": 9, ""HidePawn"": 2, ""PlayParticleEffect"": 4, ""TrailGhostEffect"": 1}",4,,,,,MECHANIC,카드 맞추기 — 세이튼(MN_RPCT_05) 카드 짝 맞추기/카드낙하/회전 카드 날리기 후보,
MN_RPCT_05,42198102,쿠크세이튼_메두사 공격,9,9,Att_Battle_20_02 ; Att_Battle_20_03 ; Att_Battle_20_04 ; Idle_Battle_1 ; Att_Battle_15_01 ; Att_Battle_15_02,rpct00_att_battle_20_02 ; rpct00_att_battle_20_03 ; rpct00_att_battle_20_04 ; rpct00_idle_battle_1 ; rpct00_att_battle_15_01 ; rpct00_att_battle_15_02,16,8,fx_mn_rpct_05_l.Par_L_RPCT_05_Sk_02_1_LOC_INT ; fx_mn_rpct_05_l.Par_L_RPCT_05_Sk_07_LOC_INT ; fx_mn_rpct_05_l.Par_L_RPCT_05_Sk_07_2_LOC_INT ; FX_MN_RPCT_05_L.Par_L_RPCT_05_Sk_06_5 ; FX_MN_RPCT_05_L.Par_L_RPCT_05_Sk_07_1 ; FX_MN_RPCT_05_L.Par_L_RPCT_05_Sk_07_3 ; fx_mn_rpct_05_l.Par_L_RPCT_05_Sk_02_5_LOC_INT ; FX_MN_RPCT_05_L.Par_L_RPCT_05_Sk_02,9,S_Mob_G_KoukuSatan1.G_KoukuSatan1_Attack03_Cast3 ; S_Mob_G_KoukuSatan1.G_KoukuSatan1_Attack33_ShotVox1 ; S_Mob_G_KoukuSatan1.G_KoukuSatan1_Attack33_Cast1 ; S_Mob_G_KoukuSatan1.G_KoukuSatan1_Attack33_Shot1 ; S_Mob_G_KoukuSatan1.G_Satan1_Attack02_Shot1 ; S_Mob_G_KoukuSatan1.G_KoukuSatan1_Attack25_Cast1 ; S_Mob_G_KoukuSatan1.G_KoukuSatan1_Attack25_Cast2 ; S_Mob_G_KoukuSatan1.G_KoukuSatan1_Attack25_Cast3 ; S_Mob_G_KoukuSatan1.G_KoukuSatan1_Attack03_Cast2,"{""Anim"": 9, ""HidePawn"": 5, ""LookTarget"": 2, ""Effect"": 10, ""AKEvent"": 13, ""PlayParticleEffect"": 16, ""MonsterMoveNextStage"": 7, ""PlayDecalEffect"": 2, ""ViewShake"": 2, ""MaintainHidePawn"": 1}",5,,,,,NORMAL,세이튼 무대 — 이동/근접 계열,
MN_RPCT_05,42198103,세이튼_고속이동 전방_가짜이동,3,3,Att_Battle_34_01 ; Att_Battle_34_05 ; Att_Phase1_1_01,rpct00_att_battle_34_01 ; rpct00_att_battle_34_05 ; rpct00_att_phase1_1_01,2,2,fx_mn_rpct_07_v.Par_V_RPCT_HandSwing_Trail_03_LOC_INT ; fx_mn_rpct_05_g.Par_G_RPCT_05_Smoke_01_LOC_INT,4,S_Mob_G_KoukuSatan1.G_KoukuSatan1_Attack14_Shot1 ; S_Mob_G_KoukuSatan1.G_KoukuSatan1_Attack14_ShotVox1 ; S_Mob_G_KoukuSatan1.G_KoukuSatan1_Attack22_ShotVox1 ; S_Mob_G_KoukuSatan1.G_KoukuSatan1_Attack22_Shot1,"{""Anim"": 3, ""PlayParticleEffect"": 2, ""PawnMaterialParam"": 1, ""TrailGhostEffect"": 1, ""AKEvent"": 4, ""LookTarget"": 1, ""HidePawn"": 1, ""MaintainHidePawn"": 1, ""Effect"": 1}",0,,,,,NORMAL,세이튼 무대 — 이동/근접 계열,CLONE_OR_FAKE ; MOVEMENT_OR_CONTROL
MN_RPCT_05,42198104,세이튼_고속이동 후방_가짜이동,3,3,Att_Battle_34_02 ; Att_Phase1_1_01 ; Att_Battle_34_05,rpct00_att_battle_34_02 ; rpct00_att_phase1_1_01 ; rpct00_att_battle_34_05,2,2,fx_mn_rpct_07_v.Par_V_RPCT_HandSwing_Trail_03_LOC_INT ; fx_mn_rpct_05_g.Par_G_RPCT_05_Smoke_01_LOC_INT,4,S_Mob_G_KoukuSatan1.G_KoukuSatan1_Attack14_Shot1 ; S_Mob_G_KoukuSatan1.G_KoukuSatan1_Attack14_ShotVox4 ; S_Mob_G_KoukuSatan1.G_KoukuSatan1_Attack22_Shot1 ; S_Mob_G_KoukuSatan1.G_KoukuSatan1_Attack22_ShotVox1,"{""Anim"": 3, ""PlayParticleEffect"": 2, ""PawnMaterialParam"": 1, ""TrailGhostEffect"": 1, ""AKEvent"": 4, ""HidePawn"": 1, ""MaintainHidePawn"": 1, ""Effect"": 1, ""LookTarget"": 1}",0,,,,,NORMAL,세이튼 무대 — 이동/근접 계열,CLONE_OR_FAKE ; MOVEMENT_OR_CONTROL
MN_RPCT_05,42198105,세이튼_고속이동 왼쪽_가짜이동,3,3,Att_Battle_34_04 ; Att_Battle_34_05 ; Att_Phase1_1_01,rpct00_att_battle_34_04 ; rpct00_att_battle_34_05 ; rpct00_att_phase1_1_01,2,2,fx_mn_rpct_07_v.Par_V_RPCT_HandSwing_Trail_03_LOC_INT ; fx_mn_rpct_05_g.Par_G_RPCT_05_Smoke_01_LOC_INT,4,S_Mob_G_KoukuSatan1.G_KoukuSatan1_Attack14_Shot1 ; S_Mob_G_KoukuSatan1.G_KoukuSatan1_Attack14_ShotVox2 ; S_Mob_G_KoukuSatan1.G_KoukuSatan1_Attack22_ShotVox1 ; S_Mob_G_KoukuSatan1.G_KoukuSatan1_Attack22_Shot1,"{""Anim"": 3, ""PlayParticleEffect"": 2, ""PawnMaterialParam"": 1, ""TrailGhostEffect"": 1, ""AKEvent"": 4, ""LookTarget"": 1, ""HidePawn"": 1, ""MaintainHidePawn"": 1, ""Effect"": 1}",0,,,,,NORMAL,세이튼 무대 — 이동/근접 계열,CLONE_OR_FAKE ; MOVEMENT_OR_CONTROL
MN_RPCT_05,42198106,세이튼_고속이동 오른쪽_가짜이동,3,3,Att_Battle_34_03 ; Att_Battle_34_05 ; Att_Phase1_1_01,rpct00_att_battle_34_03 ; rpct00_att_battle_34_05 ; rpct00_att_phase1_1_01,2,2,fx_mn_rpct_07_v.Par_V_RPCT_HandSwing_Trail_03_LOC_INT ; fx_mn_rpct_05_g.Par_G_RPCT_05_Smoke_01_LOC_INT,4,S_Mob_G_KoukuSatan1.G_KoukuSatan1_Attack14_Shot1 ; S_Mob_G_KoukuSatan1.G_KoukuSatan1_Attack14_ShotVox3 ; S_Mob_G_KoukuSatan1.G_KoukuSatan1_Attack22_ShotVox1 ; S_Mob_G_KoukuSatan1.G_KoukuSatan1_Attack22_Shot1,"{""Anim"": 3, ""PlayParticleEffect"": 2, ""PawnMaterialParam"": 1, ""TrailGhostEffect"": 1, ""AKEvent"": 4, ""LookTarget"": 1, ""HidePawn"": 1, ""MaintainHidePawn"": 1, ""Effect"": 1}",0,,,,,NORMAL,세이튼 무대 — 이동/근접 계열,CLONE_OR_FAKE ; MOVEMENT_OR_CONTROL
MN_RPCT_06,0,STAND,23,16,Idle_Normal_1 ; Idle_Normal_1_1 ; Idle_Normal_1_2 ; Idle_Battle_1 ; Idle_Burrow_Loop_1 ; Idle_Status1_Loop_1 ; Idle_Status2_Loop_1 ; Idle_Status3_Loop_1 ; 0 ; Idle_FixedType_Loop_1 ; Idle_FlyingType_Loop_1 ; Idle_FixedType_Normal_1 ; Idle_FlyingType_Normal_1 ; Idle_Status1_Normal_1 ; Idle_Status2_Normal_1 ; Idle_Status3_Normal_1,mn_rpct_06_sk.ao_idle_normal_1 ; mn_rpct_06_sk.ao_idle_battle_1,0,0,,1,S_Mob_G_BigSatan1.G_BigSatan1_IdleN1,"{""Condition"": 7, ""Anim"": 16, ""AKEvent"": 1}",0,KAKULSAYDON_G1_PATTERN_9 ; KAKULSAYDON_G1_PATTERN_11,대형세이튼_세이튼등장 ; 대형세이튼_파1빨2,GATE2,DRAFT ; DRAFT,COMMON,공통 상태 — 대형 세이튼(MN_RPCT_06),
MN_RPCT_06,1,MOVE,14,10,Walk_Normal_1 ; Run_Battle_1 ; Run_Burrow_1 ; Fast_Run_Battle_1 ; Walk_Status1_1 ; Walk_Status3_1 ; Walk_Status2_1 ; Run_Status1_1 ; Run_Status2_1 ; Run_Status3_1,,0,0,,0,,"{""Condition"": 4, ""Anim"": 10}",0,,,,,COMMON,공통 상태 — 대형 세이튼(MN_RPCT_06),
MN_RPCT_06,3,FALLING,1,1,Run_Battle_1,,0,0,,0,,"{""Anim"": 1}",0,,,,,COMMON,공통 상태 — 대형 세이튼(MN_RPCT_06),
MN_RPCT_06,4,LAND,1,1,Idle_Normal_1,mn_rpct_06_sk.ao_idle_normal_1,0,0,,0,,"{""Anim"": 1}",0,,,,,COMMON,공통 상태 — 대형 세이튼(MN_RPCT_06),
MN_RPCT_06,12,BEHIT,24,21,KnockDown ; StandUp_1 ; Bound ; Bound_Land ; Dmg_Idle_1 ; TwistKnockDown ; KnockDown_Land ; TwistKnockDown_Land ; Abn_Bug_1 ; Abn_EarthQuake_1 ; Abn_Fear_1 ; Abn_Shock_1 ; Abn_Stun_1 ; Ground_1 ; Dmg_Critical_Start_1 ; Dmg_Critical_Loop_1 ; Dmg_Critical_End_1 ; Dmg_Idle_2 ; Dmg_Idle_3,mn_rpct_06_sk.ao_dmg_critical_start_1 ; mn_rpct_06_sk.ao_dmg_critical_loop_1 ; mn_rpct_06_sk.ao_dmg_critical_end_1,0,0,,4,S_Systems.SYS_MONSTER_FREEZE1 ; S_Mob_G_BigSatan1.G_BigSatan1_FreezeStart1 ; S_Mob_G_BigSatan1.G_BigSatan1_FreezeLoop1 ; S_Mob_G_BigSatan1.G_BigSatan1_FreezeEnd1,"{""Condition"": 3, ""Anim"": 21, ""Down"": 5, ""SoundSetDownMid"": 3, ""ViewShake"": 1, ""AKEvent"": 4, ""SoundSetSpringBound"": 1}",0,,,,,COMMON,공통 상태 — 대형 세이튼(MN_RPCT_06),
MN_RPCT_06,13,DIE,22,15,Anim ; Dead_3,,13,0,,0,,"{""Condition"": 7, ""Anim"": 15, ""PawnMaterialChange"": 8, ""DefaultParticle"": 13, ""PawnMaterialParam"": 8}",0,,,,,COMMON,공통 상태 — 대형 세이튼(MN_RPCT_06),
MN_RPCT_06,15,SPAWN,9,6,Respawn_1 ; Respawn_2 ; Respawn_1_1 ; Respawn_1_2 ; Respawn_1_3 ; Respawn_1_4,mn_rpct_06_sk.ao_respawn_1,2,1,FX_MN_RPCT_06_X.Par_X_RPCT_Spawn_01_01_LOC_INT,2,S_Mob_G_BigSatan1.G_BigSatan1_Spawn1 ; S_Mob_G_BigSatan1.G_BigSatan1_SpawnVox1,"{""Condition"": 2, ""DefaultParticle"": 1, ""PawnMaterialChange"": 1, ""PawnMaterialParam"": 1, ""SuperArmor"": 7, ""Anim"": 6, ""HidePawn"": 1, ""AKEvent"": 2, ""PlayParticleEffect"": 1}",0,KAKULSAYDON_G1_PATTERN_9,대형세이튼_세이튼등장,GATE2,DRAFT,COMMON,공통 상태 — 대형 세이튼(MN_RPCT_06),
MN_RPCT_06,16,RESURRECT,1,0,,,0,0,,0,,{},0,,,,,COMMON,공통 상태 — 대형 세이튼(MN_RPCT_06),
MN_RPCT_06,19,DESPAWN,3,0,,,1,0,,0,,"{""Condition"": 2, ""DefaultParticle"": 1, ""PawnMaterialChange"": 1, ""PawnMaterialParam"": 4}",0,,,,,COMMON,공통 상태 — 대형 세이튼(MN_RPCT_06),
MN_RPCT_06,4221801,대형 세이튼_내려찍기,6,6,Att_Battle_1_01 ; Att_Battle_1_02 ; Att_Battle_1_05,mn_rpct_06_sk.ao_att_battle_1_01 ; mn_rpct_06_sk.ao_att_battle_1_02 ; mn_rpct_06_sk.ao_att_battle_1_05,16,7,FX_MN_RPCT_06_X.Par_X_RPCT_Crash_01_01_LOC_INT ; FX_Post.FX_Par.Par_C_ZoomBlur_02 ; FX_CM_02.Light.Par_MP_Light_01 ; FX_MN_RPCT_06_X.Par_X_RPCT_Dust_01_01 ; FX_MN_RPCT_06_X.Par_X_RPCT_Trail_01_01_LOC_INT ; FX_Post.FX_Par.Par_C_ZoomBlur_01 ; FX_MN_RPCT_06_X.Par_X_RPCT_Crash_02_01_LOC_INT,4,S_Mob_G_BigSatan1.G_BigSatan1_Attack01_ShotVox1 ; S_Mob_G_BigSatan1.G_BigSatan1_Attack01_Shot1 ; S_Mob_G_BigSatan1.G_BigSatan1_Attack01_Cast1 ; S_Mob_G_BigSatan1.G_BigSatan1_Attack01_Shot2,"{""Anim"": 6, ""Effect"": 8, ""PlayDecalEffect"": 4, ""AKEvent"": 8, ""PlayParticleEffect"": 16, ""ViewShake"": 4}",4,,,,,MECHANIC,잡기 후 뿅망치 — 대형 세이튼 잡기/던지기/무력화 + 세이튼 거대 망치 요청,
MN_RPCT_06,4221808,대형 세이튼_불뿜기_A,4,4,Idle_Battle_1 ; Att_Battle_5_01,mn_rpct_06_sk.ao_idle_battle_1 ; mn_rpct_06_sk.ao_att_battle_5_01,14,7,FX_MN_RPCT_06_X.Par_X_RPCT_FireCast_01_01_LOC_INT ; FX_CM_02.Light.Par_X_Light_01 ; FX_MN_RPCT_06_X.Par_X_RPCT_FireCast_01_02_LOC_INT ; FX_Post.FX_Par.Par_X_ZoomBlur_01 ; FX_MN_RPCT_06_X.Par_X_RPCT_FireBreath_01_02_LOC_INT ; FX_CM_02.Light.Par_MP_Light_01 ; FX_MN_RPCT_06_X.Par_X_RPCT_FireDc_01_01,2,S_Mob_G_BigSatan1.G_BigSatan1_Attack05_ShotVox1 ; S_Mob_G_BigSatan1.G_BigSatan1_Attack05_Shot1,"{""Anim"": 4, ""Effect"": 6, ""MonsterMoveNextStage"": 2, ""PlayDecalEffect"": 2, ""PlayParticleEffect"": 14, ""AKEvent"": 4, ""ViewShake"": 2}",0,,,,,NORMAL,대형 세이튼 — 불뿜기/바람불기/3연타/공포/기모아 내려찍기/종이비둘기,
MN_RPCT_06,4221802,대형 세이튼_내려찍기,6,6,Att_Battle_1_01 ; Att_Battle_1_03 ; Att_Battle_1_05,mn_rpct_06_sk.ao_att_battle_1_01 ; mn_rpct_06_sk.ao_att_battle_1_03 ; mn_rpct_06_sk.ao_att_battle_1_05,16,7,FX_MN_RPCT_06_X.Par_X_RPCT_Crash_01_01_LOC_INT ; FX_CM_02.Light.Par_MP_Light_01 ; FX_Post.FX_Par.Par_C_ZoomBlur_02 ; FX_MN_RPCT_06_X.Par_X_RPCT_Dust_01_01 ; FX_MN_RPCT_06_X.Par_X_RPCT_Trail_01_01_LOC_INT ; FX_Post.FX_Par.Par_C_ZoomBlur_01 ; FX_MN_RPCT_06_X.Par_X_RPCT_Crash_02_01_LOC_INT,4,S_Mob_G_BigSatan1.G_BigSatan1_Attack01_ShotVox1 ; S_Mob_G_BigSatan1.G_BigSatan1_Attack01_Shot1 ; S_Mob_G_BigSatan1.G_BigSatan1_Attack01_Cast1 ; S_Mob_G_BigSatan1.G_BigSatan1_Attack01_Shot2,"{""Anim"": 6, ""Effect"": 8, ""PlayDecalEffect"": 4, ""AKEvent"": 8, ""PlayParticleEffect"": 16, ""ViewShake"": 4}",4,,,,,MECHANIC,잡기 후 뿅망치 — 대형 세이튼 잡기/던지기/무력화 + 세이튼 거대 망치 요청,
MN_RPCT_06,4221803,대형 세이튼_내려찍기,6,6,Att_Battle_1_01 ; Att_Battle_1_04 ; Att_Battle_1_05,mn_rpct_06_sk.ao_att_battle_1_01 ; mn_rpct_06_sk.ao_att_battle_1_04 ; mn_rpct_06_sk.ao_att_battle_1_05,16,7,FX_MN_RPCT_06_X.Par_X_RPCT_Crash_01_01_LOC_INT ; FX_CM_02.Light.Par_MP_Light_01 ; FX_Post.FX_Par.Par_C_ZoomBlur_02 ; FX_MN_RPCT_06_X.Par_X_RPCT_Dust_01_01 ; FX_MN_RPCT_06_X.Par_X_RPCT_Trail_01_01_LOC_INT ; FX_Post.FX_Par.Par_C_ZoomBlur_01 ; FX_MN_RPCT_06_X.Par_X_RPCT_Crash_02_01_LOC_INT,4,S_Mob_G_BigSatan1.G_BigSatan1_Attack01_ShotVox1 ; S_Mob_G_BigSatan1.G_BigSatan1_Attack01_Shot1 ; S_Mob_G_BigSatan1.G_BigSatan1_Attack01_Cast1 ; S_Mob_G_BigSatan1.G_BigSatan1_Attack01_Shot2,"{""Anim"": 6, ""Effect"": 8, ""PlayDecalEffect"": 4, ""AKEvent"": 8, ""PlayParticleEffect"": 16, ""ViewShake"": 4}",4,,,,,MECHANIC,잡기 후 뿅망치 — 대형 세이튼 잡기/던지기/무력화 + 세이튼 거대 망치 요청,
MN_RPCT_06,4221809,대형 세이튼_불뿜기_B,4,4,Idle_Battle_1 ; Att_Battle_5_02,mn_rpct_06_sk.ao_idle_battle_1 ; mn_rpct_06_sk.ao_att_battle_5_02,14,7,FX_MN_RPCT_06_X.Par_X_RPCT_FireCast_01_01_LOC_INT ; FX_CM_02.Light.Par_X_Light_01 ; FX_MN_RPCT_06_X.Par_X_RPCT_FireCast_01_02_LOC_INT ; FX_Post.FX_Par.Par_X_ZoomBlur_01 ; FX_MN_RPCT_06_X.Par_X_RPCT_FireBreath_01_02_LOC_INT ; FX_CM_02.Light.Par_MP_Light_01 ; FX_MN_RPCT_06_X.Par_X_RPCT_FireDc_01_02,2,S_Mob_G_BigSatan1.G_BigSatan1_Attack05_ShotVox1 ; S_Mob_G_BigSatan1.G_BigSatan1_Attack05_Shot1,"{""Anim"": 4, ""Effect"": 6, ""MonsterMoveNextStage"": 2, ""PlayDecalEffect"": 2, ""PlayParticleEffect"": 14, ""AKEvent"": 4, ""ViewShake"": 2}",0,KAKULSAYDON_G1_PATTERN_27,대형세이튼_불뿜기,GATE2,DRAFT,NORMAL,대형 세이튼 — 불뿜기/바람불기/3연타/공포/기모아 내려찍기/종이비둘기,
MN_RPCT_06,4221804,대형 세이튼_바람불기,6,6,Att_Battle_2_01 ; Att_Battle_2_02 ; Att_Battle_2_03,mn_rpct_06_sk.ao_att_battle_2_01 ; mn_rpct_06_sk.ao_att_battle_2_02 ; mn_rpct_06_sk.ao_att_battle_2_03,10,5,FX_MN_RPCT_06_X.Par_X_RPCT_WindCast_01_01 ; FX_MN_RPCT_06_X.Par_X_RPCT_WindBreath_01_01 ; FX_MN_RPCT_06_X.Par_X_RPCT_WindBreath_01_03 ; FX_MN_RPCT_06_X.Par_X_RPCT_WindBreath_01_02 ; FX_MN_RPCT_06_X.Par_X_RPCT_WindEmber_01_01,3,S_Mob_G_BigSatan1.G_BigSatan1_Attack02_ShotVox1 ; S_Mob_G_BigSatan1.G_BigSatan1_Attack02_Cast1 ; S_Mob_G_BigSatan1.G_BigSatan1_Attack02_Shot1,"{""Anim"": 6, ""Effect"": 6, ""AKEvent"": 8, ""PlayDecalEffect"": 2, ""PlayParticleEffect"": 10, ""ViewShake"": 4}",0,,,,,NORMAL,대형 세이튼 — 불뿜기/바람불기/3연타/공포/기모아 내려찍기/종이비둘기,
MN_RPCT_06,4221805,대형 세이튼_전방3연타_A,2,2,Att_Battle_3_01,mn_rpct_06_sk.ao_att_battle_3_01,24,4,FX_MN_RPCT_06_X.Par_X_RPCT_Trail_01_02_LOC_INT ; FX_Post.FX_Par.Par_C_ZoomBlur_02 ; FX_CM_02.Light.Par_MP_Light_01 ; FX_MN_RPCT_06_X.Par_X_RPCT_Crash_02_01_LOC_INT,2,S_Mob_G_BigSatan1.G_BigSatan1_Attack03_ShotVox1 ; S_Mob_G_BigSatan1.G_BigSatan1_Attack03_Shot1,"{""Anim"": 2, ""Effect"": 10, ""AKEvent"": 8, ""PlayDecalEffect"": 6, ""PlayParticleEffect"": 24, ""ViewShake"": 6}",0,,,,,NORMAL,대형 세이튼 — 불뿜기/바람불기/3연타/공포/기모아 내려찍기/종이비둘기,
MN_RPCT_06,4221806,대형 세이튼_전방3연타_A,2,2,Att_Battle_3_02,mn_rpct_06_sk.ao_att_battle_3_02,24,4,FX_Post.FX_Par.Par_C_ZoomBlur_02 ; FX_CM_02.Light.Par_MP_Light_01 ; FX_MN_RPCT_06_X.Par_X_RPCT_Trail_01_02_LOC_INT ; FX_MN_RPCT_06_X.Par_X_RPCT_Crash_02_01_LOC_INT,2,S_Mob_G_BigSatan1.G_BigSatan1_Attack03_ShotVox1 ; S_Mob_G_BigSatan1.G_BigSatan1_Attack03_Shot1,"{""Anim"": 2, ""Effect"": 10, ""AKEvent"": 8, ""PlayDecalEffect"": 6, ""ViewShake"": 6, ""PlayParticleEffect"": 24}",0,,,,,NORMAL,대형 세이튼 — 불뿜기/바람불기/3연타/공포/기모아 내려찍기/종이비둘기,
MN_RPCT_06,4221810,대형 세이튼_잡기,8,8,Att_Battle_6_01 ; Att_Battle_6_02 ; Att_Battle_6_04 ; Att_Battle_6_03,mn_rpct_06_sk.ao_att_battle_6_01 ; mn_rpct_06_sk.ao_att_battle_6_02 ; mn_rpct_06_sk.ao_att_battle_6_04 ; mn_rpct_06_sk.ao_att_battle_6_03,12,6,FX_MN_RPCT_06_X.Par_X_RPCT_Dust_02_01 ; FX_MN_RPCT_06_X.Par_X_RPCT_Hit_01_01_LOC_INT ; FX_MN_RPCT_06_X.Par_X_RPCT_Dust_03_01 ; FX_MN_RPCT_06_X.Par_X_RPCT_Trail_03_01_LOC_INT ; FX_MN_RPCT_06_X.Par_X_RPCT_Crash_03_01_LOC_INT ; FX_MN_RPCT_06_X.Par_X_RPCT_Crash_04_01_LOC_INT,7,S_Mob_G_BigSatan1.G_BigSatan1_Attack06_ShotVox1 ; S_Mob_G_BigSatan1.G_BigSatan1_Attack06_Shot1 ; S_Mob_G_BigSatan1.G_BigSatan1_Attack06_ShotVox2 ; S_Mob_G_BigSatan1.G_BigSatan1_Attack06_Shot2 ; S_Mob_G_BigSatan1.G_BigSatan1_Attack06_ShotVox3 ; S_Mob_G_BigSatan1.G_BigSatan1_Attack04_Shot4 ; S_Mob_G_BigSatan1.G_BigSatan1_Attack06_Shot3,"{""Anim"": 8, ""Effect"": 22, ""AKEvent"": 30, ""PlayParticleEffect"": 12, ""MonsterMoveNextStageConditionSkillEffectHit"": 2, ""Paralyzation"": 4, ""ViewShake"": 6, ""MonsterMoveNextStage"": 2}",18,KAKULSAYDON_G1_PATTERN_17,대형세이튼_잡기,GATE2,DRAFT,MECHANIC,잡기 후 뿅망치 — 대형 세이튼 잡기/던지기/무력화 + 세이튼 거대 망치 요청,
MN_RPCT_06,4221811,대형 세이튼_무력화,3,3,Dmg_Critical_Start_1 ; Dmg_Critical_Loop_1 ; Dmg_Critical_End_1,mn_rpct_06_sk.ao_dmg_critical_start_1 ; mn_rpct_06_sk.ao_dmg_critical_loop_1 ; mn_rpct_06_sk.ao_dmg_critical_end_1,5,5,FX_MN_RPBF_00_N.Par_N_RPBF_Wave_03 ; FX_CM_02.Light.Par_MP_Light_05_L ; FX_Post.FX_Par.Par_C_ZoomBlur_02 ; fx_cm_01.Distortion.Par_MP_ConcaveDis_Z_08 ; FX_BS_00.Hit.Par_D_GroggyHit_01,4,S_Systems.SYS_MONSTER_FREEZE1 ; S_Mob_G_BigSatan1.G_BigSatan1_FreezeStart1 ; S_Mob_G_BigSatan1.G_BigSatan1_FreezeLoop1 ; S_Mob_G_BigSatan1.G_BigSatan1_FreezeEnd1,"{""Anim"": 3, ""PlayParticleEffect"": 5, ""PawnMaterialParam"": 1, ""ViewShake"": 1, ""DominantDirectionalLight_Control"": 1, ""Effect"": 2, ""AKEvent"": 4}",1,,,,,MECHANIC,잡기 후 뿅망치 — 대형 세이튼 잡기/던지기/무력화 + 세이튼 거대 망치 요청,
MN_RPCT_06,4221812,대형 세이튼_던지기,1,1,Att_Battle_6_03,mn_rpct_06_sk.ao_att_battle_6_03,1,1,FX_MN_RPCT_06_X.Par_X_RPCT_Crash_04_01_LOC_INT,2,S_Mob_G_BigSatan1.G_BigSatan1_Attack07_ShotVox1 ; S_Mob_G_BigSatan1.G_BigSatan1_Attack07_Shot1,"{""Anim"": 1, ""AKEvent"": 2, ""PlayParticleEffect"": 1, ""ViewShake"": 1, ""Effect"": 1}",0,,,,,MECHANIC,잡기 후 뿅망치 — 대형 세이튼 잡기/던지기/무력화 + 세이튼 거대 망치 요청,
MN_RPCT_06,4221807,대형 세이튼_조커카드를 찾아라,1,1,Att_Battle_4_01,mn_rpct_06_sk.ao_att_battle_4_01,4,4,FX_MN_RPCT_06_X.Par_X_RPCT_Cast_04_01 ; FX_MN_RPCT_06_X.Par_X_RPCT_Cast_03_01 ; FX_MN_RPCT_06_X.Par_X_RPCT_Cast_05_01 ; FX_MN_RPCT_06_X.Par_X_RPCT_Cast_06_01_LOC_INT,5,S_Mob_G_BigSatan1.G_BigSatan1_Attack04_ShotVox1 ; S_Mob_G_BigSatan1.G_BigSatan1_Attack04_Shot1 ; S_Mob_G_BigSatan1.G_BigSatan1_Attack04_Cast1 ; S_Mob_G_BigSatan1.G_BigSatan1_Attack04_Shot2 ; S_Mob_G_BigSatan1.G_BigSatan1_Attack04_Shot3,"{""Anim"": 1, ""Effect"": 2, ""AKEvent"": 5, ""PlayParticleEffect"": 4, ""ViewShake"": 2}",0,,,,,MECHANIC,조커 찾기 — 대형 세이튼 조커카드/기모아서 내려찍기/카드뒤집기 전 변형,
MN_RPCT_06,4221813,대형 세이튼_번뜩이는 공포,2,2,Att_Battle_7_01,mn_rpct_06_sk.ao_att_battle_7_01,16,6,FX_MN_RPCT_06_X.Par_X_RPCT_Aura_01_01_LOC_INT ; FX_CM_02.Light.Par_X_Light_01 ; FX_MN_RPCT_06_X.Par_X_RPCT_Eye_02_02_LOC_INT ; FX_Post.FX_Par.Par_X_ZoomBlur_04 ; FX_MN_RPCT_06_X.Par_X_RPCT_Eye_02_03_LOC_INT ; FX_MN_RPCT_06_X.Par_X_RPCT_Eye_02_04_LOC_INT,3,S_Mob_G_BigSatan1.G_BigSatan1_Attack08_CastVox1 ; S_Mob_G_BigSatan1.G_BigSatan1_Attack08_Cast1 ; S_Mob_G_BigSatan1.G_BigSatan1_Attack08_ShotVox1,"{""Anim"": 2, ""Effect"": 6, ""LookTarget"": 2, ""AKEvent"": 6, ""PlayParticleEffect"": 16, ""ViewShake"": 2}",0,KAKULSAYDON_G1_PATTERN_11,대형세이튼_파1빨2,GATE2,DRAFT,NORMAL,대형 세이튼 — 불뿜기/바람불기/3연타/공포/기모아 내려찍기/종이비둘기,
MN_RPCT_06,4221814,대형 세이튼_기 모아서 내려찍기,6,6,Att_Battle_8_01 ; Att_Battle_8_02 ; Att_Battle_8_03,mn_rpct_06_sk.ao_att_battle_8_01 ; mn_rpct_06_sk.ao_att_battle_8_02 ; mn_rpct_06_sk.ao_att_battle_8_03,28,11,FX_MN_RPCT_06_X.Par_X_RPCT_WP_01_02_LOC_INT ; FX_MN_RPCT_06_X.Par_X_RPCT_Cast_02_01_LOC_INT ; FX_CM_02.Light.Par_X_Light_02_ON ; FX_MN_RPCT_06_X.Par_X_RPCT_WP_01_01_LOC_INT ; FX_Post.FX_Par.Par_X_ZoomBlur_02 ; FX_CM_02.Light.Par_MP_Light_01_Loop ; FX_Post.FX_Par.Par_X_ZoomBlur_03 ; FX_CM_02.Light.Par_X_Light_02_OFF ; FX_MN_RPCT_06_X.Par_X_RPCT_Trail_02_01_LOC_INT ; FX_CM_02.Light.Par_MP_Light_01 ; FX_MN_RPCT_06_X.Par_X_RPCT_Crash_05_01_LOC_INT,5,S_Mob_G_BigSatan1.G_BigSatan1_Attack09_CastVox1 ; S_Mob_G_BigSatan1.G_BigSatan1_Attack09_Cast1 ; S_Mob_G_BigSatan1.G_BigSatan1_Attack09_Cast2 ; S_Mob_G_BigSatan1.G_BigSatan1_Attack09_ShotVox1 ; S_Mob_G_BigSatan1.G_BigSatan1_Attack09_Shot1,"{""Anim"": 6, ""Effect"": 8, ""AKEvent"": 10, ""PlayParticleEffect"": 28, ""LookTarget"": 2, ""ViewShake"": 6}",10,,,,,NORMAL,대형 세이튼 — 불뿜기/바람불기/3연타/공포/기모아 내려찍기/종이비둘기,
MN_RPCT_06,4221815,대형 세이튼_거대 종이비둘기 날리기,2,2,Att_Battle_9_01,mn_rpct_06_sk.ao_att_battle_9_01,4,2,FX_MN_RPCT_06_X.Par_X_RPCT_HatCast_01_01_LOC_INT ; FX_MN_RPCT_06_X.Par_X_RPCT_HatEnd_01_02,3,S_Mob_G_BigSatan1.G_BigSatan1_Attack10_ShotVox1 ; S_Mob_G_BigSatan1.G_BigSatan1_Attack10_Cast1 ; S_Mob_G_BigSatan1.G_BigSatan1_Attack10_Shot1,"{""Anim"": 2, ""Effect"": 14, ""AKEvent"": 6, ""PlayParticleEffect"": 4, ""HidePawn"": 2, ""PlayDecalEffect"": 1}",0,,,,,NORMAL,대형 세이튼 — 불뿜기/바람불기/3연타/공포/기모아 내려찍기/종이비둘기,
MN_RPCT_06,4221816,대형 세이튼_조커 카드를 찾아라 성공!,1,1,Att_Battle_4_02,mn_rpct_06_sk.ao_att_battle_4_02,0,0,,2,S_Mob_G_BigSatan1.G_BigSatan1_Attack04_ShotVox2 ; S_Mob_G_BigSatan1.G_BigSatan1_Attack04_Shot4,"{""Anim"": 1, ""Effect"": 4, ""AKEvent"": 2}",0,KAKULSAYDON_G1_PATTERN_14,대형세이튼_조커찾기_성공,GATE2,PRODUCT,MECHANIC,조커 찾기 — 대형 세이튼 조커카드/기모아서 내려찍기/카드뒤집기 전 변형,SUCCESS_OR_FAILURE
MN_RPCT_06,4221817,대형 세이튼_대상 추적 회전,1,1,Idle_Battle_1,mn_rpct_06_sk.ao_idle_battle_1,0,0,,1,S_Mob_G_BigSatan1.G_BigSatan1_Attack11_ShotVox1,"{""Anim"": 1, ""LookTarget"": 1, ""AKEvent"": 1}",2,,,,,MECHANIC,조커 찾기 — 대형 세이튼 조커카드/기모아서 내려찍기/카드뒤집기 전 변형,
MN_RPCT_06,4221818,대형 세이튼_기모아서 내려찍기_카드 찾기,3,3,Att_Battle_8_01 ; Att_Battle_8_02 ; Att_Battle_8_03,mn_rpct_06_sk.ao_att_battle_8_01 ; mn_rpct_06_sk.ao_att_battle_8_02 ; mn_rpct_06_sk.ao_att_battle_8_03,14,11,FX_MN_RPCT_06_X.Par_X_RPCT_WP_01_02_LOC_INT ; FX_MN_RPCT_06_X.Par_X_RPCT_Cast_02_01_LOC_INT ; FX_CM_02.Light.Par_X_Light_02_ON ; FX_MN_RPCT_06_X.Par_X_RPCT_WP_01_01_LOC_INT ; FX_Post.FX_Par.Par_X_ZoomBlur_02 ; FX_CM_02.Light.Par_MP_Light_01_Loop ; FX_Post.FX_Par.Par_X_ZoomBlur_03 ; FX_CM_02.Light.Par_X_Light_02_OFF ; FX_MN_RPCT_06_X.Par_X_RPCT_Trail_02_01_LOC_INT ; FX_CM_02.Light.Par_MP_Light_01 ; FX_MN_RPCT_06_X.Par_X_RPCT_Crash_05_01_LOC_INT,5,S_Mob_G_BigSatan1.G_BigSatan1_Attack09_CastVox1 ; S_Mob_G_BigSatan1.G_BigSatan1_Attack09_Cast1 ; S_Mob_G_BigSatan1.G_BigSatan1_Attack09_Cast3 ; S_Mob_G_BigSatan1.G_BigSatan1_Attack09_ShotVox1 ; S_Mob_G_BigSatan1.G_BigSatan1_Attack09_Shot1,"{""Anim"": 3, ""Effect"": 5, ""AKEvent"": 5, ""PlayParticleEffect"": 14, ""MonsterMoveNextStage"": 2, ""ViewShake"": 3, ""LookTarget"": 1, ""PlayDecalEffect"": 1}",6,KAKULSAYDON_G1_PATTERN_13,대형세이튼_조커찾기,GATE2,DRAFT,MECHANIC,조커 찾기 — 대형 세이튼 조커카드/기모아서 내려찍기/카드뒤집기 전 변형,
MN_RPCT_06,4221819,대형 세이튼_기모아서 내려찍기_대폭발,8,8,Idle_Battle_1 ; Att_Battle_8_01 ; Att_Battle_8_02 ; Att_Battle_8_03,mn_rpct_06_sk.ao_idle_battle_1 ; mn_rpct_06_sk.ao_att_battle_8_01 ; mn_rpct_06_sk.ao_att_battle_8_02 ; mn_rpct_06_sk.ao_att_battle_8_03,34,11,FX_MN_RPCT_06_X.Par_X_RPCT_WP_01_02_LOC_INT ; FX_MN_RPCT_06_X.Par_X_RPCT_Cast_02_01_LOC_INT ; FX_CM_02.Light.Par_X_Light_02_ON ; FX_MN_RPCT_06_X.Par_X_RPCT_WP_01_01_LOC_INT ; FX_Post.FX_Par.Par_X_ZoomBlur_02 ; FX_CM_02.Light.Par_MP_Light_01_Loop ; FX_Post.FX_Par.Par_X_ZoomBlur_03 ; FX_CM_02.Light.Par_X_Light_02_OFF ; FX_MN_RPCT_06_X.Par_X_RPCT_Trail_02_01_LOC_INT ; FX_CM_02.Light.Par_MP_Light_01 ; FX_MN_RPCT_06_X.Par_X_RPCT_Crash_05_01_LOC_INT,6,S_Mob_G_BigSatan1.G_BigSatan1_Attack09_CastVox1 ; S_Mob_G_BigSatan1.G_BigSatan1_Attack09_Cast1 ; S_Mob_G_BigSatan1.G_BigSatan1_Attack09_Cast4 ; S_Mob_G_BigSatan1.G_BigSatan1_Attack09_CastVox2 ; S_Mob_G_BigSatan1.G_BigSatan1_Attack09_ShotVox1 ; S_Mob_G_BigSatan1.G_BigSatan1_Attack09_Shot1,"{""Anim"": 8, ""LookTarget"": 7, ""MonsterMoveNextStage"": 7, ""Effect"": 5, ""AKEvent"": 8, ""PlayParticleEffect"": 34, ""ViewShake"": 7, ""PlayDecalEffect"": 1}",29,,,,,NORMAL,대형 세이튼 — 불뿜기/바람불기/3연타/공포/기모아 내려찍기/종이비둘기,
MN_RPCT_06,4221820,대형 세이튼_카드뒤집기_중거리,3,3,Att_Battle_8_01 ; Att_Battle_1_01 ; Att_Battle_1_03,mn_rpct_06_sk.ao_att_battle_8_01 ; mn_rpct_06_sk.ao_att_battle_1_01 ; mn_rpct_06_sk.ao_att_battle_1_03,4,4,FX_MN_RPCT_06_X.Par_X_RPCT_WP_01_02_LOC_INT ; FX_MN_RPCT_06_X.Par_X_RPCT_Crash_01_01_LOC_INT ; FX_CM_02.Light.Par_MP_Light_01 ; FX_Post.FX_Par.Par_C_ZoomBlur_02,5,S_Mob_G_BigSatan1.G_BigSatan1_Attack09_CastVox1 ; S_Mob_G_BigSatan1.G_BigSatan1_Attack09_Cast1 ; S_Mob_G_BigSatan1.G_BigSatan1_Attack09_Cast3 ; S_Mob_G_BigSatan1.G_BigSatan1_Attack12_ShotVox1 ; S_Mob_G_BigSatan1.G_BigSatan1_Attack01_Shot2,"{""Anim"": 3, ""Effect"": 6, ""AKEvent"": 5, ""PlayParticleEffect"": 4, ""MonsterMoveNextStage"": 2, ""ViewShake"": 1}",0,KAKULSAYDON_G1_PATTERN_13,대형세이튼_조커찾기,GATE2,DRAFT,MECHANIC,조커 찾기 — 대형 세이튼 조커카드/기모아서 내려찍기/카드뒤집기 전 변형,
MN_RPCT_06,4221821,대형 세이튼_카드뒤집기_타겟팅,1,1,Idle_Battle_1,mn_rpct_06_sk.ao_idle_battle_1,0,0,,0,,"{""Anim"": 1, ""Effect"": 1}",0,KAKULSAYDON_G1_PATTERN_13,대형세이튼_조커찾기,GATE2,DRAFT,MECHANIC,조커 찾기 — 대형 세이튼 조커카드/기모아서 내려찍기/카드뒤집기 전 변형,
MN_RPCT_06,4221822,대형 세이튼_기모아서 내려찍기_카드 삭제,3,3,Idle_Battle_1 ; Att_Battle_5_01 ; Att_Battle_5_02,mn_rpct_06_sk.ao_idle_battle_1 ; mn_rpct_06_sk.ao_att_battle_5_01 ; mn_rpct_06_sk.ao_att_battle_5_02,12,7,FX_MN_RPCT_06_X.Par_X_RPCT_FireCast_01_01_LOC_INT ; FX_CM_02.Light.Par_X_Light_01 ; FX_Post.FX_Par.Par_X_ZoomBlur_01 ; FX_MN_RPCT_06_X.Par_X_RPCT_FireBreath_01_02_LOC_INT ; FX_CM_02.Light.Par_MP_Light_01 ; FX_MN_RPCT_06_X.Par_X_RPCT_FireDc_01_01 ; FX_MN_RPCT_06_X.Par_X_RPCT_FireDc_01_02,3,S_Mob_G_BigSatan1.G_BigSatan1_Attack11_ShotVox1 ; S_Mob_G_BigSatan1.G_BigSatan1_Attack05_Shot1 ; S_Mob_G_BigSatan1.G_BigSatan1_Attack05_ShotVox1,"{""Anim"": 3, ""Rotate"": 1, ""Effect"": 5, ""AKEvent"": 5, ""MonsterMoveNextStage"": 2, ""PlayParticleEffect"": 12, ""ViewShake"": 2}",0,,,,,MECHANIC,조커 찾기 — 대형 세이튼 조커카드/기모아서 내려찍기/카드뒤집기 전 변형,
MN_RPCT_06,4221823,대형 세이튼_카드뒤집기_근거리,3,3,Att_Battle_8_01 ; Att_Battle_1_01 ; Att_Battle_1_02,mn_rpct_06_sk.ao_att_battle_8_01 ; mn_rpct_06_sk.ao_att_battle_1_01 ; mn_rpct_06_sk.ao_att_battle_1_02,4,4,FX_MN_RPCT_06_X.Par_X_RPCT_WP_01_02_LOC_INT ; FX_MN_RPCT_06_X.Par_X_RPCT_Crash_01_01_LOC_INT ; FX_Post.FX_Par.Par_C_ZoomBlur_02 ; FX_CM_02.Light.Par_MP_Light_01,4,S_Mob_G_BigSatan1.G_BigSatan1_Attack09_CastVox1 ; S_Mob_G_BigSatan1.G_BigSatan1_Attack09_Cast1 ; S_Mob_G_BigSatan1.G_BigSatan1_Attack09_Cast3 ; S_Mob_G_BigSatan1.G_BigSatan1_Attack01_Shot1,"{""Anim"": 3, ""Effect"": 5, ""AKEvent"": 4, ""PlayParticleEffect"": 4, ""MonsterMoveNextStage"": 2, ""ViewShake"": 1}",0,,,,,MECHANIC,조커 찾기 — 대형 세이튼 조커카드/기모아서 내려찍기/카드뒤집기 전 변형,
MN_RPCT_06,4221824,대형 세이튼_카드뒤집기_원거리,3,3,Att_Battle_8_01 ; Att_Battle_1_01 ; Att_Battle_1_04,mn_rpct_06_sk.ao_att_battle_8_01 ; mn_rpct_06_sk.ao_att_battle_1_01 ; mn_rpct_06_sk.ao_att_battle_1_04,4,4,FX_MN_RPCT_06_X.Par_X_RPCT_WP_01_02_LOC_INT ; FX_MN_RPCT_06_X.Par_X_RPCT_Crash_01_01_LOC_INT ; FX_CM_02.Light.Par_MP_Light_01 ; FX_Post.FX_Par.Par_C_ZoomBlur_02,4,S_Mob_G_BigSatan1.G_BigSatan1_Attack09_CastVox1 ; S_Mob_G_BigSatan1.G_BigSatan1_Attack09_Cast1 ; S_Mob_G_BigSatan1.G_BigSatan1_Attack09_Cast3 ; S_Mob_G_BigSatan1.G_BigSatan1_Attack01_Shot1,"{""Anim"": 3, ""Effect"": 5, ""AKEvent"": 4, ""PlayParticleEffect"": 4, ""MonsterMoveNextStage"": 2, ""ViewShake"": 1}",0,,,,,MECHANIC,조커 찾기 — 대형 세이튼 조커카드/기모아서 내려찍기/카드뒤집기 전 변형,
MN_RPCT_06,4221825,대형 세이튼_카드뒤집기_근거리_타겟없을때,3,3,Att_Battle_8_01 ; Att_Battle_1_01 ; Att_Battle_1_02,mn_rpct_06_sk.ao_att_battle_8_01 ; mn_rpct_06_sk.ao_att_battle_1_01 ; mn_rpct_06_sk.ao_att_battle_1_02,4,4,FX_MN_RPCT_06_X.Par_X_RPCT_WP_01_02_LOC_INT ; FX_MN_RPCT_06_X.Par_X_RPCT_Crash_01_01_LOC_INT ; FX_Post.FX_Par.Par_C_ZoomBlur_02 ; FX_CM_02.Light.Par_MP_Light_01,4,S_Mob_G_BigSatan1.G_BigSatan1_Attack09_CastVox1 ; S_Mob_G_BigSatan1.G_BigSatan1_Attack09_Cast1 ; S_Mob_G_BigSatan1.G_BigSatan1_Attack09_Cast3 ; S_Mob_G_BigSatan1.G_BigSatan1_Attack01_Shot1,"{""Anim"": 3, ""Effect"": 5, ""AKEvent"": 4, ""PlayParticleEffect"": 4, ""MonsterMoveNextStage"": 2, ""ViewShake"": 1}",0,,,,,MECHANIC,조커 찾기 — 대형 세이튼 조커카드/기모아서 내려찍기/카드뒤집기 전 변형,
MN_RPCT_06,4221826,대형 세이튼_카드뒤집기_중거리_타겟없음,3,3,Att_Battle_8_01 ; Att_Battle_1_01 ; Att_Battle_1_03,mn_rpct_06_sk.ao_att_battle_8_01 ; mn_rpct_06_sk.ao_att_battle_1_01 ; mn_rpct_06_sk.ao_att_battle_1_03,4,4,FX_MN_RPCT_06_X.Par_X_RPCT_WP_01_02_LOC_INT ; FX_MN_RPCT_06_X.Par_X_RPCT_Crash_01_01_LOC_INT ; FX_CM_02.Light.Par_MP_Light_01 ; FX_Post.FX_Par.Par_C_ZoomBlur_02,5,S_Mob_G_BigSatan1.G_BigSatan1_Attack09_CastVox1 ; S_Mob_G_BigSatan1.G_BigSatan1_Attack09_Cast1 ; S_Mob_G_BigSatan1.G_BigSatan1_Attack09_Cast3 ; S_Mob_G_BigSatan1.G_BigSatan1_Attack12_ShotVox1 ; S_Mob_G_BigSatan1.G_BigSatan1_Attack01_Shot2,"{""Anim"": 3, ""Effect"": 6, ""AKEvent"": 5, ""PlayParticleEffect"": 4, ""MonsterMoveNextStage"": 2, ""ViewShake"": 1}",0,,,,,MECHANIC,조커 찾기 — 대형 세이튼 조커카드/기모아서 내려찍기/카드뒤집기 전 변형,
MN_RPCT_06,4221827,대형 세이튼_카드뒤집기_원거리_타겟없음,3,3,Att_Battle_8_01 ; Att_Battle_1_01 ; Att_Battle_1_04,mn_rpct_06_sk.ao_att_battle_8_01 ; mn_rpct_06_sk.ao_att_battle_1_01 ; mn_rpct_06_sk.ao_att_battle_1_04,4,4,FX_MN_RPCT_06_X.Par_X_RPCT_WP_01_02_LOC_INT ; FX_MN_RPCT_06_X.Par_X_RPCT_Crash_01_01_LOC_INT ; FX_CM_02.Light.Par_MP_Light_01 ; FX_Post.FX_Par.Par_C_ZoomBlur_02,4,S_Mob_G_BigSatan1.G_BigSatan1_Attack09_CastVox1 ; S_Mob_G_BigSatan1.G_BigSatan1_Attack09_Cast1 ; S_Mob_G_BigSatan1.G_BigSatan1_Attack09_Cast3 ; S_Mob_G_BigSatan1.G_BigSatan1_Attack01_Shot1,"{""Anim"": 3, ""Effect"": 5, ""AKEvent"": 4, ""PlayParticleEffect"": 4, ""MonsterMoveNextStage"": 2, ""ViewShake"": 1}",0,,,,,MECHANIC,조커 찾기 — 대형 세이튼 조커카드/기모아서 내려찍기/카드뒤집기 전 변형,
MN_RPCT_06,4221829,대형 세이튼_불뿜기_A_이지,2,2,Idle_Battle_1 ; Att_Battle_5_01,mn_rpct_06_sk.ao_idle_battle_1 ; mn_rpct_06_sk.ao_att_battle_5_01,7,7,FX_MN_RPCT_06_X.Par_X_RPCT_FireCast_01_01_LOC_INT ; FX_CM_02.Light.Par_X_Light_01 ; FX_MN_RPCT_06_X.Par_X_RPCT_FireCast_01_02_LOC_INT ; FX_Post.FX_Par.Par_X_ZoomBlur_01 ; FX_MN_RPCT_06_X.Par_X_RPCT_FireBreath_01_02_LOC_INT ; FX_CM_02.Light.Par_MP_Light_01 ; FX_MN_RPCT_06_X.Par_X_RPCT_FireDc_01_01,2,S_Mob_G_BigSatan1.G_BigSatan1_Attack05_ShotVox1 ; S_Mob_G_BigSatan1.G_BigSatan1_Attack05_Shot1,"{""Anim"": 2, ""Effect"": 3, ""MonsterMoveNextStage"": 1, ""PlayParticleEffect"": 7, ""PlayDecalEffect"": 1, ""AKEvent"": 2, ""ViewShake"": 1}",0,,,,,NORMAL,대형 세이튼 — 불뿜기/바람불기/3연타/공포/기모아 내려찍기/종이비둘기,EASY
MN_RPCT_06,4221830,대형 세이튼_불뿜기_B_이지,2,2,Idle_Battle_1 ; Att_Battle_5_02,mn_rpct_06_sk.ao_idle_battle_1 ; mn_rpct_06_sk.ao_att_battle_5_02,7,7,FX_MN_RPCT_06_X.Par_X_RPCT_FireCast_01_01_LOC_INT ; FX_CM_02.Light.Par_X_Light_01 ; FX_MN_RPCT_06_X.Par_X_RPCT_FireCast_01_02_LOC_INT ; FX_Post.FX_Par.Par_X_ZoomBlur_01 ; FX_MN_RPCT_06_X.Par_X_RPCT_FireBreath_01_02_LOC_INT ; FX_CM_02.Light.Par_MP_Light_01 ; FX_MN_RPCT_06_X.Par_X_RPCT_FireDc_01_02,2,S_Mob_G_BigSatan1.G_BigSatan1_Attack05_ShotVox1 ; S_Mob_G_BigSatan1.G_BigSatan1_Attack05_Shot1,"{""Anim"": 2, ""Effect"": 3, ""MonsterMoveNextStage"": 1, ""PlayParticleEffect"": 7, ""PlayDecalEffect"": 1, ""AKEvent"": 2, ""ViewShake"": 1}",0,,,,,NORMAL,대형 세이튼 — 불뿜기/바람불기/3연타/공포/기모아 내려찍기/종이비둘기,EASY
MN_RPCT_06,4221831,대형 세이튼_바람불기_이지,3,3,Att_Battle_2_01 ; Att_Battle_2_02 ; Att_Battle_2_03,mn_rpct_06_sk.ao_att_battle_2_01 ; mn_rpct_06_sk.ao_att_battle_2_02 ; mn_rpct_06_sk.ao_att_battle_2_03,5,5,FX_MN_RPCT_06_X.Par_X_RPCT_WindCast_01_01 ; FX_MN_RPCT_06_X.Par_X_RPCT_WindBreath_01_01 ; FX_MN_RPCT_06_X.Par_X_RPCT_WindBreath_01_03 ; FX_MN_RPCT_06_X.Par_X_RPCT_WindBreath_01_02 ; FX_MN_RPCT_06_X.Par_X_RPCT_WindEmber_01_01,3,S_Mob_G_BigSatan1.G_BigSatan1_Attack02_ShotVox1 ; S_Mob_G_BigSatan1.G_BigSatan1_Attack02_Cast1 ; S_Mob_G_BigSatan1.G_BigSatan1_Attack02_Shot1,"{""Anim"": 3, ""Effect"": 3, ""AKEvent"": 4, ""PlayDecalEffect"": 1, ""PlayParticleEffect"": 5, ""ViewShake"": 2}",0,,,,,NORMAL,대형 세이튼 — 불뿜기/바람불기/3연타/공포/기모아 내려찍기/종이비둘기,EASY
MN_RPCT_06,4221832,대형 세이튼_카드뒤집기_중거리_헬모드,3,3,Att_Battle_8_01 ; Att_Battle_1_01 ; Att_Battle_1_03,mn_rpct_06_sk.ao_att_battle_8_01 ; mn_rpct_06_sk.ao_att_battle_1_01 ; mn_rpct_06_sk.ao_att_battle_1_03,4,4,FX_MN_RPCT_06_X.Par_X_RPCT_WP_01_02_LOC_INT ; FX_MN_RPCT_06_X.Par_X_RPCT_Crash_01_01_LOC_INT ; FX_CM_02.Light.Par_MP_Light_01 ; FX_Post.FX_Par.Par_C_ZoomBlur_02,5,S_Mob_G_BigSatan1.G_BigSatan1_Attack09_CastVox1 ; S_Mob_G_BigSatan1.G_BigSatan1_Attack09_Cast1 ; S_Mob_G_BigSatan1.G_BigSatan1_Attack09_Cast3 ; S_Mob_G_BigSatan1.G_BigSatan1_Attack12_ShotVox1 ; S_Mob_G_BigSatan1.G_BigSatan1_Attack01_Shot2,"{""Anim"": 3, ""Effect"": 12, ""AKEvent"": 5, ""PlayParticleEffect"": 4, ""MonsterMoveNextStage"": 2, ""ViewShake"": 1}",0,,,,,MECHANIC,조커 찾기 — 대형 세이튼 조커카드/기모아서 내려찍기/카드뒤집기 전 변형,HELL
MN_RPCT_06,4221833,대형 세이튼_카드뒤집기_근거리_헬모드,3,3,Att_Battle_8_01 ; Att_Battle_1_01 ; Att_Battle_1_02,mn_rpct_06_sk.ao_att_battle_8_01 ; mn_rpct_06_sk.ao_att_battle_1_01 ; mn_rpct_06_sk.ao_att_battle_1_02,4,4,FX_MN_RPCT_06_X.Par_X_RPCT_WP_01_02_LOC_INT ; FX_MN_RPCT_06_X.Par_X_RPCT_Crash_01_01_LOC_INT ; FX_Post.FX_Par.Par_C_ZoomBlur_02 ; FX_CM_02.Light.Par_MP_Light_01,4,S_Mob_G_BigSatan1.G_BigSatan1_Attack09_CastVox1 ; S_Mob_G_BigSatan1.G_BigSatan1_Attack09_Cast1 ; S_Mob_G_BigSatan1.G_BigSatan1_Attack09_Cast3 ; S_Mob_G_BigSatan1.G_BigSatan1_Attack01_Shot1,"{""Anim"": 3, ""Effect"": 11, ""AKEvent"": 4, ""PlayParticleEffect"": 4, ""MonsterMoveNextStage"": 2, ""ViewShake"": 1}",0,,,,,MECHANIC,조커 찾기 — 대형 세이튼 조커카드/기모아서 내려찍기/카드뒤집기 전 변형,HELL
MN_RPCT_06,4221834,대형 세이튼_카드뒤집기_원거리_헬모드,3,3,Att_Battle_8_01 ; Att_Battle_1_01 ; Att_Battle_1_04,mn_rpct_06_sk.ao_att_battle_8_01 ; mn_rpct_06_sk.ao_att_battle_1_01 ; mn_rpct_06_sk.ao_att_battle_1_04,4,4,FX_MN_RPCT_06_X.Par_X_RPCT_WP_01_02_LOC_INT ; FX_MN_RPCT_06_X.Par_X_RPCT_Crash_01_01_LOC_INT ; FX_CM_02.Light.Par_MP_Light_01 ; FX_Post.FX_Par.Par_C_ZoomBlur_02,4,S_Mob_G_BigSatan1.G_BigSatan1_Attack09_CastVox1 ; S_Mob_G_BigSatan1.G_BigSatan1_Attack09_Cast1 ; S_Mob_G_BigSatan1.G_BigSatan1_Attack09_Cast3 ; S_Mob_G_BigSatan1.G_BigSatan1_Attack01_Shot1,"{""Anim"": 3, ""Effect"": 11, ""AKEvent"": 4, ""PlayParticleEffect"": 4, ""MonsterMoveNextStage"": 2, ""ViewShake"": 1}",0,,,,,MECHANIC,조커 찾기 — 대형 세이튼 조커카드/기모아서 내려찍기/카드뒤집기 전 변형,HELL
MN_RPCT_06,4221835,대형 세이튼_카드뒤집기_근거리_타겟없을때_헬모드,3,3,Att_Battle_8_01 ; Att_Battle_1_01 ; Att_Battle_1_02,mn_rpct_06_sk.ao_att_battle_8_01 ; mn_rpct_06_sk.ao_att_battle_1_01 ; mn_rpct_06_sk.ao_att_battle_1_02,4,4,FX_MN_RPCT_06_X.Par_X_RPCT_WP_01_02_LOC_INT ; FX_MN_RPCT_06_X.Par_X_RPCT_Crash_01_01_LOC_INT ; FX_Post.FX_Par.Par_C_ZoomBlur_02 ; FX_CM_02.Light.Par_MP_Light_01,4,S_Mob_G_BigSatan1.G_BigSatan1_Attack09_CastVox1 ; S_Mob_G_BigSatan1.G_BigSatan1_Attack09_Cast1 ; S_Mob_G_BigSatan1.G_BigSatan1_Attack09_Cast3 ; S_Mob_G_BigSatan1.G_BigSatan1_Attack01_Shot1,"{""Anim"": 3, ""Effect"": 11, ""AKEvent"": 4, ""PlayParticleEffect"": 4, ""MonsterMoveNextStage"": 2, ""ViewShake"": 1}",0,,,,,MECHANIC,조커 찾기 — 대형 세이튼 조커카드/기모아서 내려찍기/카드뒤집기 전 변형,HELL
MN_RPCT_06,4221836,대형 세이튼_카드뒤집기_중거리_타겟없음_헬모드,3,3,Att_Battle_8_01 ; Att_Battle_1_01 ; Att_Battle_1_03,mn_rpct_06_sk.ao_att_battle_8_01 ; mn_rpct_06_sk.ao_att_battle_1_01 ; mn_rpct_06_sk.ao_att_battle_1_03,4,4,FX_MN_RPCT_06_X.Par_X_RPCT_WP_01_02_LOC_INT ; FX_MN_RPCT_06_X.Par_X_RPCT_Crash_01_01_LOC_INT ; FX_CM_02.Light.Par_MP_Light_01 ; FX_Post.FX_Par.Par_C_ZoomBlur_02,5,S_Mob_G_BigSatan1.G_BigSatan1_Attack09_CastVox1 ; S_Mob_G_BigSatan1.G_BigSatan1_Attack09_Cast1 ; S_Mob_G_BigSatan1.G_BigSatan1_Attack09_Cast3 ; S_Mob_G_BigSatan1.G_BigSatan1_Attack12_ShotVox1 ; S_Mob_G_BigSatan1.G_BigSatan1_Attack01_Shot2,"{""Anim"": 3, ""Effect"": 12, ""AKEvent"": 5, ""PlayParticleEffect"": 4, ""MonsterMoveNextStage"": 2, ""ViewShake"": 1}",0,,,,,MECHANIC,조커 찾기 — 대형 세이튼 조커카드/기모아서 내려찍기/카드뒤집기 전 변형,HELL
MN_RPCT_06,4221837,대형 세이튼_카드뒤집기_원거리_타겟없음_헬모드,3,3,Att_Battle_8_01 ; Att_Battle_1_01 ; Att_Battle_1_04,mn_rpct_06_sk.ao_att_battle_8_01 ; mn_rpct_06_sk.ao_att_battle_1_01 ; mn_rpct_06_sk.ao_att_battle_1_04,4,4,FX_MN_RPCT_06_X.Par_X_RPCT_WP_01_02_LOC_INT ; FX_MN_RPCT_06_X.Par_X_RPCT_Crash_01_01_LOC_INT ; FX_CM_02.Light.Par_MP_Light_01 ; FX_Post.FX_Par.Par_C_ZoomBlur_02,4,S_Mob_G_BigSatan1.G_BigSatan1_Attack09_CastVox1 ; S_Mob_G_BigSatan1.G_BigSatan1_Attack09_Cast1 ; S_Mob_G_BigSatan1.G_BigSatan1_Attack09_Cast3 ; S_Mob_G_BigSatan1.G_BigSatan1_Attack01_Shot1,"{""Anim"": 3, ""Effect"": 11, ""AKEvent"": 4, ""PlayParticleEffect"": 4, ""MonsterMoveNextStage"": 2, ""ViewShake"": 1}",0,,,,,MECHANIC,조커 찾기 — 대형 세이튼 조커카드/기모아서 내려찍기/카드뒤집기 전 변형,HELL
MN_RPCT_06,4221838,대형 세이튼_광기깃든 광선 발사,3,3,Att_Battle_10_01 ; Att_Battle_10_02 ; Att_Battle_10_03,mn_rpct_06_sk.ao_att_battle_10_01 ; mn_rpct_06_sk.ao_att_battle_10_02 ; mn_rpct_06_sk.ao_att_battle_10_03,9,9,FX_MN_RPCT_06_X.Par_X_RPCT_Dust_04_01 ; FX_MN_RPCT_06_X.Par_X_RPCT_HnadCast_01_01_LOC_INT ; FX_MN_RPCT_06_X.Par_X_RPCT_HnadCast_02_01_LOC_INT ; FX_MN_RPCT_06_X.Par_X_RPCT_HnadCast_02_02_LOC_INT ; FX_CM_02.Light.Par_X_Light_02_OFF ; FX_MN_RPCT_06_X.Par_X_RPCT_Dust_05_02 ; FX_MN_RPCT_06_X.Par_X_RPCT_Dust_05_01 ; FX_Post.FX_Par.Par_X_ZoomBlur_03 ; FX_MN_RPCT_06_X.Par_X_RPCT_LaserAtk_01_01_LOC_INT,5,S_Mob_G_BigSatan1.G_BigSatan1_Attack13_CastVox1 ; S_Mob_G_BigSatan1.G_BigSatan1_Attack13_Cast1 ; S_Mob_G_BigSatan1.G_BigSatan1_Attack13_Shot1 ; S_Mob_G_BigSatan1.G_BigSatan1_Attack13_Shot2 ; S_Mob_G_BigSatan1.G_BigSatan1_Attack13_ShotVox1,"{""Anim"": 3, ""Effect"": 3, ""AKEvent"": 5, ""PlayParticleEffect"": 9, ""LookTarget"": 1, ""ViewShake"": 1}",2,,,,,MECHANIC,레이저(레이더) — 세이튼 레이져 쇼 A~D(30 stage) / 눈 레이저 / 대형 세이튼 광선,
MN_RPCT_06,4221839,대형 세이튼_카드뒤집기_타겟팅_제거,1,1,Idle_Battle_1,mn_rpct_06_sk.ao_idle_battle_1,0,0,,0,,"{""Anim"": 1, ""Effect"": 1}",0,,,,,MECHANIC,조커 찾기 — 대형 세이튼 조커카드/기모아서 내려찍기/카드뒤집기 전 변형,
MN_RPCT_07,0,STAND,23,16,Idle_Normal_1 ; Idle_Normal_1_1 ; Idle_Normal_1_2 ; Idle_Battle_1 ; Idle_Burrow_Loop_1 ; Idle_Status1_Loop_1 ; Idle_Status2_Loop_1 ; Idle_Status3_Loop_1 ; 0 ; Idle_FixedType_Loop_1 ; Idle_FlyingType_Loop_1 ; Idle_FixedType_Normal_1 ; Idle_FlyingType_Normal_1 ; Idle_Status1_Normal_1 ; Idle_Status2_Normal_1 ; Idle_Status3_Normal_1,rpct00_idle_normal_1 ; rpct00_idle_battle_1,0,0,,1,S_Mob_G_KoukuSatan1.G_KoukuSatan1_IdleN1,"{""Condition"": 7, ""Anim"": 16, ""AKEvent"": 1}",0,KAKULSAYDON_G1_PATTERN_18 ; KAKULSAYDON_G1_PATTERN_19,3관문_외곽불회전_갈고리대각선_시각테스트 ; 3관문_갈고리만_확인용_불없음,GATE3,PRODUCT ; PRODUCT,COMMON,공통 상태 — 합체 쿠크세이튼(MN_RPCT_07),
MN_RPCT_07,1,MOVE,14,10,Walk_Normal_1 ; Run_Battle_1 ; Run_Burrow_1 ; Fast_Run_Battle_1 ; Walk_Status1_1 ; Walk_Status3_1 ; Walk_Status2_1 ; Run_Status1_1 ; Run_Status2_1 ; Run_Status3_1,rpct00_walk_normal_1 ; rpct00_run_battle_1,0,0,,3,S_Mob_G_KoukuSatan1.G_KoukuSatan1_Walk1 ; S_Mob_G_KoukuSatan1.G_KoukuSatan1_FootStep1 ; S_Mob_G_KoukuSatan1.G_KoukuSatan1_Run1,"{""Condition"": 4, ""Anim"": 10, ""AKEvent"": 6}",0,,,,,COMMON,공통 상태 — 합체 쿠크세이튼(MN_RPCT_07),
MN_RPCT_07,3,FALLING,1,1,Run_Battle_1,rpct00_run_battle_1,0,0,,0,,"{""Anim"": 1}",0,,,,,COMMON,공통 상태 — 합체 쿠크세이튼(MN_RPCT_07),
MN_RPCT_07,4,LAND,1,1,Idle_Normal_1,rpct00_idle_normal_1,0,0,,0,,"{""Anim"": 1}",0,,,,,COMMON,공통 상태 — 합체 쿠크세이튼(MN_RPCT_07),
MN_RPCT_07,12,BEHIT,24,21,KnockDown ; StandUp_1 ; Bound ; Bound_Land ; Dmg_Idle_1 ; TwistKnockDown ; KnockDown_Land ; TwistKnockDown_Land ; Abn_Bug_1 ; Abn_EarthQuake_1 ; Abn_Fear_1 ; Abn_Shock_1 ; Abn_Stun_1 ; Ground_1 ; Dmg_Critical_Start_1 ; Dmg_Critical_Loop_1 ; Dmg_Critical_End_1 ; Dmg_Idle_2 ; Dmg_Idle_3,rpct00_abn_shock_1 ; rpct00_dmg_critical_start_1 ; rpct00_dmg_critical_loop_1 ; rpct00_dmg_critical_end_1,0,0,,4,S_Mob_G_KoukuSatan1.G_KoukuSatan1_FreezeStart1 ; S_Systems.SYS_MONSTER_FREEZE1 ; S_Mob_G_KoukuSatan1.G_KoukuSatan1_FreezeLoop1 ; S_Mob_G_KoukuSatan1.G_KoukuSatan1_FreezeEnd1,"{""Condition"": 3, ""Anim"": 21, ""Down"": 5, ""SoundSetDownMid"": 3, ""ViewShake"": 1, ""AKEvent"": 4, ""SoundSetSpringBound"": 1}",0,,,,,COMMON,공통 상태 — 합체 쿠크세이튼(MN_RPCT_07),
MN_RPCT_07,13,DIE,22,15,Anim ; Dead_3,,13,0,,3,S_Mob_G_KoukuSatan1.G_KoukuSatan1_Death1 ; S_Mob_G_KoukuSatan1.G_KoukuSatan1_DeathVox1 ; S_Mob_G_KoukuSatan1.G_KoukuSatan1_Death1_Impact1,"{""Condition"": 7, ""Anim"": 15, ""PawnMaterialChange"": 8, ""AKEvent"": 7, ""DefaultParticle"": 13, ""PawnMaterialParam"": 8}",0,,,,,COMMON,공통 상태 — 합체 쿠크세이튼(MN_RPCT_07),
MN_RPCT_07,15,SPAWN,9,6,Respawn_1 ; Respawn_2 ; Respawn_1_1 ; Respawn_1_2 ; Respawn_1_3 ; Respawn_1_4,rpct00_respawn_1_1,1,0,,2,S_Mob_G_KoukuSatan1.G_KoukuSatan1_Spawn1 ; S_Mob_G_KoukuSatan1.G_KoukuSatan1_Down1,"{""Condition"": 2, ""DefaultParticle"": 1, ""PawnMaterialChange"": 1, ""PawnMaterialParam"": 1, ""SuperArmor"": 7, ""Anim"": 6, ""AKEvent"": 2}",0,,,,,COMMON,공통 상태 — 합체 쿠크세이튼(MN_RPCT_07),
MN_RPCT_07,16,RESURRECT,1,0,,,0,0,,0,,{},0,,,,,COMMON,공통 상태 — 합체 쿠크세이튼(MN_RPCT_07),
MN_RPCT_07,19,DESPAWN,3,0,,,1,0,,0,,"{""Condition"": 2, ""DefaultParticle"": 1, ""PawnMaterialChange"": 1, ""PawnMaterialParam"": 4}",0,,,,,COMMON,공통 상태 — 합체 쿠크세이튼(MN_RPCT_07),
MN_RPCT_07,4219901,쿠크세이튼_슬라이딩 태클 후 내려찍기,10,10,Att_Battle_22_01 ; Att_Battle_22_02 ; Att_Battle_22_03 ; Att_Battle_5_01 ; Idle_Battle_1,rpct00_att_battle_22_01 ; rpct00_att_battle_22_02 ; rpct00_att_battle_22_03 ; rpct00_att_battle_5_01 ; rpct00_idle_battle_1,22,10,FX_MN_BOEH_00.Par_O_BOEH_Atk_08_Dust_01 ; fx_mn_rpct_07_v.Par_V_RPCT_HandSwing_Trail_03_LOC_INT ; FX_CM_02.Light.Par_MP_Light_05_L ; fx_mn_rpct_07_v.Par_V_RPCT_dash_Atk_01_01_LOC_INT ; FX_MN_RPCT_07_V.Par_V_RPCT_BallRead_Ball_04 ; fx_mn_rpct_07_v.Par_V_RPCT_BallRead_Exp_01_LOC_INT ; FX_CM_00.Dust.Par_D_Dust_001_1 ; FX_Post.FX_Par.Par_C_ZoomBlur_01 ; fx_mn_rpct_07_v.Par_V_RPCT_shot_02_1_LOC_INT ; FX_Post.FX_Par.Par_C_ZoomBlur_03,7,S_Mob_G_KoukuSatan1.G_KoukuSatan1_Attack01_Cast1 ; S_Mob_G_KoukuSatan1.G_KoukuSatan1_Attack01_ShotVox1 ; S_Mob_G_KoukuSatan1.G_KoukuSatan1_Attack01_Shot1 ; S_Mob_G_KoukuSatan1.G_KoukuSatan1_Attack07_Cast2 ; S_Mob_G_KoukuSatan1.G_KoukuSatan1_Attack01_Shot2 ; S_Mob_G_KoukuSatan1.G_KoukuSatan1_Attack01_Shot4 ; S_Mob_G_KoukuSatan1.G_KoukuSatan1_Attack01_Shot3,"{""Anim"": 10, ""CounterAttack"": 2, ""AKEvent"": 14, ""TrailGhostEffect"": 6, ""MonsterMoveNextStage"": 6, ""PawnMaterialParam"": 4, ""PlayParticleEffect"": 22, ""Effect"": 4, ""ViewShake"": 2, ""MonsterMoveNextStageConditionSkillEffectHit"": 2, ""PlayDecalEffect"": 1}",0,,,,,NORMAL,RPCT05 계열 재사용 — 불뿜기/종이비둘기/아드레날린/랜덤박스/화염 파동·분출/내려치기/화염링/메두사/바람 방구/레이저,
MN_RPCT_07,4219902,쿠크세이튼_서커스공 스매쉬_A,10,10,Att_Battle_23_01 ; Att_Battle_23_02 ; Att_Battle_23_03 ; Att_Battle_23_04 ; Att_Battle_24_03,rpct00_att_battle_23_01 ; rpct00_att_battle_23_02 ; rpct00_att_battle_23_03 ; rpct00_att_battle_23_04 ; rpct00_att_battle_24_03,26,6,fx_mn_rpct_07_v.Par_V_RPCT_HandSwing_Trail_01_LOC_INT ; FX_CM_02.Light.Par_MP_Light_05_L ; fx_mn_rpct_07_v.Par_V_RPCT_Potalshot_Exp_02_LOC_INT ; FX_Post.FX_Par.Par_C_ZoomBlur_03 ; FX_Post.FX_Par.Par_C_ZoomBlur_02 ; fx_mn_rpct_07_v.Par_V_RPCT_BallRead_Exp_01_LOC_INT,5,S_Mob_G_KoukuSatan1.G_KoukuSatan1_Attack02_Cast1 ; S_Mob_G_KoukuSatan1.G_KoukuSatan1_Attack02_ShotVox1 ; S_Mob_G_KoukuSatan1.G_KoukuSatan1_Attack02_Cast2 ; S_Mob_G_KoukuSatan1.G_KoukuSatan1_Attack02_Cast3 ; S_Mob_G_KoukuSatan1.G_KoukuSatan1_Attack02_Shot1,"{""Anim"": 10, ""PlayParticleEffect"": 26, ""AKEvent"": 14, ""PawnMaterialParam"": 8, ""TrailGhostEffect"": 2, ""Effect"": 20, ""MonsterMoveNextStage"": 8, ""PlayProjectileDecalEffect"": 8, ""ViewShake"": 8, ""HidePawn"": 4, ""LookTarget"": 2}",6,,,,,NORMAL,무기뇌격 / 서커스공 / 광기의 불길 / 광기의 표식(+4방향 강화) / 폭탄 투하,
MN_RPCT_07,4219903,쿠크세이튼_무기뇌격,16,16,Att_Battle_24_01 ; Att_Battle_24_02 ; Att_Battle_24_03 ; Att_Battle_24_04 ; Att_Battle_24_05,rpct00_att_battle_24_01 ; rpct00_att_battle_24_02 ; rpct00_att_battle_24_03 ; rpct00_att_battle_24_04 ; rpct00_att_battle_24_05,92,9,fx_mn_rpct_07_v.Par_V_RPCT_HandSwing_Trail_01_LOC_INT ; fx_mn_rpct_07_v.Par_V_RPCT_light_cast_01_01_LOC_INT ; fx_mn_rpct_07_v.Par_V_RPCT_line_Atk_01_LOC_INT ; FX_Post.FX_Par.Par_C_FilmNoise_01 ; FX_CM_02.Light.Par_MP_Light_05_L ; FX_Post.FX_Par.Par_C_ZoomBlur_03 ; fx_mn_rpct_07_v.Par_V_RPCT_BallRead_Exp_01_LOC_INT ; fx_mn_rpct_07_v.Par_V_RPCT_HandSwing_Trail_03_LOC_INT ; fx_mn_rpct_07_v.Par_V_RPCT_Crack_pjt_01_LOC_INT,6,S_Mob_G_KoukuSatan1.G_KoukuSatan1_Attack03_Cast1 ; S_Mob_G_KoukuSatan1.G_KoukuSatan1_Attack03_ShotVox2 ; S_Mob_G_KoukuSatan1.G_KoukuSatan1_Attack03_Shot1 ; S_Mob_G_KoukuSatan1.G_KoukuSatan1_Attack03_Cast2 ; S_Mob_G_KoukuSatan1.G_KoukuSatan1_Attack03_Cast3 ; S_Mob_G_KoukuSatan1.G_KoukuSatan1_Attack02_Shot2,"{""Anim"": 16, ""PlayParticleEffect"": 92, ""AKEvent"": 26, ""TrailGhostEffect"": 8, ""PawnMaterialParam"": 8, ""ViewShake"": 20, ""Effect"": 76, ""MonsterMoveNextStage"": 8, ""HidePawn"": 12, ""MonsterMoveNextStageConditionChangeTarget"": 6, ""LookTarget"": 4, ""PlayDecalEffect"": 10}",8,,,,,NORMAL,무기뇌격 / 서커스공 / 광기의 불길 / 광기의 표식(+4방향 강화) / 폭탄 투하,
MN_RPCT_07,4219904,쿠크세이튼_무기뇌격 분신공격,4,4,Idle_Battle_1 ; Att_Battle_24_06 ; Att_Battle_24_02,rpct00_idle_battle_1 ; rpct00_att_battle_24_06 ; rpct00_att_battle_24_02,9,7,fx_mn_rpct_07_v.Par_V_RPCT_BallRead_Exp_01_LOC_INT ; fx_mn_rpct_07_v.Par_V_RPCT_Elec_Prj_02_LOC_INT ; fx_mn_rpct_07_v.Par_V_RPCT_light_cast_01_01_LOC_INT ; fx_mn_rpct_07_v.Par_V_RPCT_HandSwing_Trail_01_LOC_INT ; FX_CM_02.Light.Par_MP_Light_05_L ; FX_Post.FX_Par.Par_C_FilmNoise_01 ; FX_Post.FX_Par.Par_C_ZoomBlur_03,4,S_Mob_G_KoukuSatan1.G_KoukuSatan1_Attack04_Cast1 ; S_Mob_G_KoukuSatan1.G_KoukuSatan1_Attack04_ShotVox1 ; S_Mob_G_KoukuSatan1.G_KoukuSatan1_Attack04_Shot1 ; S_Mob_G_KoukuSatan1.G_KoukuSatan1_Attack03_Cast2,"{""Anim"": 4, ""HidePawn"": 2, ""AKEvent"": 4, ""PlayParticleEffect"": 9, ""TrailGhostEffect"": 1, ""PawnMaterialParam"": 1, ""Effect"": 5, ""ViewShake"": 1, ""MaintainHidePawn"": 1}",0,,,,,NORMAL,무기뇌격 / 서커스공 / 광기의 불길 / 광기의 표식(+4방향 강화) / 폭탄 투하,CLONE_OR_FAKE
MN_RPCT_07,4219905,빙고맵 오프닝,2,2,Idle_Battle_1 ; Att_Battle_25_01,rpct00_idle_battle_1 ; rpct00_att_battle_25_01,9,6,FX_MN_RPCT_07_V.Par_V_PPCT_spot_Dance_01 ; fx_mn_rpct_07_v.Par_V_RPCT_HandSwing_Trail_01_LOC_INT ; FX_CM_02.Light.Par_MP_Light_01 ; FX_BS_04.State.Par_J_ExMove_01 ; FX_CM_02.Light.Par_MP_Light_05_L ; fx_mn_rpct_07_v.Par_V_RPCT_BallRead_Exp_01_LOC_INT,4,S_Mob_G_KoukuSatan1.G_KoukuSatan1_Attack05_Cast2 ; S_Mob_G_KoukuSatan1.G_KoukuSatan1_Attack05_CastVox1 ; S_Mob_G_KoukuSatan1.G_KoukuSatan1_Attack05_Shot2 ; S_Mob_G_KoukuSatan1.G_KoukuSatan1_Attack05_Cast1,"{""Anim"": 2, ""PlayParticleEffect"": 9, ""DominantDirectionalLight_Control"": 1, ""PawnMaterialParam"": 2, ""AKEvent"": 4, ""HidePawn"": 1, ""ViewShake"": 1}",0,,,,,MECHANIC,빙고 — 빙고맵 오프닝 / 빙고 폭탄 소환 / 원기옥 발사 / 인터셉트 테스트,
MN_RPCT_07,4219906,쿠크세이튼_쿠크세이튼과 함께 춤을_힘자랑,6,6,Att_battle_28_10_start ; Att_battle_28_10_Loop ; Att_Battle_25_03_Start ; Att_Battle_25_03_Loop ; Att_Battle_25_03_End ; Att_Battle_25_07,rpct00_att_battle_28_10_start ; rpct00_att_battle_28_10_loop ; rpct00_att_battle_25_03_start ; rpct00_att_battle_25_03_loop ; rpct00_att_battle_25_03_end ; rpct00_att_battle_25_07,15,7,FX_CM_02.Light.Par_MP_Light_05_L ; fx_mn_rpct_07_v.Par_V_RPCT_BallRead_Exp_01_LOC_INT ; FX_MN_RPCT_07_V.Par_V_RPCT_Bazooka_mesh_01 ; fx_mn_rpct_07_v.Par_V_RPCT_signalShot_01_LOC_INT ; fx_mn_rpct_07_v.Par_V_RPCT_Signature_01_1_LOC_INT ; FX_MN_RPCT_07_V.Par_V_RPCT_07_Bazooka_Loop ; FX_CM_02.Light.Par_MP_Light_01,7,S_Mob_G_KoukuSatan1.G_KoukuSatan1_Attack23_ShotVox2 ; S_Mob_G_KoukuSatan1.G_KoukuSatan1_Attack03_Cast3 ; S_Mob_G_KoukuSatan1.G_KoukuSatan1_Attack23_Cast3 ; S_Mob_G_KoukuSatan1.G_KoukuSatan1_Attack23_Shot4 ; S_Mob_G_KoukuSatan1.G_KoukuSatan1_Attack06_Cast1 ; S_Mob_G_KoukuSatan1.G_KoukuSatan1_Attack06_ShotVox1 ; S_Mob_G_KoukuSatan1.G_KoukuSatan1_Attack06_Shot1,"{""Anim"": 6, ""Effect"": 14, ""PlayParticleEffect"": 15, ""ViewShake"": 1, ""HidePawn"": 1, ""AKEvent"": 8, ""MonsterMoveNextStage"": 1, ""PawnMaterialParam"": 1}",6,,,,,MECHANIC,쇼타임 — 군단장 시그니쳐(소환수/공격/리허설) + 함께 춤을 4종 + 압도적인 환영공포 3/5/7/9/11초,
MN_RPCT_07,4219907,쿠크세이튼_쿠크세이튼과 함께 춤을_찌르기,8,8,Att_Battle_25_04_Start ; Att_Battle_25_04_Loop ; Att_Battle_25_04_End ; Att_Battle_25_07,rpct00_att_battle_25_04_start ; rpct00_att_battle_25_04_loop ; rpct00_att_battle_25_04_end ; rpct00_att_battle_25_07,4,3,fx_mn_rpct_07_v.Par_V_RPCT_HandSwing_Trail_01_LOC_INT ; fx_mn_rpct_07_v.Par_V_RPCT_dance_Cast_01_LOC_INT ; FX_MN_RPCT_07_V.Par_V_RPCT_Dance_shot_01,3,S_Mob_G_KoukuSatan1.G_KoukuSatan1_Attack06_Cast1 ; S_Mob_G_KoukuSatan1.G_KoukuSatan1_Attack06_ShotVox1 ; S_Mob_G_KoukuSatan1.G_KoukuSatan1_Attack06_Shot1,"{""Anim"": 8, ""PlayParticleEffect"": 4, ""AKEvent"": 4, ""PawnMaterialParam"": 2}",3,,,,,MECHANIC,쇼타임 — 군단장 시그니쳐(소환수/공격/리허설) + 함께 춤을 4종 + 압도적인 환영공포 3/5/7/9/11초,
MN_RPCT_07,4219908,쿠크세이튼_쿠크세이튼과 함께 춤을_만세,8,8,Att_Battle_25_05_Start ; Att_Battle_25_05_Loop ; Att_Battle_25_05_End ; Att_Battle_25_07,rpct00_att_battle_25_05_start ; rpct00_att_battle_25_05_loop ; rpct00_att_battle_25_05_end ; rpct00_att_battle_25_07,4,3,fx_mn_rpct_07_v.Par_V_RPCT_HandSwing_Trail_01_LOC_INT ; fx_mn_rpct_07_v.Par_V_RPCT_dance_Cast_01_LOC_INT ; FX_MN_RPCT_07_V.Par_V_RPCT_Dance_shot_01,3,S_Mob_G_KoukuSatan1.G_KoukuSatan1_Attack06_Cast1 ; S_Mob_G_KoukuSatan1.G_KoukuSatan1_Attack06_ShotVox1 ; S_Mob_G_KoukuSatan1.G_KoukuSatan1_Attack06_Shot1,"{""Anim"": 8, ""PlayParticleEffect"": 4, ""AKEvent"": 4, ""PawnMaterialParam"": 2}",3,,,,,MECHANIC,쇼타임 — 군단장 시그니쳐(소환수/공격/리허설) + 함께 춤을 4종 + 압도적인 환영공포 3/5/7/9/11초,
MN_RPCT_07,4219909,쿠크세이튼_쿠크세이튼과 함께 춤을_브레이크댄스,8,8,Att_Battle_25_06_Start ; Att_Battle_25_06_Loop ; Att_Battle_25_06_End ; Att_Battle_25_07,rpct00_att_battle_25_06_start ; rpct00_att_battle_25_06_loop ; rpct00_att_battle_25_06_end ; rpct00_att_battle_25_07,8,3,fx_mn_rpct_07_v.Par_V_RPCT_HandSwing_Trail_01_LOC_INT ; fx_mn_rpct_07_v.Par_V_RPCT_dance_Cast_01_LOC_INT ; FX_MN_RPCT_07_V.Par_V_RPCT_Dance_shot_01,3,S_Mob_G_KoukuSatan1.G_KoukuSatan1_Attack06_Cast1 ; S_Mob_G_KoukuSatan1.G_KoukuSatan1_Attack06_ShotVox1 ; S_Mob_G_KoukuSatan1.G_KoukuSatan1_Attack06_Shot1,"{""Anim"": 8, ""PlayParticleEffect"": 8, ""AKEvent"": 8, ""PawnMaterialParam"": 4}",4,,,,,MECHANIC,쇼타임 — 군단장 시그니쳐(소환수/공격/리허설) + 함께 춤을 4종 + 압도적인 환영공포 3/5/7/9/11초,
MN_RPCT_07,4219910,쿠크세이튼_서커스공 탑승,39,39,Att_Battle_26_01 ; Att_Battle_26_02 ; Att_Battle_26_04 ; Idle_Battle_1 ; Att_Battle_5_01,rpct00_att_battle_26_01 ; rpct00_att_battle_26_02 ; rpct00_att_battle_26_04 ; rpct00_idle_battle_1 ; rpct00_att_battle_5_01,99,7,FX_MN_RPCT_07_V.Par_V_RPCT_BallRead_Ball_02 ; fx_mn_rpct_07_v.Par_V_RPCT_BallRead_Exp_01_LOC_INT ; fx_mn_rpct_07_v.Par_V_RPCT_BallRead_Exp_03_LOC_INT ; fx_mn_rpct_07_v.Par_V_RPCT_BallRead_Ball_01_LOC_INT ; fx_mn_rpct_07_v.Par_V_RPCT_FireBreath_Breath_01_LOC_INT ; FX_CM_02.Light.Par_MP_Light_01 ; FX_MN_RPCT_07_V.Par_V_RPCT_BallRead_Ball_03,7,S_Mob_G_KoukuSatan1.G_KoukuSatan1_Attack07_Cast1 ; S_Mob_G_KoukuSatan1.G_KoukuSatan1_Attack07_ShotVox1 ; S_Mob_G_KoukuSatan1.G_KoukuSatan1_Attack07_Cast2 ; S_Mob_G_KoukuSatan1.G_KoukuSatan1_Attack07_Shot1 ; S_Mob_G_KoukuSatan1.G_KoukuSatan1_Attack07_Shot2 ; S_Mob_G_KoukuSatan1.G_KoukuSatan1_Attack07_Shot3 ; S_Mob_G_KoukuSatan1.G_KoukuSatan1_Attack03_Cast2,"{""Anim"": 39, ""AKEvent"": 24, ""PlayParticleEffect"": 99, ""CounterAttack"": 3, ""Effect"": 63, ""ViewShake"": 6, ""MonsterMoveNextStage"": 12, ""NPCSkillMove"": 27, ""MonsterMoveNextStageConditionSkillEffectHit"": 21, ""MonsterMoveNextStageConditionProbability"": 3}",0,,,,,NORMAL,무기뇌격 / 서커스공 / 광기의 불길 / 광기의 표식(+4방향 강화) / 폭탄 투하,
MN_RPCT_07,4219911,쿠크세이튼_제물 의식_A,6,6,Att_Battle_27_01 ; Idle_Battle_1,rpct00_att_battle_27_01 ; rpct00_idle_battle_1,20,10,fx_mn_rpct_07_v.Par_V_RPCT_HandSwing_Trail_01_LOC_INT ; fx_mn_rpct_07_v.Par_V_RPCT_star_cast_01_LOC_INT ; fx_mn_rpct_07_v.Par_V_RPCT_Atk_09_03_LOC_INT ; fx_mn_rpct_07_v.Par_V_RPCT_exp_Round_deacl_01_LOC_INT ; fx_mn_rpct_07_v.Par_V_RPCT_star_shot_01_LOC_INT ; fx_mn_rpct_07_v.Par_V_RPTM_down_lighting_Atk_02_LOC_INT ; fx_mn_rpct_07_v.Par_V_RPCT_Atk_09_01_LOC_INT ; FX_CM_02.Light.Par_MP_Light_05_L ; FX_Post.FX_Par.Par_C_ZoomBlur_01 ; FX_Post.FX_Par.Par_C_FilmNoise_01,4,S_Mob_G_KoukuSatan1.G_KoukuSatan1_Attack08_ShotVox1 ; S_Mob_G_KoukuSatan1.G_KoukuSatan1_Attack08_Cast1 ; S_Mob_G_KoukuSatan1.G_KoukuSatan1_Attack08_Shot1 ; S_Mob_G_KoukuSatan1.G_KoukuSatan1_Attack08_Cast2,"{""Anim"": 6, ""PlayParticleEffect"": 20, ""AKEvent"": 7, ""PawnMaterialParam"": 2, ""ViewShake"": 2, ""MonsterMoveNextStageConditionProbability"": 2, ""Effect"": 4}",0,,,,,MECHANIC,마리오 1~4 — 갈고리 소환 1~3단계 / 칼날 소환 / 칼날 처형식 시작·1~4단계(+싱글모드) / 제물 의식,
MN_RPCT_07,4219912,쿠크세이튼_군단장 시그니쳐 스킬,4,4,Att_battle_28_01 ; Att_Battle_28_02 ; Att_Battle_28_03,rpct00_att_battle_28_01 ; rpct00_att_battle_28_02 ; rpct00_att_battle_28_03,12,6,fx_mn_rpct_07_v.Par_V_RPCT_HandSwing_Trail_03_LOC_INT ; FX_Post.FX_Par.Par_C_ZoomBlur_03 ; fx_mn_rpct_07_v.Par_V_RPCT_light_cast_01_01_LOC_INT ; FX_CM_02.Light.Par_MP_Light_05_L ; FX_Post.FX_Par.Par_C_FilmNoise_01 ; fx_mn_rpct_07_v.Par_V_RPCT_jump_Exp_01_LOC_INT,5,S_Mob_G_KoukuSatan1.G_KoukuSatan1_Attack09_Cast1 ; S_Mob_G_KoukuSatan1.G_KoukuSatan1_Attack09_ShotVox1 ; S_Mob_G_KoukuSatan1.G_KoukuSatan1_Attack09_Cast2 ; S_Mob_G_KoukuSatan1.G_KoukuSatan1_Attack09_Shot1 ; S_Mob_G_KoukuSatan1.G_KoukuSatan1_Attack09_Shot2,"{""Anim"": 4, ""AKEvent"": 6, ""PlayParticleEffect"": 12, ""ViewShake"": 4, ""MonsterMoveNextStage"": 2, ""Effect"": 3, ""HidePawn"": 2, ""EmitTriggerSignal"": 2}",8,,,,,MECHANIC,쇼타임 — 군단장 시그니쳐(소환수/공격/리허설) + 함께 춤을 4종 + 압도적인 환영공포 3/5/7/9/11초,
MN_RPCT_07,4219913,쿠크세이튼_칼날 처형식 시작,4,4,Att_Battle_29_01 ; Idle_Battle_1,rpct00_att_battle_29_01 ; rpct00_idle_battle_1,8,2,fx_mn_rpct_07_v.Par_V_RPCT_HandSwing_Trail_01_LOC_INT ; fx_mn_rpct_07_v.Par_V_RPCT_DashAtk_Dash_01_LOC_INT,2,S_Mob_G_KoukuSatan1.G_KoukuSatan1_Attack10_Cast1 ; S_Mob_G_KoukuSatan1.G_KoukuSatan1_Attack10_CastVox1,"{""Anim"": 4, ""PlayParticleEffect"": 8, ""AKEvent"": 4, ""TrailGhostEffect"": 4, ""PawnMaterialParam"": 4, ""Effect"": 8, ""MonsterMoveNextStage"": 2}",0,,,,,MECHANIC,마리오 1~4 — 갈고리 소환 1~3단계 / 칼날 소환 / 칼날 처형식 시작·1~4단계(+싱글모드) / 제물 의식,
MN_RPCT_07,4219914,쿠크세이튼_광기의 불길A,2,2,Att_Battle_30_01 ; Att_Battle_30_04,rpct00_att_battle_30_01 ; rpct00_att_battle_30_04,5,2,FX_MN_RPCT_07_V.Par_V_PPCT_spot_Dance_01 ; fx_mn_rpct_07_v.Par_V_RPCT_HandSwing_Trail_01_LOC_INT,4,S_Mob_G_KoukuSatan1.G_KoukuSatan1_Attack11_Cast1 ; S_Mob_G_KoukuSatan1.G_KoukuSatan1_Attack11_ShotVox1 ; S_Mob_G_KoukuSatan1.G_KoukuSatan1_Attack11_Cast2 ; S_Mob_G_KoukuSatan1.G_KoukuSatan1_Attack11_Shot1,"{""Anim"": 2, ""PlayParticleEffect"": 5, ""AKEvent"": 4, ""TrailGhostEffect"": 1, ""Effect"": 5, ""PawnMaterialParam"": 1}",0,,,,,NORMAL,무기뇌격 / 서커스공 / 광기의 불길 / 광기의 표식(+4방향 강화) / 폭탄 투하,
MN_RPCT_07,4219915,쿠크세이튼_광기의 불길B,9,8,Att_Battle_30_01 ; Att_Battle_30_02 ; Att_Battle_30_04,rpct00_att_battle_30_01 ; rpct00_att_battle_30_02 ; rpct00_att_battle_30_04,30,2,FX_MN_RPCT_07_V.Par_V_PPCT_spot_Dance_01 ; fx_mn_rpct_07_v.Par_V_RPCT_HandSwing_Trail_01_LOC_INT,4,S_Mob_G_KoukuSatan1.G_KoukuSatan1_Attack11_Cast1 ; S_Mob_G_KoukuSatan1.G_KoukuSatan1_Attack11_ShotVox1 ; S_Mob_G_KoukuSatan1.G_KoukuSatan1_Attack11_Cast2 ; S_Mob_G_KoukuSatan1.G_KoukuSatan1_Attack11_Shot1,"{""Anim"": 8, ""PlayParticleEffect"": 30, ""AKEvent"": 24, ""TrailGhostEffect"": 6, ""Effect"": 30, ""PawnMaterialParam"": 6, ""MonsterMoveNextStageConditionProbability"": 1, ""MonsterMoveNextStage"": 4}",0,,,,,NORMAL,무기뇌격 / 서커스공 / 광기의 불길 / 광기의 표식(+4방향 강화) / 폭탄 투하,
MN_RPCT_07,4219916,쿠크세이튼_광기의 불길C,20,17,Att_Battle_30_01 ; Att_Battle_30_02 ; Att_Battle_30_03 ; Att_Battle_30_04,rpct00_att_battle_30_01 ; rpct00_att_battle_30_02 ; rpct00_att_battle_30_03 ; rpct00_att_battle_30_04,75,2,FX_MN_RPCT_07_V.Par_V_PPCT_spot_Dance_01 ; fx_mn_rpct_07_v.Par_V_RPCT_HandSwing_Trail_01_LOC_INT,4,S_Mob_G_KoukuSatan1.G_KoukuSatan1_Attack11_Cast1 ; S_Mob_G_KoukuSatan1.G_KoukuSatan1_Attack11_ShotVox1 ; S_Mob_G_KoukuSatan1.G_KoukuSatan1_Attack11_Cast2 ; S_Mob_G_KoukuSatan1.G_KoukuSatan1_Attack11_Shot1,"{""Anim"": 17, ""PlayParticleEffect"": 75, ""AKEvent"": 60, ""TrailGhostEffect"": 15, ""Effect"": 100, ""PawnMaterialParam"": 15, ""MonsterMoveNextStageConditionProbability"": 3, ""MonsterMoveNextStage"": 12}",0,,,,,NORMAL,무기뇌격 / 서커스공 / 광기의 불길 / 광기의 표식(+4방향 강화) / 폭탄 투하,
MN_RPCT_07,4219917,쿠크세이튼_광기의 표식,1,1,Att_Battle_31_01,rpct00_att_battle_31_01,3,3,fx_mn_rpct_07_v.Par_V_RPCT_Mbition_Body_02_LOC_INT ; fx_mn_rpct_07_v.Par_V_RPCT_Breath_01_LOC_INT ; FX_CM_02.Light.Par_MP_Light_01,5,S_Mob_G_KoukuSatan1.G_KoukuSatan1_Attack12_Cast1 ; S_Mob_G_KoukuSatan1.G_KoukuSatan1_Attack12_CastVox2 ; S_Mob_G_KoukuSatan1.G_KoukuSatan1_Attack12_ShotVox1 ; S_Mob_G_KoukuSatan1.G_KoukuSatan1_Attack12_Shot1 ; S_Mob_G_KoukuSatan1.G_KoukuSatan1_Attack12_Shot2,"{""Anim"": 1, ""LookTarget"": 1, ""AKEvent"": 5, ""PlayParticleEffect"": 3, ""Effect"": 2}",0,,,,,NORMAL,무기뇌격 / 서커스공 / 광기의 불길 / 광기의 표식(+4방향 강화) / 폭탄 투하,
MN_RPCT_07,4219919,쿠크세이튼_서커스 폭탄 투하A,6,6,Att_Battle_33_01 ; Att_Battle_33_02 ; Att_Battle_33_03,rpct00_att_battle_33_01 ; rpct00_att_battle_33_02 ; rpct00_att_battle_33_03,13,6,FX_MN_RPCT_07_V.Par_V_RPCT_BallRead_Ball_02 ; fx_mn_rpct_07_v.Par_V_RPCT_BallRead_Exp_03_LOC_INT ; fx_mn_rpct_07_v.Par_V_RPCT_HandSwing_Trail_01_LOC_INT ; fx_mn_rpct_07_v.Par_V_RPCT_BallRead_Exp_01_LOC_INT ; fx_mn_rpct_07_v.Par_V_RPCT_signalShot_01_LOC_INT ; FX_MN_RPCT_07_V.Par_V_RPCT_Bazooka_mesh_01,5,S_Mob_G_KoukuSatan1.G_KoukuSatan1_Attack13_Cast1 ; S_Mob_G_KoukuSatan1.G_KoukuSatan1_Attack13_ShotVox1 ; S_Mob_G_KoukuSatan1.G_KoukuSatan1_Attack03_Cast3 ; S_Mob_G_KoukuSatan1.G_KoukuSatan1_Attack13_Shot1 ; S_Mob_G_KoukuSatan1.G_KoukuSatan1_Attack13_Shot2,"{""Anim"": 6, ""AKEvent"": 5, ""PlayParticleEffect"": 13, ""TrailGhostEffect"": 1, ""Effect"": 8, ""PawnMaterialParam"": 1, ""MonsterMoveNextStage"": 1, ""MonsterMoveNextStageConditionChangeTarget"": 4, ""LookTarget"": 3}",0,,,,,NORMAL,무기뇌격 / 서커스공 / 광기의 불길 / 광기의 표식(+4방향 강화) / 폭탄 투하,
MN_RPCT_07,4219918,쿠크세이튼_압도적인 환영공포_3초,9,9,Att_Phase1_1_01 ; Att_Phase1_1_06 ; Att_Battle_32_01 ; Att_Battle_32_02 ; Att_Battle_32_03,rpct00_att_phase1_1_01 ; rpct00_att_phase1_1_06 ; rpct00_att_battle_32_01 ; rpct00_att_battle_32_02 ; rpct00_att_battle_32_03,14,7,fx_mn_rpct_05_g.Par_G_RPCT_05_Smoke_01_LOC_INT ; fx_mn_rpct_05_g.Par_G_RPCT_05_Smoke_02_LOC_INT ; fx_mn_rpct_05_g.Par_G_RPCT_Dust_01_LOC_INT ; fx_mn_rpct_07_v.Par_V_RPCT_HandSwing_Trail_01_LOC_INT ; fx_mn_rpct_07_v.Par_V_RPCT_Atk_Exp_02_LOC_INT ; fx_mn_rpct_07_v.Par_V_dark_decal_02_LOC_INT ; fx_mn_rpct_07_v.Par_V_dark_decal_01_LOC_INT,7,S_Mob_G_KoukuSatan1.G_KoukuSatan1_Attack20_ShotVox1 ; S_Mob_G_KoukuSatan1.G_KoukuSatan1_Attack22_Shot1 ; S_Mob_G_KoukuSatan1.G_KoukuSatan1_Attack22_Shot2 ; S_Mob_G_KoukuSatan1.G_KoukuSatan1_Attack21_Cast1 ; S_Mob_G_KoukuSatan1.G_KoukuSatan1_Attack21_ShotVox2 ; S_Mob_G_KoukuSatan1.G_KoukuSatan1_Attack21_Cast2 ; S_Mob_G_KoukuSatan1.G_KoukuSatan1_Attack21_EndVox1,"{""Anim"": 9, ""AKEvent"": 12, ""PlayParticleEffect"": 14, ""HidePawn"": 1, ""Effect"": 27, ""MonsterMoveNextStage"": 4, ""TrailGhostEffect"": 5, ""MonsterMoveNextStageConditionStatusEffect"": 1, ""PawnMaterialParam"": 5}",18,,,,,MECHANIC,쇼타임 — 군단장 시그니쳐(소환수/공격/리허설) + 함께 춤을 4종 + 압도적인 환영공포 3/5/7/9/11초,
MN_RPCT_07,4219920,쿠크세이튼_고속이동 전방,1,1,Att_Battle_34_01,rpct00_att_battle_34_01,1,1,fx_mn_rpct_07_v.Par_V_RPCT_HandSwing_Trail_03_LOC_INT,2,S_Mob_G_KoukuSatan1.G_KoukuSatan1_Attack14_Shot1 ; S_Mob_G_KoukuSatan1.G_KoukuSatan1_Attack14_ShotVox1,"{""Anim"": 1, ""PlayParticleEffect"": 1, ""PawnMaterialParam"": 1, ""TrailGhostEffect"": 1, ""AKEvent"": 2}",0,,,,,NORMAL,이동/순간이동/선회/가짜이동/조롱,MOVEMENT_OR_CONTROL
MN_RPCT_07,4219921,쿠크세이튼_고속이동 후방,1,1,Att_Battle_34_02,rpct00_att_battle_34_02,1,1,fx_mn_rpct_07_v.Par_V_RPCT_HandSwing_Trail_03_LOC_INT,2,S_Mob_G_KoukuSatan1.G_KoukuSatan1_Attack14_Shot1 ; S_Mob_G_KoukuSatan1.G_KoukuSatan1_Attack14_ShotVox4,"{""Anim"": 1, ""PlayParticleEffect"": 1, ""PawnMaterialParam"": 1, ""TrailGhostEffect"": 1, ""AKEvent"": 2}",0,,,,,NORMAL,이동/순간이동/선회/가짜이동/조롱,MOVEMENT_OR_CONTROL
MN_RPCT_07,4219922,쿠크세이튼_고속이동 왼쪽,1,1,Att_Battle_34_04,rpct00_att_battle_34_04,1,1,fx_mn_rpct_07_v.Par_V_RPCT_HandSwing_Trail_03_LOC_INT,2,S_Mob_G_KoukuSatan1.G_KoukuSatan1_Attack14_Shot1 ; S_Mob_G_KoukuSatan1.G_KoukuSatan1_Attack14_ShotVox3,"{""Anim"": 1, ""PlayParticleEffect"": 1, ""PawnMaterialParam"": 1, ""TrailGhostEffect"": 1, ""AKEvent"": 2}",0,,,,,NORMAL,이동/순간이동/선회/가짜이동/조롱,MOVEMENT_OR_CONTROL
MN_RPCT_07,4219923,쿠크세이튼_고속이동 오른쪽,1,1,Att_Battle_34_03,rpct00_att_battle_34_03,1,1,fx_mn_rpct_07_v.Par_V_RPCT_HandSwing_Trail_03_LOC_INT,2,S_Mob_G_KoukuSatan1.G_KoukuSatan1_Attack14_Shot1 ; S_Mob_G_KoukuSatan1.G_KoukuSatan1_Attack14_ShotVox2,"{""Anim"": 1, ""PlayParticleEffect"": 1, ""PawnMaterialParam"": 1, ""TrailGhostEffect"": 1, ""AKEvent"": 2}",0,,,,,NORMAL,이동/순간이동/선회/가짜이동/조롱,MOVEMENT_OR_CONTROL
MN_RPCT_07,4219924,쿠크세이튼_눈에서 레이져빔 발사,10,10,Att_Battle_35_01 ; Att_Battle_35_03 ; Att_Battle_35_02,rpct00_att_battle_35_01 ; rpct00_att_battle_35_03 ; rpct00_att_battle_35_02,28,5,fx_mn_rpct_07_v.Par_V_RPCT_EyeCast_01_LOC_INT ; FX_Post.FX_Par.Par_C_ZoomBlur_03 ; FX_MN_PTCK_00.Par_O_PTCK_Atk_04_Dust_01 ; FX_CM_02.Light.Par_MP_Light_04 ; fx_mn_rpct_07_v.Par_V_RPCT_EYE_Atk_02_LOC_INT,4,S_Mob_G_KoukuSatan1.G_KoukuSatan1_Attack15_Cast1 ; S_Mob_G_KoukuSatan1.G_KoukuSatan1_Attack15_ShotVox1 ; S_Mob_G_KoukuSatan1.G_KoukuSatan1_Attack15_Cast2 ; S_Mob_G_KoukuSatan1.G_KoukuSatan1_Attack15_Shot1,"{""Anim"": 10, ""AKEvent"": 18, ""PlayParticleEffect"": 28, ""MonsterMoveNextStageConditionProbability"": 2, ""Effect"": 36, ""ViewShake"": 6, ""PlayDecalEffect"": 2}",0,,,,,NORMAL,RPCT05 계열 재사용 — 불뿜기/종이비둘기/아드레날린/랜덤박스/화염 파동·분출/내려치기/화염링/메두사/바람 방구/레이저,
MN_RPCT_07,4219925,쿠크세이튼_초강력 바람 방구,4,4,Idle_Battle_1 ; Att_Battle_36_01 ; Att_Battle_36_02,rpct00_idle_battle_1 ; rpct00_att_battle_36_01 ; rpct00_att_battle_36_02,19,9,FX_MN_RPCT_07_V.Par_V_RPCT_coming_shot_cast_01 ; FX_MN_RPCT_07_V.Par_V_RPCT_Gas_Cast_02 ; FX_CM_02.Light.Par_MP_Light_05_L ; FX_MN_RPCT_07_V.Par_V_RPCT_back_Atk_01 ; FX_Post.FX_Par.Par_C_ZoomBlur_03 ; FX_Post.FX_Par.Par_C_ZoomBlur_01 ; FX_MN_RPCT_07_V.Par_V_RPCT_Back_Shot_Dust_Atk_02 ; fx_mn_rpct_07_v.Par_V_RPCT_boom_cast_01_LOC_INT ; FX_MN_RPCT_07_V.Par_V_RPCT_Gas_round_Atk_Exp_01,4,S_Mob_G_KoukuSatan1.G_KoukuSatan1_Attack16_Cast1 ; S_Mob_G_KoukuSatan1.G_KoukuSatan1_Attack16_ShotVox1 ; S_Mob_G_KoukuSatan1.G_KoukuSatan1_Attack16_Cast2 ; S_Mob_G_KoukuSatan1.G_KoukuSatan1_Attack16_Shot1,"{""Anim"": 4, ""Rotate"": 1, ""AKEvent"": 10, ""MonsterMoveNextStageConditionProbability"": 1, ""PlayParticleEffect"": 19, ""ViewShake"": 6, ""PawnMaterialParam"": 3, ""Effect"": 3}",0,,,,,NORMAL,RPCT05 계열 재사용 — 불뿜기/종이비둘기/아드레날린/랜덤박스/화염 파동·분출/내려치기/화염링/메두사/바람 방구/레이저,
MN_RPCT_07,4219926,쿠크세이튼_리프어택,1,1,Att_Battle_37_01,rpct00_att_battle_37_01,8,8,fx_mn_rpcz_00_u.Par_U_RPCZ_CircusBomb_Trail_02_LOC_INT ; FX_MN_RPCT_07_V.Par_V_RPCT_Ball_Appear_01 ; fx_mn_rpct_07_v.Par_V_RPCT_HandSwing_Trail_03_LOC_INT ; fx_mn_rpct_07_v.Par_V_RPCT_BallRead_Exp_01_LOC_INT ; FX_Post.FX_Par.Par_C_ZoomBlur_03 ; FX_Post.FX_Par.Par_C_ZoomBlur_01 ; FX_CM_02.Light.Par_MP_Light_05_L ; fx_mn_rpct_07_v.Par_V_RPCT_jump_Exp_01_LOC_INT,5,S_Mob_G_KoukuSatan1.G_KoukuSatan1_Attack17_ShotVox1 ; S_Mob_G_KoukuSatan1.G_KoukuSatan1_Attack17_Cast1 ; S_Mob_G_KoukuSatan1.G_KoukuSatan1_Attack03_Cast2 ; S_Mob_G_KoukuSatan1.G_KoukuSatan1_Attack17_Shot1 ; S_Mob_G_KoukuSatan1.G_KoukuSatan1_Attack17_Shot2,"{""Anim"": 1, ""PlayParticleEffect"": 8, ""TrailGhostEffect"": 1, ""AKEvent"": 5, ""ViewShake"": 2, ""PawnMaterialParam"": 2, ""Effect"": 1}",0,,,,,NORMAL,RPCT05 계열 재사용 — 불뿜기/종이비둘기/아드레날린/랜덤박스/화염 파동·분출/내려치기/화염링/메두사/바람 방구/레이저,
MN_RPCT_07,4219927,쿠크세이튼_원기옥 발사,16,16,Att_Phase1_1_01 ; Att_Phase1_1_06 ; Att_battle_12_02 ; Att_Battle_12_04 ; Att_Battle_12_05 ; Dmg_Critical_End_1 ; Dmg_Critical_Start_1 ; Dmg_Critical_Loop_1,rpct00_att_phase1_1_01 ; rpct00_att_phase1_1_06 ; rpct00_att_battle_12_02 ; rpct00_att_battle_12_04 ; rpct00_att_battle_12_05 ; rpct00_dmg_critical_end_1 ; rpct00_dmg_critical_start_1 ; rpct00_dmg_critical_loop_1,26,9,fx_mn_rpct_05_g.Par_G_RPCT_05_Smoke_01_LOC_INT ; fx_mn_rpct_05_g.Par_G_RPCT_05_Smoke_02_LOC_INT ; fx_mn_rpct_05_g.Par_G_RPCT_Dust_01_LOC_INT ; fx_mn_rpct_07_v.Par_V_RPCT07_Ray_01_LOC_INT ; FX_CM_02.Light.Par_MP_Light_01 ; fx_mn_rpct_07_v.Par_V_RPCT07_Ball_UP_01_LOC_INT ; FX_Post.FX_Par.Par_C_FilmNoise_03 ; fx_mn_rpct_07_v.Par_V_RPCT_Ball_Big_Exp_01_LOC_INT ; FX_BS_00.Hit.Par_K_RaidGroggy_Hit_01_LOC_INT,14,S_Mob_G_KoukuSatan1.G_KoukuSatan1_Attack22_ShotVox1 ; S_Mob_G_KoukuSatan1.G_KoukuSatan1_Attack22_Cast1 ; S_Mob_G_KoukuSatan1.G_KoukuSatan1_Attack22_Shot1 ; S_Mob_G_KoukuSatan1.G_KoukuSatan1_Attack22_Shot2 ; S_Mob_G_KoukuSatan1.G_KoukuSatan1_Attack18_Cast1 ; S_Mob_G_KoukuSatan1.G_KoukuSatan1_Attack18_ShotVox1 ; S_Mob_G_KoukuSatan1.G_KoukuSatan1_Attack18_Shot1 ; S_Mob_G_KoukuSatan1.G_KoukuSatan1_Attack18_Shot2 ; S_Mob_G_KoukuSatan1.G_KoukuSatan1_Attack18_Proj1 ; S_Mob_G_KoukuSatan1.G_KoukuSatan1_Attack18_Shot3 ; S_Mob_G_KoukuSatan1.G_KoukuSatan1_FreezeEnd1 ; S_Mob_G_KoukuSatan1.G_KoukuSatan1_FreezeStart1 ; S_Systems.SYS_MONSTER_FREEZE1_NonDucking ; S_Mob_G_KoukuSatan1.G_KoukuSatan1_FreezeLoop1,"{""Anim"": 16, ""AKEvent"": 28, ""PlayParticleEffect"": 26, ""HidePawn"": 2, ""Effect"": 10, ""MonsterMoveNextStage"": 14, ""PawnMaterialParam"": 4, ""ViewShake"": 8, ""Paralyzation"": 4, ""DominantDirectionalLight_Control"": 2}",18,,,,,MECHANIC,빙고 — 빙고맵 오프닝 / 빙고 폭탄 소환 / 원기옥 발사 / 인터셉트 테스트,
MN_RPCT_07,4219928,[사용안함]쿠크세이튼_접근해서 돌진,5,5,Att_Battle_5_01 ; Att_Battle_5_02 ; Att_Battle_5_03,rpct00_att_battle_5_01 ; rpct00_att_battle_5_02 ; rpct00_att_battle_5_03,14,6,fx_mn_rpct_07_v.Par_V_RPCT_HandSwing_Trail_03_LOC_INT ; FX_BS_01.Trail.Par_D_Trail_23_LOC_INT ; FX_CM_00.Dust.Par_D_Dust_002_pr ; FX_CM_00.Dust.Par_D_Dust_007_pr ; fx_cm_01.Debris.Par_D_Debris_003 ; FX_BS_01.Trail.Par_D_Trail_19_3,2,S_Mob_G_CukSatan1.G_CukSatan1_Attack5_Shot2 ; S_Mob_G_CukSatan1.G_CukSatan1_Attack5_Impact1,"{""Anim"": 5, ""MonsterMoveNextStage"": 2, ""PlayParticleEffect"": 14, ""Trails"": 10, ""Effect"": 8, ""PawnMaterialParam"": 1, ""AKEvent"": 6}",0,,,,,SYSTEM,[사용안함]/테스트/숨김/자살,TEST_OR_UNUSED
MN_RPCT_07,4219929,[사용안함]쿠크세이튼_서커스공 스매쉬_B,4,4,Att_Battle_23_01 ; Att_Battle_23_02 ; Att_Battle_23_03 ; Att_Battle_23_04,rpct00_att_battle_23_01 ; rpct00_att_battle_23_02 ; rpct00_att_battle_23_03 ; rpct00_att_battle_23_04,9,5,fx_mn_rpct_07_v.Par_V_RPCT_HandSwing_Trail_01_LOC_INT ; FX_CM_02.Light.Par_MP_Light_05_L ; fx_mn_rpct_07_v.Par_V_RPCT_Potalshot_Exp_02_LOC_INT ; FX_Post.FX_Par.Par_C_ZoomBlur_03 ; FX_Post.FX_Par.Par_C_ZoomBlur_02,0,,"{""Anim"": 4, ""PlayParticleEffect"": 9, ""PawnMaterialParam"": 4, ""TrailGhostEffect"": 1, ""MonsterMoveNextStageConditionChangeTarget"": 1, ""Effect"": 9, ""MonsterMoveNextStage"": 2, ""PlayDecalEffect"": 2, ""ViewShake"": 2}",3,,,,,SYSTEM,[사용안함]/테스트/숨김/자살,TEST_OR_UNUSED
MN_RPCT_07,4219930,[사용안함]쿠크세이튼_슬라이딩 태클,2,2,Att_Battle_22_01 ; Att_battle_22_04,rpct00_att_battle_22_01 ; rpct00_att_battle_22_04,4,4,FX_MN_BOEH_00.Par_O_BOEH_Atk_08_Dust_01 ; fx_mn_rpct_07_v.Par_V_RPCT_HandSwing_Trail_03_LOC_INT ; FX_CM_02.Light.Par_MP_Light_05_L ; fx_mn_rpct_07_v.Par_V_RPCT_dash_Atk_01_01_LOC_INT,0,,"{""Anim"": 2, ""TrailGhostEffect"": 2, ""MemoryPos"": 1, ""PawnMaterialParam"": 1, ""PlayParticleEffect"": 4, ""Effect"": 1}",0,,,,,SYSTEM,[사용안함]/테스트/숨김/자살,TEST_OR_UNUSED
MN_RPCT_07,4219931,쿠크세이튼_조롱하며 사라지기,1,1,Att_Battle_34_05,rpct00_att_battle_34_05,0,0,,2,S_Mob_G_KoukuSatan1.G_KoukuSatan1_Attack22_Cast1 ; S_Mob_G_KoukuSatan1.G_KoukuSatan1_Attack22_ShotVox1,"{""Anim"": 1, ""AKEvent"": 2}",0,,,,,NORMAL,이동/순간이동/선회/가짜이동/조롱,MOVEMENT_OR_CONTROL
MN_RPCT_07,4219932,쿠크세이튼_제물 의식_B,6,6,Att_Battle_27_01 ; Idle_Battle_1,rpct00_att_battle_27_01 ; rpct00_idle_battle_1,20,10,fx_mn_rpct_07_v.Par_V_RPCT_HandSwing_Trail_01_LOC_INT ; fx_mn_rpct_07_v.Par_V_RPCT_star_cast_01_LOC_INT ; fx_mn_rpct_07_v.Par_V_RPCT_Atk_09_03_LOC_INT ; fx_mn_rpct_07_v.Par_V_RPCT_exp_Round_deacl_01_LOC_INT ; fx_mn_rpct_07_v.Par_V_RPCT_star_shot_01_LOC_INT ; fx_mn_rpct_07_v.Par_V_RPTM_down_lighting_Atk_02_LOC_INT ; fx_mn_rpct_07_v.Par_V_RPCT_Atk_09_01_LOC_INT ; FX_CM_02.Light.Par_MP_Light_05_L ; FX_Post.FX_Par.Par_C_ZoomBlur_01 ; FX_Post.FX_Par.Par_C_FilmNoise_01,4,S_Mob_G_KoukuSatan1.G_KoukuSatan1_Attack08_ShotVox1 ; S_Mob_G_KoukuSatan1.G_KoukuSatan1_Attack08_Cast1 ; S_Mob_G_KoukuSatan1.G_KoukuSatan1_Attack08_Cast2 ; S_Mob_G_KoukuSatan1.G_KoukuSatan1_Attack08_Shot1,"{""Anim"": 6, ""PlayParticleEffect"": 20, ""AKEvent"": 8, ""PawnMaterialParam"": 2, ""ViewShake"": 2, ""MonsterMoveNextStageConditionProbability"": 2, ""Effect"": 11}",0,,,,,MECHANIC,마리오 1~4 — 갈고리 소환 1~3단계 / 칼날 소환 / 칼날 처형식 시작·1~4단계(+싱글모드) / 제물 의식,
MN_RPCT_07,4219933,쿠크세이튼_압도적인 환영공포_5초,8,8,Att_Phase1_1_01 ; Att_Phase1_1_06 ; Att_Battle_32_01 ; Att_Battle_32_02 ; Att_Battle_32_03,rpct00_att_phase1_1_01 ; rpct00_att_phase1_1_06 ; rpct00_att_battle_32_01 ; rpct00_att_battle_32_02 ; rpct00_att_battle_32_03,13,8,fx_mn_rpct_05_g.Par_G_RPCT_05_Smoke_01_LOC_INT ; fx_mn_rpct_05_g.Par_G_RPCT_05_Smoke_02_LOC_INT ; fx_mn_rpct_05_g.Par_G_RPCT_Dust_01_LOC_INT ; fx_mn_rpct_07_v.Par_V_RPCT_HandSwing_Trail_01_LOC_INT ; fx_mn_rpct_07_v.Par_V_RPCT_DashAtk_Dash_01_LOC_INT ; fx_mn_rpct_07_v.Par_V_RPCT_Atk_Exp_02_LOC_INT ; fx_mn_rpct_07_v.Par_V_dark_decal_02_LOC_INT ; fx_mn_rpct_07_v.Par_V_dark_decal_01_LOC_INT,7,S_Mob_G_KoukuSatan1.G_KoukuSatan1_Attack22_ShotVox1 ; S_Mob_G_KoukuSatan1.G_KoukuSatan1_Attack22_Shot1 ; S_Mob_G_KoukuSatan1.G_KoukuSatan1_Attack22_Shot2 ; S_Mob_G_KoukuSatan1.G_KoukuSatan1_Attack21_Cast1 ; S_Mob_G_KoukuSatan1.G_KoukuSatan1_Attack21_ShotVox3 ; S_Mob_G_KoukuSatan1.G_KoukuSatan1_Attack21_Cast2 ; S_Mob_G_KoukuSatan1.G_KoukuSatan1_Attack21_EndVox1,"{""Anim"": 8, ""AKEvent"": 11, ""PlayParticleEffect"": 13, ""HidePawn"": 1, ""Effect"": 27, ""MonsterMoveNextStage"": 4, ""TrailGhostEffect"": 4, ""PawnMaterialParam"": 4}",20,,,,,MECHANIC,쇼타임 — 군단장 시그니쳐(소환수/공격/리허설) + 함께 춤을 4종 + 압도적인 환영공포 3/5/7/9/11초,
MN_RPCT_07,4219934,쿠크세이튼_압도적인 환영공포_7초,8,8,Att_Phase1_1_01 ; Att_Phase1_1_06 ; Att_Battle_32_01 ; Att_Battle_32_02 ; Att_Battle_32_03,rpct00_att_phase1_1_01 ; rpct00_att_phase1_1_06 ; rpct00_att_battle_32_01 ; rpct00_att_battle_32_02 ; rpct00_att_battle_32_03,13,8,fx_mn_rpct_05_g.Par_G_RPCT_05_Smoke_01_LOC_INT ; fx_mn_rpct_05_g.Par_G_RPCT_05_Smoke_02_LOC_INT ; fx_mn_rpct_05_g.Par_G_RPCT_Dust_01_LOC_INT ; fx_mn_rpct_07_v.Par_V_RPCT_HandSwing_Trail_01_LOC_INT ; fx_mn_rpct_07_v.Par_V_RPCT_DashAtk_Dash_01_LOC_INT ; fx_mn_rpct_07_v.Par_V_RPCT_Atk_Exp_02_LOC_INT ; fx_mn_rpct_07_v.Par_V_dark_decal_02_LOC_INT ; fx_mn_rpct_07_v.Par_V_dark_decal_01_LOC_INT,7,S_Mob_G_KoukuSatan1.G_KoukuSatan1_Attack22_ShotVox1 ; S_Mob_G_KoukuSatan1.G_KoukuSatan1_Attack22_Shot1 ; S_Mob_G_KoukuSatan1.G_KoukuSatan1_Attack22_Shot2 ; S_Mob_G_KoukuSatan1.G_KoukuSatan1_Attack21_Cast1 ; S_Mob_G_KoukuSatan1.G_KoukuSatan1_Attack21_ShotVox4 ; S_Mob_G_KoukuSatan1.G_KoukuSatan1_Attack21_Cast2 ; S_Mob_G_KoukuSatan1.G_KoukuSatan1_Attack21_EndVox1,"{""Anim"": 8, ""AKEvent"": 11, ""PlayParticleEffect"": 13, ""HidePawn"": 1, ""Effect"": 33, ""MonsterMoveNextStage"": 4, ""TrailGhostEffect"": 4, ""PawnMaterialParam"": 4}",26,,,,,MECHANIC,쇼타임 — 군단장 시그니쳐(소환수/공격/리허설) + 함께 춤을 4종 + 압도적인 환영공포 3/5/7/9/11초,
MN_RPCT_07,4219935,쿠크세이튼_압도적인 환영공포_9초,8,8,Att_Phase1_1_01 ; Att_Phase1_1_06 ; Att_Battle_32_01 ; Att_Battle_32_02 ; Att_Battle_32_03,rpct00_att_phase1_1_01 ; rpct00_att_phase1_1_06 ; rpct00_att_battle_32_01 ; rpct00_att_battle_32_02 ; rpct00_att_battle_32_03,13,8,fx_mn_rpct_05_g.Par_G_RPCT_05_Smoke_01_LOC_INT ; fx_mn_rpct_05_g.Par_G_RPCT_05_Smoke_02_LOC_INT ; fx_mn_rpct_05_g.Par_G_RPCT_Dust_01_LOC_INT ; fx_mn_rpct_07_v.Par_V_RPCT_HandSwing_Trail_01_LOC_INT ; fx_mn_rpct_07_v.Par_V_RPCT_DashAtk_Dash_01_LOC_INT ; fx_mn_rpct_07_v.Par_V_RPCT_Atk_Exp_02_LOC_INT ; fx_mn_rpct_07_v.Par_V_dark_decal_02_LOC_INT ; fx_mn_rpct_07_v.Par_V_dark_decal_01_LOC_INT,7,S_Mob_G_KoukuSatan1.G_KoukuSatan1_Attack22_ShotVox1 ; S_Mob_G_KoukuSatan1.G_KoukuSatan1_Attack22_Shot1 ; S_Mob_G_KoukuSatan1.G_KoukuSatan1_Attack22_Shot2 ; S_Mob_G_KoukuSatan1.G_KoukuSatan1_Attack21_Cast1 ; S_Mob_G_KoukuSatan1.G_KoukuSatan1_Attack21_ShotVox5 ; S_Mob_G_KoukuSatan1.G_KoukuSatan1_Attack21_Cast2 ; S_Mob_G_KoukuSatan1.G_KoukuSatan1_Attack21_EndVox1,"{""Anim"": 8, ""AKEvent"": 11, ""PlayParticleEffect"": 13, ""HidePawn"": 1, ""Effect"": 40, ""MonsterMoveNextStage"": 4, ""TrailGhostEffect"": 4, ""PawnMaterialParam"": 4}",33,,,,,MECHANIC,쇼타임 — 군단장 시그니쳐(소환수/공격/리허설) + 함께 춤을 4종 + 압도적인 환영공포 3/5/7/9/11초,
MN_RPCT_07,4219936,쿠크세이튼_압도적인 환영공포_11초,8,8,Att_Phase1_1_01 ; Att_Phase1_1_06 ; Att_Battle_32_01 ; Att_Battle_32_02 ; Att_Battle_32_03,rpct00_att_phase1_1_01 ; rpct00_att_phase1_1_06 ; rpct00_att_battle_32_01 ; rpct00_att_battle_32_02 ; rpct00_att_battle_32_03,15,9,fx_mn_rpct_05_g.Par_G_RPCT_05_Smoke_01_LOC_INT ; fx_mn_rpct_05_g.Par_G_RPCT_05_Smoke_02_LOC_INT ; fx_mn_rpct_05_g.Par_G_RPCT_Dust_01_LOC_INT ; fx_mn_rpct_07_v.Par_V_RPCT_HandSwing_Trail_01_LOC_INT ; fx_mn_rpct_07_v.Par_V_RPCT_DashAtk_Dash_01_LOC_INT ; fx_mn_rpct_07_v.Par_V_RPCT_Atk_face_spwn_01_LOC_INT ; fx_mn_rpct_07_v.Par_V_RPCT_Atk_Exp_02_LOC_INT ; fx_mn_rpct_07_v.Par_V_dark_decal_02_LOC_INT ; fx_mn_rpct_07_v.Par_V_dark_decal_01_LOC_INT,7,S_Mob_G_KoukuSatan1.G_KoukuSatan1_Attack22_ShotVox1 ; S_Mob_G_KoukuSatan1.G_KoukuSatan1_Attack22_Shot1 ; S_Mob_G_KoukuSatan1.G_KoukuSatan1_Attack22_Shot2 ; S_Mob_G_KoukuSatan1.G_KoukuSatan1_Attack21_Cast1 ; S_Mob_G_KoukuSatan1.G_KoukuSatan1_Attack21_ShotVox6 ; S_Mob_G_KoukuSatan1.G_KoukuSatan1_Attack21_Cast2 ; S_Mob_G_KoukuSatan1.G_KoukuSatan1_Attack21_EndVox1,"{""Anim"": 8, ""AKEvent"": 11, ""PlayParticleEffect"": 15, ""HidePawn"": 1, ""Effect"": 45, ""MonsterMoveNextStage"": 4, ""TrailGhostEffect"": 6, ""PawnMaterialParam"": 6}",38,,,,,MECHANIC,쇼타임 — 군단장 시그니쳐(소환수/공격/리허설) + 함께 춤을 4종 + 압도적인 환영공포 3/5/7/9/11초,
MN_RPCT_07,4219937,쿠크세이튼_군단장 시그니쳐 소환수 스킬,3,3,Att_battle_28_10_start ; Att_battle_28_10_Loop ; Att_battle_28_10_End,rpct00_att_battle_28_10_start ; rpct00_att_battle_28_10_loop ; rpct00_att_battle_28_10_end,0,0,,0,,"{""Anim"": 3}",0,,,,,MECHANIC,쇼타임 — 군단장 시그니쳐(소환수/공격/리허설) + 함께 춤을 4종 + 압도적인 환영공포 3/5/7/9/11초,SUMMON_OR_REQUEST
MN_RPCT_07,4219938,쿠크세이튼_센터로 순간이동,2,2,Att_Phase1_1_01 ; Att_Phase1_1_06,rpct00_att_phase1_1_01 ; rpct00_att_phase1_1_06,3,3,fx_mn_rpct_05_g.Par_G_RPCT_05_Smoke_01_LOC_INT ; fx_mn_rpct_05_g.Par_G_RPCT_05_Smoke_02_LOC_INT ; fx_mn_rpct_05_g.Par_G_RPCT_Dust_01_LOC_INT,3,S_Mob_G_KoukuSatan1.G_KoukuSatan1_Attack22_ShotVox1 ; S_Mob_G_KoukuSatan1.G_KoukuSatan1_Attack22_Shot1 ; S_Mob_G_KoukuSatan1.G_KoukuSatan1_Attack22_Shot2,"{""Anim"": 2, ""AKEvent"": 3, ""PlayParticleEffect"": 3, ""HidePawn"": 1, ""Effect"": 1, ""MonsterMoveNextStage"": 1}",0,,,,,NORMAL,이동/순간이동/선회/가짜이동/조롱,MOVEMENT_OR_CONTROL
MN_RPCT_07,4219939,쿠크세이튼_군단장 시그니쳐 스킬_공격,34,32,Att_Battle_28_05_Start ; Att_Battle_28_05_Loop_A ; Att_Battle_28_05_Loop_B ; Att_Battle_28_06 ; Att_battle_28_07 ; Att_battle_28_08 ; Att_battle_28_09 ; Att_Battle_24_03 ; Att_battle_28_10_start ; Att_battle_28_10_Loop ; Att_battle_28_10_End ; Att_battle_28_11 ; Att_Battle_28_05_End,rpct00_att_battle_28_05_start ; rpct00_att_battle_28_05_loop_a ; rpct00_att_battle_28_05_loop_b ; rpct00_att_battle_28_06 ; rpct00_att_battle_28_07 ; rpct00_att_battle_28_08 ; rpct00_att_battle_28_09 ; rpct00_att_battle_24_03 ; rpct00_att_battle_28_10_start ; rpct00_att_battle_28_10_loop ; rpct00_att_battle_28_10_end ; rpct00_att_battle_28_11 ; rpct00_att_battle_28_05_end,226,10,fx_mn_rpct_07_v.Par_V_RPCT_Signature_01_1_LOC_INT ; FX_MN_RPCT_07_V.Par_V_RPCT_07_Bazooka_Loop ; FX_MN_RPCT_07_V.Par_V_RPCT_07_Bazooka ; fx_mn_rpct_07_v.Par_V_RPCT_BallRead_Exp_01_LOC_INT ; FX_CM_02.Light.Par_MP_Light_01 ; FX_MN_RPCT_07_V.Par_V_RPCT_Bazooka_mesh_01 ; fx_mn_rpct_07_v.Par_V_RPCT_signalShot_01_LOC_INT ; fx_mn_rpct_07_v.Par_V_RPCT_Gun_shot_Decal_01_LOC_INT ; FX_MN_RPCT_07_V.Par_V_RPCT_07_Bazooka_end ; FX_CM_02.Light.Par_MP_Light_05_L,12,S_Mob_G_KoukuSatan1.G_KoukuSatan1_Attack23_Cast1 ; S_Mob_G_KoukuSatan1.G_KoukuSatan1_Attack23_ShotVox1 ; S_Mob_G_KoukuSatan1.G_KoukuSatan1_Attack23_Shot1 ; S_Mob_G_KoukuSatan1.G_KoukuSatan1_Attack23_Cast3 ; S_Mob_G_KoukuSatan1.G_KoukuSatan1_Attack23_Shot2 ; S_Mob_G_KoukuSatan1.G_KoukuSatan1_Attack23_Cast2 ; S_Mob_G_KoukuSatan1.G_KoukuSatan1_Attack23_Shot3 ; S_Mob_G_KoukuSatan1.G_KoukuSatan1_Attack03_Cast2 ; S_Mob_G_KoukuSatan1.G_KoukuSatan1_Attack23_ShotVox2 ; S_Mob_G_KoukuSatan1.G_KoukuSatan1_Attack03_Cast3 ; S_Mob_G_KoukuSatan1.G_KoukuSatan1_Attack23_Shot4 ; S_Mob_G_KoukuSatan1.G_KoukuSatan1_Attack23_ShotVox3,"{""Effect"": 454, ""MonsterMoveNextStageConditionChangeTarget"": 8, ""Anim"": 32, ""LookTarget"": 10, ""PlayParticleEffect"": 226, ""AKEvent"": 66, ""HidePawn"": 12, ""MonsterMoveNextStageConditionProbability"": 4, ""PawnMaterialParam"": 18, ""MonsterMoveNextStage"": 20, ""ViewShake"": 8, ""EmitTriggerSignal"": 2, ""GameNote"": 2}",40,,,,,MECHANIC,쇼타임 — 군단장 시그니쳐(소환수/공격/리허설) + 함께 춤을 4종 + 압도적인 환영공포 3/5/7/9/11초,
MN_RPCT_07,4219940,쿠크세이튼_불뿜기 쇼,4,4,Att_Battle_14_01 ; Att_Battle_14_02,rpct00_att_battle_14_01 ; rpct00_att_battle_14_02,18,7,fx_mn_rpct_05_l.Par_L_RPCT_05_Trail_01_LOC_INT ; FX_CM_00.Dust.Par_D_Dust_007_pr ; fx_cm_01.Distortion.Par_MP_ConcaveDis_Z_01 ; fx_mn_rpct_05_l.Par_L_RPCT_05_Sk_01_2_LOC_INT ; FX_MN_RPCT_05_L.Par_L_RPCT_05_Sk_01_1 ; fx_mn_rpct_05_l.Par_L_RPCT_05_Sk_01_LOC_INT ; FX_CM_02.Light.Par_MP_Light_01,3,S_Mob_G_KoukuSatan1.G_KoukuSatan1_Attack24_Cast1 ; S_Mob_G_KoukuSatan1.G_KoukuSatan1_Attack24_ShotVox1 ; S_Mob_G_KoukuSatan1.G_KoukuSatan1_Attack24_Shot1,"{""Anim"": 4, ""PlayParticleEffect"": 18, ""AKEvent"": 6, ""Effect"": 24, ""CounterAttack"": 1}",0,,,,,NORMAL,RPCT05 계열 재사용 — 불뿜기/종이비둘기/아드레날린/랜덤박스/화염 파동·분출/내려치기/화염링/메두사/바람 방구/레이저,
MN_RPCT_07,4219941,쿠크세이튼_마술쇼_종이비둘기,5,5,Att_Battle_15_01 ; Att_Battle_15_02 ; Att_Battle_15_03 ; Att_Battle_5_01 ; Idle_Battle_1,rpct00_att_battle_15_01 ; rpct00_att_battle_15_02 ; rpct00_att_battle_15_03 ; rpct00_att_battle_5_01 ; rpct00_idle_battle_1,6,4,fx_mn_rpct_05_l.Par_L_RPCT_05_Sk_02_5_LOC_INT ; FX_MN_RPCT_05_L.Par_L_RPCT_05_Sk_02 ; fx_mn_rpct_05_l.Par_L_RPCT_05_Sk_02_1_LOC_INT ; FX_MN_RPCT_05_L.Par_L_RPCT_05_Sk_02_6,8,S_Mob_G_KoukuSatan1.G_KoukuSatan1_Attack25_Cast1 ; S_Mob_G_KoukuSatan1.G_KoukuSatan1_Attack25_ShotVox1 ; S_Mob_G_KoukuSatan1.G_KoukuSatan1_Attack25_Cast2 ; S_Mob_G_KoukuSatan1.G_KoukuSatan1_Attack25_Cast3 ; S_Mob_G_KoukuSatan1.G_KoukuSatan1_Attack25_Shot1 ; S_Mob_G_KoukuSatan1.G_KoukuSatan1_Attack25_Shot2 ; S_Mob_G_KoukuSatan1.G_KoukuSatan1_Attack25_Shot3 ; S_Mob_G_KoukuSatan1.G_Satan1_Attack07_ShotVox6,"{""Anim"": 5, ""AKEvent"": 8, ""PlayParticleEffect"": 6, ""HidePawn"": 4, ""MonsterMoveNextStage"": 3, ""Effect"": 19, ""LookTarget"": 1, ""MonsterMoveNextStageConditionProbability"": 1}",6,,,,,NORMAL,RPCT05 계열 재사용 — 불뿜기/종이비둘기/아드레날린/랜덤박스/화염 파동·분출/내려치기/화염링/메두사/바람 방구/레이저,
MN_RPCT_07,4219942,쿠크세이튼_아드레날린 무기A,12,12,Att_Battle_17_01 ; Att_battle_17_06 ; Att_Battle_17_07 ; Att_battle_17_04 ; Att_battle_17_05,rpct00_att_battle_17_01 ; rpct00_att_battle_17_06 ; rpct00_att_battle_17_07 ; rpct00_att_battle_17_04 ; rpct00_att_battle_17_05,36,12,fx_mn_rpct_05_l.Par_L_RPCT_05_Trail_03_LOC_INT ; FX_MN_RPCT_05_L.Par_L_RPCT_05_Sk_04_12 ; FX_MN_RPCT_05_L.Par_L_RPCT_05_Sk_04_13 ; FX_MN_RPCT_05_L.Par_L_RPCT_05_Eye_01 ; FX_MN_RPCT_05_L.Par_L_RPCT_05_Sk_01_1 ; fx_mn_rpct_05_l.Par_L_RPCT_05_Sk_04_5_LOC_INT ; FX_BS_01.Trail.Par_D_Trail_23_LOC_INT ; fx_mn_rpct_05_l.Par_L_RPCT_05_Sk_04_2_LOC_INT ; fx_mn_rpct_05_l.Par_L_RPCT_05_Sk_02_1_LOC_INT ; fx_mn_rpct_05_l.Par_L_RPCT_05_Trail_04_LOC_INT ; fx_mn_rpct_05_l.Par_L_RPCT_05_Sk_04_4_LOC_INT ; fx_mn_rpct_05_l.Par_L_RPCT_05_Sk_04_3_LOC_INT,13,S_Mob_G_KoukuSatan1.G_Satan1_Attack04_Cast1 ; S_Mob_G_KoukuSatan1.G_Satan1_Attack04_CastVox1 ; S_Mob_G_KoukuSatan1.G_Satan1_Attack04_Cast2 ; S_Mob_G_KoukuSatan1.G_Satan1_Attack04_Cast3 ; S_Mob_G_KoukuSatan1.G_KoukuSatan1_Attack26_Shot1 ; S_Mob_G_KoukuSatan1.G_KoukuSatan1_Attack26_Cast4 ; S_Mob_G_KoukuSatan1.G_KoukuSatan1_Attack19_ShotVox1 ; S_Mob_G_KoukuSatan1.G_KoukuSatan1_Attack19_Shot2 ; S_Mob_G_KoukuSatan1.G_KoukuSatan1_Attack26_Shot2 ; S_Mob_G_KoukuSatan1.G_KoukuSatan1_Attack26_Cast5 ; S_Mob_G_KoukuSatan1.G_KoukuSatan1_Attack26_Shot3 ; S_Mob_G_KoukuSatan1.G_KoukuSatan1_Attack26_Shot4 ; S_Mob_G_KoukuSatan1.G_KoukuSatan1_Attack26_Shot5,"{""Anim"": 12, ""AKEvent"": 26, ""PlayParticleEffect"": 36, ""PawnMaterialParam"": 8, ""MonsterMoveNextStage"": 8, ""TrailGhostEffect"": 2, ""Effect"": 24, ""Trails"": 4, ""ViewShake"": 8, ""HidePawn"": 4, ""PlayDecalEffect"": 6, ""MonsterMoveNextStageConditionChangeTarget"": 2}",22,,,,,NORMAL,RPCT05 계열 재사용 — 불뿜기/종이비둘기/아드레날린/랜덤박스/화염 파동·분출/내려치기/화염링/메두사/바람 방구/레이저,
MN_RPCT_07,4219943,쿠크세이튼_아드레날린 무기B,12,12,Att_Battle_17_01 ; Att_battle_17_06 ; Att_Battle_17_07 ; Att_battle_17_04 ; Att_battle_17_05,rpct00_att_battle_17_01 ; rpct00_att_battle_17_06 ; rpct00_att_battle_17_07 ; rpct00_att_battle_17_04 ; rpct00_att_battle_17_05,36,12,fx_mn_rpct_05_l.Par_L_RPCT_05_Trail_03_LOC_INT ; fx_mn_rpct_05_l.Par_L_RPCT_05_Sk_04_LOC_INT ; fx_mn_rpct_05_l.Par_L_RPCT_05_Sk_04_1_LOC_INT ; fx_mn_rpct_05_l.Par_L_RPCT_05_Eye_02_LOC_INT ; FX_MN_RPCT_05_L.Par_L_RPCT_05_Sk_01_1 ; fx_mn_rpct_05_l.Par_L_RPCT_05_Sk_04_5_LOC_INT ; FX_BS_01.Trail.Par_D_Trail_23_LOC_INT ; fx_mn_rpct_05_l.Par_L_RPCT_05_Sk_04_2_LOC_INT ; fx_mn_rpct_05_l.Par_L_RPCT_05_Sk_02_1_LOC_INT ; fx_mn_rpct_05_l.Par_L_RPCT_05_Trail_04_LOC_INT ; fx_mn_rpct_05_l.Par_L_RPCT_05_Sk_04_4_LOC_INT ; fx_mn_rpct_05_l.Par_L_RPCT_05_Sk_04_3_LOC_INT,13,S_Mob_G_KoukuSatan1.G_Satan1_Attack04_Cast1 ; S_Mob_G_KoukuSatan1.G_Satan1_Attack04_CastVox1 ; S_Mob_G_KoukuSatan1.G_Satan1_Attack04_Cast2 ; S_Mob_G_KoukuSatan1.G_Satan1_Attack04_Cast3 ; S_Mob_G_KoukuSatan1.G_KoukuSatan1_Attack26_Shot1 ; S_Mob_G_KoukuSatan1.G_KoukuSatan1_Attack26_Cast4 ; S_Mob_G_KoukuSatan1.G_KoukuSatan1_Attack19_ShotVox1 ; S_Mob_G_KoukuSatan1.G_KoukuSatan1_Attack19_Shot2 ; S_Mob_G_KoukuSatan1.G_KoukuSatan1_Attack26_Shot2 ; S_Mob_G_KoukuSatan1.G_KoukuSatan1_Attack26_Cast5 ; S_Mob_G_KoukuSatan1.G_KoukuSatan1_Attack26_Shot3 ; S_Mob_G_KoukuSatan1.G_KoukuSatan1_Attack26_Shot4 ; S_Mob_G_KoukuSatan1.G_KoukuSatan1_Attack26_Shot5,"{""Anim"": 12, ""AKEvent"": 26, ""PlayParticleEffect"": 36, ""PawnMaterialParam"": 8, ""MonsterMoveNextStage"": 8, ""TrailGhostEffect"": 2, ""Effect"": 24, ""Trails"": 4, ""ViewShake"": 8, ""HidePawn"": 4, ""PlayDecalEffect"": 6, ""MonsterMoveNextStageConditionChangeTarget"": 2}",22,,,,,NORMAL,RPCT05 계열 재사용 — 불뿜기/종이비둘기/아드레날린/랜덤박스/화염 파동·분출/내려치기/화염링/메두사/바람 방구/레이저,
MN_RPCT_07,4219944,쿠크세이튼_랜덤박스 요청,4,4,Att_Battle_8_01 ; Att_Battle_8_02,rpct00_att_battle_8_01 ; rpct00_att_battle_8_02,14,5,fx_mn_rpct_05_g.Par_G_RPCT_05_Dance_Aura_02_LOC_INT ; fx_mn_rpct_05_g.Par_G_RPCT_05_Dance_Hand_Trail_01_LOC_INT ; FX_MN_RPCT_05_G.Par_G_RPCT_05_Dance_FingerPoint_01 ; fx_mn_rpct_05_g.Par_G_RPCT_05_RandomBox_LOC_INT ; fx_mn_rpct_05_g.Par_G_RPCT_05_RandomBox_02_LOC_INT,4,S_Mob_G_KoukuSatan1.G_KoukuSatan1_Attack27_Cast1 ; S_Mob_G_KoukuSatan1.G_KoukuSatan1_Attack27_ShotVox1 ; S_Mob_G_KoukuSatan1.G_KoukuSatan1_Attack27_Shot1 ; S_Mob_G_KoukuSatan1.G_Satan1_Attack09_Shot3,"{""Anim"": 4, ""PlayParticleEffect"": 14, ""AKEvent"": 8, ""Effect"": 8}",0,,,,,NORMAL,RPCT05 계열 재사용 — 불뿜기/종이비둘기/아드레날린/랜덤박스/화염 파동·분출/내려치기/화염링/메두사/바람 방구/레이저,SUMMON_OR_REQUEST
MN_RPCT_07,4219945,쿠크세이튼_무력화 시작,7,7,Idle_Battle_1 ; Att_Battle_6_04 ; Att_Battle_6_02 ; Att_Battle_6_03,rpct00_idle_battle_1 ; rpct00_att_battle_6_04 ; rpct00_att_battle_6_02 ; rpct00_att_battle_6_03,17,11,fx_mn_rpct_05_l.Par_L_RPCT_05_Sk_12_LOC_INT ; fx_mn_rpct_05_l.Par_L_RPCT_05_Sk_12_1_LOC_INT ; fx_mn_rpct_05_l.Par_L_RPCT_05_Sk_01_2_LOC_INT ; fx_mn_rpct_05_l.Par_L_RPCT_05_Sk_12_2_LOC_INT ; fx_mn_rpct_05_l.Par_L_RPCT_05_Sk_12_6_LOC_INT ; fx_mn_rpct_05_l.Par_L_RPCT_05_Sk_12_7_LOC_INT ; fx_mn_rpct_05_l.Par_L_RPCT_05_Sk_12_8_LOC_INT ; fx_mn_rpct_05_l.Par_L_RPCT_05_Sk_12_9_LOC_INT ; fx_mn_rpct_05_l.Par_L_RPCT_05_Sk_12_4_LOC_INT ; fx_mn_rpct_05_l.Par_L_RPCT_05_Sk_12_3_LOC_INT ; fx_mn_rpct_05_l.Par_L_RPCT_05_Sk_12_5_LOC_INT,7,S_Mob_G_KoukuSatan1.G_KoukuSatan1_Attack28_Cast1 ; S_Mob_G_KoukuSatan1.G_KoukuSatan1_Attack28_ShotVox1 ; S_Mob_G_KoukuSatan1.G_KoukuSatan1_Attack28_Shot1 ; S_Mob_G_KoukuSatan1.G_KoukuSatan1_Attack17_Shot1 ; S_Mob_G_KoukuSatan1.G_KoukuSatan1_Attack28_Shot2 ; S_Mob_G_KoukuSatan1.G_KoukuSatan1_Attack28_Shot3 ; S_Mob_G_KoukuSatan1.G_KoukuSatan1_Attack28_Shot4,"{""Anim"": 7, ""AKEvent"": 11, ""MonsterMoveNextStageConditionProbability"": 2, ""PlayParticleEffect"": 17, ""Effect"": 5, ""Paralyzation"": 4, ""MonsterMoveNextStage"": 4, ""PawnMaterialParam"": 1, ""ViewShake"": 1}",12,KAKULSAYDON_G1_PATTERN_1,세이튼_무력화 시작,GATE1,PRODUCT,MECHANIC,무력화 시작/성공/실패,
MN_RPCT_07,4219946,쿠크세이튼_무력화 성공,4,4,Idle_Battle_1 ; Dmg_Critical_Start_1 ; Dmg_Critical_Loop_1 ; Dmg_Critical_End_1,rpct00_idle_battle_1 ; rpct00_dmg_critical_start_1 ; rpct00_dmg_critical_loop_1 ; rpct00_dmg_critical_end_1,2,2,FX_CM_02.Light.Par_MP_Light_01 ; FX_BS_00.Hit.Par_K_RaidGroggy_Hit_01_LOC_INT,4,S_Mob_G_KoukuSatan1.G_KoukuSatan1_FreezeStart1 ; S_Systems.SYS_MONSTER_FREEZE1 ; S_Mob_G_KoukuSatan1.G_KoukuSatan1_FreezeLoop1 ; S_Mob_G_KoukuSatan1.G_KoukuSatan1_FreezeEnd1,"{""Anim"": 4, ""Rotate"": 1, ""Effect"": 9, ""MonsterMoveNextStage"": 3, ""DominantDirectionalLight_Control"": 1, ""PawnMaterialParam"": 1, ""PlayParticleEffect"": 2, ""ViewShake"": 1, ""AKEvent"": 4, ""EmitTriggerSignal"": 1}",2,KAKULSAYDON_G1_PATTERN_4,세이튼_무력화성공,GATE1,PRODUCT,MECHANIC,무력화 시작/성공/실패,SUCCESS_OR_FAILURE
MN_RPCT_07,4219947,쿠크세이튼_무력화 실패,1,1,Att_Battle_6_03,rpct00_att_battle_6_03,1,1,fx_mn_rpct_05_l.Par_L_RPCT_05_Sk_12_5_LOC_INT,1,S_Mob_G_KoukuSatan1.G_KoukuSatan1_Attack28_Shot4,"{""Anim"": 1, ""Effect"": 1, ""PlayParticleEffect"": 1, ""ViewShake"": 1, ""AKEvent"": 1}",0,,,,,MECHANIC,무력화 시작/성공/실패,SUCCESS_OR_FAILURE
MN_RPCT_07,4219948,쿠크세이튼_화염 파동,17,17,Idle_Battle_1 ; Att_Battle_10_02 ; Att_Battle_34_03 ; Att_Battle_34_04,rpct00_idle_battle_1 ; rpct00_att_battle_10_02 ; rpct00_att_battle_34_03 ; rpct00_att_battle_34_04,38,5,fx_mn_rpct_05_g.Par_G_RPCT_05_Wand_Spin_01_LOC_INT ; fx_mn_rpct_05_g.Par_G_RPCT_05_Wand_Decal_LOC_INT ; FX_CM_02.Light.Par_M_Light_001 ; fx_mn_rpct_05_g.Par_G_RPCT_05_FireWave_01_LOC_INT ; fx_mn_rpct_07_v.Par_V_RPCT_HandSwing_Trail_03_LOC_INT,6,S_Mob_G_KoukuSatan1.G_KoukuSatan1_Attack29_ShotVox1 ; S_Mob_G_KoukuSatan1.G_KoukuSatan1_Attack29_Cast1 ; S_Mob_G_KoukuSatan1.G_KoukuSatan1_Attack29_Shot1 ; S_Mob_G_KoukuSatan1.G_KoukuSatan1_Attack14_Shot1 ; S_Mob_G_KoukuSatan1.G_KoukuSatan1_Attack14_ShotVox2 ; S_Mob_G_KoukuSatan1.G_KoukuSatan1_Attack14_ShotVox3,"{""Anim"": 17, ""MonsterMoveNextStageConditionProbability"": 3, ""Effect"": 15, ""AKEvent"": 22, ""PlayParticleEffect"": 38, ""PawnMaterialParam"": 8, ""MonsterMoveNextStage"": 8, ""TrailGhostEffect"": 2}",0,,,,,NORMAL,RPCT05 계열 재사용 — 불뿜기/종이비둘기/아드레날린/랜덤박스/화염 파동·분출/내려치기/화염링/메두사/바람 방구/레이저,
MN_RPCT_07,4219949,쿠크세이튼_내려치기A,2,2,Att_Battle_34_01 ; Att_Battle_17_02,rpct00_att_battle_34_01 ; rpct00_att_battle_17_02,5,5,fx_mn_rpct_07_v.Par_V_RPCT_HandSwing_Trail_03_LOC_INT ; fx_mn_rpct_05_l.Par_L_RPCT_05_Trail_03_LOC_INT ; fx_mn_rpct_05_l.Par_L_RPCT_05_Sk_04_6_LOC_INT ; fx_mn_rpct_05_l.Par_L_RPCT_05_Sk_04_8_LOC_INT ; fx_mn_rpct_05_l.Par_L_RPCT_05_Sk_04_7_LOC_INT,4,S_Mob_G_KoukuSatan1.G_KoukuSatan1_Attack14_Shot1 ; S_Mob_G_KoukuSatan1.G_KoukuSatan1_Attack14_ShotVox1 ; S_Mob_G_KoukuSatan1.G_KoukuSatan1_Attack19_ShotVox1 ; S_Mob_G_KoukuSatan1.G_KoukuSatan1_Attack19_Shot2,"{""Anim"": 2, ""PlayParticleEffect"": 5, ""PawnMaterialParam"": 2, ""TrailGhostEffect"": 1, ""AKEvent"": 5, ""MonsterMoveNextStage"": 1, ""Effect"": 2}",0,,,,,NORMAL,RPCT05 계열 재사용 — 불뿜기/종이비둘기/아드레날린/랜덤박스/화염 파동·분출/내려치기/화염링/메두사/바람 방구/레이저,
MN_RPCT_07,4219950,쿠크세이튼_내려치기B,1,1,Att_Battle_1_02,rpct00_att_battle_1_02,8,7,fx_mn_rpct_05_g.Par_G_RPCT_05_Wand_01_LOC_INT ; FX_BS_01.Trail.Par_D_Trail_23_LOC_INT ; FX_CM_00.Dust.Par_D_Dust_007_pr ; fx_cm_01.Distortion.Par_MP_ConcaveDis_Z_01 ; fx_cm_01.Decal.Par_D_Decal_02 ; fx_mn_rpct_05_g.Par_G_RPCT_05_Hit_LOC_INT ; fx_cm_03.Swing.Par_MP_Swing_03,4,S_Mob_G_KoukuSatan1.G_KoukuSatan1_Attack20_ShotVox1 ; S_Mob_G_KoukuSatan1.G_KoukuSatan1_Attack19_Cast1 ; S_Mob_G_KoukuSatan1.G_KoukuSatan1_Attack19_Shot2 ; S_Mob_G_KoukuSatan1.G_KoukuSatan1_Attack19_Shot3,"{""Anim"": 1, ""PlayParticleEffect"": 8, ""AKEvent"": 5, ""Trails"": 2, ""Effect"": 2}",0,,,,,NORMAL,RPCT05 계열 재사용 — 불뿜기/종이비둘기/아드레날린/랜덤박스/화염 파동·분출/내려치기/화염링/메두사/바람 방구/레이저,
MN_RPCT_07,4219951,쿠크세이튼_화염분출,12,12,Att_battle_9_04 ; Att_Battle_9_01 ; Att_Battle_9_02 ; Att_Battle_9_03 ; Att_Battle_34_04 ; Att_Battle_34_03,rpct00_att_battle_9_04 ; rpct00_att_battle_9_01 ; rpct00_att_battle_9_02 ; rpct00_att_battle_9_03 ; rpct00_att_battle_34_04 ; rpct00_att_battle_34_03,26,9,fx_mn_rpct_05_g.Par_G_RPCT_05_Drug_01_LOC_INT ; FX_MN_RPCT_05_G.Par_G_RPCT_05_Mouse_02 ; fx_mn_rpct_05_g.Par_G_RPCT_05_Mouse_01_LOC_INT ; fx_mn_rpct_05_g.Par_G_RPCT_05_Wand_02_LOC_INT ; fx_mn_rpct_05_g.Par_G_RPCT_05_aura_01_LOC_INT ; fx_mn_rpct_05_g.Par_G_RPCT_05_Fire_01_LOC_INT ; fx_mn_rpct_05_g.Par_G_RPCT_05_Fire_02_LOC_INT ; FX_CM_02.Light.Par_MP_Light_01 ; fx_mn_rpct_07_v.Par_V_RPCT_HandSwing_Trail_03_LOC_INT,6,S_Mob_G_KoukuSatan1.G_KoukuSatan1_Attack31_ShotVox1 ; S_Mob_G_KoukuSatan1.G_KoukuSatan1_Attack31_Cast1 ; S_Mob_G_KoukuSatan1.G_KoukuSatan1_Attack31_Cast2 ; S_Mob_G_KoukuSatan1.G_KoukuSatan1_Attack31_Cast3 ; S_Mob_G_KoukuSatan1.G_KoukuSatan1_Attack31_Shot1 ; S_Mob_G_KoukuSatan1.G_KoukuSatan1_Attack14_Shot1,"{""Anim"": 12, ""AKEvent"": 14, ""PlayParticleEffect"": 26, ""MonsterMoveNextStageConditionProbability"": 2, ""Effect"": 24, ""LookTarget"": 2, ""MonsterMoveNextStage"": 8, ""PawnMaterialParam"": 6, ""TrailGhostEffect"": 4}",12,,,,,NORMAL,RPCT05 계열 재사용 — 불뿜기/종이비둘기/아드레날린/랜덤박스/화염 파동·분출/내려치기/화염링/메두사/바람 방구/레이저,
MN_RPCT_07,4219952,쿠크세이튼_선회(좌),2,2,Turn_L_1,rpct00_turn_l_1,0,0,,0,,"{""Anim"": 2, ""Rotate"": 2}",0,,,,,NORMAL,이동/순간이동/선회/가짜이동/조롱,MOVEMENT_OR_CONTROL
MN_RPCT_07,4219953,쿠크세이튼_선회(우),2,2,Turn_R_1,rpct00_turn_r_1,0,0,,0,,"{""Anim"": 2, ""Rotate"": 2}",0,,,,,NORMAL,이동/순간이동/선회/가짜이동/조롱,MOVEMENT_OR_CONTROL
MN_RPCT_07,4219954,쿠크세이튼_순간이동 센터로 이동,2,2,Att_Phase1_1_01 ; Att_Phase1_1_06,rpct00_att_phase1_1_01 ; rpct00_att_phase1_1_06,3,3,fx_mn_rpct_05_g.Par_G_RPCT_05_Smoke_01_LOC_INT ; fx_mn_rpct_05_g.Par_G_RPCT_05_Smoke_02_LOC_INT ; fx_mn_rpct_05_g.Par_G_RPCT_Dust_01_LOC_INT,4,S_Mob_G_KoukuSatan1.G_KoukuSatan1_Attack22_ShotVox1 ; S_Mob_G_KoukuSatan1.G_KoukuSatan1_Attack22_Cast1 ; S_Mob_G_KoukuSatan1.G_KoukuSatan1_Attack22_Shot1 ; S_Mob_G_KoukuSatan1.G_KoukuSatan1_Attack22_Shot2,"{""Anim"": 2, ""AKEvent"": 4, ""PlayParticleEffect"": 3, ""HidePawn"": 1, ""Effect"": 5}",0,,,,,NORMAL,이동/순간이동/선회/가짜이동/조롱,MOVEMENT_OR_CONTROL
MN_RPCT_07,4219955,쿠크세이튼_사라진후 내려찍기,3,3,Att_Battle_34_02 ; Att_battle_17_04 ; Att_battle_17_05,rpct00_att_battle_34_02 ; rpct00_att_battle_17_04 ; rpct00_att_battle_17_05,6,6,fx_mn_rpct_07_v.Par_V_RPCT_HandSwing_Trail_03_LOC_INT ; fx_mn_rpct_05_l.Par_L_RPCT_05_Sk_02_1_LOC_INT ; fx_mn_rpct_05_l.Par_L_RPCT_05_Trail_04_LOC_INT ; fx_mn_rpct_05_l.Par_L_RPCT_05_Sk_04_4_LOC_INT ; FX_BS_01.Trail.Par_D_Trail_23_LOC_INT ; fx_mn_rpct_05_l.Par_L_RPCT_05_Sk_04_3_LOC_INT,6,S_Mob_G_KoukuSatan1.G_KoukuSatan1_Attack19_ShotVox1 ; S_Mob_G_KoukuSatan1.G_KoukuSatan1_Attack14_Shot1 ; S_Mob_G_KoukuSatan1.G_KoukuSatan1_Attack03_Cast3 ; S_Mob_G_KoukuSatan1.G_KoukuSatan1_Attack26_Shot3 ; S_Mob_G_KoukuSatan1.G_KoukuSatan1_Attack26_Shot4 ; S_Mob_G_KoukuSatan1.G_KoukuSatan1_Attack26_Shot5,"{""Anim"": 3, ""PlayParticleEffect"": 6, ""PawnMaterialParam"": 2, ""TrailGhostEffect"": 1, ""AKEvent"": 6, ""Effect"": 8, ""MonsterMoveNextStage"": 2, ""HidePawn"": 1, ""PlayDecalEffect"": 1, ""ViewShake"": 3, ""Trails"": 1}",5,,,,,NORMAL,RPCT05 계열 재사용 — 불뿜기/종이비둘기/아드레날린/랜덤박스/화염 파동·분출/내려치기/화염링/메두사/바람 방구/레이저,MOVEMENT_OR_CONTROL
MN_RPCT_07,4219956,쿠크세이튼_화염링 소환,9,9,Att_Battle_17_03 ; Idle_Battle_1 ; Att_Battle_34_05,rpct00_att_battle_17_03 ; rpct00_idle_battle_1 ; rpct00_att_battle_34_05,21,3,fx_mn_rpct_05_l.Par_L_RPCT_05_Trail_03_LOC_INT ; fx_mn_rpct_05_l.Par_L_RPCT_05_Sk_04_9_LOC_INT ; fx_mn_rpct_05_l.Par_L_RPCT_05_Sk_02_1_LOC_INT,3,S_Mob_G_KoukuSatan1.G_KoukuSatan1_Attack32_Cast1 ; S_Mob_G_KoukuSatan1.G_KoukuSatan1_Attack32_ShotVox1 ; S_Mob_G_KoukuSatan1.G_KoukuSatan1_Attack32_Shot1,"{""Anim"": 9, ""PawnMaterialParam"": 7, ""AKEvent"": 19, ""PlayParticleEffect"": 21, ""Effect"": 93, ""ViewShake"": 7, ""MonsterMoveNextStageConditionProbability"": 5, ""HidePawn"": 7, ""LookTarget"": 4, ""MonsterMoveNextStage"": 1}",0,,,,,NORMAL,RPCT05 계열 재사용 — 불뿜기/종이비둘기/아드레날린/랜덤박스/화염 파동·분출/내려치기/화염링/메두사/바람 방구/레이저,SUMMON_OR_REQUEST
MN_RPCT_07,4219957,[사용안함]쿠크세이튼_순간이동 공격,14,14,Att_Battle_5_01 ; Att_Battle_5_02 ; Att_Battle_5_03 ; Idle_Battle_1 ; Att_Phase1_1_06,rpct00_att_battle_5_01 ; rpct00_att_battle_5_02 ; rpct00_att_battle_5_03 ; rpct00_idle_battle_1 ; rpct00_att_phase1_1_06,33,7,FX_CM_00.Dust.Par_D_Dust_007_pr ; fx_mn_rpct_07_v.Par_V_RPCT_HandSwing_Trail_03_LOC_INT ; FX_BS_01.Trail.Par_D_Trail_23_LOC_INT ; FX_CM_00.Dust.Par_D_Dust_002_pr ; fx_cm_01.Debris.Par_D_Debris_003 ; fx_mn_rpct_05_l.Par_L_RPCT_05_Sk_02_1_LOC_INT ; fx_mn_rpct_05_g.Par_G_RPCT_Dust_01_LOC_INT,2,S_Mob_G_CukSatan1.G_CukSatan1_Attack5_Shot2 ; S_Mob_G_CukSatan1.G_CukSatan1_Attack5_Impact1,"{""Anim"": 14, ""MonsterMoveNextStage"": 11, ""PlayParticleEffect"": 33, ""AKEvent"": 18, ""Trails"": 15, ""Effect"": 26, ""PawnMaterialParam"": 3, ""MonsterMoveNextStageConditionChangeTarget"": 2, ""HidePawn"": 7, ""LookTarget"": 2}",0,,,,,SYSTEM,[사용안함]/테스트/숨김/자살,TEST_OR_UNUSED ; MOVEMENT_OR_CONTROL
MN_RPCT_07,4219958,쿠크세이튼_인형 대상자 집중 공격,3,3,Att_Battle_12_05 ; Att_Battle_13_01 ; Att_battle_13_02,rpct00_att_battle_12_05 ; rpct00_att_battle_13_01 ; rpct00_att_battle_13_02,11,5,FX_MN_RPCT_05_G.Par_G_RPCT_05_Dance_Light_01 ; fx_mn_rpct_05_g.Par_G_RPCT_05_Dance_Hand_Trail_01_LOC_INT ; fx_mn_rpct_05_g.Par_G_RPCT_05_Dance_Aura_01_LOC_INT ; fx_mn_rpct_05_g.Par_G_RPCT_05_Dance_Aura_02_LOC_INT ; FX_MN_RPCT_05_G.Par_G_RPCT_05_Dance_FingerPoint_01,7,S_Mob_G_KoukuSatan1.G_KoukuSatan1_Attack33_ShotVox1 ; S_Mob_G_KoukuSatan1.G_KoukuSatan1_Attack05_Cast1 ; S_Mob_G_KoukuSatan1.G_KoukuSatan1_Attack30_ShotVox1 ; S_Mob_G_KoukuSatan1.G_KoukuSatan1_Attack30_Shot1 ; S_Mob_G_KoukuSatan1.G_KoukuSatan1_Attack05_Cast2 ; S_Mob_G_KoukuSatan1.G_KoukuSatan1_Attack05_Shot2 ; S_Mob_G_KoukuSatan1.G_KoukuSatan1_Attack27_Shot1,"{""Anim"": 3, ""AKEvent"": 7, ""PlayParticleEffect"": 11, ""Effect"": 2}",0,,,,,NORMAL,RPCT05 계열 재사용 — 불뿜기/종이비둘기/아드레날린/랜덤박스/화염 파동·분출/내려치기/화염링/메두사/바람 방구/레이저,
MN_RPCT_07,4219959,쿠크세이튼_내려치기C,5,5,Att_Battle_1_01 ; Idle_Battle_1 ; Att_Battle_17_02,rpct00_att_battle_1_01 ; rpct00_idle_battle_1 ; rpct00_att_battle_17_02,19,10,fx_mn_rpct_05_g.Par_G_RPCT_05_Wand_01_LOC_INT ; FX_BS_01.Trail.Par_D_Trail_23_LOC_INT ; FX_CM_00.Dust.Par_D_Dust_007_pr ; fx_cm_01.Distortion.Par_MP_ConcaveDis_Z_01 ; fx_cm_01.Decal.Par_D_Decal_02 ; fx_mn_rpct_05_g.Par_G_RPCT_05_Hit_LOC_INT ; fx_mn_rpct_05_l.Par_L_RPCT_05_Trail_03_LOC_INT ; fx_mn_rpct_05_l.Par_L_RPCT_05_Sk_04_6_LOC_INT ; fx_mn_rpct_05_l.Par_L_RPCT_05_Sk_04_8_LOC_INT ; fx_mn_rpct_05_l.Par_L_RPCT_05_Sk_04_7_LOC_INT,4,S_Mob_G_KoukuSatan1.G_KoukuSatan1_Attack20_ShotVox1 ; S_Mob_G_KoukuSatan1.G_KoukuSatan1_Attack19_Cast1 ; S_Mob_G_KoukuSatan1.G_KoukuSatan1_Attack19_Shot2 ; S_Mob_G_KoukuSatan1.G_KoukuSatan1_Attack19_Shot3,"{""Anim"": 5, ""PlayParticleEffect"": 19, ""AKEvent"": 14, ""Trails"": 3, ""Effect"": 5, ""MonsterMoveNextStageConditionProbability"": 1, ""Rotate"": 2, ""MonsterMoveNextStage"": 2, ""PawnMaterialParam"": 1}",0,,,,,NORMAL,RPCT05 계열 재사용 — 불뿜기/종이비둘기/아드레날린/랜덤박스/화염 파동·분출/내려치기/화염링/메두사/바람 방구/레이저,
MN_RPCT_07,4219960,쿠크세이튼_초강력 바람 방구_후방,3,3,Att_Battle_36_01 ; Att_Battle_5_01 ; Idle_Battle_1,rpct00_att_battle_36_01 ; rpct00_att_battle_5_01 ; rpct00_idle_battle_1,6,6,fx_mn_rpct_07_v.Par_V_RPCT_Gas_Cast_01_LOC_INT ; FX_CM_02.Light.Par_MP_Light_05_L ; FX_MN_RPCT_07_V.Par_V_RPCT_back_Atk_01 ; FX_Post.FX_Par.Par_C_ZoomBlur_03 ; FX_Post.FX_Par.Par_C_ZoomBlur_01 ; FX_MN_RPCT_07_V.Par_V_RPCT_Back_Shot_Dust_Atk_02,4,S_Mob_G_KoukuSatan1.G_KoukuSatan1_Attack16_Cast1 ; S_Mob_G_KoukuSatan1.G_KoukuSatan1_Attack16_ShotVox1 ; S_Mob_G_KoukuSatan1.G_KoukuSatan1_Attack16_Cast2 ; S_Mob_G_KoukuSatan1.G_KoukuSatan1_Attack16_Shot1,"{""Anim"": 3, ""AKEvent"": 4, ""PlayParticleEffect"": 6, ""ViewShake"": 2, ""PawnMaterialParam"": 1, ""Effect"": 1, ""MonsterMoveNextStageConditionSkillEffectHit"": 1, ""Rotate"": 1, ""MonsterMoveNextStage"": 1}",0,,,,,NORMAL,RPCT05 계열 재사용 — 불뿜기/종이비둘기/아드레날린/랜덤박스/화염 파동·분출/내려치기/화염링/메두사/바람 방구/레이저,
MN_RPCT_07,4219961,쿠크세이튼_메두사 공격,8,8,Att_battle_17_04 ; Att_Battle_20_02 ; Att_Battle_20_03 ; Att_Battle_20_04,rpct00_att_battle_17_04 ; rpct00_att_battle_20_02 ; rpct00_att_battle_20_03 ; rpct00_att_battle_20_04,14,6,fx_mn_rpct_05_l.Par_L_RPCT_05_Sk_02_1_LOC_INT ; fx_mn_rpct_05_l.Par_L_RPCT_05_Sk_07_LOC_INT ; fx_mn_rpct_05_l.Par_L_RPCT_05_Sk_07_2_LOC_INT ; FX_MN_RPCT_05_L.Par_L_RPCT_05_Sk_06_5 ; FX_MN_RPCT_05_L.Par_L_RPCT_05_Sk_07_1 ; FX_MN_RPCT_05_L.Par_L_RPCT_05_Sk_07_3,5,S_Mob_G_KoukuSatan1.G_KoukuSatan1_Attack03_Cast2 ; S_Mob_G_KoukuSatan1.G_KoukuSatan1_Attack03_Cast3 ; S_Mob_G_KoukuSatan1.G_KoukuSatan1_Attack33_ShotVox1 ; S_Mob_G_KoukuSatan1.G_KoukuSatan1_Attack33_Cast1 ; S_Mob_G_KoukuSatan1.G_KoukuSatan1_Attack33_Shot1,"{""Anim"": 8, ""HidePawn"": 4, ""PlayParticleEffect"": 14, ""AKEvent"": 10, ""Effect"": 8, ""PlayDecalEffect"": 4, ""MonsterMoveNextStage"": 6, ""LookTarget"": 2, ""ViewShake"": 2}",10,,,,,NORMAL,RPCT05 계열 재사용 — 불뿜기/종이비둘기/아드레날린/랜덤박스/화염 파동·분출/내려치기/화염링/메두사/바람 방구/레이저,
MN_RPCT_07,4219962,쿠크세이튼_무기뇌격 평타 공격,3,3,Idle_Battle_1 ; Att_Battle_34_02 ; Att_Battle_24_06,rpct00_idle_battle_1 ; rpct00_att_battle_34_02 ; rpct00_att_battle_24_06,7,7,fx_mn_rpct_07_v.Par_V_RPCT_HandSwing_Trail_03_LOC_INT ; fx_mn_rpct_07_v.Par_V_RPCT_Elec_Prj_02_LOC_INT ; fx_mn_rpct_07_v.Par_V_RPCT_light_cast_01_01_LOC_INT ; fx_mn_rpct_07_v.Par_V_RPCT_HandSwing_Trail_01_LOC_INT ; FX_CM_02.Light.Par_MP_Light_05_L ; FX_Post.FX_Par.Par_C_FilmNoise_01 ; FX_Post.FX_Par.Par_C_ZoomBlur_03,4,S_Mob_G_KoukuSatan1.G_KoukuSatan1_Attack14_Shot1 ; S_Mob_G_KoukuSatan1.G_KoukuSatan1_Attack04_Cast1 ; S_Mob_G_KoukuSatan1.G_KoukuSatan1_Attack04_ShotVox1 ; S_Mob_G_KoukuSatan1.G_KoukuSatan1_Attack04_Shot1,"{""Anim"": 3, ""MemoryPos"": 1, ""MonsterMoveNextStageConditionCheckArea"": 1, ""PlayParticleEffect"": 7, ""PawnMaterialParam"": 2, ""TrailGhostEffect"": 2, ""AKEvent"": 4, ""MonsterMoveNextStage"": 1, ""Effect"": 5}",0,,,,,NORMAL,무기뇌격 / 서커스공 / 광기의 불길 / 광기의 표식(+4방향 강화) / 폭탄 투하,
MN_RPCT_07,4219963,칼날 소환,15,15,Att_Battle_25_01 ; Idle_Battle_1 ; Att_Battle_25_02 ; Att_battle_17_05,rpct00_att_battle_25_01 ; rpct00_idle_battle_1 ; rpct00_att_battle_25_02 ; rpct00_att_battle_17_05,66,11,FX_MN_RPCT_07_V.Par_V_PPCT_spot_Dance_01 ; fx_mn_rpct_07_v.Par_V_RPCT_HandSwing_Trail_01_LOC_INT ; FX_CM_02.Light.Par_MP_Light_01 ; FX_BS_04.State.Par_J_ExMove_01 ; FX_CM_02.Light.Par_MP_Light_05_L ; fx_mn_rpct_07_v.Par_V_RPCT_BallRead_Exp_01_LOC_INT ; fx_mn_rpct_07_v.Par_V_RPCT_hand_shot_01_LOC_INT ; fx_mn_rpct_05_l.Par_L_RPCT_05_Trail_04_LOC_INT ; fx_mn_rpct_05_l.Par_L_RPCT_05_Sk_04_4_LOC_INT ; FX_BS_01.Trail.Par_D_Trail_23_LOC_INT ; fx_mn_rpct_05_l.Par_L_RPCT_05_Sk_04_3_LOC_INT,11,S_Mob_G_KoukuSatan1.G_KoukuSatan1_Attack05_Cast2 ; S_Mob_G_KoukuSatan1.G_KoukuSatan1_Attack05_Shot2 ; S_Mob_G_KoukuSatan1.G_KoukuSatan1_Attack05_CastVox1 ; S_Mob_G_KoukuSatan1.G_KoukuSatan1_Attack05_Cast1 ; S_Mob_G_KoukuSatan1.G_KoukuSatan1_Attack03_Cast2 ; S_Mob_G_KoukuSatan1.G_KoukuSatan1_Attack05_Shot1 ; S_Mob_G_KoukuSatan1.G_KoukuSatan1_Attack05_ShotVox1 ; S_Mob_G_KoukuSatan1.G_KoukuSatan1_Attack05_Shot3 ; S_Mob_G_KoukuSatan1.G_KoukuSatan1_Attack26_Shot3 ; S_Mob_G_KoukuSatan1.G_KoukuSatan1_Attack26_Shot4 ; S_Mob_G_KoukuSatan1.G_KoukuSatan1_Attack26_Shot5,"{""Anim"": 15, ""PlayParticleEffect"": 66, ""DominantDirectionalLight_Control"": 3, ""PawnMaterialParam"": 9, ""AKEvent"": 45, ""HidePawn"": 12, ""ViewShake"": 18, ""MonsterMoveNextStage"": 12, ""Effect"": 36, ""PlayDecalEffect"": 3, ""Trails"": 3}",39,,,,,MECHANIC,마리오 1~4 — 갈고리 소환 1~3단계 / 칼날 소환 / 칼날 처형식 시작·1~4단계(+싱글모드) / 제물 의식,SUMMON_OR_REQUEST
MN_RPCT_07,4219964,쿠크세이튼_본체 우측 이동 후 화염 파동,3,3,Att_Battle_34_03 ; Att_Battle_10_02 ; Idle_Battle_1,rpct00_att_battle_34_03 ; rpct00_att_battle_10_02 ; rpct00_idle_battle_1,7,5,fx_mn_rpct_07_v.Par_V_RPCT_HandSwing_Trail_03_LOC_INT ; fx_mn_rpct_05_g.Par_G_RPCT_05_Wand_Spin_01_LOC_INT ; fx_mn_rpct_05_g.Par_G_RPCT_05_Wand_Decal_LOC_INT ; FX_CM_02.Light.Par_M_Light_001 ; fx_mn_rpct_05_g.Par_G_RPCT_05_FireWave_01_LOC_INT,5,S_Mob_G_KoukuSatan1.G_KoukuSatan1_Attack14_Shot1 ; S_Mob_G_KoukuSatan1.G_KoukuSatan1_Attack14_ShotVox2 ; S_Mob_G_KoukuSatan1.G_KoukuSatan1_Attack29_ShotVox1 ; S_Mob_G_KoukuSatan1.G_KoukuSatan1_Attack29_Cast1 ; S_Mob_G_KoukuSatan1.G_KoukuSatan1_Attack29_Shot1,"{""Anim"": 3, ""PlayParticleEffect"": 7, ""PawnMaterialParam"": 2, ""TrailGhostEffect"": 1, ""Effect"": 4, ""AKEvent"": 5, ""MonsterMoveNextStage"": 2}",0,,,,,NORMAL,RPCT05 계열 재사용 — 불뿜기/종이비둘기/아드레날린/랜덤박스/화염 파동·분출/내려치기/화염링/메두사/바람 방구/레이저,MOVEMENT_OR_CONTROL
MN_RPCT_07,4219965,쿠크세이튼_본체 좌측 이동 후 화염 파동,3,3,Att_Battle_34_04 ; Att_Battle_10_02 ; Idle_Battle_1,rpct00_att_battle_34_04 ; rpct00_att_battle_10_02 ; rpct00_idle_battle_1,7,5,fx_mn_rpct_07_v.Par_V_RPCT_HandSwing_Trail_03_LOC_INT ; fx_mn_rpct_05_g.Par_G_RPCT_05_Wand_Spin_01_LOC_INT ; fx_mn_rpct_05_g.Par_G_RPCT_05_Wand_Decal_LOC_INT ; FX_CM_02.Light.Par_M_Light_001 ; fx_mn_rpct_05_g.Par_G_RPCT_05_FireWave_01_LOC_INT,5,S_Mob_G_KoukuSatan1.G_KoukuSatan1_Attack14_Shot1 ; S_Mob_G_KoukuSatan1.G_KoukuSatan1_Attack14_ShotVox3 ; S_Mob_G_KoukuSatan1.G_KoukuSatan1_Attack29_ShotVox1 ; S_Mob_G_KoukuSatan1.G_KoukuSatan1_Attack29_Cast1 ; S_Mob_G_KoukuSatan1.G_KoukuSatan1_Attack29_Shot1,"{""Anim"": 3, ""PlayParticleEffect"": 7, ""PawnMaterialParam"": 2, ""TrailGhostEffect"": 1, ""Effect"": 4, ""AKEvent"": 5, ""MonsterMoveNextStage"": 2}",0,,,,,NORMAL,RPCT05 계열 재사용 — 불뿜기/종이비둘기/아드레날린/랜덤박스/화염 파동·분출/내려치기/화염링/메두사/바람 방구/레이저,MOVEMENT_OR_CONTROL
MN_RPCT_07,4219966,쿠크세이튼_가짜 우측 이동 후 화염 파동,4,4,Att_Battle_34_03 ; Att_Battle_10_02 ; Idle_Battle_1 ; Att_Phase1_1_01,rpct00_att_battle_34_03 ; rpct00_att_battle_10_02 ; rpct00_idle_battle_1 ; rpct00_att_phase1_1_01,8,6,fx_mn_rpct_07_v.Par_V_RPCT_HandSwing_Trail_03_LOC_INT ; fx_mn_rpct_05_g.Par_G_RPCT_05_Wand_Spin_01_LOC_INT ; fx_mn_rpct_05_g.Par_G_RPCT_05_Wand_Decal_LOC_INT ; FX_CM_02.Light.Par_M_Light_001 ; fx_mn_rpct_05_g.Par_G_RPCT_05_FireWave_01_LOC_INT ; fx_mn_rpct_05_g.Par_G_RPCT_05_Smoke_01_LOC_INT,8,S_Mob_G_KoukuSatan1.G_KoukuSatan1_Attack14_Shot1 ; S_Mob_G_KoukuSatan1.G_KoukuSatan1_Attack14_ShotVox2 ; S_Mob_G_KoukuSatan1.G_KoukuSatan1_Attack29_ShotVox1 ; S_Mob_G_KoukuSatan1.G_KoukuSatan1_Attack29_Cast1 ; S_Mob_G_KoukuSatan1.G_KoukuSatan1_Attack29_Shot1 ; S_Mob_G_KoukuSatan1.G_KoukuSatan1_Attack33_ShotVox1 ; S_Mob_G_KoukuSatan1.G_KoukuSatan1_Attack22_Cast1 ; S_Mob_G_KoukuSatan1.G_KoukuSatan1_Attack22_Shot1,"{""Anim"": 4, ""PlayParticleEffect"": 8, ""PawnMaterialParam"": 2, ""TrailGhostEffect"": 1, ""AKEvent"": 8, ""MonsterMoveNextStage"": 3, ""Effect"": 4, ""HidePawn"": 1, ""MaintainHidePawn"": 1}",0,,,,,NORMAL,RPCT05 계열 재사용 — 불뿜기/종이비둘기/아드레날린/랜덤박스/화염 파동·분출/내려치기/화염링/메두사/바람 방구/레이저,CLONE_OR_FAKE ; MOVEMENT_OR_CONTROL
MN_RPCT_07,4219967,쿠크세이튼_가짜 좌측 이동 후 화염 파동,4,4,Att_Battle_34_04 ; Att_Battle_10_02 ; Idle_Battle_1 ; Att_Phase1_1_01,rpct00_att_battle_34_04 ; rpct00_att_battle_10_02 ; rpct00_idle_battle_1 ; rpct00_att_phase1_1_01,8,6,fx_mn_rpct_07_v.Par_V_RPCT_HandSwing_Trail_03_LOC_INT ; fx_mn_rpct_05_g.Par_G_RPCT_05_Wand_Spin_01_LOC_INT ; fx_mn_rpct_05_g.Par_G_RPCT_05_Wand_Decal_LOC_INT ; FX_CM_02.Light.Par_M_Light_001 ; fx_mn_rpct_05_g.Par_G_RPCT_05_FireWave_01_LOC_INT ; fx_mn_rpct_05_g.Par_G_RPCT_05_Smoke_01_LOC_INT,8,S_Mob_G_KoukuSatan1.G_KoukuSatan1_Attack14_Shot1 ; S_Mob_G_KoukuSatan1.G_KoukuSatan1_Attack14_ShotVox3 ; S_Mob_G_KoukuSatan1.G_KoukuSatan1_Attack29_ShotVox1 ; S_Mob_G_KoukuSatan1.G_KoukuSatan1_Attack29_Cast1 ; S_Mob_G_KoukuSatan1.G_KoukuSatan1_Attack29_Shot1 ; S_Mob_G_KoukuSatan1.G_KoukuSatan1_Attack22_Cast1 ; S_Mob_G_KoukuSatan1.G_KoukuSatan1_Attack33_ShotVox1 ; S_Mob_G_KoukuSatan1.G_KoukuSatan1_Attack22_Shot1,"{""Anim"": 4, ""PlayParticleEffect"": 8, ""PawnMaterialParam"": 2, ""TrailGhostEffect"": 1, ""AKEvent"": 8, ""MonsterMoveNextStage"": 3, ""Effect"": 4, ""HidePawn"": 1, ""MaintainHidePawn"": 1}",0,,,,,NORMAL,RPCT05 계열 재사용 — 불뿜기/종이비둘기/아드레날린/랜덤박스/화염 파동·분출/내려치기/화염링/메두사/바람 방구/레이저,CLONE_OR_FAKE ; MOVEMENT_OR_CONTROL
MN_RPCT_07,4219968,쿠크세이튼_광기의 표식 전방_강화,10,10,Att_battle_9_04 ; Att_Battle_34_01 ; Idle_Battle_1 ; Att_Battle_31_01,rpct00_att_battle_9_04 ; rpct00_att_battle_34_01 ; rpct00_idle_battle_1 ; rpct00_att_battle_31_01,19,8,fx_mn_rpct_05_g.Par_G_RPCT_05_Drug_01_LOC_INT ; FX_MN_RPCT_05_G.Par_G_RPCT_05_Mouse_02 ; fx_mn_rpct_05_g.Par_G_RPCT_05_Mouse_01_LOC_INT ; fx_mn_rpct_07_v.Par_V_RPCT_HandSwing_Trail_03_LOC_INT ; FX_MN_RPCT_05_L.Par_L_RPCT_05_Sk_02 ; fx_mn_rpct_07_v.Par_V_RPCT_Mbition_Body_02_LOC_INT ; fx_mn_rpct_07_v.Par_V_RPCT_Breath_01_LOC_INT ; FX_CM_02.Light.Par_MP_Light_01,11,S_Mob_G_KoukuSatan1.G_KoukuSatan1_Attack12_CastVox1 ; S_Mob_G_KoukuSatan1.G_KoukuSatan1_Attack31_Cast1 ; S_Mob_G_KoukuSatan1.G_KoukuSatan1_Attack31_Cast2 ; S_Mob_G_KoukuSatan1.G_KoukuSatan1_Attack14_ShotVox1 ; S_Mob_G_KoukuSatan1.G_KoukuSatan1_Attack14_Shot1 ; S_Mob_G_KoukuSatan1.G_KoukuSatan1_Attack25_Cast3 ; S_Mob_G_KoukuSatan1.G_KoukuSatan1_Attack12_Cast1 ; S_Mob_G_KoukuSatan1.G_KoukuSatan1_Attack12_CastVox2 ; S_Mob_G_KoukuSatan1.G_KoukuSatan1_Attack12_ShotVox1 ; S_Mob_G_KoukuSatan1.G_KoukuSatan1_Attack12_Shot1 ; S_Mob_G_KoukuSatan1.G_KoukuSatan1_Attack12_Shot2,"{""Anim"": 10, ""AKEvent"": 27, ""PlayParticleEffect"": 19, ""MonsterMoveNextStageConditionProbability"": 1, ""PawnMaterialParam"": 2, ""TrailGhostEffect"": 2, ""MonsterMoveNextStage"": 6, ""Effect"": 12, ""LookTarget"": 3}",0,,,,,NORMAL,무기뇌격 / 서커스공 / 광기의 불길 / 광기의 표식(+4방향 강화) / 폭탄 투하,
MN_RPCT_07,4219969,쿠크세이튼_광기의 표식 후방_강화,10,10,Att_battle_9_04 ; Att_Battle_34_02 ; Idle_Battle_1 ; Att_Battle_31_01,rpct00_att_battle_9_04 ; rpct00_att_battle_34_02 ; rpct00_idle_battle_1 ; rpct00_att_battle_31_01,19,8,fx_mn_rpct_05_g.Par_G_RPCT_05_Drug_01_LOC_INT ; FX_MN_RPCT_05_G.Par_G_RPCT_05_Mouse_02 ; fx_mn_rpct_05_g.Par_G_RPCT_05_Mouse_01_LOC_INT ; fx_mn_rpct_07_v.Par_V_RPCT_HandSwing_Trail_03_LOC_INT ; FX_MN_RPCT_05_L.Par_L_RPCT_05_Sk_02 ; fx_mn_rpct_07_v.Par_V_RPCT_Mbition_Body_02_LOC_INT ; fx_mn_rpct_07_v.Par_V_RPCT_Breath_01_LOC_INT ; FX_CM_02.Light.Par_MP_Light_01,11,S_Mob_G_KoukuSatan1.G_KoukuSatan1_Attack12_CastVox1 ; S_Mob_G_KoukuSatan1.G_KoukuSatan1_Attack31_Cast1 ; S_Mob_G_KoukuSatan1.G_KoukuSatan1_Attack31_Cast2 ; S_Mob_G_KoukuSatan1.G_KoukuSatan1_Attack14_Shot1 ; S_Mob_G_KoukuSatan1.G_KoukuSatan1_Attack14_ShotVox4 ; S_Mob_G_KoukuSatan1.G_KoukuSatan1_Attack25_Cast3 ; S_Mob_G_KoukuSatan1.G_KoukuSatan1_Attack12_Cast1 ; S_Mob_G_KoukuSatan1.G_KoukuSatan1_Attack12_CastVox2 ; S_Mob_G_KoukuSatan1.G_KoukuSatan1_Attack12_ShotVox1 ; S_Mob_G_KoukuSatan1.G_KoukuSatan1_Attack12_Shot1 ; S_Mob_G_KoukuSatan1.G_KoukuSatan1_Attack12_Shot2,"{""Anim"": 10, ""AKEvent"": 27, ""PlayParticleEffect"": 19, ""MonsterMoveNextStageConditionProbability"": 1, ""PawnMaterialParam"": 2, ""TrailGhostEffect"": 2, ""MonsterMoveNextStage"": 6, ""Effect"": 12, ""LookTarget"": 3}",0,,,,,NORMAL,무기뇌격 / 서커스공 / 광기의 불길 / 광기의 표식(+4방향 강화) / 폭탄 투하,
MN_RPCT_07,4219970,쿠크세이튼_광기의 표식 왼쪽_강화,10,10,Att_battle_9_04 ; Att_Battle_34_04 ; Idle_Battle_1 ; Att_Battle_31_01,rpct00_att_battle_9_04 ; rpct00_att_battle_34_04 ; rpct00_idle_battle_1 ; rpct00_att_battle_31_01,19,8,fx_mn_rpct_05_g.Par_G_RPCT_05_Drug_01_LOC_INT ; FX_MN_RPCT_05_G.Par_G_RPCT_05_Mouse_02 ; fx_mn_rpct_05_g.Par_G_RPCT_05_Mouse_01_LOC_INT ; fx_mn_rpct_07_v.Par_V_RPCT_HandSwing_Trail_03_LOC_INT ; FX_MN_RPCT_05_L.Par_L_RPCT_05_Sk_02 ; fx_mn_rpct_07_v.Par_V_RPCT_Mbition_Body_02_LOC_INT ; fx_mn_rpct_07_v.Par_V_RPCT_Breath_01_LOC_INT ; FX_CM_02.Light.Par_MP_Light_01,11,S_Mob_G_KoukuSatan1.G_KoukuSatan1_Attack12_CastVox1 ; S_Mob_G_KoukuSatan1.G_KoukuSatan1_Attack31_Cast1 ; S_Mob_G_KoukuSatan1.G_KoukuSatan1_Attack31_Cast2 ; S_Mob_G_KoukuSatan1.G_KoukuSatan1_Attack14_Shot1 ; S_Mob_G_KoukuSatan1.G_KoukuSatan1_Attack14_ShotVox4 ; S_Mob_G_KoukuSatan1.G_KoukuSatan1_Attack25_Cast3 ; S_Mob_G_KoukuSatan1.G_KoukuSatan1_Attack12_Cast1 ; S_Mob_G_KoukuSatan1.G_KoukuSatan1_Attack12_CastVox2 ; S_Mob_G_KoukuSatan1.G_KoukuSatan1_Attack12_ShotVox1 ; S_Mob_G_KoukuSatan1.G_KoukuSatan1_Attack12_Shot1 ; S_Mob_G_KoukuSatan1.G_KoukuSatan1_Attack12_Shot2,"{""Anim"": 10, ""AKEvent"": 27, ""PlayParticleEffect"": 19, ""MonsterMoveNextStageConditionProbability"": 1, ""PawnMaterialParam"": 2, ""TrailGhostEffect"": 2, ""MonsterMoveNextStage"": 6, ""Effect"": 12, ""LookTarget"": 3}",0,,,,,NORMAL,무기뇌격 / 서커스공 / 광기의 불길 / 광기의 표식(+4방향 강화) / 폭탄 투하,
MN_RPCT_07,4219971,쿠크세이튼_광기의 표식 오른쪽_강화,10,10,Att_battle_9_04 ; Att_Battle_34_03 ; Idle_Battle_1 ; Att_Battle_31_01,rpct00_att_battle_9_04 ; rpct00_att_battle_34_03 ; rpct00_idle_battle_1 ; rpct00_att_battle_31_01,19,8,fx_mn_rpct_05_g.Par_G_RPCT_05_Drug_01_LOC_INT ; FX_MN_RPCT_05_G.Par_G_RPCT_05_Mouse_02 ; fx_mn_rpct_05_g.Par_G_RPCT_05_Mouse_01_LOC_INT ; fx_mn_rpct_07_v.Par_V_RPCT_HandSwing_Trail_03_LOC_INT ; FX_MN_RPCT_05_L.Par_L_RPCT_05_Sk_02 ; fx_mn_rpct_07_v.Par_V_RPCT_Mbition_Body_02_LOC_INT ; fx_mn_rpct_07_v.Par_V_RPCT_Breath_01_LOC_INT ; FX_CM_02.Light.Par_MP_Light_01,11,S_Mob_G_KoukuSatan1.G_KoukuSatan1_Attack12_CastVox1 ; S_Mob_G_KoukuSatan1.G_KoukuSatan1_Attack31_Cast1 ; S_Mob_G_KoukuSatan1.G_KoukuSatan1_Attack31_Cast2 ; S_Mob_G_KoukuSatan1.G_KoukuSatan1_Attack14_Shot1 ; S_Mob_G_KoukuSatan1.G_KoukuSatan1_Attack14_ShotVox4 ; S_Mob_G_KoukuSatan1.G_KoukuSatan1_Attack25_Cast3 ; S_Mob_G_KoukuSatan1.G_KoukuSatan1_Attack12_Cast1 ; S_Mob_G_KoukuSatan1.G_KoukuSatan1_Attack12_CastVox2 ; S_Mob_G_KoukuSatan1.G_KoukuSatan1_Attack12_ShotVox1 ; S_Mob_G_KoukuSatan1.G_KoukuSatan1_Attack12_Shot1 ; S_Mob_G_KoukuSatan1.G_KoukuSatan1_Attack12_Shot2,"{""Anim"": 10, ""AKEvent"": 27, ""PlayParticleEffect"": 19, ""MonsterMoveNextStageConditionProbability"": 1, ""PawnMaterialParam"": 2, ""TrailGhostEffect"": 2, ""MonsterMoveNextStage"": 6, ""Effect"": 12, ""LookTarget"": 3}",0,,,,,NORMAL,무기뇌격 / 서커스공 / 광기의 불길 / 광기의 표식(+4방향 강화) / 폭탄 투하,
MN_RPCT_07,4219972,쿠크세이튼_고속이동 전방_가짜이동,3,3,Att_Battle_34_01 ; Att_Battle_34_05 ; Att_Phase1_1_01,rpct00_att_battle_34_01 ; rpct00_att_battle_34_05 ; rpct00_att_phase1_1_01,2,2,fx_mn_rpct_07_v.Par_V_RPCT_HandSwing_Trail_03_LOC_INT ; fx_mn_rpct_05_g.Par_G_RPCT_05_Smoke_01_LOC_INT,4,S_Mob_G_KoukuSatan1.G_KoukuSatan1_Attack14_Shot1 ; S_Mob_G_KoukuSatan1.G_KoukuSatan1_Attack14_ShotVox1 ; S_Mob_G_KoukuSatan1.G_KoukuSatan1_Attack22_ShotVox1 ; S_Mob_G_KoukuSatan1.G_KoukuSatan1_Attack22_Shot1,"{""Anim"": 3, ""PlayParticleEffect"": 2, ""PawnMaterialParam"": 1, ""TrailGhostEffect"": 1, ""AKEvent"": 4, ""LookTarget"": 1, ""HidePawn"": 1, ""MaintainHidePawn"": 1, ""Effect"": 1}",0,,,,,NORMAL,이동/순간이동/선회/가짜이동/조롱,CLONE_OR_FAKE ; MOVEMENT_OR_CONTROL
MN_RPCT_07,4219973,쿠크세이튼_고속이동 후방_가짜이동,3,3,Att_Battle_34_02 ; Att_Phase1_1_01 ; Att_Battle_34_05,rpct00_att_battle_34_02 ; rpct00_att_phase1_1_01 ; rpct00_att_battle_34_05,2,2,fx_mn_rpct_07_v.Par_V_RPCT_HandSwing_Trail_03_LOC_INT ; fx_mn_rpct_05_g.Par_G_RPCT_05_Smoke_01_LOC_INT,4,S_Mob_G_KoukuSatan1.G_KoukuSatan1_Attack14_Shot1 ; S_Mob_G_KoukuSatan1.G_KoukuSatan1_Attack14_ShotVox4 ; S_Mob_G_KoukuSatan1.G_KoukuSatan1_Attack22_Shot1 ; S_Mob_G_KoukuSatan1.G_KoukuSatan1_Attack22_ShotVox1,"{""Anim"": 3, ""PlayParticleEffect"": 2, ""PawnMaterialParam"": 1, ""TrailGhostEffect"": 1, ""AKEvent"": 4, ""HidePawn"": 1, ""MaintainHidePawn"": 1, ""Effect"": 1, ""LookTarget"": 1}",0,,,,,NORMAL,이동/순간이동/선회/가짜이동/조롱,CLONE_OR_FAKE ; MOVEMENT_OR_CONTROL
MN_RPCT_07,4219974,쿠크세이튼_고속이동 왼쪽_가짜이동,3,3,Att_Battle_34_04 ; Att_Battle_34_05 ; Att_Phase1_1_01,rpct00_att_battle_34_04 ; rpct00_att_battle_34_05 ; rpct00_att_phase1_1_01,2,2,fx_mn_rpct_07_v.Par_V_RPCT_HandSwing_Trail_03_LOC_INT ; fx_mn_rpct_05_g.Par_G_RPCT_05_Smoke_01_LOC_INT,4,S_Mob_G_KoukuSatan1.G_KoukuSatan1_Attack14_Shot1 ; S_Mob_G_KoukuSatan1.G_KoukuSatan1_Attack14_ShotVox2 ; S_Mob_G_KoukuSatan1.G_KoukuSatan1_Attack22_ShotVox1 ; S_Mob_G_KoukuSatan1.G_KoukuSatan1_Attack22_Shot1,"{""Anim"": 3, ""PlayParticleEffect"": 2, ""PawnMaterialParam"": 1, ""TrailGhostEffect"": 1, ""AKEvent"": 4, ""LookTarget"": 1, ""HidePawn"": 1, ""MaintainHidePawn"": 1, ""Effect"": 1}",0,,,,,NORMAL,이동/순간이동/선회/가짜이동/조롱,CLONE_OR_FAKE ; MOVEMENT_OR_CONTROL
MN_RPCT_07,4219975,쿠크세이튼_고속이동 오른쪽_가짜이동,3,3,Att_Battle_34_03 ; Att_Battle_34_05 ; Att_Phase1_1_01,rpct00_att_battle_34_03 ; rpct00_att_battle_34_05 ; rpct00_att_phase1_1_01,2,2,fx_mn_rpct_07_v.Par_V_RPCT_HandSwing_Trail_03_LOC_INT ; fx_mn_rpct_05_g.Par_G_RPCT_05_Smoke_01_LOC_INT,4,S_Mob_G_KoukuSatan1.G_KoukuSatan1_Attack14_Shot1 ; S_Mob_G_KoukuSatan1.G_KoukuSatan1_Attack14_ShotVox3 ; S_Mob_G_KoukuSatan1.G_KoukuSatan1_Attack22_ShotVox1 ; S_Mob_G_KoukuSatan1.G_KoukuSatan1_Attack22_Shot1,"{""Anim"": 3, ""PlayParticleEffect"": 2, ""PawnMaterialParam"": 1, ""TrailGhostEffect"": 1, ""AKEvent"": 4, ""LookTarget"": 1, ""HidePawn"": 1, ""MaintainHidePawn"": 1, ""Effect"": 1}",0,,,,,NORMAL,이동/순간이동/선회/가짜이동/조롱,CLONE_OR_FAKE ; MOVEMENT_OR_CONTROL
MN_RPCT_07,4219976,쿠크세이튼_칼날 처형식 공격 1단계,6,6,Idle_Battle_1 ; Att_Battle_29_02 ; Att_Battle_29_03,rpct00_idle_battle_1 ; rpct00_att_battle_29_02 ; rpct00_att_battle_29_03,8,2,fx_mn_rpct_07_v.Par_V_RPCT_HandSwing_Trail_01_LOC_INT ; fx_mn_rpct_07_v.Par_V_RPCT_DashAtk_Dash_01_LOC_INT,3,S_Mob_G_KoukuSatan1.G_KoukuSatan1_Attack10_ShotVox2 ; S_Mob_G_KoukuSatan1.G_KoukuSatan1_Attack10_Shot1 ; S_Mob_G_KoukuSatan1.G_KoukuSatan1_Attack10_ShotVox1,"{""Anim"": 6, ""MonsterMoveNextStageConditionProbability"": 2, ""PlayParticleEffect"": 8, ""PawnMaterialParam"": 4, ""Effect"": 20, ""AKEvent"": 6, ""TrailGhostEffect"": 4, ""Paralyzation"": 6, ""MonsterMoveNextStage"": 3}",24,,,,,MECHANIC,마리오 1~4 — 갈고리 소환 1~3단계 / 칼날 소환 / 칼날 처형식 시작·1~4단계(+싱글모드) / 제물 의식,
MN_RPCT_07,4219977,쿠크세이튼_칼날 처형식 공격 2단계,6,6,Idle_Battle_1 ; Att_Battle_29_02 ; Att_Battle_29_03,rpct00_idle_battle_1 ; rpct00_att_battle_29_02 ; rpct00_att_battle_29_03,8,2,fx_mn_rpct_07_v.Par_V_RPCT_HandSwing_Trail_01_LOC_INT ; fx_mn_rpct_07_v.Par_V_RPCT_DashAtk_Dash_01_LOC_INT,2,S_Mob_G_KoukuSatan1.G_KoukuSatan1_Attack10_ShotVox2 ; S_Mob_G_KoukuSatan1.G_KoukuSatan1_Attack10_Shot1,"{""Anim"": 6, ""MonsterMoveNextStageConditionProbability"": 2, ""PlayParticleEffect"": 8, ""PawnMaterialParam"": 4, ""Effect"": 20, ""AKEvent"": 6, ""TrailGhostEffect"": 4, ""Paralyzation"": 6, ""MonsterMoveNextStage"": 3}",24,,,,,MECHANIC,마리오 1~4 — 갈고리 소환 1~3단계 / 칼날 소환 / 칼날 처형식 시작·1~4단계(+싱글모드) / 제물 의식,
MN_RPCT_07,4219978,쿠크세이튼_칼날 처형식 공격 3단계,6,6,Idle_Battle_1 ; Att_Battle_29_02 ; Att_Battle_29_03,rpct00_idle_battle_1 ; rpct00_att_battle_29_02 ; rpct00_att_battle_29_03,8,2,fx_mn_rpct_07_v.Par_V_RPCT_HandSwing_Trail_01_LOC_INT ; fx_mn_rpct_07_v.Par_V_RPCT_DashAtk_Dash_01_LOC_INT,2,S_Mob_G_KoukuSatan1.G_KoukuSatan1_Attack10_ShotVox2 ; S_Mob_G_KoukuSatan1.G_KoukuSatan1_Attack10_Shot1,"{""Anim"": 6, ""MonsterMoveNextStageConditionProbability"": 2, ""PlayParticleEffect"": 8, ""PawnMaterialParam"": 4, ""Effect"": 17, ""AKEvent"": 6, ""TrailGhostEffect"": 4, ""Paralyzation"": 6, ""MonsterMoveNextStage"": 3}",21,,,,,MECHANIC,마리오 1~4 — 갈고리 소환 1~3단계 / 칼날 소환 / 칼날 처형식 시작·1~4단계(+싱글모드) / 제물 의식,
MN_RPCT_07,4219979,쿠크세이튼_칼날 처형식 공격 4단계,6,6,Idle_Battle_1 ; Att_Battle_29_02 ; Att_Battle_29_03,rpct00_idle_battle_1 ; rpct00_att_battle_29_02 ; rpct00_att_battle_29_03,8,2,fx_mn_rpct_07_v.Par_V_RPCT_HandSwing_Trail_01_LOC_INT ; fx_mn_rpct_07_v.Par_V_RPCT_DashAtk_Dash_01_LOC_INT,2,S_Mob_G_KoukuSatan1.G_KoukuSatan1_Attack10_Shot1 ; S_Mob_G_KoukuSatan1.G_KoukuSatan1_Attack10_ShotVox2,"{""Anim"": 6, ""MonsterMoveNextStageConditionProbability"": 2, ""PlayParticleEffect"": 8, ""PawnMaterialParam"": 4, ""Effect"": 23, ""AKEvent"": 6, ""TrailGhostEffect"": 4, ""Paralyzation"": 6, ""MonsterMoveNextStage"": 3, ""EmitTriggerSignal"": 1}",21,,,,,MECHANIC,마리오 1~4 — 갈고리 소환 1~3단계 / 칼날 소환 / 칼날 처형식 시작·1~4단계(+싱글모드) / 제물 의식,
MN_RPCT_07,4219980,갈고리 소환_1단계,5,5,Att_Battle_25_01 ; Idle_Battle_1 ; Att_Battle_25_02 ; Att_battle_17_05,rpct00_att_battle_25_01 ; rpct00_idle_battle_1 ; rpct00_att_battle_25_02 ; rpct00_att_battle_17_05,18,11,FX_MN_RPCT_07_V.Par_V_PPCT_spot_Dance_01 ; fx_mn_rpct_07_v.Par_V_RPCT_HandSwing_Trail_01_LOC_INT ; FX_CM_02.Light.Par_MP_Light_01 ; FX_BS_04.State.Par_J_ExMove_01 ; FX_CM_02.Light.Par_MP_Light_05_L ; fx_mn_rpct_07_v.Par_V_RPCT_BallRead_Exp_01_LOC_INT ; fx_mn_rpct_07_v.Par_V_RPCT_hand_shot_01_LOC_INT ; fx_mn_rpct_05_l.Par_L_RPCT_05_Trail_04_LOC_INT ; fx_mn_rpct_05_l.Par_L_RPCT_05_Sk_04_4_LOC_INT ; FX_BS_01.Trail.Par_D_Trail_23_LOC_INT ; fx_mn_rpct_05_l.Par_L_RPCT_05_Sk_04_3_LOC_INT,11,S_Mob_G_KoukuSatan1.G_KoukuSatan1_Attack05_Cast2 ; S_Mob_G_KoukuSatan1.G_KoukuSatan1_Attack05_Shot2 ; S_Mob_G_KoukuSatan1.G_KoukuSatan1_Attack05_CastVox2 ; S_Mob_G_KoukuSatan1.G_KoukuSatan1_Attack05_Cast1 ; S_Mob_G_KoukuSatan1.G_KoukuSatan1_Attack03_Cast2 ; S_Mob_G_KoukuSatan1.G_KoukuSatan1_Attack05_Shot1 ; S_Mob_G_KoukuSatan1.G_KoukuSatan1_Attack05_ShotVox1 ; S_Mob_G_KoukuSatan1.G_KoukuSatan1_Attack05_Shot3 ; S_Mob_G_KoukuSatan1.G_KoukuSatan1_Attack26_Shot3 ; S_Mob_G_KoukuSatan1.G_KoukuSatan1_Attack26_Shot4 ; S_Mob_G_KoukuSatan1.G_KoukuSatan1_Attack26_Shot5,"{""Anim"": 5, ""PlayParticleEffect"": 18, ""DominantDirectionalLight_Control"": 1, ""PawnMaterialParam"": 3, ""AKEvent"": 15, ""HidePawn"": 4, ""ViewShake"": 6, ""MonsterMoveNextStage"": 4, ""Effect"": 17, ""PlayDecalEffect"": 1, ""Trails"": 1}",9,,,,,MECHANIC,마리오 1~4 — 갈고리 소환 1~3단계 / 칼날 소환 / 칼날 처형식 시작·1~4단계(+싱글모드) / 제물 의식,SUMMON_OR_REQUEST
MN_RPCT_07,4219981,갈고리 소환_2단계,5,5,Att_Battle_25_01 ; Idle_Battle_1 ; Att_Battle_25_02 ; Att_battle_17_05,rpct00_att_battle_25_01 ; rpct00_idle_battle_1 ; rpct00_att_battle_25_02 ; rpct00_att_battle_17_05,18,11,FX_MN_RPCT_07_V.Par_V_PPCT_spot_Dance_01 ; fx_mn_rpct_07_v.Par_V_RPCT_HandSwing_Trail_01_LOC_INT ; FX_CM_02.Light.Par_MP_Light_01 ; FX_BS_04.State.Par_J_ExMove_01 ; FX_CM_02.Light.Par_MP_Light_05_L ; fx_mn_rpct_07_v.Par_V_RPCT_BallRead_Exp_01_LOC_INT ; fx_mn_rpct_07_v.Par_V_RPCT_hand_shot_01_LOC_INT ; fx_mn_rpct_05_l.Par_L_RPCT_05_Trail_04_LOC_INT ; fx_mn_rpct_05_l.Par_L_RPCT_05_Sk_04_4_LOC_INT ; FX_BS_01.Trail.Par_D_Trail_23_LOC_INT ; fx_mn_rpct_05_l.Par_L_RPCT_05_Sk_04_3_LOC_INT,11,S_Mob_G_KoukuSatan1.G_KoukuSatan1_Attack05_Cast2 ; S_Mob_G_KoukuSatan1.G_KoukuSatan1_Attack05_Shot2 ; S_Mob_G_KoukuSatan1.G_KoukuSatan1_Attack05_CastVox2 ; S_Mob_G_KoukuSatan1.G_KoukuSatan1_Attack05_Cast1 ; S_Mob_G_KoukuSatan1.G_KoukuSatan1_Attack03_Cast2 ; S_Mob_G_KoukuSatan1.G_KoukuSatan1_Attack05_Shot1 ; S_Mob_G_KoukuSatan1.G_KoukuSatan1_Attack05_ShotVox1 ; S_Mob_G_KoukuSatan1.G_KoukuSatan1_Attack05_Shot3 ; S_Mob_G_KoukuSatan1.G_KoukuSatan1_Attack26_Shot3 ; S_Mob_G_KoukuSatan1.G_KoukuSatan1_Attack26_Shot4 ; S_Mob_G_KoukuSatan1.G_KoukuSatan1_Attack26_Shot5,"{""Anim"": 5, ""PlayParticleEffect"": 18, ""DominantDirectionalLight_Control"": 1, ""PawnMaterialParam"": 3, ""AKEvent"": 15, ""HidePawn"": 4, ""ViewShake"": 6, ""MonsterMoveNextStage"": 4, ""Effect"": 17, ""PlayDecalEffect"": 1, ""Trails"": 1}",9,,,,,MECHANIC,마리오 1~4 — 갈고리 소환 1~3단계 / 칼날 소환 / 칼날 처형식 시작·1~4단계(+싱글모드) / 제물 의식,SUMMON_OR_REQUEST
MN_RPCT_07,4219982,갈고리 소환_3단계,5,5,Att_Battle_25_01 ; Idle_Battle_1 ; Att_Battle_25_02 ; Att_battle_17_05,rpct00_att_battle_25_01 ; rpct00_idle_battle_1 ; rpct00_att_battle_25_02 ; rpct00_att_battle_17_05,18,11,FX_MN_RPCT_07_V.Par_V_PPCT_spot_Dance_01 ; fx_mn_rpct_07_v.Par_V_RPCT_HandSwing_Trail_01_LOC_INT ; FX_CM_02.Light.Par_MP_Light_01 ; FX_BS_04.State.Par_J_ExMove_01 ; FX_CM_02.Light.Par_MP_Light_05_L ; fx_mn_rpct_07_v.Par_V_RPCT_BallRead_Exp_01_LOC_INT ; fx_mn_rpct_07_v.Par_V_RPCT_hand_shot_01_LOC_INT ; fx_mn_rpct_05_l.Par_L_RPCT_05_Trail_04_LOC_INT ; fx_mn_rpct_05_l.Par_L_RPCT_05_Sk_04_4_LOC_INT ; FX_BS_01.Trail.Par_D_Trail_23_LOC_INT ; fx_mn_rpct_05_l.Par_L_RPCT_05_Sk_04_3_LOC_INT,11,S_Mob_G_KoukuSatan1.G_KoukuSatan1_Attack05_Cast2 ; S_Mob_G_KoukuSatan1.G_KoukuSatan1_Attack05_Shot2 ; S_Mob_G_KoukuSatan1.G_KoukuSatan1_Attack05_CastVox2 ; S_Mob_G_KoukuSatan1.G_KoukuSatan1_Attack05_Cast1 ; S_Mob_G_KoukuSatan1.G_KoukuSatan1_Attack03_Cast2 ; S_Mob_G_KoukuSatan1.G_KoukuSatan1_Attack05_Shot1 ; S_Mob_G_KoukuSatan1.G_KoukuSatan1_Attack05_ShotVox1 ; S_Mob_G_KoukuSatan1.G_KoukuSatan1_Attack05_Shot3 ; S_Mob_G_KoukuSatan1.G_KoukuSatan1_Attack26_Shot3 ; S_Mob_G_KoukuSatan1.G_KoukuSatan1_Attack26_Shot4 ; S_Mob_G_KoukuSatan1.G_KoukuSatan1_Attack26_Shot5,"{""Anim"": 5, ""PlayParticleEffect"": 18, ""DominantDirectionalLight_Control"": 1, ""PawnMaterialParam"": 3, ""AKEvent"": 15, ""HidePawn"": 4, ""ViewShake"": 6, ""MonsterMoveNextStage"": 4, ""Effect"": 17, ""PlayDecalEffect"": 1, ""Trails"": 1}",9,,,,,MECHANIC,마리오 1~4 — 갈고리 소환 1~3단계 / 칼날 소환 / 칼날 처형식 시작·1~4단계(+싱글모드) / 제물 의식,SUMMON_OR_REQUEST
MN_RPCT_07,4219983,세이튼_눈에서 레이져빔 발사_전방,4,4,Att_Battle_35_01 ; Att_Battle_35_04,rpct00_att_battle_35_01 ; rpct00_att_battle_35_04,10,5,fx_mn_rpct_07_v.Par_V_RPCT_EyeCast_01_LOC_INT ; FX_Post.FX_Par.Par_C_ZoomBlur_03 ; FX_CM_02.Light.Par_MP_Light_04 ; FX_MN_PTCK_00.Par_O_PTCK_Atk_04_Dust_01 ; fx_mn_rpct_07_v.Par_V_RPCT_EYE_Atk_01_LOC_INT,4,S_Mob_G_KoukuSatan1.G_KoukuSatan1_Attack15_Cast1 ; S_Mob_G_KoukuSatan1.G_KoukuSatan1_Attack15_ShotVox1 ; S_Mob_G_KoukuSatan1.G_KoukuSatan1_Attack15_Cast2 ; S_Mob_G_KoukuSatan1.G_KoukuSatan1_Attack15_Shot1,"{""Anim"": 4, ""AKEvent"": 8, ""PlayParticleEffect"": 10, ""Effect"": 2, ""ViewShake"": 2, ""PlayDecalEffect"": 1}",1,,,,,NORMAL,RPCT05 계열 재사용 — 불뿜기/종이비둘기/아드레날린/랜덤박스/화염 파동·분출/내려치기/화염링/메두사/바람 방구/레이저,
MN_RPCT_07,4219984,빙고 폭탄 소환,1,1,Idle_Battle_1,rpct00_idle_battle_1,0,0,,0,,"{""Anim"": 1, ""Effect"": 1}",0,,,,,MECHANIC,빙고 — 빙고맵 오프닝 / 빙고 폭탄 소환 / 원기옥 발사 / 인터셉트 테스트,SUMMON_OR_REQUEST
MN_RPCT_07,4219985,쿠크세이튼_군단장 시그니쳐 스킬_공격_리허설,14,14,Att_Battle_28_05_Start ; Att_Battle_28_05_Loop_A ; Att_Battle_28_05_Loop_B ; Att_Battle_28_06 ; Att_battle_28_07 ; Att_battle_28_08 ; Att_battle_28_09 ; Att_Battle_24_03 ; Att_battle_28_10_start ; Att_battle_28_10_Loop ; Att_battle_28_10_End ; Att_battle_28_11 ; Att_Battle_28_05_End,rpct00_att_battle_28_05_start ; rpct00_att_battle_28_05_loop_a ; rpct00_att_battle_28_05_loop_b ; rpct00_att_battle_28_06 ; rpct00_att_battle_28_07 ; rpct00_att_battle_28_08 ; rpct00_att_battle_28_09 ; rpct00_att_battle_24_03 ; rpct00_att_battle_28_10_start ; rpct00_att_battle_28_10_loop ; rpct00_att_battle_28_10_end ; rpct00_att_battle_28_11 ; rpct00_att_battle_28_05_end,93,10,fx_mn_rpct_07_v.Par_V_RPCT_Signature_01_1_LOC_INT ; FX_MN_RPCT_07_V.Par_V_RPCT_07_Bazooka_Loop ; FX_MN_RPCT_07_V.Par_V_RPCT_07_Bazooka ; fx_mn_rpct_07_v.Par_V_RPCT_BallRead_Exp_01_LOC_INT ; FX_CM_02.Light.Par_MP_Light_01 ; FX_MN_RPCT_07_V.Par_V_RPCT_Bazooka_mesh_01 ; fx_mn_rpct_07_v.Par_V_RPCT_signalShot_01_LOC_INT ; fx_mn_rpct_07_v.Par_V_RPCT_Gun_shot_Decal_01_LOC_INT ; FX_CM_02.Light.Par_MP_Light_05_L ; FX_MN_RPCT_07_V.Par_V_RPCT_07_Bazooka_end,12,S_Mob_G_KoukuSatan1.G_KoukuSatan1_Attack23_Cast1 ; S_Mob_G_KoukuSatan1.G_KoukuSatan1_Attack23_ShotVox1 ; S_Mob_G_KoukuSatan1.G_KoukuSatan1_Attack23_Shot1 ; S_Mob_G_KoukuSatan1.G_KoukuSatan1_Attack23_Cast3 ; S_Mob_G_KoukuSatan1.G_KoukuSatan1_Attack23_Shot2 ; S_Mob_G_KoukuSatan1.G_KoukuSatan1_Attack23_Cast2 ; S_Mob_G_KoukuSatan1.G_KoukuSatan1_Attack23_Shot3 ; S_Mob_G_KoukuSatan1.G_KoukuSatan1_Attack03_Cast2 ; S_Mob_G_KoukuSatan1.G_KoukuSatan1_Attack23_ShotVox2 ; S_Mob_G_KoukuSatan1.G_KoukuSatan1_Attack03_Cast3 ; S_Mob_G_KoukuSatan1.G_KoukuSatan1_Attack23_Shot4 ; S_Mob_G_KoukuSatan1.G_KoukuSatan1_Attack23_ShotVox3,"{""Anim"": 14, ""LookTarget"": 4, ""PlayParticleEffect"": 93, ""Effect"": 204, ""AKEvent"": 30, ""HidePawn"": 6, ""MonsterMoveNextStageConditionProbability"": 2, ""PawnMaterialParam"": 8, ""MonsterMoveNextStage"": 11, ""ViewShake"": 4, ""EmitTriggerSignal"": 1}",20,,,,,MECHANIC,쇼타임 — 군단장 시그니쳐(소환수/공격/리허설) + 함께 춤을 4종 + 압도적인 환영공포 3/5/7/9/11초,REHEARSAL
MN_RPCT_07,4219986,자살 처리,1,1,Idle_Battle_1,rpct00_idle_battle_1,2,2,FX_CM_02.Light.Par_MP_Light_05_L ; fx_mn_rpct_07_v.Par_V_RPCT_BallRead_Exp_01_LOC_INT,0,,"{""Anim"": 1, ""Effect"": 2, ""HidePawn"": 1, ""ViewShake"": 1, ""PlayParticleEffect"": 2, ""MaintainHidePawn"": 1}",0,,,,,SYSTEM,[사용안함]/테스트/숨김/자살,MOVEMENT_OR_CONTROL
MN_RPCT_07,4219987,쿠크세이튼_테스트 데이터_인터셉트,6,6,Att_battle_12_02 ; Att_Battle_12_04 ; Att_Battle_12_05 ; Dmg_Critical_End_1 ; Dmg_Critical_Start_1 ; Dmg_Critical_Loop_1,rpct00_att_battle_12_02 ; rpct00_att_battle_12_04 ; rpct00_att_battle_12_05 ; rpct00_dmg_critical_end_1 ; rpct00_dmg_critical_start_1 ; rpct00_dmg_critical_loop_1,11,7,fx_mn_rpct_07_v.Par_V_RPCT07_Ray_01_LOC_INT ; FX_CM_02.Light.Par_MP_Light_01 ; fx_mn_rpct_07_v.Par_V_RPCT07_Ball_UP_01_LOC_INT ; FX_BS_10.Hit.Par_D_BeamHit_01 ; FX_Post.FX_Par.Par_C_FilmNoise_03 ; fx_mn_rpct_07_v.Par_V_RPCT_Ball_Big_Exp_01_LOC_INT ; FX_BS_00.Hit.Par_K_RaidGroggy_Hit_01_LOC_INT,10,S_Mob_G_KoukuSatan1.G_KoukuSatan1_Attack18_Cast1 ; S_Mob_G_KoukuSatan1.G_KoukuSatan1_Attack18_ShotVox1 ; S_Mob_G_KoukuSatan1.G_KoukuSatan1_Attack18_Shot1 ; S_Mob_G_KoukuSatan1.G_KoukuSatan1_Attack18_Shot2 ; S_Mob_G_KoukuSatan1.G_KoukuSatan1_Attack18_Proj1 ; S_Mob_G_KoukuSatan1.G_KoukuSatan1_Attack18_Shot3 ; S_Mob_G_KoukuSatan1.G_KoukuSatan1_FreezeEnd1 ; S_Mob_G_KoukuSatan1.G_KoukuSatan1_FreezeStart1 ; S_Systems.SYS_MONSTER_FREEZE1_NonDucking ; S_Mob_G_KoukuSatan1.G_KoukuSatan1_FreezeLoop1,"{""Anim"": 6, ""AKEvent"": 10, ""Effect"": 6, ""MonsterMoveNextStage"": 5, ""PlayParticleEffect"": 10, ""PawnMaterialParam"": 2, ""ViewShake"": 4, ""InterceptParticleEffect"": 1, ""DominantDirectionalLight_Control"": 1}",8,,,,,MECHANIC,빙고 — 빙고맵 오프닝 / 빙고 폭탄 소환 / 원기옥 발사 / 인터셉트 테스트,TEST_OR_UNUSED
MN_RPCT_07,4219988,쿠크세이튼_테스트 데이터_미러NPC,2,2,Att_Battle_27_01 ; Idle_Battle_1,rpct00_att_battle_27_01 ; rpct00_idle_battle_1,10,10,fx_mn_rpct_07_v.Par_V_RPCT_HandSwing_Trail_01_LOC_INT ; fx_mn_rpct_07_v.Par_V_RPCT_star_cast_01_LOC_INT ; fx_mn_rpct_07_v.Par_V_RPCT_Atk_09_03_LOC_INT ; fx_mn_rpct_07_v.Par_V_RPCT_exp_Round_deacl_01_LOC_INT ; fx_mn_rpct_07_v.Par_V_RPCT_star_shot_01_LOC_INT ; fx_mn_rpct_07_v.Par_V_RPTM_down_lighting_Atk_02_LOC_INT ; fx_mn_rpct_07_v.Par_V_RPCT_Atk_09_01_LOC_INT ; FX_CM_02.Light.Par_MP_Light_05_L ; FX_Post.FX_Par.Par_C_ZoomBlur_01 ; FX_Post.FX_Par.Par_C_FilmNoise_01,3,S_Mob_G_KoukuSatan1.G_KoukuSatan1_Attack08_ShotVox1 ; S_Mob_G_KoukuSatan1.G_KoukuSatan1_Attack08_Cast1 ; S_Mob_G_KoukuSatan1.G_KoukuSatan1_Attack08_Shot1,"{""Anim"": 2, ""PlayParticleEffect"": 10, ""AKEvent"": 3, ""PawnMaterialParam"": 1, ""ViewShake"": 1, ""Effect"": 1}",0,,,,,SYSTEM,[사용안함]/테스트/숨김/자살,TEST_OR_UNUSED
MN_RPCT_07,4219989,숨김 처리,1,1,Idle_Battle_1,rpct00_idle_battle_1,2,2,FX_CM_02.Light.Par_MP_Light_05_L ; fx_mn_rpct_07_v.Par_V_RPCT_BallRead_Exp_01_LOC_INT,0,,"{""Anim"": 1, ""Effect"": 2, ""HidePawn"": 1, ""ViewShake"": 1, ""PlayParticleEffect"": 2}",0,,,,,SYSTEM,[사용안함]/테스트/숨김/자살,
MN_RPCT_07,4219990,쿠크세이튼_칼날 처형식 공격 1단계_싱글모드,6,6,Idle_Battle_1 ; Att_Battle_29_02 ; Att_Battle_29_03,rpct00_idle_battle_1 ; rpct00_att_battle_29_02 ; rpct00_att_battle_29_03,8,2,fx_mn_rpct_07_v.Par_V_RPCT_HandSwing_Trail_01_LOC_INT ; fx_mn_rpct_07_v.Par_V_RPCT_DashAtk_Dash_01_LOC_INT,3,S_Mob_G_KoukuSatan1.G_KoukuSatan1_Attack10_ShotVox2 ; S_Mob_G_KoukuSatan1.G_KoukuSatan1_Attack10_Shot1 ; S_Mob_G_KoukuSatan1.G_KoukuSatan1_Attack10_ShotVox1,"{""Anim"": 6, ""MonsterMoveNextStageConditionProbability"": 2, ""PlayParticleEffect"": 8, ""PawnMaterialParam"": 4, ""Effect"": 26, ""AKEvent"": 6, ""TrailGhostEffect"": 4, ""Paralyzation"": 6, ""MonsterMoveNextStage"": 3}",30,,,,,MECHANIC,마리오 1~4 — 갈고리 소환 1~3단계 / 칼날 소환 / 칼날 처형식 시작·1~4단계(+싱글모드) / 제물 의식,SINGLE
MN_RPCT_07,4219991,쿠크세이튼_칼날 처형식 공격 2단계_싱글모드,6,6,Idle_Battle_1 ; Att_Battle_29_02 ; Att_Battle_29_03,rpct00_idle_battle_1 ; rpct00_att_battle_29_02 ; rpct00_att_battle_29_03,8,2,fx_mn_rpct_07_v.Par_V_RPCT_HandSwing_Trail_01_LOC_INT ; fx_mn_rpct_07_v.Par_V_RPCT_DashAtk_Dash_01_LOC_INT,2,S_Mob_G_KoukuSatan1.G_KoukuSatan1_Attack10_ShotVox2 ; S_Mob_G_KoukuSatan1.G_KoukuSatan1_Attack10_Shot1,"{""Anim"": 6, ""MonsterMoveNextStageConditionProbability"": 2, ""PlayParticleEffect"": 8, ""PawnMaterialParam"": 4, ""Effect"": 26, ""AKEvent"": 6, ""TrailGhostEffect"": 4, ""Paralyzation"": 6, ""MonsterMoveNextStage"": 3}",30,,,,,MECHANIC,마리오 1~4 — 갈고리 소환 1~3단계 / 칼날 소환 / 칼날 처형식 시작·1~4단계(+싱글모드) / 제물 의식,SINGLE
MN_RPCT_07,4219992,쿠크세이튼_칼날 처형식 공격 3단계_싱글모드,6,6,Idle_Battle_1 ; Att_Battle_29_02 ; Att_Battle_29_03,rpct00_idle_battle_1 ; rpct00_att_battle_29_02 ; rpct00_att_battle_29_03,8,2,fx_mn_rpct_07_v.Par_V_RPCT_HandSwing_Trail_01_LOC_INT ; fx_mn_rpct_07_v.Par_V_RPCT_DashAtk_Dash_01_LOC_INT,2,S_Mob_G_KoukuSatan1.G_KoukuSatan1_Attack10_ShotVox2 ; S_Mob_G_KoukuSatan1.G_KoukuSatan1_Attack10_Shot1,"{""Anim"": 6, ""MonsterMoveNextStageConditionProbability"": 2, ""PlayParticleEffect"": 8, ""PawnMaterialParam"": 4, ""Effect"": 17, ""AKEvent"": 6, ""TrailGhostEffect"": 4, ""Paralyzation"": 6, ""MonsterMoveNextStage"": 3}",21,,,,,MECHANIC,마리오 1~4 — 갈고리 소환 1~3단계 / 칼날 소환 / 칼날 처형식 시작·1~4단계(+싱글모드) / 제물 의식,SINGLE
MN_RPCT_07,4219993,쿠크세이튼_칼날 처형식 공격 4단계_싱글모드,6,6,Idle_Battle_1 ; Att_Battle_29_02 ; Att_Battle_29_03,rpct00_idle_battle_1 ; rpct00_att_battle_29_02 ; rpct00_att_battle_29_03,8,2,fx_mn_rpct_07_v.Par_V_RPCT_HandSwing_Trail_01_LOC_INT ; fx_mn_rpct_07_v.Par_V_RPCT_DashAtk_Dash_01_LOC_INT,2,S_Mob_G_KoukuSatan1.G_KoukuSatan1_Attack10_Shot1 ; S_Mob_G_KoukuSatan1.G_KoukuSatan1_Attack10_ShotVox2,"{""Anim"": 6, ""MonsterMoveNextStageConditionProbability"": 2, ""PlayParticleEffect"": 8, ""PawnMaterialParam"": 4, ""Effect"": 23, ""AKEvent"": 6, ""TrailGhostEffect"": 4, ""Paralyzation"": 6, ""MonsterMoveNextStage"": 3, ""EmitTriggerSignal"": 1}",21,,,,,MECHANIC,마리오 1~4 — 갈고리 소환 1~3단계 / 칼날 소환 / 칼날 처형식 시작·1~4단계(+싱글모드) / 제물 의식,SINGLE
