scope,profileId,actionId,actionName,stageIndex,stageClips,notifyId,type,stageRelativeTimeSeconds,sourceDurationSeconds,particleEnabled,skillEffectId,assetReferences,particleCue,sourceLoaByteOffset,sourceJsonLine,rawPayloadMatchesLoa,resolutionStatus
requested_core,MN_RPCT_07,4219912,쿠크세이튼_군단장 시그니쳐 스킬,0,Att_battle_28_01,action-4219912/stage-000/notify-000,Anim,0.0,3.299999952316284,,,,,460139,34059,True,SOURCE_CLIP_EXPLICIT
requested_core,MN_RPCT_07,4219912,쿠크세이튼_군단장 시그니쳐 스킬,0,Att_battle_28_01,action-4219912/stage-000/notify-001,AKEvent,0.0010000000474974513,1.1333329677581787,,,AkEvent:S_Mob_G_KoukuSatan1.G_KoukuSatan1_Attack09_Cast1,,460431,34086,True,SOURCE_ASSET_EXPLICIT
requested_core,MN_RPCT_07,4219912,쿠크세이튼_군단장 시그니쳐 스킬,0,Att_battle_28_01,action-4219912/stage-000/notify-002,AKEvent,0.0010000000474974513,3.2990000247955322,,,AkEvent:S_Mob_G_KoukuSatan1.G_KoukuSatan1_Attack09_ShotVox1,,460642,34115,True,SOURCE_ASSET_EXPLICIT
requested_core,MN_RPCT_07,4219912,쿠크세이튼_군단장 시그니쳐 스킬,0,Att_battle_28_01,action-4219912/stage-000/notify-003,AKEvent,1.0,2.2166669368743896,,,AkEvent:S_Mob_G_KoukuSatan1.G_KoukuSatan1_Attack09_Cast2,,460855,34144,True,SOURCE_ASSET_EXPLICIT
requested_core,MN_RPCT_07,4219912,쿠크세이튼_군단장 시그니쳐 스킬,0,Att_battle_28_01,action-4219912/stage-000/notify-004,AKEvent,2.9000000953674316,0.4000000059604645,,,AkEvent:S_Mob_G_KoukuSatan1.G_KoukuSatan1_Attack09_Shot1,,461066,34173,True,SOURCE_ASSET_EXPLICIT
requested_core,MN_RPCT_07,4219912,쿠크세이튼_군단장 시그니쳐 스킬,0,Att_battle_28_01,action-4219912/stage-000/notify-005,PlayParticleEffect,2.993422031402588,0.30657801032066345,True,,ParticleSystem:fx_mn_rpct_07_v.Par_V_RPCT_HandSwing_Trail_03_LOC_INT,"{""schema"":""lostark.cef-play-particle-effect-header"",""version"":2,""enabled"":true,""sourceByteOffset"":47,""sourceByteValue"":1,""particleDataDecoded"":true,""sourceParticleSystem"":""ParticleSystem'fx_mn_rpct_07_v.Par_V_RPCT_HandSwing_Trail_03_LOC_INT'"",""attachment"":{""mode"":""FOLLOW_NAMED_ANCHORS"",""sourceAnchorNames"":[""Bip001-L-UpperArm"",""Bip001-R-UpperArm""],""runtimeAnchors"":[{""sourceAnchorName"":""Bip001-L-UpperArm"",""runtimeAnchorSlotId"":""Bip001-L-UpperArm"",""runtimeBoneName"":"""",""socketLocalTransform"":{""position"":[0.0,0.0,0.0],""rotationDegrees"":[0.0,0.0,0.0],""scale"":[1.0,1.0,1.0]},""resolutionStatus"":""MISSING_SOURCE_SOCKET""},{""sourceAnchorName"":""Bip001-R-UpperArm"",""runtimeAnchorSlotId"":""Bip001-R-UpperArm"",""runtimeBoneName"":"""",""socketLocalTransform"":{""position"":[0.0,0.0,0.0],""rotationDegrees"":[0.0,0.0,0.0],""scale"":[1.0,1.0,1.0]},""resolutionStatus"":""MISSING_SOURCE_SOCKET""}],""runtimeAnchorSlotIds"":[""Bip001-L-UpperArm"",""Bip001-R-UpperArm""],""runtimeAnchorSlotId"":""Bip001-L-UpperArm"",""runtimeBoneName"":"""",""socketLocalTransform"":{""position"":[0.0,0.0,0.0],""rotationDegrees"":[0.0,0.0,0.0],""scale"":[1.0,1.0,1.0]},""runtimeResolutionStatus"":""MISSING_SOURCE_SOCKET"",""sourceSelectorByteOffset"":402},""localTransform"":{""sourcePositionUeUnits"":[30.0,15.0,0.0],""position"":[0.3,0.0,-0.15],""rotationDegrees"":[0.0,0.0,-0.0],""scale"":[1.0,1.0,1.0]},""sourceTransformByteOffset"":450,""parameterOverridesDecoded"":true,""sourceParameterCountByteOffset"":542,""parameterOverrides"":[]}",461277,34202,True,SOURCE_ASSET_EXPLICIT
requested_core,MN_RPCT_07,4219912,쿠크세이튼_군단장 시그니쳐 스킬,0,Att_battle_28_01,action-4219912/stage-000/notify-006,ViewShake,2.9971389770507812,0.0,,,,,461923,34234,True,SOURCE_PARAMETERS_SERIALIZED
requested_core,MN_RPCT_07,4219912,쿠크세이튼_군단장 시그니쳐 스킬,0,Att_battle_28_01,action-4219912/stage-000/notify-007,PlayParticleEffect,2.9993350505828857,0.0,True,,ParticleSystem:FX_Post.FX_Par.Par_C_ZoomBlur_03,"{""schema"":""lostark.cef-play-particle-effect-header"",""version"":2,""enabled"":true,""sourceByteOffset"":47,""sourceByteValue"":1,""particleDataDecoded"":true,""sourceParticleSystem"":""ParticleSystem'FX_Post.FX_Par.Par_C_ZoomBlur_03'"",""attachment"":{""mode"":""SNAPSHOT_ROOT"",""sourceAnchorNames"":[],""runtimeAnchors"":[],""runtimeAnchorSlotIds"":[],""runtimeAnchorSlotId"":""root"",""runtimeBoneName"":"""",""socketLocalTransform"":{""position"":[0.0,0.0,0.0],""rotationDegrees"":[0.0,0.0,0.0],""scale"":[1.0,1.0,1.0]},""runtimeResolutionStatus"":""EXACT_ROOT_SNAPSHOT"",""sourceSelectorByteOffset"":null},""localTransform"":{""sourcePositionUeUnits"":[275.0,0.0,0.0],""position"":[2.75,0.0,-0.0],""rotationDegrees"":[0.0,0.0,-0.0],""scale"":[0.4000000059604645,0.4000000059604645,0.4000000059604645]},""sourceTransformByteOffset"":385,""parameterOverridesDecoded"":true,""sourceParameterCountByteOffset"":473,""parameterOverrides"":[{""sourceIndex"":0,""name"":""life"",""sourceTypeCode"":1,""sourceRecordByteOffset"":477,""type"":""scalar"",""scalarValue"":0.6000000238418579,""sourceValueByteOffset"":490}]}",462175,34257,True,SOURCE_ASSET_EXPLICIT
requested_core,MN_RPCT_07,4219912,쿠크세이튼_군단장 시그니쳐 스킬,0,Att_battle_28_01,action-4219912/stage-000/notify-008,PlayParticleEffect,3.0023109912872314,0.0,True,,ParticleSystem:fx_mn_rpct_07_v.Par_V_RPCT_light_cast_01_01_LOC_INT,"{""schema"":""lostark.cef-play-particle-effect-header"",""version"":2,""enabled"":true,""sourceByteOffset"":47,""sourceByteValue"":1,""particleDataDecoded"":true,""sourceParticleSystem"":""ParticleSystem'fx_mn_rpct_07_v.Par_V_RPCT_light_cast_01_01_LOC_INT'"",""attachment"":{""mode"":""FOLLOW_NAMED_ANCHORS"",""sourceAnchorNames"":[""FX_Prj_01""],""runtimeAnchors"":[{""sourceAnchorName"":""FX_Prj_01"",""runtimeAnchorSlotId"":""FX_Prj_01"",""runtimeBoneName"":"""",""socketLocalTransform"":{""position"":[0.0,0.0,0.0],""rotationDegrees"":[0.0,0.0,0.0],""scale"":[1.0,1.0,1.0]},""resolutionStatus"":""MISSING_SOURCE_SOCKET""}],""runtimeAnchorSlotIds"":[""FX_Prj_01""],""runtimeAnchorSlotId"":""FX_Prj_01"",""runtimeBoneName"":"""",""socketLocalTransform"":{""position"":[0.0,0.0,0.0],""rotationDegrees"":[0.0,0.0,0.0],""scale"":[1.0,1.0,1.0]},""runtimeResolutionStatus"":""MISSING_SOURCE_SOCKET"",""sourceSelectorByteOffset"":401},""localTransform"":{""sourcePositionUeUnits"":[0.0,0.0,100.0],""position"":[0.0,1.0,-0.0],""rotationDegrees"":[0.0,0.0,-0.0],""scale"":[1.2999999523162842,1.2999999523162842,1.2999999523162842]},""sourceTransformByteOffset"":419,""parameterOverridesDecoded"":true,""sourceParameterCountByteOffset"":507,""parameterOverrides"":[]}",462830,34288,True,SOURCE_ASSET_EXPLICIT
requested_core,MN_RPCT_07,4219912,쿠크세이튼_군단장 시그니쳐 스킬,0,Att_battle_28_01,action-4219912/stage-000/notify-009,PlayParticleEffect,3.005920886993408,0.0,True,,ParticleSystem:FX_CM_02.Light.Par_MP_Light_05_L,"{""schema"":""lostark.cef-play-particle-effect-header"",""version"":2,""enabled"":true,""sourceByteOffset"":47,""sourceByteValue"":1,""particleDataDecoded"":true,""sourceParticleSystem"":""ParticleSystem'FX_CM_02.Light.Par_MP_Light_05_L'"",""attachment"":{""mode"":""SNAPSHOT_ROOT"",""sourceAnchorNames"":[],""runtimeAnchors"":[],""runtimeAnchorSlotIds"":[],""runtimeAnchorSlotId"":""root"",""runtimeBoneName"":"""",""socketLocalTransform"":{""position"":[0.0,0.0,0.0],""rotationDegrees"":[0.0,0.0,0.0],""scale"":[1.0,1.0,1.0]},""runtimeResolutionStatus"":""EXACT_ROOT_SNAPSHOT"",""sourceSelectorByteOffset"":null},""localTransform"":{""sourcePositionUeUnits"":[275.0,0.0,200.0],""position"":[2.75,2.0,-0.0],""rotationDegrees"":[0.0,0.0,-0.0],""scale"":[1.0,1.0,1.0]},""sourceTransformByteOffset"":387,""parameterOverridesDecoded"":true,""sourceParameterCountByteOffset"":475,""parameterOverrides"":[{""sourceIndex"":0,""name"":""Spawn"",""sourceTypeCode"":1,""sourceRecordByteOffset"":479,""type"":""scalar"",""scalarValue"":0.0,""sourceValueByteOffset"":493},{""sourceIndex"":1,""name"":""Lifetime"",""sourceTypeCode"":1,""sourceRecordByteOffset"":558,""type"":""scalar"",""scalarValue"":0.800000011920929,""sourceValueByteOffset"":575},{""sourceIndex"":2,""name"":""Location"",""sourceTypeCode"":3,""sourceRecordByteOffset"":640,""type"":""vector"",""vectorValue"":[1.0,1.0,1.0],""sourceValueByteOffset"":665},{""sourceIndex"":3,""name"":""Size"",""sourceTypeCode"":3,""sourceRecordByteOffset"":722,""type"":""vector"",""vectorValue"":[600.0,100.0,100.0],""sourceValueByteOffset"":743},{""sourceIndex"":4,""name"":""Color"",""sourceTypeCode"":3,""sourceRecordByteOffset"":800,""type"":""vector"",""vectorValue"":[5.0,1.0,1.0],""sourceValueByteOffset"":822},{""sourceIndex"":5,""name"":""Alpha"",""sourceTypeCode"":1,""sourceRecordByteOffset"":879,""type"":""scalar"",""scalarValue"":1.0,""sourceValueByteOffset"":893}]}",463441,34319,True,SOURCE_ASSET_EXPLICIT
requested_core,MN_RPCT_07,4219912,쿠크세이튼_군단장 시그니쳐 스킬,0,Att_battle_28_01,action-4219912/stage-000/notify-010,MonsterMoveNextStage,3.299999952316284,0.0,,,,,464499,34355,True,TIMING_OR_STATE_ONLY
requested_core,MN_RPCT_07,4219912,쿠크세이튼_군단장 시그니쳐 스킬,1,Att_Battle_28_02,action-4219912/stage-001/notify-000,Anim,0.0,0.03333299979567528,,,,,464819,34395,True,SOURCE_CLIP_EXPLICIT
requested_core,MN_RPCT_07,4219912,쿠크세이튼_군단장 시그니쳐 스킬,1,Att_Battle_28_02,action-4219912/stage-001/notify-001,PlayParticleEffect,0.0,1.0,True,,ParticleSystem:fx_mn_rpct_07_v.Par_V_RPCT_HandSwing_Trail_03_LOC_INT,"{""schema"":""lostark.cef-play-particle-effect-header"",""version"":2,""enabled"":true,""sourceByteOffset"":47,""sourceByteValue"":1,""particleDataDecoded"":true,""sourceParticleSystem"":""ParticleSystem'fx_mn_rpct_07_v.Par_V_RPCT_HandSwing_Trail_03_LOC_INT'"",""attachment"":{""mode"":""FOLLOW_NAMED_ANCHORS"",""sourceAnchorNames"":[""Bip001-L-UpperArm"",""Bip001-R-UpperArm""],""runtimeAnchors"":[{""sourceAnchorName"":""Bip001-L-UpperArm"",""runtimeAnchorSlotId"":""Bip001-L-UpperArm"",""runtimeBoneName"":"""",""socketLocalTransform"":{""position"":[0.0,0.0,0.0],""rotationDegrees"":[0.0,0.0,0.0],""scale"":[1.0,1.0,1.0]},""resolutionStatus"":""MISSING_SOURCE_SOCKET""},{""sourceAnchorName"":""Bip001-R-UpperArm"",""runtimeAnchorSlotId"":""Bip001-R-UpperArm"",""runtimeBoneName"":"""",""socketLocalTransform"":{""position"":[0.0,0.0,0.0],""rotationDegrees"":[0.0,0.0,0.0],""scale"":[1.0,1.0,1.0]},""resolutionStatus"":""MISSING_SOURCE_SOCKET""}],""runtimeAnchorSlotIds"":[""Bip001-L-UpperArm"",""Bip001-R-UpperArm""],""runtimeAnchorSlotId"":""Bip001-L-UpperArm"",""runtimeBoneName"":"""",""socketLocalTransform"":{""position"":[0.0,0.0,0.0],""rotationDegrees"":[0.0,0.0,0.0],""scale"":[1.0,1.0,1.0]},""runtimeResolutionStatus"":""MISSING_SOURCE_SOCKET"",""sourceSelectorByteOffset"":402},""localTransform"":{""sourcePositionUeUnits"":[30.0,15.0,0.0],""position"":[0.3,0.0,-0.15],""rotationDegrees"":[0.0,0.0,-0.0],""scale"":[1.0,1.0,1.0]},""sourceTransformByteOffset"":450,""parameterOverridesDecoded"":true,""sourceParameterCountByteOffset"":542,""parameterOverrides"":[]}",465111,34422,True,SOURCE_ASSET_EXPLICIT
requested_core,MN_RPCT_07,4219912,쿠크세이튼_군단장 시그니쳐 스킬,1,Att_Battle_28_02,action-4219912/stage-001/notify-002,Effect,0.0,0.5,,421991847,,,465757,34454,True,TIMING_ONLY
requested_core,MN_RPCT_07,4219912,쿠크세이튼_군단장 시그니쳐 스킬,1,Att_Battle_28_02,action-4219912/stage-001/notify-003,Effect,0.0,0.10000000149011612,,41600006,,,465907,34473,True,TIMING_ONLY
requested_core,MN_RPCT_07,4219912,쿠크세이튼_군단장 시그니쳐 스킬,1,Att_Battle_28_02,action-4219912/stage-001/notify-004,MonsterMoveNextStage,0.8999999761581421,0.0,,,,,466057,34495,True,TIMING_OR_STATE_ONLY
requested_core,MN_RPCT_07,4219912,쿠크세이튼_군단장 시그니쳐 스킬,1,Att_Battle_28_02,action-4219912/stage-001/notify-005,ViewShake,1.0,0.0,,,,,466157,34514,True,SOURCE_PARAMETERS_SERIALIZED
requested_core,MN_RPCT_07,4219912,쿠크세이튼_군단장 시그니쳐 스킬,1,Att_Battle_28_02,action-4219912/stage-001/notify-006,PlayParticleEffect,1.0,0.0,True,,ParticleSystem:FX_Post.FX_Par.Par_C_ZoomBlur_03,"{""schema"":""lostark.cef-play-particle-effect-header"",""version"":2,""enabled"":true,""sourceByteOffset"":47,""sourceByteValue"":1,""particleDataDecoded"":true,""sourceParticleSystem"":""ParticleSystem'FX_Post.FX_Par.Par_C_ZoomBlur_03'"",""attachment"":{""mode"":""SNAPSHOT_ROOT"",""sourceAnchorNames"":[],""runtimeAnchors"":[],""runtimeAnchorSlotIds"":[],""runtimeAnchorSlotId"":""root"",""runtimeBoneName"":"""",""socketLocalTransform"":{""position"":[0.0,0.0,0.0],""rotationDegrees"":[0.0,0.0,0.0],""scale"":[1.0,1.0,1.0]},""runtimeResolutionStatus"":""EXACT_ROOT_SNAPSHOT"",""sourceSelectorByteOffset"":null},""localTransform"":{""sourcePositionUeUnits"":[275.0,0.0,0.0],""position"":[2.75,0.0,-0.0],""rotationDegrees"":[0.0,0.0,-0.0],""scale"":[0.4000000059604645,0.4000000059604645,0.4000000059604645]},""sourceTransformByteOffset"":385,""parameterOverridesDecoded"":true,""sourceParameterCountByteOffset"":473,""parameterOverrides"":[{""sourceIndex"":0,""name"":""life"",""sourceTypeCode"":1,""sourceRecordByteOffset"":477,""type"":""scalar"",""scalarValue"":0.6000000238418579,""sourceValueByteOffset"":490}]}",466409,34537,True,SOURCE_ASSET_EXPLICIT
requested_core,MN_RPCT_07,4219912,쿠크세이튼_군단장 시그니쳐 스킬,1,Att_Battle_28_02,action-4219912/stage-001/notify-007,PlayParticleEffect,1.0,0.0,True,,ParticleSystem:FX_Post.FX_Par.Par_C_FilmNoise_01,"{""schema"":""lostark.cef-play-particle-effect-header"",""version"":2,""enabled"":true,""sourceByteOffset"":47,""sourceByteValue"":1,""particleDataDecoded"":true,""sourceParticleSystem"":""ParticleSystem'FX_Post.FX_Par.Par_C_FilmNoise_01'"",""attachment"":{""mode"":""SNAPSHOT_ROOT"",""sourceAnchorNames"":[],""runtimeAnchors"":[],""runtimeAnchorSlotIds"":[],""runtimeAnchorSlotId"":""root"",""runtimeBoneName"":"""",""socketLocalTransform"":{""position"":[0.0,0.0,0.0],""rotationDegrees"":[0.0,0.0,0.0],""scale"":[1.0,1.0,1.0]},""runtimeResolutionStatus"":""EXACT_ROOT_SNAPSHOT"",""sourceSelectorByteOffset"":null},""localTransform"":{""sourcePositionUeUnits"":[275.0,0.0,0.0],""position"":[2.75,0.0,-0.0],""rotationDegrees"":[0.0,0.0,-0.0],""scale"":[1.0,1.0,1.0]},""sourceTransformByteOffset"":388,""parameterOverridesDecoded"":true,""sourceParameterCountByteOffset"":476,""parameterOverrides"":[{""sourceIndex"":0,""name"":""Lifetime"",""sourceTypeCode"":1,""sourceRecordByteOffset"":480,""type"":""scalar"",""scalarValue"":0.5,""sourceValueByteOffset"":497},{""sourceIndex"":1,""name"":""Size"",""sourceTypeCode"":3,""sourceRecordByteOffset"":562,""type"":""vector"",""vectorValue"":[350.0,350.0,0.0],""sourceValueByteOffset"":583},{""sourceIndex"":2,""name"":""Location"",""sourceTypeCode"":3,""sourceRecordByteOffset"":640,""type"":""vector"",""vectorValue"":[0.0,0.0,100.0],""sourceValueByteOffset"":665},{""sourceIndex"":3,""name"":""CameraOffset"",""sourceTypeCode"":1,""sourceRecordByteOffset"":722,""type"":""scalar"",""scalarValue"":100.0,""sourceValueByteOffset"":743}]}",467064,34568,True,SOURCE_ASSET_EXPLICIT
requested_core,MN_RPCT_07,4219912,쿠크세이튼_군단장 시그니쳐 스킬,1,Att_Battle_28_02,action-4219912/stage-001/notify-008,PlayParticleEffect,1.0,0.0,True,,ParticleSystem:FX_CM_02.Light.Par_MP_Light_05_L,"{""schema"":""lostark.cef-play-particle-effect-header"",""version"":2,""enabled"":true,""sourceByteOffset"":47,""sourceByteValue"":1,""particleDataDecoded"":true,""sourceParticleSystem"":""ParticleSystem'FX_CM_02.Light.Par_MP_Light_05_L'"",""attachment"":{""mode"":""SNAPSHOT_ROOT"",""sourceAnchorNames"":[],""runtimeAnchors"":[],""runtimeAnchorSlotIds"":[],""runtimeAnchorSlotId"":""root"",""runtimeBoneName"":"""",""socketLocalTransform"":{""position"":[0.0,0.0,0.0],""rotationDegrees"":[0.0,0.0,0.0],""scale"":[1.0,1.0,1.0]},""runtimeResolutionStatus"":""EXACT_ROOT_SNAPSHOT"",""sourceSelectorByteOffset"":null},""localTransform"":{""sourcePositionUeUnits"":[275.0,0.0,200.0],""position"":[2.75,2.0,-0.0],""rotationDegrees"":[0.0,0.0,-0.0],""scale"":[1.0,1.0,1.0]},""sourceTransformByteOffset"":387,""parameterOverridesDecoded"":true,""sourceParameterCountByteOffset"":475,""parameterOverrides"":[{""sourceIndex"":0,""name"":""Spawn"",""sourceTypeCode"":1,""sourceRecordByteOffset"":479,""type"":""scalar"",""scalarValue"":0.0,""sourceValueByteOffset"":493},{""sourceIndex"":1,""name"":""Lifetime"",""sourceTypeCode"":1,""sourceRecordByteOffset"":558,""type"":""scalar"",""scalarValue"":0.800000011920929,""sourceValueByteOffset"":575},{""sourceIndex"":2,""name"":""Location"",""sourceTypeCode"":3,""sourceRecordByteOffset"":640,""type"":""vector"",""vectorValue"":[1.0,1.0,1.0],""sourceValueByteOffset"":665},{""sourceIndex"":3,""name"":""Size"",""sourceTypeCode"":3,""sourceRecordByteOffset"":722,""type"":""vector"",""vectorValue"":[600.0,100.0,100.0],""sourceValueByteOffset"":743},{""sourceIndex"":4,""name"":""Color"",""sourceTypeCode"":3,""sourceRecordByteOffset"":800,""type"":""vector"",""vectorValue"":[5.0,1.0,1.0],""sourceValueByteOffset"":822},{""sourceIndex"":5,""name"":""Alpha"",""sourceTypeCode"":1,""sourceRecordByteOffset"":879,""type"":""scalar"",""scalarValue"":1.0,""sourceValueByteOffset"":893}]}",467972,34602,True,SOURCE_ASSET_EXPLICIT
requested_core,MN_RPCT_07,4219912,쿠크세이튼_군단장 시그니쳐 스킬,2,Att_Battle_28_03,action-4219912/stage-002/notify-000,Anim,0.0,2.6666669845581055,,,,,469250,34659,True,SOURCE_CLIP_EXPLICIT
requested_core,MN_RPCT_07,4219912,쿠크세이튼_군단장 시그니쳐 스킬,2,Att_Battle_28_03,action-4219912/stage-002/notify-001,HidePawn,0.0,2.666599988937378,,,,,469542,34686,True,SOURCE_PARAMETERS_SERIALIZED
requested_core,MN_RPCT_07,4219912,쿠크세이튼_군단장 시그니쳐 스킬,2,Att_Battle_28_03,action-4219912/stage-002/notify-002,AKEvent,0.05000000074505806,2.503129005432129,,,AkEvent:S_Mob_G_KoukuSatan1.G_KoukuSatan1_Attack09_Shot2,,469670,34708,True,SOURCE_ASSET_EXPLICIT
requested_core,MN_RPCT_07,4219912,쿠크세이튼_군단장 시그니쳐 스킬,2,Att_Battle_28_03,action-4219912/stage-002/notify-003,Effect,0.20999999344348907,0.10000000149011612,,41600007,,,469881,34737,True,TIMING_ONLY
requested_core,MN_RPCT_07,4219912,쿠크세이튼_군단장 시그니쳐 스킬,2,Att_Battle_28_03,action-4219912/stage-002/notify-004,PlayParticleEffect,0.2113099992275238,0.0,True,,ParticleSystem:FX_CM_02.Light.Par_MP_Light_05_L,"{""schema"":""lostark.cef-play-particle-effect-header"",""version"":2,""enabled"":true,""sourceByteOffset"":47,""sourceByteValue"":1,""particleDataDecoded"":true,""sourceParticleSystem"":""ParticleSystem'FX_CM_02.Light.Par_MP_Light_05_L'"",""attachment"":{""mode"":""SNAPSHOT_ROOT"",""sourceAnchorNames"":[],""runtimeAnchors"":[],""runtimeAnchorSlotIds"":[],""runtimeAnchorSlotId"":""root"",""runtimeBoneName"":"""",""socketLocalTransform"":{""position"":[0.0,0.0,0.0],""rotationDegrees"":[0.0,0.0,0.0],""scale"":[1.0,1.0,1.0]},""runtimeResolutionStatus"":""EXACT_ROOT_SNAPSHOT"",""sourceSelectorByteOffset"":null},""localTransform"":{""sourcePositionUeUnits"":[0.0,0.0,150.0],""position"":[0.0,1.5,-0.0],""rotationDegrees"":[0.0,0.0,-0.0],""scale"":[1.0,1.0,1.0]},""sourceTransformByteOffset"":387,""parameterOverridesDecoded"":true,""sourceParameterCountByteOffset"":475,""parameterOverrides"":[{""sourceIndex"":0,""name"":""Spawn"",""sourceTypeCode"":1,""sourceRecordByteOffset"":479,""type"":""scalar"",""scalarValue"":0.0,""sourceValueByteOffset"":493},{""sourceIndex"":1,""name"":""Lifetime"",""sourceTypeCode"":1,""sourceRecordByteOffset"":558,""type"":""scalar"",""scalarValue"":0.800000011920929,""sourceValueByteOffset"":575},{""sourceIndex"":2,""name"":""Location"",""sourceTypeCode"":3,""sourceRecordByteOffset"":640,""type"":""vector"",""vectorValue"":[1.0,1.0,1.0],""sourceValueByteOffset"":665},{""sourceIndex"":3,""name"":""Size"",""sourceTypeCode"":3,""sourceRecordByteOffset"":722,""type"":""vector"",""vectorValue"":[450.0,100.0,100.0],""sourceValueByteOffset"":743},{""sourceIndex"":4,""name"":""Color"",""sourceTypeCode"":3,""sourceRecordByteOffset"":800,""type"":""vector"",""vectorValue"":[3.0,1.0,1.0],""sourceValueByteOffset"":822},{""sourceIndex"":5,""name"":""Alpha"",""sourceTypeCode"":1,""sourceRecordByteOffset"":879,""type"":""scalar"",""scalarValue"":1.5,""sourceValueByteOffset"":893}]}",470031,34756,True,SOURCE_ASSET_EXPLICIT
requested_core,MN_RPCT_07,4219912,쿠크세이튼_군단장 시그니쳐 스킬,2,Att_Battle_28_03,action-4219912/stage-002/notify-005,PlayParticleEffect,0.21307499706745148,0.0,True,,ParticleSystem:fx_mn_rpct_07_v.Par_V_RPCT_jump_Exp_01_LOC_INT,"{""schema"":""lostark.cef-play-particle-effect-header"",""version"":2,""enabled"":true,""sourceByteOffset"":47,""sourceByteValue"":1,""particleDataDecoded"":true,""sourceParticleSystem"":""ParticleSystem'fx_mn_rpct_07_v.Par_V_RPCT_jump_Exp_01_LOC_INT'"",""attachment"":{""mode"":""SNAPSHOT_ROOT"",""sourceAnchorNames"":[],""runtimeAnchors"":[],""runtimeAnchorSlotIds"":[],""runtimeAnchorSlotId"":""root"",""runtimeBoneName"":"""",""socketLocalTransform"":{""position"":[0.0,0.0,0.0],""rotationDegrees"":[0.0,0.0,0.0],""scale"":[1.0,1.0,1.0]},""runtimeResolutionStatus"":""EXACT_ROOT_SNAPSHOT"",""sourceSelectorByteOffset"":null},""localTransform"":{""sourcePositionUeUnits"":[0.0,0.0,5.0],""position"":[0.0,0.05,-0.0],""rotationDegrees"":[0.0,0.0,-0.0],""scale"":[1.0,1.0,1.0]},""sourceTransformByteOffset"":395,""parameterOverridesDecoded"":true,""sourceParameterCountByteOffset"":483,""parameterOverrides"":[]}",471089,34792,True,SOURCE_ASSET_EXPLICIT
requested_core,MN_RPCT_07,4219912,쿠크세이튼_군단장 시그니쳐 스킬,2,Att_Battle_28_03,action-4219912/stage-002/notify-006,ViewShake,0.21307499706745148,0.0,,,,,471676,34821,True,SOURCE_PARAMETERS_SERIALIZED
requested_core,MN_RPCT_07,4219912,쿠크세이튼_군단장 시그니쳐 스킬,2,Att_Battle_28_03,action-4219912/stage-002/notify-007,EmitTriggerSignal,2.4000000953674316,0.0,,,,,471937,34845,True,TIMING_OR_STATE_ONLY
requested_core,MN_RPCT_07,4219912,쿠크세이튼_군단장 시그니쳐 스킬,3,Att_Battle_28_03,action-4219912/stage-003/notify-000,Anim,0.0,2.6666669845581055,,,,,472631,34888,True,SOURCE_CLIP_EXPLICIT
requested_core,MN_RPCT_07,4219912,쿠크세이튼_군단장 시그니쳐 스킬,3,Att_Battle_28_03,action-4219912/stage-003/notify-001,HidePawn,0.0,2.666599988937378,,,,,472923,34915,True,SOURCE_PARAMETERS_SERIALIZED
requested_core,MN_RPCT_07,4219912,쿠크세이튼_군단장 시그니쳐 스킬,3,Att_Battle_28_03,action-4219912/stage-003/notify-002,AKEvent,0.05000000074505806,2.503129005432129,,,AkEvent:S_Mob_G_KoukuSatan1.G_KoukuSatan1_Attack09_Shot2,,473051,34937,True,SOURCE_ASSET_EXPLICIT
requested_core,MN_RPCT_07,4219912,쿠크세이튼_군단장 시그니쳐 스킬,3,Att_Battle_28_03,action-4219912/stage-003/notify-003,PlayParticleEffect,0.2113099992275238,0.0,True,,ParticleSystem:FX_CM_02.Light.Par_MP_Light_05_L,"{""schema"":""lostark.cef-play-particle-effect-header"",""version"":2,""enabled"":true,""sourceByteOffset"":47,""sourceByteValue"":1,""particleDataDecoded"":true,""sourceParticleSystem"":""ParticleSystem'FX_CM_02.Light.Par_MP_Light_05_L'"",""attachment"":{""mode"":""SNAPSHOT_ROOT"",""sourceAnchorNames"":[],""runtimeAnchors"":[],""runtimeAnchorSlotIds"":[],""runtimeAnchorSlotId"":""root"",""runtimeBoneName"":"""",""socketLocalTransform"":{""position"":[0.0,0.0,0.0],""rotationDegrees"":[0.0,0.0,0.0],""scale"":[1.0,1.0,1.0]},""runtimeResolutionStatus"":""EXACT_ROOT_SNAPSHOT"",""sourceSelectorByteOffset"":null},""localTransform"":{""sourcePositionUeUnits"":[0.0,0.0,150.0],""position"":[0.0,1.5,-0.0],""rotationDegrees"":[0.0,0.0,-0.0],""scale"":[1.0,1.0,1.0]},""sourceTransformByteOffset"":387,""parameterOverridesDecoded"":true,""sourceParameterCountByteOffset"":475,""parameterOverrides"":[{""sourceIndex"":0,""name"":""Spawn"",""sourceTypeCode"":1,""sourceRecordByteOffset"":479,""type"":""scalar"",""scalarValue"":0.0,""sourceValueByteOffset"":493},{""sourceIndex"":1,""name"":""Lifetime"",""sourceTypeCode"":1,""sourceRecordByteOffset"":558,""type"":""scalar"",""scalarValue"":0.800000011920929,""sourceValueByteOffset"":575},{""sourceIndex"":2,""name"":""Location"",""sourceTypeCode"":3,""sourceRecordByteOffset"":640,""type"":""vector"",""vectorValue"":[1.0,1.0,1.0],""sourceValueByteOffset"":665},{""sourceIndex"":3,""name"":""Size"",""sourceTypeCode"":3,""sourceRecordByteOffset"":722,""type"":""vector"",""vectorValue"":[450.0,100.0,100.0],""sourceValueByteOffset"":743},{""sourceIndex"":4,""name"":""Color"",""sourceTypeCode"":3,""sourceRecordByteOffset"":800,""type"":""vector"",""vectorValue"":[3.0,1.0,1.0],""sourceValueByteOffset"":822},{""sourceIndex"":5,""name"":""Alpha"",""sourceTypeCode"":1,""sourceRecordByteOffset"":879,""type"":""scalar"",""scalarValue"":1.5,""sourceValueByteOffset"":893}]}",473262,34966,True,SOURCE_ASSET_EXPLICIT
requested_core,MN_RPCT_07,4219912,쿠크세이튼_군단장 시그니쳐 스킬,3,Att_Battle_28_03,action-4219912/stage-003/notify-004,PlayParticleEffect,0.21307499706745148,0.0,True,,ParticleSystem:fx_mn_rpct_07_v.Par_V_RPCT_jump_Exp_01_LOC_INT,"{""schema"":""lostark.cef-play-particle-effect-header"",""version"":2,""enabled"":true,""sourceByteOffset"":47,""sourceByteValue"":1,""particleDataDecoded"":true,""sourceParticleSystem"":""ParticleSystem'fx_mn_rpct_07_v.Par_V_RPCT_jump_Exp_01_LOC_INT'"",""attachment"":{""mode"":""SNAPSHOT_ROOT"",""sourceAnchorNames"":[],""runtimeAnchors"":[],""runtimeAnchorSlotIds"":[],""runtimeAnchorSlotId"":""root"",""runtimeBoneName"":"""",""socketLocalTransform"":{""position"":[0.0,0.0,0.0],""rotationDegrees"":[0.0,0.0,0.0],""scale"":[1.0,1.0,1.0]},""runtimeResolutionStatus"":""EXACT_ROOT_SNAPSHOT"",""sourceSelectorByteOffset"":null},""localTransform"":{""sourcePositionUeUnits"":[0.0,0.0,5.0],""position"":[0.0,0.05,-0.0],""rotationDegrees"":[0.0,0.0,-0.0],""scale"":[1.0,1.0,1.0]},""sourceTransformByteOffset"":395,""parameterOverridesDecoded"":true,""sourceParameterCountByteOffset"":483,""parameterOverrides"":[]}",474320,35002,True,SOURCE_ASSET_EXPLICIT
requested_core,MN_RPCT_07,4219912,쿠크세이튼_군단장 시그니쳐 스킬,3,Att_Battle_28_03,action-4219912/stage-003/notify-005,ViewShake,0.21307499706745148,0.0,,,,,474907,35031,True,SOURCE_PARAMETERS_SERIALIZED
requested_core,MN_RPCT_07,4219912,쿠크세이튼_군단장 시그니쳐 스킬,3,Att_Battle_28_03,action-4219912/stage-003/notify-006,EmitTriggerSignal,2.4000000953674316,0.0,,,,,475168,35055,True,TIMING_OR_STATE_ONLY
requested_core,MN_RPCT_07,4219937,쿠크세이튼_군단장 시그니쳐 소환수 스킬,0,Att_battle_28_10_start,action-4219937/stage-000/notify-000,Anim,0.0,2.3333330154418945,,,,,952812,72706,True,SOURCE_CLIP_EXPLICIT
requested_core,MN_RPCT_07,4219937,쿠크세이튼_군단장 시그니쳐 소환수 스킬,1,Att_battle_28_10_Loop,action-4219937/stage-001/notify-000,Anim,0.0,3.3333330154418945,,,,,953436,72754,True,SOURCE_CLIP_EXPLICIT
requested_core,MN_RPCT_07,4219937,쿠크세이튼_군단장 시그니쳐 소환수 스킬,2,Att_battle_28_10_End,action-4219937/stage-002/notify-000,Anim,0.0,1.1333329677581787,,,,,954098,72802,True,SOURCE_CLIP_EXPLICIT
requested_core,MN_RPCT_07,4219939,쿠크세이튼_군단장 시그니쳐 스킬_공격,0,,action-4219939/stage-000/notify-000,Effect,0.0,0.10000000149011612,,421991248,,,959034,73209,True,TIMING_ONLY
requested_core,MN_RPCT_07,4219939,쿠크세이튼_군단장 시그니쳐 스킬_공격,0,,action-4219939/stage-000/notify-001,MonsterMoveNextStageConditionChangeTarget,0.5,0.0,,,,,959184,73228,True,TIMING_OR_STATE_ONLY
requested_core,MN_RPCT_07,4219939,쿠크세이튼_군단장 시그니쳐 스킬_공격,1,Att_Battle_28_05_Start,action-4219939/stage-001/notify-000,Anim,0.0,0.9333329796791077,,,,,959577,73268,True,SOURCE_CLIP_EXPLICIT
requested_core,MN_RPCT_07,4219939,쿠크세이튼_군단장 시그니쳐 스킬_공격,1,Att_Battle_28_05_Start,action-4219939/stage-001/notify-001,LookTarget,0.0,0.20000000298023224,,,,,959881,73295,True,TIMING_OR_STATE_ONLY
requested_core,MN_RPCT_07,4219939,쿠크세이튼_군단장 시그니쳐 스킬_공격,1,Att_Battle_28_05_Start,action-4219939/stage-001/notify-002,PlayParticleEffect,0.0,0.0,False,,ParticleSystem:fx_mn_rpct_07_v.Par_V_RPCT_Signature_01_1_LOC_INT,"{""schema"":""lostark.cef-play-particle-effect-header"",""version"":2,""enabled"":false,""sourceByteOffset"":47,""sourceByteValue"":0,""particleDataDecoded"":true,""sourceParticleSystem"":""ParticleSystem'fx_mn_rpct_07_v.Par_V_RPCT_Signature_01_1_LOC_INT'"",""attachment"":{""mode"":""FOLLOW_NAMED_ANCHORS"",""sourceAnchorNames"":[""B_WP_2""],""runtimeAnchors"":[{""sourceAnchorName"":""B_WP_2"",""runtimeAnchorSlotId"":""B_WP_2"",""runtimeBoneName"":""b_wp_2"",""socketLocalTransform"":{""position"":[0.0,0.0,0.0],""rotationDegrees"":[0.0,0.0,0.0],""scale"":[1.0,1.0,1.0]},""resolutionStatus"":""EXACT_SOURCE_BONE""}],""runtimeAnchorSlotIds"":[""B_WP_2""],""runtimeAnchorSlotId"":""B_WP_2"",""runtimeBoneName"":""b_wp_2"",""socketLocalTransform"":{""position"":[0.0,0.0,0.0],""rotationDegrees"":[0.0,0.0,0.0],""scale"":[1.0,1.0,1.0]},""runtimeResolutionStatus"":""EXACT_SOURCE_BONE"",""sourceSelectorByteOffset"":402},""localTransform"":{""sourcePositionUeUnits"":[150.0,0.0,50.0],""position"":[1.5,0.5,-0.0],""rotationDegrees"":[0.0,0.0,-0.0],""scale"":[3.0,3.0,3.0]},""sourceTransformByteOffset"":417,""parameterOverridesDecoded"":true,""sourceParameterCountByteOffset"":509,""parameterOverrides"":[{""sourceIndex"":0,""name"":""Color"",""sourceTypeCode"":3,""sourceRecordByteOffset"":513,""type"":""vector"",""vectorValue"":[1.0,1.0,1.0],""sourceValueByteOffset"":535},{""sourceIndex"":1,""name"":""Alpha"",""sourceTypeCode"":1,""sourceRecordByteOffset"":592,""type"":""scalar"",""scalarValue"":1.0,""sourceValueByteOffset"":606}]}",959983,73314,True,SOURCE_ASSET_EXPLICIT
requested_core,MN_RPCT_07,4219939,쿠크세이튼_군단장 시그니쳐 스킬_공격,1,Att_Battle_28_05_Start,action-4219939/stage-001/notify-003,PlayParticleEffect,0.0,0.0,False,,ParticleSystem:fx_mn_rpct_07_v.Par_V_RPCT_Signature_01_1_LOC_INT,"{""schema"":""lostark.cef-play-particle-effect-header"",""version"":2,""enabled"":false,""sourceByteOffset"":47,""sourceByteValue"":0,""particleDataDecoded"":true,""sourceParticleSystem"":""ParticleSystem'fx_mn_rpct_07_v.Par_V_RPCT_Signature_01_1_LOC_INT'"",""attachment"":{""mode"":""FOLLOW_NAMED_ANCHORS"",""sourceAnchorNames"":[""B_WP_1""],""runtimeAnchors"":[{""sourceAnchorName"":""B_WP_1"",""runtimeAnchorSlotId"":""B_WP_1"",""runtimeBoneName"":""b_wp_1"",""socketLocalTransform"":{""position"":[0.0,0.0,0.0],""rotationDegrees"":[0.0,0.0,0.0],""scale"":[1.0,1.0,1.0]},""resolutionStatus"":""EXACT_SOURCE_BONE""}],""runtimeAnchorSlotIds"":[""B_WP_1""],""runtimeAnchorSlotId"":""B_WP_1"",""runtimeBoneName"":""b_wp_1"",""socketLocalTransform"":{""position"":[0.0,0.0,0.0],""rotationDegrees"":[0.0,0.0,0.0],""scale"":[1.0,1.0,1.0]},""runtimeResolutionStatus"":""EXACT_SOURCE_BONE"",""sourceSelectorByteOffset"":402},""localTransform"":{""sourcePositionUeUnits"":[150.0,0.0,50.0],""position"":[1.5,0.5,-0.0],""rotationDegrees"":[0.0,0.0,-0.0],""scale"":[3.0,3.0,3.0]},""sourceTransformByteOffset"":417,""parameterOverridesDecoded"":true,""sourceParameterCountByteOffset"":509,""parameterOverrides"":[{""sourceIndex"":0,""name"":""Color"",""sourceTypeCode"":3,""sourceRecordByteOffset"":513,""type"":""vector"",""vectorValue"":[1.0,1.0,1.0],""sourceValueByteOffset"":535},{""sourceIndex"":1,""name"":""Alpha"",""sourceTypeCode"":1,""sourceRecordByteOffset"":592,""type"":""scalar"",""scalarValue"":1.0,""sourceValueByteOffset"":606}]}",960754,73347,True,SOURCE_ASSET_EXPLICIT
requested_core,MN_RPCT_07,4219939,쿠크세이튼_군단장 시그니쳐 스킬_공격,1,Att_Battle_28_05_Start,action-4219939/stage-001/notify-004,PlayParticleEffect,0.0,0.9333000183105469,True,,ParticleSystem:FX_MN_RPCT_07_V.Par_V_RPCT_07_Bazooka_Loop,"{""schema"":""lostark.cef-play-particle-effect-header"",""version"":2,""enabled"":true,""sourceByteOffset"":47,""sourceByteValue"":1,""particleDataDecoded"":true,""sourceParticleSystem"":""ParticleSystem'FX_MN_RPCT_07_V.Par_V_RPCT_07_Bazooka_Loop'"",""attachment"":{""mode"":""FOLLOW_NAMED_ANCHORS"",""sourceAnchorNames"":[""B_WP_1""],""runtimeAnchors"":[{""sourceAnchorName"":""B_WP_1"",""runtimeAnchorSlotId"":""B_WP_1"",""runtimeBoneName"":""b_wp_1"",""socketLocalTransform"":{""position"":[0.0,0.0,0.0],""rotationDegrees"":[0.0,0.0,0.0],""scale"":[1.0,1.0,1.0]},""resolutionStatus"":""EXACT_SOURCE_BONE""}],""runtimeAnchorSlotIds"":[""B_WP_1""],""runtimeAnchorSlotId"":""B_WP_1"",""runtimeBoneName"":""b_wp_1"",""socketLocalTransform"":{""position"":[0.0,0.0,0.0],""rotationDegrees"":[0.0,0.0,0.0],""scale"":[1.0,1.0,1.0]},""runtimeResolutionStatus"":""EXACT_SOURCE_BONE"",""sourceSelectorByteOffset"":392},""localTransform"":{""sourcePositionUeUnits"":[0.0,0.0,0.0],""position"":[0.0,0.0,-0.0],""rotationDegrees"":[0.0,0.0,-0.0],""scale"":[1.0,1.0,1.0]},""sourceTransformByteOffset"":407,""parameterOverridesDecoded"":true,""sourceParameterCountByteOffset"":499,""parameterOverrides"":[]}",961525,73380,True,SOURCE_ASSET_EXPLICIT
requested_core,MN_RPCT_07,4219939,쿠크세이튼_군단장 시그니쳐 스킬_공격,1,Att_Battle_28_05_Start,action-4219939/stage-001/notify-005,Effect,0.0,0.10000000149011612,,421981203,,,962128,73411,True,TIMING_ONLY
requested_core,MN_RPCT_07,4219939,쿠크세이튼_군단장 시그니쳐 스킬_공격,1,Att_Battle_28_05_Start,action-4219939/stage-001/notify-006,AKEvent,0.0,0.9333000183105469,,,AkEvent:S_Mob_G_KoukuSatan1.G_KoukuSatan1_Attack23_Cast1,,962278,73430,True,SOURCE_ASSET_EXPLICIT
requested_core,MN_RPCT_07,4219939,쿠크세이튼_군단장 시그니쳐 스킬_공격,1,Att_Battle_28_05_Start,action-4219939/stage-001/notify-007,PlayParticleEffect,0.0,0.833299994468689,False,,ParticleSystem:FX_MN_RPCT_07_V.Par_V_RPCT_07_Bazooka,"{""schema"":""lostark.cef-play-particle-effect-header"",""version"":2,""enabled"":false,""sourceByteOffset"":47,""sourceByteValue"":0,""particleDataDecoded"":true,""sourceParticleSystem"":""ParticleSystem'FX_MN_RPCT_07_V.Par_V_RPCT_07_Bazooka'"",""attachment"":{""mode"":""FOLLOW_NAMED_ANCHORS"",""sourceAnchorNames"":[""B_WP_1""],""runtimeAnchors"":[{""sourceAnchorName"":""B_WP_1"",""runtimeAnchorSlotId"":""B_WP_1"",""runtimeBoneName"":""b_wp_1"",""socketLocalTransform"":{""position"":[0.0,0.0,0.0],""rotationDegrees"":[0.0,0.0,0.0],""scale"":[1.0,1.0,1.0]},""resolutionStatus"":""EXACT_SOURCE_BONE""}],""runtimeAnchorSlotIds"":[""B_WP_1""],""runtimeAnchorSlotId"":""B_WP_1"",""runtimeBoneName"":""b_wp_1"",""socketLocalTransform"":{""position"":[0.0,0.0,0.0],""rotationDegrees"":[0.0,0.0,0.0],""scale"":[1.0,1.0,1.0]},""runtimeResolutionStatus"":""EXACT_SOURCE_BONE"",""sourceSelectorByteOffset"":386},""localTransform"":{""sourcePositionUeUnits"":[0.0,0.0,0.0],""position"":[0.0,0.0,-0.0],""rotationDegrees"":[0.0,0.0,-0.0],""scale"":[1.0,1.0,1.0]},""sourceTransformByteOffset"":401,""parameterOverridesDecoded"":true,""sourceParameterCountByteOffset"":489,""parameterOverrides"":[]}",962489,73459,True,SOURCE_ASSET_EXPLICIT
requested_core,MN_RPCT_07,4219939,쿠크세이튼_군단장 시그니쳐 스킬_공격,1,Att_Battle_28_05_Start,action-4219939/stage-001/notify-008,HidePawn,0.0,0.9333000183105469,,,,,963082,73490,True,SOURCE_PARAMETERS_SERIALIZED
requested_core,MN_RPCT_07,4219939,쿠크세이튼_군단장 시그니쳐 스킬_공격,1,Att_Battle_28_05_Start,action-4219939/stage-001/notify-009,AKEvent,0.0010000000474974513,0.9322999715805054,,,AkEvent:S_Mob_G_KoukuSatan1.G_KoukuSatan1_Attack23_ShotVox1,,963210,73512,True,SOURCE_ASSET_EXPLICIT
requested_core,MN_RPCT_07,4219939,쿠크세이튼_군단장 시그니쳐 스킬_공격,1,Att_Battle_28_05_Start,action-4219939/stage-001/notify-010,PlayParticleEffect,0.0034080001059919596,0.9298920035362244,True,,ParticleSystem:FX_MN_RPCT_07_V.Par_V_RPCT_07_Bazooka_Loop,"{""schema"":""lostark.cef-play-particle-effect-header"",""version"":2,""enabled"":true,""sourceByteOffset"":47,""sourceByteValue"":1,""particleDataDecoded"":true,""sourceParticleSystem"":""ParticleSystem'FX_MN_RPCT_07_V.Par_V_RPCT_07_Bazooka_Loop'"",""attachment"":{""mode"":""FOLLOW_NAMED_ANCHORS"",""sourceAnchorNames"":[""B_WP_2""],""runtimeAnchors"":[{""sourceAnchorName"":""B_WP_2"",""runtimeAnchorSlotId"":""B_WP_2"",""runtimeBoneName"":""b_wp_2"",""socketLocalTransform"":{""position"":[0.0,0.0,0.0],""rotationDegrees"":[0.0,0.0,0.0],""scale"":[1.0,1.0,1.0]},""resolutionStatus"":""EXACT_SOURCE_BONE""}],""runtimeAnchorSlotIds"":[""B_WP_2""],""runtimeAnchorSlotId"":""B_WP_2"",""runtimeBoneName"":""b_wp_2"",""socketLocalTransform"":{""position"":[0.0,0.0,0.0],""rotationDegrees"":[0.0,0.0,0.0],""scale"":[1.0,1.0,1.0]},""runtimeResolutionStatus"":""EXACT_SOURCE_BONE"",""sourceSelectorByteOffset"":392},""localTransform"":{""sourcePositionUeUnits"":[0.0,0.0,0.0],""position"":[0.0,0.0,-0.0],""rotationDegrees"":[0.0,0.0,-0.0],""scale"":[1.0,1.0,1.0]},""sourceTransformByteOffset"":407,""parameterOverridesDecoded"":true,""sourceParameterCountByteOffset"":499,""parameterOverrides"":[]}",963423,73541,True,SOURCE_ASSET_EXPLICIT
requested_core,MN_RPCT_07,4219939,쿠크세이튼_군단장 시그니쳐 스킬_공격,1,Att_Battle_28_05_Start,action-4219939/stage-001/notify-011,Effect,0.6000000238418579,0.0,,421991217,,,964026,73572,True,TIMING_ONLY
requested_core,MN_RPCT_07,4219939,쿠크세이튼_군단장 시그니쳐 스킬_공격,1,Att_Battle_28_05_Start,action-4219939/stage-001/notify-012,Effect,0.6000000238418579,0.0,,421991221,,,964176,73591,True,TIMING_ONLY
requested_core,MN_RPCT_07,4219939,쿠크세이튼_군단장 시그니쳐 스킬_공격,1,Att_Battle_28_05_Start,action-4219939/stage-001/notify-013,Effect,0.699999988079071,0.0,,421991215,,,964326,73610,True,TIMING_ONLY
requested_core,MN_RPCT_07,4219939,쿠크세이튼_군단장 시그니쳐 스킬_공격,1,Att_Battle_28_05_Start,action-4219939/stage-001/notify-014,PlayParticleEffect,0.833299994468689,0.0,False,,ParticleSystem:fx_mn_rpct_07_v.Par_V_RPCT_BallRead_Exp_01_LOC_INT,"{""schema"":""lostark.cef-play-particle-effect-header"",""version"":2,""enabled"":false,""sourceByteOffset"":47,""sourceByteValue"":0,""particleDataDecoded"":true,""sourceParticleSystem"":""ParticleSystem'fx_mn_rpct_07_v.Par_V_RPCT_BallRead_Exp_01_LOC_INT'"",""attachment"":{""mode"":""FOLLOW_NAMED_ANCHORS"",""sourceAnchorNames"":[""FX_L_Hand_01"",""FX_R_Hand_01""],""runtimeAnchors"":[{""sourceAnchorName"":""FX_L_Hand_01"",""runtimeAnchorSlotId"":""FX_L_Hand_01"",""runtimeBoneName"":"""",""socketLocalTransform"":{""position"":[0.0,0.0,0.0],""rotationDegrees"":[0.0,0.0,0.0],""scale"":[1.0,1.0,1.0]},""resolutionStatus"":""MISSING_SOURCE_SOCKET""},{""sourceAnchorName"":""FX_R_Hand_01"",""runtimeAnchorSlotId"":""FX_R_Hand_01"",""runtimeBoneName"":"""",""socketLocalTransform"":{""position"":[0.0,0.0,0.0],""rotationDegrees"":[0.0,0.0,0.0],""scale"":[1.0,1.0,1.0]},""resolutionStatus"":""MISSING_SOURCE_SOCKET""}],""runtimeAnchorSlotIds"":[""FX_L_Hand_01"",""FX_R_Hand_01""],""runtimeAnchorSlotId"":""FX_L_Hand_01"",""runtimeBoneName"":"""",""socketLocalTransform"":{""position"":[0.0,0.0,0.0],""rotationDegrees"":[0.0,0.0,0.0],""scale"":[1.0,1.0,1.0]},""runtimeResolutionStatus"":""MISSING_SOURCE_SOCKET"",""sourceSelectorByteOffset"":401},""localTransform"":{""sourcePositionUeUnits"":[0.0,0.0,0.0],""position"":[0.0,0.0,-0.0],""rotationDegrees"":[0.0,0.0,-0.0],""scale"":[1.0,1.0,1.0]},""sourceTransformByteOffset"":439,""parameterOverridesDecoded"":true,""sourceParameterCountByteOffset"":527,""parameterOverrides"":[]}",964476,73629,True,SOURCE_ASSET_EXPLICIT
requested_core,MN_RPCT_07,4219939,쿠크세이튼_군단장 시그니쳐 스킬_공격,1,Att_Battle_28_05_Start,action-4219939/stage-001/notify-015,MonsterMoveNextStageConditionProbability,0.833299994468689,0.0,,,,,965107,73661,True,TIMING_OR_STATE_ONLY
requested_core,MN_RPCT_07,4219939,쿠크세이튼_군단장 시그니쳐 스킬_공격,2,Att_Battle_28_05_Loop_A,action-4219939/stage-002/notify-000,Anim,0.0,3.1666669845581055,,,,,965463,73701,True,SOURCE_CLIP_EXPLICIT
requested_core,MN_RPCT_07,4219939,쿠크세이튼_군단장 시그니쳐 스킬_공격,2,Att_Battle_28_05_Loop_A,action-4219939/stage-002/notify-001,PlayParticleEffect,0.0,0.0,True,,ParticleSystem:fx_mn_rpct_07_v.Par_V_RPCT_Signature_01_1_LOC_INT,"{""schema"":""lostark.cef-play-particle-effect-header"",""version"":2,""enabled"":true,""sourceByteOffset"":47,""sourceByteValue"":1,""particleDataDecoded"":true,""sourceParticleSystem"":""ParticleSystem'fx_mn_rpct_07_v.Par_V_RPCT_Signature_01_1_LOC_INT'"",""attachment"":{""mode"":""FOLLOW_NAMED_ANCHORS"",""sourceAnchorNames"":[""B_WP_2""],""runtimeAnchors"":[{""sourceAnchorName"":""B_WP_2"",""runtimeAnchorSlotId"":""B_WP_2"",""runtimeBoneName"":""b_wp_2"",""socketLocalTransform"":{""position"":[0.0,0.0,0.0],""rotationDegrees"":[0.0,0.0,0.0],""scale"":[1.0,1.0,1.0]},""resolutionStatus"":""EXACT_SOURCE_BONE""}],""runtimeAnchorSlotIds"":[""B_WP_2""],""runtimeAnchorSlotId"":""B_WP_2"",""runtimeBoneName"":""b_wp_2"",""socketLocalTransform"":{""position"":[0.0,0.0,0.0],""rotationDegrees"":[0.0,0.0,0.0],""scale"":[1.0,1.0,1.0]},""runtimeResolutionStatus"":""EXACT_SOURCE_BONE"",""sourceSelectorByteOffset"":402},""localTransform"":{""sourcePositionUeUnits"":[150.0,0.0,50.0],""position"":[1.5,0.5,-0.0],""rotationDegrees"":[0.0,0.0,-0.0],""scale"":[3.0,3.0,3.0]},""sourceTransformByteOffset"":417,""parameterOverridesDecoded"":true,""sourceParameterCountByteOffset"":509,""parameterOverrides"":[{""sourceIndex"":0,""name"":""Color"",""sourceTypeCode"":3,""sourceRecordByteOffset"":513,""type"":""vector"",""vectorValue"":[1.0,1.0,1.0],""sourceValueByteOffset"":535},{""sourceIndex"":1,""name"":""Alpha"",""sourceTypeCode"":1,""sourceRecordByteOffset"":592,""type"":""scalar"",""scalarValue"":1.0,""sourceValueByteOffset"":606}]}",965769,73728,True,SOURCE_ASSET_EXPLICIT
requested_core,MN_RPCT_07,4219939,쿠크세이튼_군단장 시그니쳐 스킬_공격,2,Att_Battle_28_05_Loop_A,action-4219939/stage-002/notify-002,PlayParticleEffect,0.0,0.0,True,,ParticleSystem:fx_mn_rpct_07_v.Par_V_RPCT_Signature_01_1_LOC_INT,"{""schema"":""lostark.cef-play-particle-effect-header"",""version"":2,""enabled"":true,""sourceByteOffset"":47,""sourceByteValue"":1,""particleDataDecoded"":true,""sourceParticleSystem"":""ParticleSystem'fx_mn_rpct_07_v.Par_V_RPCT_Signature_01_1_LOC_INT'"",""attachment"":{""mode"":""FOLLOW_NAMED_ANCHORS"",""sourceAnchorNames"":[""B_WP_1""],""runtimeAnchors"":[{""sourceAnchorName"":""B_WP_1"",""runtimeAnchorSlotId"":""B_WP_1"",""runtimeBoneName"":""b_wp_1"",""socketLocalTransform"":{""position"":[0.0,0.0,0.0],""rotationDegrees"":[0.0,0.0,0.0],""scale"":[1.0,1.0,1.0]},""resolutionStatus"":""EXACT_SOURCE_BONE""}],""runtimeAnchorSlotIds"":[""B_WP_1""],""runtimeAnchorSlotId"":""B_WP_1"",""runtimeBoneName"":""b_wp_1"",""socketLocalTransform"":{""position"":[0.0,0.0,0.0],""rotationDegrees"":[0.0,0.0,0.0],""scale"":[1.0,1.0,1.0]},""runtimeResolutionStatus"":""EXACT_SOURCE_BONE"",""sourceSelectorByteOffset"":402},""localTransform"":{""sourcePositionUeUnits"":[150.0,0.0,50.0],""position"":[1.5,0.5,-0.0],""rotationDegrees"":[0.0,0.0,-0.0],""scale"":[3.0,3.0,3.0]},""sourceTransformByteOffset"":417,""parameterOverridesDecoded"":true,""sourceParameterCountByteOffset"":509,""parameterOverrides"":[{""sourceIndex"":0,""name"":""Color"",""sourceTypeCode"":3,""sourceRecordByteOffset"":513,""type"":""vector"",""vectorValue"":[1.0,1.0,1.0],""sourceValueByteOffset"":535},{""sourceIndex"":1,""name"":""Alpha"",""sourceTypeCode"":1,""sourceRecordByteOffset"":592,""type"":""scalar"",""scalarValue"":1.0,""sourceValueByteOffset"":606}]}",966540,73761,True,SOURCE_ASSET_EXPLICIT
requested_core,MN_RPCT_07,4219939,쿠크세이튼_군단장 시그니쳐 스킬_공격,2,Att_Battle_28_05_Loop_A,action-4219939/stage-002/notify-003,PlayParticleEffect,0.0,3.166599988937378,True,,ParticleSystem:FX_MN_RPCT_07_V.Par_V_RPCT_07_Bazooka_Loop,"{""schema"":""lostark.cef-play-particle-effect-header"",""version"":2,""enabled"":true,""sourceByteOffset"":47,""sourceByteValue"":1,""particleDataDecoded"":true,""sourceParticleSystem"":""ParticleSystem'FX_MN_RPCT_07_V.Par_V_RPCT_07_Bazooka_Loop'"",""attachment"":{""mode"":""FOLLOW_NAMED_ANCHORS"",""sourceAnchorNames"":[""B_WP_1""],""runtimeAnchors"":[{""sourceAnchorName"":""B_WP_1"",""runtimeAnchorSlotId"":""B_WP_1"",""runtimeBoneName"":""b_wp_1"",""socketLocalTransform"":{""position"":[0.0,0.0,0.0],""rotationDegrees"":[0.0,0.0,0.0],""scale"":[1.0,1.0,1.0]},""resolutionStatus"":""EXACT_SOURCE_BONE""}],""runtimeAnchorSlotIds"":[""B_WP_1""],""runtimeAnchorSlotId"":""B_WP_1"",""runtimeBoneName"":""b_wp_1"",""socketLocalTransform"":{""position"":[0.0,0.0,0.0],""rotationDegrees"":[0.0,0.0,0.0],""scale"":[1.0,1.0,1.0]},""runtimeResolutionStatus"":""EXACT_SOURCE_BONE"",""sourceSelectorByteOffset"":392},""localTransform"":{""sourcePositionUeUnits"":[0.0,0.0,0.0],""position"":[0.0,0.0,-0.0],""rotationDegrees"":[0.0,0.0,-0.0],""scale"":[1.0,1.0,1.0]},""sourceTransformByteOffset"":407,""parameterOverridesDecoded"":true,""sourceParameterCountByteOffset"":499,""parameterOverrides"":[]}",967311,73794,True,SOURCE_ASSET_EXPLICIT
requested_core,MN_RPCT_07,4219939,쿠크세이튼_군단장 시그니쳐 스킬_공격,2,Att_Battle_28_05_Loop_A,action-4219939/stage-002/notify-004,PlayParticleEffect,0.0,0.0,True,,ParticleSystem:FX_CM_02.Light.Par_MP_Light_01,"{""schema"":""lostark.cef-play-particle-effect-header"",""version"":2,""enabled"":true,""sourceByteOffset"":47,""sourceByteValue"":1,""particleDataDecoded"":true,""sourceParticleSystem"":""ParticleSystem'FX_CM_02.Light.Par_MP_Light_01'"",""attachment"":{""mode"":""SNAPSHOT_ROOT"",""sourceAnchorNames"":[],""runtimeAnchors"":[],""runtimeAnchorSlotIds"":[],""runtimeAnchorSlotId"":""root"",""runtimeBoneName"":"""",""socketLocalTransform"":{""position"":[0.0,0.0,0.0],""rotationDegrees"":[0.0,0.0,0.0],""scale"":[1.0,1.0,1.0]},""runtimeResolutionStatus"":""EXACT_ROOT_SNAPSHOT"",""sourceSelectorByteOffset"":null},""localTransform"":{""sourcePositionUeUnits"":[50.0,0.0,50.0],""position"":[0.5,0.5,-0.0],""rotationDegrees"":[0.0,0.0,-0.0],""scale"":[3.0,3.0,3.0]},""sourceTransformByteOffset"":389,""parameterOverridesDecoded"":true,""sourceParameterCountByteOffset"":477,""parameterOverrides"":[{""sourceIndex"":0,""name"":""Spawn"",""sourceTypeCode"":1,""sourceRecordByteOffset"":481,""type"":""scalar"",""scalarValue"":0.0,""sourceValueByteOffset"":495},{""sourceIndex"":1,""name"":""Lifetime"",""sourceTypeCode"":1,""sourceRecordByteOffset"":560,""type"":""scalar"",""scalarValue"":0.10000000149011612,""sourceValueByteOffset"":577},{""sourceIndex"":2,""name"":""Size"",""sourceTypeCode"":3,""sourceRecordByteOffset"":642,""type"":""vector"",""vectorValue"":[200.0,0.0,0.0],""sourceValueByteOffset"":663},{""sourceIndex"":3,""name"":""Color"",""sourceTypeCode"":3,""sourceRecordByteOffset"":720,""type"":""vector"",""vectorValue"":[3.0,2.0,1.0],""sourceValueByteOffset"":742},{""sourceIndex"":4,""name"":""Alpha"",""sourceTypeCode"":1,""sourceRecordByteOffset"":799,""type"":""scalar"",""scalarValue"":1.0,""sourceValueByteOffset"":813}]}",967914,73825,True,SOURCE_ASSET_EXPLICIT
requested_core,MN_RPCT_07,4219939,쿠크세이튼_군단장 시그니쳐 스킬_공격,2,Att_Battle_28_05_Loop_A,action-4219939/stage-002/notify-005,Effect,0.0,0.30000001192092896,,421991212,,,968892,73860,True,TIMING_ONLY
requested_core,MN_RPCT_07,4219939,쿠크세이튼_군단장 시그니쳐 스킬_공격,2,Att_Battle_28_05_Loop_A,action-4219939/stage-002/notify-006,AKEvent,0.0010000000474974513,3.165600061416626,,,AkEvent:S_Mob_G_KoukuSatan1.G_KoukuSatan1_Attack23_Shot1,,969042,73879,True,SOURCE_ASSET_EXPLICIT
requested_core,MN_RPCT_07,4219939,쿠크세이튼_군단장 시그니쳐 스킬_공격,2,Att_Battle_28_05_Loop_A,action-4219939/stage-002/notify-007,PlayParticleEffect,0.0034119999036192894,3.1631879806518555,True,,ParticleSystem:FX_MN_RPCT_07_V.Par_V_RPCT_07_Bazooka_Loop,"{""schema"":""lostark.cef-play-particle-effect-header"",""version"":2,""enabled"":true,""sourceByteOffset"":47,""sourceByteValue"":1,""particleDataDecoded"":true,""sourceParticleSystem"":""ParticleSystem'FX_MN_RPCT_07_V.Par_V_RPCT_07_Bazooka_Loop'"",""attachment"":{""mode"":""FOLLOW_NAMED_ANCHORS"",""sourceAnchorNames"":[""B_WP_2""],""runtimeAnchors"":[{""sourceAnchorName"":""B_WP_2"",""runtimeAnchorSlotId"":""B_WP_2"",""runtimeBoneName"":""b_wp_2"",""socketLocalTransform"":{""position"":[0.0,0.0,0.0],""rotationDegrees"":[0.0,0.0,0.0],""scale"":[1.0,1.0,1.0]},""resolutionStatus"":""EXACT_SOURCE_BONE""}],""runtimeAnchorSlotIds"":[""B_WP_2""],""runtimeAnchorSlotId"":""B_WP_2"",""runtimeBoneName"":""b_wp_2"",""socketLocalTransform"":{""position"":[0.0,0.0,0.0],""rotationDegrees"":[0.0,0.0,0.0],""scale"":[1.0,1.0,1.0]},""runtimeResolutionStatus"":""EXACT_SOURCE_BONE"",""sourceSelectorByteOffset"":392},""localTransform"":{""sourcePositionUeUnits"":[0.0,0.0,0.0],""position"":[0.0,0.0,-0.0],""rotationDegrees"":[0.0,0.0,-0.0],""scale"":[1.0,1.0,1.0]},""sourceTransformByteOffset"":407,""parameterOverridesDecoded"":true,""sourceParameterCountByteOffset"":499,""parameterOverrides"":[]}",969253,73908,True,SOURCE_ASSET_EXPLICIT
requested_core,MN_RPCT_07,4219939,쿠크세이튼_군단장 시그니쳐 스킬_공격,2,Att_Battle_28_05_Loop_A,action-4219939/stage-002/notify-008,PlayParticleEffect,0.09128399938344955,3.0753159523010254,True,,ParticleSystem:FX_MN_RPCT_07_V.Par_V_RPCT_Bazooka_mesh_01,"{""schema"":""lostark.cef-play-particle-effect-header"",""version"":2,""enabled"":true,""sourceByteOffset"":47,""sourceByteValue"":1,""particleDataDecoded"":true,""sourceParticleSystem"":""ParticleSystem'FX_MN_RPCT_07_V.Par_V_RPCT_Bazooka_mesh_01'"",""attachment"":{""mode"":""FOLLOW_NAMED_ANCHORS"",""sourceAnchorNames"":[""Bip002-R-Hand""],""runtimeAnchors"":[{""sourceAnchorName"":""Bip002-R-Hand"",""runtimeAnchorSlotId"":""Bip002-R-Hand"",""runtimeBoneName"":"""",""socketLocalTransform"":{""position"":[0.0,0.0,0.0],""rotationDegrees"":[0.0,0.0,0.0],""scale"":[1.0,1.0,1.0]},""resolutionStatus"":""MISSING_SOURCE_SOCKET""}],""runtimeAnchorSlotIds"":[""Bip002-R-Hand""],""runtimeAnchorSlotId"":""Bip002-R-Hand"",""runtimeBoneName"":"""",""socketLocalTransform"":{""position"":[0.0,0.0,0.0],""rotationDegrees"":[0.0,0.0,0.0],""scale"":[1.0,1.0,1.0]},""runtimeResolutionStatus"":""MISSING_SOURCE_SOCKET"",""sourceSelectorByteOffset"":383},""localTransform"":{""sourcePositionUeUnits"":[0.0,0.0,0.0],""position"":[0.0,0.0,-0.0],""rotationDegrees"":[0.0,0.0,-0.0],""scale"":[0.30000001192092896,0.30000001192092896,0.30000001192092896]},""sourceTransformByteOffset"":405,""parameterOverridesDecoded"":true,""sourceParameterCountByteOffset"":497,""parameterOverrides"":[]}",969856,73939,True,SOURCE_ASSET_EXPLICIT
requested_core,MN_RPCT_07,4219939,쿠크세이튼_군단장 시그니쳐 스킬_공격,2,Att_Battle_28_05_Loop_A,action-4219939/stage-002/notify-009,Effect,0.30000001192092896,0.30000001192092896,,421991212,,,970457,73969,True,TIMING_ONLY
requested_core,MN_RPCT_07,4219939,쿠크세이튼_군단장 시그니쳐 스킬_공격,2,Att_Battle_28_05_Loop_A,action-4219939/stage-002/notify-010,Effect,0.6000000238418579,0.30000001192092896,,421991212,,,970607,73988,True,TIMING_ONLY
requested_core,MN_RPCT_07,4219939,쿠크세이튼_군단장 시그니쳐 스킬_공격,2,Att_Battle_28_05_Loop_A,action-4219939/stage-002/notify-011,Effect,0.8999999761581421,0.30000001192092896,,421991212,,,970757,74007,True,TIMING_ONLY
requested_core,MN_RPCT_07,4219939,쿠크세이튼_군단장 시그니쳐 스킬_공격,2,Att_Battle_28_05_Loop_A,action-4219939/stage-002/notify-012,AKEvent,1.0,2.166599988937378,,,AkEvent:S_Mob_G_KoukuSatan1.G_KoukuSatan1_Attack23_Cast3,,970907,74026,True,SOURCE_ASSET_EXPLICIT
requested_core,MN_RPCT_07,4219939,쿠크세이튼_군단장 시그니쳐 스킬_공격,2,Att_Battle_28_05_Loop_A,action-4219939/stage-002/notify-013,PlayParticleEffect,1.0653070211410522,0.0,True,,ParticleSystem:fx_mn_rpct_07_v.Par_V_RPCT_BallRead_Exp_01_LOC_INT,"{""schema"":""lostark.cef-play-particle-effect-header"",""version"":2,""enabled"":true,""sourceByteOffset"":47,""sourceByteValue"":1,""particleDataDecoded"":true,""sourceParticleSystem"":""ParticleSystem'fx_mn_rpct_07_v.Par_V_RPCT_BallRead_Exp_01_LOC_INT'"",""attachment"":{""mode"":""FOLLOW_NAMED_ANCHORS"",""sourceAnchorNames"":[""Bip002-R-Hand""],""runtimeAnchors"":[{""sourceAnchorName"":""Bip002-R-Hand"",""runtimeAnchorSlotId"":""Bip002-R-Hand"",""runtimeBoneName"":"""",""socketLocalTransform"":{""position"":[0.0,0.0,0.0],""rotationDegrees"":[0.0,0.0,0.0],""scale"":[1.0,1.0,1.0]},""resolutionStatus"":""MISSING_SOURCE_SOCKET""}],""runtimeAnchorSlotIds"":[""Bip002-R-Hand""],""runtimeAnchorSlotId"":""Bip002-R-Hand"",""runtimeBoneName"":"""",""socketLocalTransform"":{""position"":[0.0,0.0,0.0],""rotationDegrees"":[0.0,0.0,0.0],""scale"":[1.0,1.0,1.0]},""runtimeResolutionStatus"":""MISSING_SOURCE_SOCKET"",""sourceSelectorByteOffset"":397},""localTransform"":{""sourcePositionUeUnits"":[0.0,0.0,0.0],""position"":[0.0,0.0,-0.0],""rotationDegrees"":[0.0,0.0,-0.0],""scale"":[0.4000000059604645,0.4000000059604645,0.4000000059604645]},""sourceTransformByteOffset"":419,""parameterOverridesDecoded"":true,""sourceParameterCountByteOffset"":511,""parameterOverrides"":[]}",971118,74055,True,SOURCE_ASSET_EXPLICIT
requested_core,MN_RPCT_07,4219939,쿠크세이튼_군단장 시그니쳐 스킬_공격,2,Att_Battle_28_05_Loop_A,action-4219939/stage-002/notify-014,PawnMaterialParam,1.0654710531234741,0.0,,,,,971733,74086,True,SOURCE_PARAMETERS_SERIALIZED
requested_core,MN_RPCT_07,4219939,쿠크세이튼_군단장 시그니쳐 스킬_공격,2,Att_Battle_28_05_Loop_A,action-4219939/stage-002/notify-015,PlayParticleEffect,1.097085952758789,0.0,True,,ParticleSystem:fx_mn_rpct_07_v.Par_V_RPCT_signalShot_01_LOC_INT,"{""schema"":""lostark.cef-play-particle-effect-header"",""version"":2,""enabled"":true,""sourceByteOffset"":47,""sourceByteValue"":1,""particleDataDecoded"":true,""sourceParticleSystem"":""ParticleSystem'fx_mn_rpct_07_v.Par_V_RPCT_signalShot_01_LOC_INT'"",""attachment"":{""mode"":""FOLLOW_NAMED_ANCHORS"",""sourceAnchorNames"":[""Bip002-R-Hand""],""runtimeAnchors"":[{""sourceAnchorName"":""Bip002-R-Hand"",""runtimeAnchorSlotId"":""Bip002-R-Hand"",""runtimeBoneName"":"""",""socketLocalTransform"":{""position"":[0.0,0.0,0.0],""rotationDegrees"":[0.0,0.0,0.0],""scale"":[1.0,1.0,1.0]},""resolutionStatus"":""MISSING_SOURCE_SOCKET""}],""runtimeAnchorSlotIds"":[""Bip002-R-Hand""],""runtimeAnchorSlotId"":""Bip002-R-Hand"",""runtimeBoneName"":"""",""socketLocalTransform"":{""position"":[0.0,0.0,0.0],""rotationDegrees"":[0.0,0.0,0.0],""scale"":[1.0,1.0,1.0]},""runtimeResolutionStatus"":""MISSING_SOURCE_SOCKET"",""sourceSelectorByteOffset"":394},""localTransform"":{""sourcePositionUeUnits"":[0.0,0.0,50.0],""position"":[0.0,0.5,-0.0],""rotationDegrees"":[0.0,0.0,-0.0],""scale"":[1.0,1.0,1.0]},""sourceTransformByteOffset"":416,""parameterOverridesDecoded"":true,""sourceParameterCountByteOffset"":508,""parameterOverrides"":[{""sourceIndex"":0,""name"":""Color"",""sourceTypeCode"":3,""sourceRecordByteOffset"":512,""type"":""vector"",""vectorValue"":[1.0,1.0,1.0],""sourceValueByteOffset"":534}]}",972161,74109,True,SOURCE_ASSET_EXPLICIT
requested_core,MN_RPCT_07,4219939,쿠크세이튼_군단장 시그니쳐 스킬_공격,2,Att_Battle_28_05_Loop_A,action-4219939/stage-002/notify-016,Effect,1.2000000476837158,0.30000001192092896,,421991212,,,972852,74141,True,TIMING_ONLY
requested_core,MN_RPCT_07,4219939,쿠크세이튼_군단장 시그니쳐 스킬_공격,2,Att_Battle_28_05_Loop_A,action-4219939/stage-002/notify-017,Effect,1.5,0.30000001192092896,,421991212,,,973002,74160,True,TIMING_ONLY
requested_core,MN_RPCT_07,4219939,쿠크세이튼_군단장 시그니쳐 스킬_공격,2,Att_Battle_28_05_Loop_A,action-4219939/stage-002/notify-018,Effect,1.7999999523162842,0.30000001192092896,,421991212,,,973152,74179,True,TIMING_ONLY
requested_core,MN_RPCT_07,4219939,쿠크세이튼_군단장 시그니쳐 스킬_공격,2,Att_Battle_28_05_Loop_A,action-4219939/stage-002/notify-019,Effect,2.0,0.10000000149011612,,421991217,,,973302,74198,True,TIMING_ONLY
requested_core,MN_RPCT_07,4219939,쿠크세이튼_군단장 시그니쳐 스킬_공격,2,Att_Battle_28_05_Loop_A,action-4219939/stage-002/notify-020,Effect,2.0999999046325684,0.30000001192092896,,421991212,,,973452,74217,True,TIMING_ONLY
requested_core,MN_RPCT_07,4219939,쿠크세이튼_군단장 시그니쳐 스킬_공격,2,Att_Battle_28_05_Loop_A,action-4219939/stage-002/notify-021,Effect,2.4000000953674316,0.30000001192092896,,421991212,,,973602,74236,True,TIMING_ONLY
requested_core,MN_RPCT_07,4219939,쿠크세이튼_군단장 시그니쳐 스킬_공격,2,Att_Battle_28_05_Loop_A,action-4219939/stage-002/notify-022,Effect,2.700000047683716,0.30000001192092896,,421991212,,,973752,74255,True,TIMING_ONLY
requested_core,MN_RPCT_07,4219939,쿠크세이튼_군단장 시그니쳐 스킬_공격,2,Att_Battle_28_05_Loop_A,action-4219939/stage-002/notify-023,MonsterMoveNextStage,3.059999942779541,0.0,,,,,973902,74274,True,TIMING_OR_STATE_ONLY
requested_core,MN_RPCT_07,4219939,쿠크세이튼_군단장 시그니쳐 스킬_공격,3,Att_Battle_28_05_Loop_B,action-4219939/stage-003/notify-000,Anim,0.0,3.1666669845581055,,,,,974750,74314,True,SOURCE_CLIP_EXPLICIT
requested_core,MN_RPCT_07,4219939,쿠크세이튼_군단장 시그니쳐 스킬_공격,3,Att_Battle_28_05_Loop_B,action-4219939/stage-003/notify-001,PlayParticleEffect,0.0,0.0,True,,ParticleSystem:fx_mn_rpct_07_v.Par_V_RPCT_Signature_01_1_LOC_INT,"{""schema"":""lostark.cef-play-particle-effect-header"",""version"":2,""enabled"":true,""sourceByteOffset"":47,""sourceByteValue"":1,""particleDataDecoded"":true,""sourceParticleSystem"":""ParticleSystem'fx_mn_rpct_07_v.Par_V_RPCT_Signature_01_1_LOC_INT'"",""attachment"":{""mode"":""FOLLOW_NAMED_ANCHORS"",""sourceAnchorNames"":[""B_WP_2""],""runtimeAnchors"":[{""sourceAnchorName"":""B_WP_2"",""runtimeAnchorSlotId"":""B_WP_2"",""runtimeBoneName"":""b_wp_2"",""socketLocalTransform"":{""position"":[0.0,0.0,0.0],""rotationDegrees"":[0.0,0.0,0.0],""scale"":[1.0,1.0,1.0]},""resolutionStatus"":""EXACT_SOURCE_BONE""}],""runtimeAnchorSlotIds"":[""B_WP_2""],""runtimeAnchorSlotId"":""B_WP_2"",""runtimeBoneName"":""b_wp_2"",""socketLocalTransform"":{""position"":[0.0,0.0,0.0],""rotationDegrees"":[0.0,0.0,0.0],""scale"":[1.0,1.0,1.0]},""runtimeResolutionStatus"":""EXACT_SOURCE_BONE"",""sourceSelectorByteOffset"":402},""localTransform"":{""sourcePositionUeUnits"":[150.0,0.0,50.0],""position"":[1.5,0.5,-0.0],""rotationDegrees"":[0.0,0.0,-0.0],""scale"":[3.0,3.0,3.0]},""sourceTransformByteOffset"":417,""parameterOverridesDecoded"":true,""sourceParameterCountByteOffset"":509,""parameterOverrides"":[{""sourceIndex"":0,""name"":""Color"",""sourceTypeCode"":3,""sourceRecordByteOffset"":513,""type"":""vector"",""vectorValue"":[1.0,1.0,1.0],""sourceValueByteOffset"":535},{""sourceIndex"":1,""name"":""Alpha"",""sourceTypeCode"":1,""sourceRecordByteOffset"":592,""type"":""scalar"",""scalarValue"":1.0,""sourceValueByteOffset"":606}]}",975056,74341,True,SOURCE_ASSET_EXPLICIT
requested_core,MN_RPCT_07,4219939,쿠크세이튼_군단장 시그니쳐 스킬_공격,3,Att_Battle_28_05_Loop_B,action-4219939/stage-003/notify-002,PlayParticleEffect,0.0,0.0,True,,ParticleSystem:fx_mn_rpct_07_v.Par_V_RPCT_Signature_01_1_LOC_INT,"{""schema"":""lostark.cef-play-particle-effect-header"",""version"":2,""enabled"":true,""sourceByteOffset"":47,""sourceByteValue"":1,""particleDataDecoded"":true,""sourceParticleSystem"":""ParticleSystem'fx_mn_rpct_07_v.Par_V_RPCT_Signature_01_1_LOC_INT'"",""attachment"":{""mode"":""FOLLOW_NAMED_ANCHORS"",""sourceAnchorNames"":[""B_WP_1""],""runtimeAnchors"":[{""sourceAnchorName"":""B_WP_1"",""runtimeAnchorSlotId"":""B_WP_1"",""runtimeBoneName"":""b_wp_1"",""socketLocalTransform"":{""position"":[0.0,0.0,0.0],""rotationDegrees"":[0.0,0.0,0.0],""scale"":[1.0,1.0,1.0]},""resolutionStatus"":""EXACT_SOURCE_BONE""}],""runtimeAnchorSlotIds"":[""B_WP_1""],""runtimeAnchorSlotId"":""B_WP_1"",""runtimeBoneName"":""b_wp_1"",""socketLocalTransform"":{""position"":[0.0,0.0,0.0],""rotationDegrees"":[0.0,0.0,0.0],""scale"":[1.0,1.0,1.0]},""runtimeResolutionStatus"":""EXACT_SOURCE_BONE"",""sourceSelectorByteOffset"":402},""localTransform"":{""sourcePositionUeUnits"":[150.0,0.0,50.0],""position"":[1.5,0.5,-0.0],""rotationDegrees"":[0.0,0.0,-0.0],""scale"":[3.0,3.0,3.0]},""sourceTransformByteOffset"":417,""parameterOverridesDecoded"":true,""sourceParameterCountByteOffset"":509,""parameterOverrides"":[{""sourceIndex"":0,""name"":""Color"",""sourceTypeCode"":3,""sourceRecordByteOffset"":513,""type"":""vector"",""vectorValue"":[1.0,1.0,1.0],""sourceValueByteOffset"":535},{""sourceIndex"":1,""name"":""Alpha"",""sourceTypeCode"":1,""sourceRecordByteOffset"":592,""type"":""scalar"",""scalarValue"":1.0,""sourceValueByteOffset"":606}]}",975827,74374,True,SOURCE_ASSET_EXPLICIT
requested_core,MN_RPCT_07,4219939,쿠크세이튼_군단장 시그니쳐 스킬_공격,3,Att_Battle_28_05_Loop_B,action-4219939/stage-003/notify-003,PlayParticleEffect,0.0,3.200000047683716,True,,ParticleSystem:FX_MN_RPCT_07_V.Par_V_RPCT_07_Bazooka_Loop,"{""schema"":""lostark.cef-play-particle-effect-header"",""version"":2,""enabled"":true,""sourceByteOffset"":47,""sourceByteValue"":1,""particleDataDecoded"":true,""sourceParticleSystem"":""ParticleSystem'FX_MN_RPCT_07_V.Par_V_RPCT_07_Bazooka_Loop'"",""attachment"":{""mode"":""FOLLOW_NAMED_ANCHORS"",""sourceAnchorNames"":[""B_WP_1""],""runtimeAnchors"":[{""sourceAnchorName"":""B_WP_1"",""runtimeAnchorSlotId"":""B_WP_1"",""runtimeBoneName"":""b_wp_1"",""socketLocalTransform"":{""position"":[0.0,0.0,0.0],""rotationDegrees"":[0.0,0.0,0.0],""scale"":[1.0,1.0,1.0]},""resolutionStatus"":""EXACT_SOURCE_BONE""}],""runtimeAnchorSlotIds"":[""B_WP_1""],""runtimeAnchorSlotId"":""B_WP_1"",""runtimeBoneName"":""b_wp_1"",""socketLocalTransform"":{""position"":[0.0,0.0,0.0],""rotationDegrees"":[0.0,0.0,0.0],""scale"":[1.0,1.0,1.0]},""runtimeResolutionStatus"":""EXACT_SOURCE_BONE"",""sourceSelectorByteOffset"":392},""localTransform"":{""sourcePositionUeUnits"":[0.0,0.0,0.0],""position"":[0.0,0.0,-0.0],""rotationDegrees"":[0.0,0.0,-0.0],""scale"":[1.0,1.0,1.0]},""sourceTransformByteOffset"":407,""parameterOverridesDecoded"":true,""sourceParameterCountByteOffset"":499,""parameterOverrides"":[]}",976598,74407,True,SOURCE_ASSET_EXPLICIT
requested_core,MN_RPCT_07,4219939,쿠크세이튼_군단장 시그니쳐 스킬_공격,3,Att_Battle_28_05_Loop_B,action-4219939/stage-003/notify-004,PlayParticleEffect,0.0,0.0,True,,ParticleSystem:FX_CM_02.Light.Par_MP_Light_01,"{""schema"":""lostark.cef-play-particle-effect-header"",""version"":2,""enabled"":true,""sourceByteOffset"":47,""sourceByteValue"":1,""particleDataDecoded"":true,""sourceParticleSystem"":""ParticleSystem'FX_CM_02.Light.Par_MP_Light_01'"",""attachment"":{""mode"":""SNAPSHOT_ROOT"",""sourceAnchorNames"":[],""runtimeAnchors"":[],""runtimeAnchorSlotIds"":[],""runtimeAnchorSlotId"":""root"",""runtimeBoneName"":"""",""socketLocalTransform"":{""position"":[0.0,0.0,0.0],""rotationDegrees"":[0.0,0.0,0.0],""scale"":[1.0,1.0,1.0]},""runtimeResolutionStatus"":""EXACT_ROOT_SNAPSHOT"",""sourceSelectorByteOffset"":null},""localTransform"":{""sourcePositionUeUnits"":[50.0,0.0,50.0],""position"":[0.5,0.5,-0.0],""rotationDegrees"":[0.0,0.0,-0.0],""scale"":[3.0,3.0,3.0]},""sourceTransformByteOffset"":389,""parameterOverridesDecoded"":true,""sourceParameterCountByteOffset"":477,""parameterOverrides"":[{""sourceIndex"":0,""name"":""Spawn"",""sourceTypeCode"":1,""sourceRecordByteOffset"":481,""type"":""scalar"",""scalarValue"":0.0,""sourceValueByteOffset"":495},{""sourceIndex"":1,""name"":""Lifetime"",""sourceTypeCode"":1,""sourceRecordByteOffset"":560,""type"":""scalar"",""scalarValue"":0.10000000149011612,""sourceValueByteOffset"":577},{""sourceIndex"":2,""name"":""Size"",""sourceTypeCode"":3,""sourceRecordByteOffset"":642,""type"":""vector"",""vectorValue"":[200.0,0.0,0.0],""sourceValueByteOffset"":663},{""sourceIndex"":3,""name"":""Color"",""sourceTypeCode"":3,""sourceRecordByteOffset"":720,""type"":""vector"",""vectorValue"":[3.0,2.0,1.0],""sourceValueByteOffset"":742},{""sourceIndex"":4,""name"":""Alpha"",""sourceTypeCode"":1,""sourceRecordByteOffset"":799,""type"":""scalar"",""scalarValue"":1.0,""sourceValueByteOffset"":813}]}",977201,74438,True,SOURCE_ASSET_EXPLICIT
requested_core,MN_RPCT_07,4219939,쿠크세이튼_군단장 시그니쳐 스킬_공격,3,Att_Battle_28_05_Loop_B,action-4219939/stage-003/notify-005,Effect,0.0,0.30000001192092896,,421991212,,,978179,74473,True,TIMING_ONLY
requested_core,MN_RPCT_07,4219939,쿠크세이튼_군단장 시그니쳐 스킬_공격,3,Att_Battle_28_05_Loop_B,action-4219939/stage-003/notify-006,AKEvent,0.0010000000474974513,3.1989998817443848,,,AkEvent:S_Mob_G_KoukuSatan1.G_KoukuSatan1_Attack23_Shot1,,978329,74492,True,SOURCE_ASSET_EXPLICIT
requested_core,MN_RPCT_07,4219939,쿠크세이튼_군단장 시그니쳐 스킬_공격,3,Att_Battle_28_05_Loop_B,action-4219939/stage-003/notify-007,PlayParticleEffect,0.0034119999036192894,3.1965880393981934,True,,ParticleSystem:FX_MN_RPCT_07_V.Par_V_RPCT_07_Bazooka_Loop,"{""schema"":""lostark.cef-play-particle-effect-header"",""version"":2,""enabled"":true,""sourceByteOffset"":47,""sourceByteValue"":1,""particleDataDecoded"":true,""sourceParticleSystem"":""ParticleSystem'FX_MN_RPCT_07_V.Par_V_RPCT_07_Bazooka_Loop'"",""attachment"":{""mode"":""FOLLOW_NAMED_ANCHORS"",""sourceAnchorNames"":[""B_WP_2""],""runtimeAnchors"":[{""sourceAnchorName"":""B_WP_2"",""runtimeAnchorSlotId"":""B_WP_2"",""runtimeBoneName"":""b_wp_2"",""socketLocalTransform"":{""position"":[0.0,0.0,0.0],""rotationDegrees"":[0.0,0.0,0.0],""scale"":[1.0,1.0,1.0]},""resolutionStatus"":""EXACT_SOURCE_BONE""}],""runtimeAnchorSlotIds"":[""B_WP_2""],""runtimeAnchorSlotId"":""B_WP_2"",""runtimeBoneName"":""b_wp_2"",""socketLocalTransform"":{""position"":[0.0,0.0,0.0],""rotationDegrees"":[0.0,0.0,0.0],""scale"":[1.0,1.0,1.0]},""runtimeResolutionStatus"":""EXACT_SOURCE_BONE"",""sourceSelectorByteOffset"":392},""localTransform"":{""sourcePositionUeUnits"":[0.0,0.0,0.0],""position"":[0.0,0.0,-0.0],""rotationDegrees"":[0.0,0.0,-0.0],""scale"":[1.0,1.0,1.0]},""sourceTransformByteOffset"":407,""parameterOverridesDecoded"":true,""sourceParameterCountByteOffset"":499,""parameterOverrides"":[]}",978540,74521,True,SOURCE_ASSET_EXPLICIT
requested_core,MN_RPCT_07,4219939,쿠크세이튼_군단장 시그니쳐 스킬_공격,3,Att_Battle_28_05_Loop_B,action-4219939/stage-003/notify-008,PlayParticleEffect,0.09128399938344955,3.1087160110473633,True,,ParticleSystem:FX_MN_RPCT_07_V.Par_V_RPCT_Bazooka_mesh_01,"{""schema"":""lostark.cef-play-particle-effect-header"",""version"":2,""enabled"":true,""sourceByteOffset"":47,""sourceByteValue"":1,""particleDataDecoded"":true,""sourceParticleSystem"":""ParticleSystem'FX_MN_RPCT_07_V.Par_V_RPCT_Bazooka_mesh_01'"",""attachment"":{""mode"":""FOLLOW_NAMED_ANCHORS"",""sourceAnchorNames"":[""Bip002-R-Hand""],""runtimeAnchors"":[{""sourceAnchorName"":""Bip002-R-Hand"",""runtimeAnchorSlotId"":""Bip002-R-Hand"",""runtimeBoneName"":"""",""socketLocalTransform"":{""position"":[0.0,0.0,0.0],""rotationDegrees"":[0.0,0.0,0.0],""scale"":[1.0,1.0,1.0]},""resolutionStatus"":""MISSING_SOURCE_SOCKET""}],""runtimeAnchorSlotIds"":[""Bip002-R-Hand""],""runtimeAnchorSlotId"":""Bip002-R-Hand"",""runtimeBoneName"":"""",""socketLocalTransform"":{""position"":[0.0,0.0,0.0],""rotationDegrees"":[0.0,0.0,0.0],""scale"":[1.0,1.0,1.0]},""runtimeResolutionStatus"":""MISSING_SOURCE_SOCKET"",""sourceSelectorByteOffset"":383},""localTransform"":{""sourcePositionUeUnits"":[0.0,0.0,0.0],""position"":[0.0,0.0,-0.0],""rotationDegrees"":[0.0,0.0,-0.0],""scale"":[0.30000001192092896,0.30000001192092896,0.30000001192092896]},""sourceTransformByteOffset"":405,""parameterOverridesDecoded"":true,""sourceParameterCountByteOffset"":497,""parameterOverrides"":[]}",979143,74552,True,SOURCE_ASSET_EXPLICIT
requested_core,MN_RPCT_07,4219939,쿠크세이튼_군단장 시그니쳐 스킬_공격,3,Att_Battle_28_05_Loop_B,action-4219939/stage-003/notify-009,Effect,0.30000001192092896,0.30000001192092896,,421991212,,,979744,74582,True,TIMING_ONLY
requested_core,MN_RPCT_07,4219939,쿠크세이튼_군단장 시그니쳐 스킬_공격,3,Att_Battle_28_05_Loop_B,action-4219939/stage-003/notify-010,Effect,0.6000000238418579,0.30000001192092896,,421991212,,,979894,74601,True,TIMING_ONLY
requested_core,MN_RPCT_07,4219939,쿠크세이튼_군단장 시그니쳐 스킬_공격,3,Att_Battle_28_05_Loop_B,action-4219939/stage-003/notify-011,Effect,0.8999999761581421,0.30000001192092896,,421991212,,,980044,74620,True,TIMING_ONLY
requested_core,MN_RPCT_07,4219939,쿠크세이튼_군단장 시그니쳐 스킬_공격,3,Att_Battle_28_05_Loop_B,action-4219939/stage-003/notify-012,AKEvent,1.0,2.200000047683716,,,AkEvent:S_Mob_G_KoukuSatan1.G_KoukuSatan1_Attack23_Cast3,,980194,74639,True,SOURCE_ASSET_EXPLICIT
requested_core,MN_RPCT_07,4219939,쿠크세이튼_군단장 시그니쳐 스킬_공격,3,Att_Battle_28_05_Loop_B,action-4219939/stage-003/notify-013,PlayParticleEffect,1.0653070211410522,0.0,True,,ParticleSystem:fx_mn_rpct_07_v.Par_V_RPCT_BallRead_Exp_01_LOC_INT,"{""schema"":""lostark.cef-play-particle-effect-header"",""version"":2,""enabled"":true,""sourceByteOffset"":47,""sourceByteValue"":1,""particleDataDecoded"":true,""sourceParticleSystem"":""ParticleSystem'fx_mn_rpct_07_v.Par_V_RPCT_BallRead_Exp_01_LOC_INT'"",""attachment"":{""mode"":""FOLLOW_NAMED_ANCHORS"",""sourceAnchorNames"":[""Bip002-R-Hand""],""runtimeAnchors"":[{""sourceAnchorName"":""Bip002-R-Hand"",""runtimeAnchorSlotId"":""Bip002-R-Hand"",""runtimeBoneName"":"""",""socketLocalTransform"":{""position"":[0.0,0.0,0.0],""rotationDegrees"":[0.0,0.0,0.0],""scale"":[1.0,1.0,1.0]},""resolutionStatus"":""MISSING_SOURCE_SOCKET""}],""runtimeAnchorSlotIds"":[""Bip002-R-Hand""],""runtimeAnchorSlotId"":""Bip002-R-Hand"",""runtimeBoneName"":"""",""socketLocalTransform"":{""position"":[0.0,0.0,0.0],""rotationDegrees"":[0.0,0.0,0.0],""scale"":[1.0,1.0,1.0]},""runtimeResolutionStatus"":""MISSING_SOURCE_SOCKET"",""sourceSelectorByteOffset"":397},""localTransform"":{""sourcePositionUeUnits"":[0.0,0.0,0.0],""position"":[0.0,0.0,-0.0],""rotationDegrees"":[0.0,0.0,-0.0],""scale"":[0.4000000059604645,0.4000000059604645,0.4000000059604645]},""sourceTransformByteOffset"":419,""parameterOverridesDecoded"":true,""sourceParameterCountByteOffset"":511,""parameterOverrides"":[]}",980405,74668,True,SOURCE_ASSET_EXPLICIT
requested_core,MN_RPCT_07,4219939,쿠크세이튼_군단장 시그니쳐 스킬_공격,3,Att_Battle_28_05_Loop_B,action-4219939/stage-003/notify-014,PawnMaterialParam,1.0654710531234741,0.0,,,,,981020,74699,True,SOURCE_PARAMETERS_SERIALIZED
requested_core,MN_RPCT_07,4219939,쿠크세이튼_군단장 시그니쳐 스킬_공격,3,Att_Battle_28_05_Loop_B,action-4219939/stage-003/notify-015,PlayParticleEffect,1.097085952758789,0.0,True,,ParticleSystem:fx_mn_rpct_07_v.Par_V_RPCT_signalShot_01_LOC_INT,"{""schema"":""lostark.cef-play-particle-effect-header"",""version"":2,""enabled"":true,""sourceByteOffset"":47,""sourceByteValue"":1,""particleDataDecoded"":true,""sourceParticleSystem"":""ParticleSystem'fx_mn_rpct_07_v.Par_V_RPCT_signalShot_01_LOC_INT'"",""attachment"":{""mode"":""FOLLOW_NAMED_ANCHORS"",""sourceAnchorNames"":[""Bip002-R-Hand""],""runtimeAnchors"":[{""sourceAnchorName"":""Bip002-R-Hand"",""runtimeAnchorSlotId"":""Bip002-R-Hand"",""runtimeBoneName"":"""",""socketLocalTransform"":{""position"":[0.0,0.0,0.0],""rotationDegrees"":[0.0,0.0,0.0],""scale"":[1.0,1.0,1.0]},""resolutionStatus"":""MISSING_SOURCE_SOCKET""}],""runtimeAnchorSlotIds"":[""Bip002-R-Hand""],""runtimeAnchorSlotId"":""Bip002-R-Hand"",""runtimeBoneName"":"""",""socketLocalTransform"":{""position"":[0.0,0.0,0.0],""rotationDegrees"":[0.0,0.0,0.0],""scale"":[1.0,1.0,1.0]},""runtimeResolutionStatus"":""MISSING_SOURCE_SOCKET"",""sourceSelectorByteOffset"":394},""localTransform"":{""sourcePositionUeUnits"":[0.0,0.0,50.0],""position"":[0.0,0.5,-0.0],""rotationDegrees"":[0.0,0.0,-0.0],""scale"":[1.0,1.0,1.0]},""sourceTransformByteOffset"":416,""parameterOverridesDecoded"":true,""sourceParameterCountByteOffset"":508,""parameterOverrides"":[{""sourceIndex"":0,""name"":""Color"",""sourceTypeCode"":3,""sourceRecordByteOffset"":512,""type"":""vector"",""vectorValue"":[1.0,1.0,1.0],""sourceValueByteOffset"":534}]}",981448,74722,True,SOURCE_ASSET_EXPLICIT
requested_core,MN_RPCT_07,4219939,쿠크세이튼_군단장 시그니쳐 스킬_공격,3,Att_Battle_28_05_Loop_B,action-4219939/stage-003/notify-016,Effect,1.2000000476837158,0.30000001192092896,,421991212,,,982139,74754,True,TIMING_ONLY
requested_core,MN_RPCT_07,4219939,쿠크세이튼_군단장 시그니쳐 스킬_공격,3,Att_Battle_28_05_Loop_B,action-4219939/stage-003/notify-017,Effect,1.5,0.30000001192092896,,421991212,,,982289,74773,True,TIMING_ONLY
requested_core,MN_RPCT_07,4219939,쿠크세이튼_군단장 시그니쳐 스킬_공격,3,Att_Battle_28_05_Loop_B,action-4219939/stage-003/notify-018,Effect,1.7999999523162842,0.30000001192092896,,421991212,,,982439,74792,True,TIMING_ONLY
requested_core,MN_RPCT_07,4219939,쿠크세이튼_군단장 시그니쳐 스킬_공격,3,Att_Battle_28_05_Loop_B,action-4219939/stage-003/notify-019,Effect,2.0,0.10000000149011612,,421991217,,,982589,74811,True,TIMING_ONLY
requested_core,MN_RPCT_07,4219939,쿠크세이튼_군단장 시그니쳐 스킬_공격,3,Att_Battle_28_05_Loop_B,action-4219939/stage-003/notify-020,Effect,2.0999999046325684,0.30000001192092896,,421991212,,,982739,74830,True,TIMING_ONLY
requested_core,MN_RPCT_07,4219939,쿠크세이튼_군단장 시그니쳐 스킬_공격,3,Att_Battle_28_05_Loop_B,action-4219939/stage-003/notify-021,Effect,2.4000000953674316,0.30000001192092896,,421991212,,,982889,74849,True,TIMING_ONLY
requested_core,MN_RPCT_07,4219939,쿠크세이튼_군단장 시그니쳐 스킬_공격,3,Att_Battle_28_05_Loop_B,action-4219939/stage-003/notify-022,Effect,2.700000047683716,0.30000001192092896,,421991212,,,983039,74868,True,TIMING_ONLY
requested_core,MN_RPCT_07,4219939,쿠크세이튼_군단장 시그니쳐 스킬_공격,3,Att_Battle_28_05_Loop_B,action-4219939/stage-003/notify-023,MonsterMoveNextStage,3.200000047683716,0.0,,,,,983189,74887,True,TIMING_OR_STATE_ONLY
requested_core,MN_RPCT_07,4219939,쿠크세이튼_군단장 시그니쳐 스킬_공격,4,Att_Battle_28_06,action-4219939/stage-004/notify-000,Anim,0.0,9.733333587646484,,,,,984037,74927,True,SOURCE_CLIP_EXPLICIT
requested_core,MN_RPCT_07,4219939,쿠크세이튼_군단장 시그니쳐 스킬_공격,4,Att_Battle_28_06,action-4219939/stage-004/notify-001,PlayParticleEffect,0.0,0.0,True,,ParticleSystem:fx_mn_rpct_07_v.Par_V_RPCT_Signature_01_1_LOC_INT,"{""schema"":""lostark.cef-play-particle-effect-header"",""version"":2,""enabled"":true,""sourceByteOffset"":47,""sourceByteValue"":1,""particleDataDecoded"":true,""sourceParticleSystem"":""ParticleSystem'fx_mn_rpct_07_v.Par_V_RPCT_Signature_01_1_LOC_INT'"",""attachment"":{""mode"":""FOLLOW_NAMED_ANCHORS"",""sourceAnchorNames"":[""B_WP_2""],""runtimeAnchors"":[{""sourceAnchorName"":""B_WP_2"",""runtimeAnchorSlotId"":""B_WP_2"",""runtimeBoneName"":""b_wp_2"",""socketLocalTransform"":{""position"":[0.0,0.0,0.0],""rotationDegrees"":[0.0,0.0,0.0],""scale"":[1.0,1.0,1.0]},""resolutionStatus"":""EXACT_SOURCE_BONE""}],""runtimeAnchorSlotIds"":[""B_WP_2""],""runtimeAnchorSlotId"":""B_WP_2"",""runtimeBoneName"":""b_wp_2"",""socketLocalTransform"":{""position"":[0.0,0.0,0.0],""rotationDegrees"":[0.0,0.0,0.0],""scale"":[1.0,1.0,1.0]},""runtimeResolutionStatus"":""EXACT_SOURCE_BONE"",""sourceSelectorByteOffset"":402},""localTransform"":{""sourcePositionUeUnits"":[150.0,0.0,50.0],""position"":[1.5,0.5,-0.0],""rotationDegrees"":[0.0,0.0,-0.0],""scale"":[3.0,3.0,3.0]},""sourceTransformByteOffset"":417,""parameterOverridesDecoded"":true,""sourceParameterCountByteOffset"":509,""parameterOverrides"":[{""sourceIndex"":0,""name"":""Color"",""sourceTypeCode"":3,""sourceRecordByteOffset"":513,""type"":""vector"",""vectorValue"":[1.0,1.0,1.0],""sourceValueByteOffset"":535},{""sourceIndex"":1,""name"":""Alpha"",""sourceTypeCode"":1,""sourceRecordByteOffset"":592,""type"":""scalar"",""scalarValue"":1.0,""sourceValueByteOffset"":606}]}",984329,74954,True,SOURCE_ASSET_EXPLICIT
requested_core,MN_RPCT_07,4219939,쿠크세이튼_군단장 시그니쳐 스킬_공격,4,Att_Battle_28_06,action-4219939/stage-004/notify-002,PlayParticleEffect,0.0,0.0,True,,ParticleSystem:fx_mn_rpct_07_v.Par_V_RPCT_Signature_01_1_LOC_INT,"{""schema"":""lostark.cef-play-particle-effect-header"",""version"":2,""enabled"":true,""sourceByteOffset"":47,""sourceByteValue"":1,""particleDataDecoded"":true,""sourceParticleSystem"":""ParticleSystem'fx_mn_rpct_07_v.Par_V_RPCT_Signature_01_1_LOC_INT'"",""attachment"":{""mode"":""FOLLOW_NAMED_ANCHORS"",""sourceAnchorNames"":[""B_WP_1""],""runtimeAnchors"":[{""sourceAnchorName"":""B_WP_1"",""runtimeAnchorSlotId"":""B_WP_1"",""runtimeBoneName"":""b_wp_1"",""socketLocalTransform"":{""position"":[0.0,0.0,0.0],""rotationDegrees"":[0.0,0.0,0.0],""scale"":[1.0,1.0,1.0]},""resolutionStatus"":""EXACT_SOURCE_BONE""}],""runtimeAnchorSlotIds"":[""B_WP_1""],""runtimeAnchorSlotId"":""B_WP_1"",""runtimeBoneName"":""b_wp_1"",""socketLocalTransform"":{""position"":[0.0,0.0,0.0],""rotationDegrees"":[0.0,0.0,0.0],""scale"":[1.0,1.0,1.0]},""runtimeResolutionStatus"":""EXACT_SOURCE_BONE"",""sourceSelectorByteOffset"":402},""localTransform"":{""sourcePositionUeUnits"":[150.0,0.0,50.0],""position"":[1.5,0.5,-0.0],""rotationDegrees"":[0.0,0.0,-0.0],""scale"":[3.0,3.0,3.0]},""sourceTransformByteOffset"":417,""parameterOverridesDecoded"":true,""sourceParameterCountByteOffset"":509,""parameterOverrides"":[{""sourceIndex"":0,""name"":""Color"",""sourceTypeCode"":3,""sourceRecordByteOffset"":513,""type"":""vector"",""vectorValue"":[1.0,1.0,1.0],""sourceValueByteOffset"":535},{""sourceIndex"":1,""name"":""Alpha"",""sourceTypeCode"":1,""sourceRecordByteOffset"":592,""type"":""scalar"",""scalarValue"":1.0,""sourceValueByteOffset"":606}]}",985100,74987,True,SOURCE_ASSET_EXPLICIT
requested_core,MN_RPCT_07,4219939,쿠크세이튼_군단장 시그니쳐 스킬_공격,4,Att_Battle_28_06,action-4219939/stage-004/notify-003,PlayParticleEffect,0.0,9.73330020904541,True,,ParticleSystem:FX_MN_RPCT_07_V.Par_V_RPCT_07_Bazooka_Loop,"{""schema"":""lostark.cef-play-particle-effect-header"",""version"":2,""enabled"":true,""sourceByteOffset"":47,""sourceByteValue"":1,""particleDataDecoded"":true,""sourceParticleSystem"":""ParticleSystem'FX_MN_RPCT_07_V.Par_V_RPCT_07_Bazooka_Loop'"",""attachment"":{""mode"":""FOLLOW_NAMED_ANCHORS"",""sourceAnchorNames"":[""B_WP_1""],""runtimeAnchors"":[{""sourceAnchorName"":""B_WP_1"",""runtimeAnchorSlotId"":""B_WP_1"",""runtimeBoneName"":""b_wp_1"",""socketLocalTransform"":{""position"":[0.0,0.0,0.0],""rotationDegrees"":[0.0,0.0,0.0],""scale"":[1.0,1.0,1.0]},""resolutionStatus"":""EXACT_SOURCE_BONE""}],""runtimeAnchorSlotIds"":[""B_WP_1""],""runtimeAnchorSlotId"":""B_WP_1"",""runtimeBoneName"":""b_wp_1"",""socketLocalTransform"":{""position"":[0.0,0.0,0.0],""rotationDegrees"":[0.0,0.0,0.0],""scale"":[1.0,1.0,1.0]},""runtimeResolutionStatus"":""EXACT_SOURCE_BONE"",""sourceSelectorByteOffset"":392},""localTransform"":{""sourcePositionUeUnits"":[0.0,0.0,0.0],""position"":[0.0,0.0,-0.0],""rotationDegrees"":[0.0,0.0,-0.0],""scale"":[1.0,1.0,1.0]},""sourceTransformByteOffset"":407,""parameterOverridesDecoded"":true,""sourceParameterCountByteOffset"":499,""parameterOverrides"":[]}",985871,75020,True,SOURCE_ASSET_EXPLICIT
requested_core,MN_RPCT_07,4219939,쿠크세이튼_군단장 시그니쳐 스킬_공격,4,Att_Battle_28_06,action-4219939/stage-004/notify-004,PlayParticleEffect,0.0,0.0,True,,ParticleSystem:FX_CM_02.Light.Par_MP_Light_01,"{""schema"":""lostark.cef-play-particle-effect-header"",""version"":2,""enabled"":true,""sourceByteOffset"":47,""sourceByteValue"":1,""particleDataDecoded"":true,""sourceParticleSystem"":""ParticleSystem'FX_CM_02.Light.Par_MP_Light_01'"",""attachment"":{""mode"":""SNAPSHOT_ROOT"",""sourceAnchorNames"":[],""runtimeAnchors"":[],""runtimeAnchorSlotIds"":[],""runtimeAnchorSlotId"":""root"",""runtimeBoneName"":"""",""socketLocalTransform"":{""position"":[0.0,0.0,0.0],""rotationDegrees"":[0.0,0.0,0.0],""scale"":[1.0,1.0,1.0]},""runtimeResolutionStatus"":""EXACT_ROOT_SNAPSHOT"",""sourceSelectorByteOffset"":null},""localTransform"":{""sourcePositionUeUnits"":[50.0,0.0,50.0],""position"":[0.5,0.5,-0.0],""rotationDegrees"":[0.0,0.0,-0.0],""scale"":[3.0,3.0,3.0]},""sourceTransformByteOffset"":389,""parameterOverridesDecoded"":true,""sourceParameterCountByteOffset"":477,""parameterOverrides"":[{""sourceIndex"":0,""name"":""Spawn"",""sourceTypeCode"":1,""sourceRecordByteOffset"":481,""type"":""scalar"",""scalarValue"":0.0,""sourceValueByteOffset"":495},{""sourceIndex"":1,""name"":""Lifetime"",""sourceTypeCode"":1,""sourceRecordByteOffset"":560,""type"":""scalar"",""scalarValue"":0.10000000149011612,""sourceValueByteOffset"":577},{""sourceIndex"":2,""name"":""Size"",""sourceTypeCode"":3,""sourceRecordByteOffset"":642,""type"":""vector"",""vectorValue"":[200.0,0.0,0.0],""sourceValueByteOffset"":663},{""sourceIndex"":3,""name"":""Color"",""sourceTypeCode"":3,""sourceRecordByteOffset"":720,""type"":""vector"",""vectorValue"":[3.0,2.0,1.0],""sourceValueByteOffset"":742},{""sourceIndex"":4,""name"":""Alpha"",""sourceTypeCode"":1,""sourceRecordByteOffset"":799,""type"":""scalar"",""scalarValue"":1.0,""sourceValueByteOffset"":813}]}",986474,75051,True,SOURCE_ASSET_EXPLICIT
requested_core,MN_RPCT_07,4219939,쿠크세이튼_군단장 시그니쳐 스킬_공격,4,Att_Battle_28_06,action-4219939/stage-004/notify-005,AKEvent,0.0010000000474974513,9.591655731201172,,,AkEvent:S_Mob_G_KoukuSatan1.G_KoukuSatan1_Attack23_Shot2,,987452,75086,True,SOURCE_ASSET_EXPLICIT
requested_core,MN_RPCT_07,4219939,쿠크세이튼_군단장 시그니쳐 스킬_공격,4,Att_Battle_28_06,action-4219939/stage-004/notify-006,PlayParticleEffect,0.003415999934077263,9.729884147644043,True,,ParticleSystem:FX_MN_RPCT_07_V.Par_V_RPCT_07_Bazooka_Loop,"{""schema"":""lostark.cef-play-particle-effect-header"",""version"":2,""enabled"":true,""sourceByteOffset"":47,""sourceByteValue"":1,""particleDataDecoded"":true,""sourceParticleSystem"":""ParticleSystem'FX_MN_RPCT_07_V.Par_V_RPCT_07_Bazooka_Loop'"",""attachment"":{""mode"":""FOLLOW_NAMED_ANCHORS"",""sourceAnchorNames"":[""B_WP_2""],""runtimeAnchors"":[{""sourceAnchorName"":""B_WP_2"",""runtimeAnchorSlotId"":""B_WP_2"",""runtimeBoneName"":""b_wp_2"",""socketLocalTransform"":{""position"":[0.0,0.0,0.0],""rotationDegrees"":[0.0,0.0,0.0],""scale"":[1.0,1.0,1.0]},""resolutionStatus"":""EXACT_SOURCE_BONE""}],""runtimeAnchorSlotIds"":[""B_WP_2""],""runtimeAnchorSlotId"":""B_WP_2"",""runtimeBoneName"":""b_wp_2"",""socketLocalTransform"":{""position"":[0.0,0.0,0.0],""rotationDegrees"":[0.0,0.0,0.0],""scale"":[1.0,1.0,1.0]},""runtimeResolutionStatus"":""EXACT_SOURCE_BONE"",""sourceSelectorByteOffset"":392},""localTransform"":{""sourcePositionUeUnits"":[0.0,0.0,0.0],""position"":[0.0,0.0,-0.0],""rotationDegrees"":[0.0,0.0,-0.0],""scale"":[1.0,1.0,1.0]},""sourceTransformByteOffset"":407,""parameterOverridesDecoded"":true,""sourceParameterCountByteOffset"":499,""parameterOverrides"":[]}",987663,75115,True,SOURCE_ASSET_EXPLICIT
requested_core,MN_RPCT_07,4219939,쿠크세이튼_군단장 시그니쳐 스킬_공격,4,Att_Battle_28_06,action-4219939/stage-004/notify-007,PlayParticleEffect,0.09128399938344955,9.64201545715332,True,,ParticleSystem:FX_MN_RPCT_07_V.Par_V_RPCT_Bazooka_mesh_01,"{""schema"":""lostark.cef-play-particle-effect-header"",""version"":2,""enabled"":true,""sourceByteOffset"":47,""sourceByteValue"":1,""particleDataDecoded"":true,""sourceParticleSystem"":""ParticleSystem'FX_MN_RPCT_07_V.Par_V_RPCT_Bazooka_mesh_01'"",""attachment"":{""mode"":""FOLLOW_NAMED_ANCHORS"",""sourceAnchorNames"":[""Bip002-R-Hand""],""runtimeAnchors"":[{""sourceAnchorName"":""Bip002-R-Hand"",""runtimeAnchorSlotId"":""Bip002-R-Hand"",""runtimeBoneName"":"""",""socketLocalTransform"":{""position"":[0.0,0.0,0.0],""rotationDegrees"":[0.0,0.0,0.0],""scale"":[1.0,1.0,1.0]},""resolutionStatus"":""MISSING_SOURCE_SOCKET""}],""runtimeAnchorSlotIds"":[""Bip002-R-Hand""],""runtimeAnchorSlotId"":""Bip002-R-Hand"",""runtimeBoneName"":"""",""socketLocalTransform"":{""position"":[0.0,0.0,0.0],""rotationDegrees"":[0.0,0.0,0.0],""scale"":[1.0,1.0,1.0]},""runtimeResolutionStatus"":""MISSING_SOURCE_SOCKET"",""sourceSelectorByteOffset"":390},""localTransform"":{""sourcePositionUeUnits"":[0.0,0.0,0.0],""position"":[0.0,0.0,-0.0],""rotationDegrees"":[0.0,0.0,-0.0],""scale"":[0.30000001192092896,0.30000001192092896,0.30000001192092896]},""sourceTransformByteOffset"":412,""parameterOverridesDecoded"":true,""sourceParameterCountByteOffset"":504,""parameterOverrides"":[]}",988266,75146,True,SOURCE_ASSET_EXPLICIT
requested_core,MN_RPCT_07,4219939,쿠크세이튼_군단장 시그니쳐 스킬_공격,4,Att_Battle_28_06,action-4219939/stage-004/notify-008,Effect,0.20000000298023224,0.30000001192092896,,421991211,,,988874,75176,True,TIMING_ONLY
requested_core,MN_RPCT_07,4219939,쿠크세이튼_군단장 시그니쳐 스킬_공격,4,Att_Battle_28_06,action-4219939/stage-004/notify-009,Effect,0.20000000298023224,0.30000001192092896,,421991211,,,989024,75195,True,TIMING_ONLY
requested_core,MN_RPCT_07,4219939,쿠크세이튼_군단장 시그니쳐 스킬_공격,4,Att_Battle_28_06,action-4219939/stage-004/notify-010,Effect,0.5,0.30000001192092896,,421991211,,,989174,75214,True,TIMING_ONLY
requested_core,MN_RPCT_07,4219939,쿠크세이튼_군단장 시그니쳐 스킬_공격,4,Att_Battle_28_06,action-4219939/stage-004/notify-011,Effect,0.5,0.30000001192092896,,421991211,,,989324,75233,True,TIMING_ONLY
requested_core,MN_RPCT_07,4219939,쿠크세이튼_군단장 시그니쳐 스킬_공격,4,Att_Battle_28_06,action-4219939/stage-004/notify-012,Effect,0.800000011920929,0.30000001192092896,,421991211,,,989474,75252,True,TIMING_ONLY
requested_core,MN_RPCT_07,4219939,쿠크세이튼_군단장 시그니쳐 스킬_공격,4,Att_Battle_28_06,action-4219939/stage-004/notify-013,Effect,0.800000011920929,0.30000001192092896,,421991211,,,989624,75271,True,TIMING_ONLY
requested_core,MN_RPCT_07,4219939,쿠크세이튼_군단장 시그니쳐 스킬_공격,4,Att_Battle_28_06,action-4219939/stage-004/notify-014,AKEvent,1.0,2.274988889694214,,,AkEvent:S_Mob_G_KoukuSatan1.G_KoukuSatan1_Attack23_Cast3,,989774,75290,True,SOURCE_ASSET_EXPLICIT
requested_core,MN_RPCT_07,4219939,쿠크세이튼_군단장 시그니쳐 스킬_공격,4,Att_Battle_28_06,action-4219939/stage-004/notify-015,PlayParticleEffect,1.0653070211410522,0.0,True,,ParticleSystem:fx_mn_rpct_07_v.Par_V_RPCT_BallRead_Exp_01_LOC_INT,"{""schema"":""lostark.cef-play-particle-effect-header"",""version"":2,""enabled"":true,""sourceByteOffset"":47,""sourceByteValue"":1,""particleDataDecoded"":true,""sourceParticleSystem"":""ParticleSystem'fx_mn_rpct_07_v.Par_V_RPCT_BallRead_Exp_01_LOC_INT'"",""attachment"":{""mode"":""FOLLOW_NAMED_ANCHORS"",""sourceAnchorNames"":[""Bip002-R-Hand""],""runtimeAnchors"":[{""sourceAnchorName"":""Bip002-R-Hand"",""runtimeAnchorSlotId"":""Bip002-R-Hand"",""runtimeBoneName"":"""",""socketLocalTransform"":{""position"":[0.0,0.0,0.0],""rotationDegrees"":[0.0,0.0,0.0],""scale"":[1.0,1.0,1.0]},""resolutionStatus"":""MISSING_SOURCE_SOCKET""}],""runtimeAnchorSlotIds"":[""Bip002-R-Hand""],""runtimeAnchorSlotId"":""Bip002-R-Hand"",""runtimeBoneName"":"""",""socketLocalTransform"":{""position"":[0.0,0.0,0.0],""rotationDegrees"":[0.0,0.0,0.0],""scale"":[1.0,1.0,1.0]},""runtimeResolutionStatus"":""MISSING_SOURCE_SOCKET"",""sourceSelectorByteOffset"":404},""localTransform"":{""sourcePositionUeUnits"":[0.0,0.0,0.0],""position"":[0.0,0.0,-0.0],""rotationDegrees"":[0.0,0.0,-0.0],""scale"":[0.4000000059604645,0.4000000059604645,0.4000000059604645]},""sourceTransformByteOffset"":426,""parameterOverridesDecoded"":true,""sourceParameterCountByteOffset"":518,""parameterOverrides"":[]}",989985,75319,True,SOURCE_ASSET_EXPLICIT
requested_core,MN_RPCT_07,4219939,쿠크세이튼_군단장 시그니쳐 스킬_공격,4,Att_Battle_28_06,action-4219939/stage-004/notify-016,PawnMaterialParam,1.0654710531234741,0.0,,,,,990607,75350,True,SOURCE_PARAMETERS_SERIALIZED
requested_core,MN_RPCT_07,4219939,쿠크세이튼_군단장 시그니쳐 스킬_공격,4,Att_Battle_28_06,action-4219939/stage-004/notify-017,PlayParticleEffect,1.097085952758789,0.0,True,,ParticleSystem:fx_mn_rpct_07_v.Par_V_RPCT_signalShot_01_LOC_INT,"{""schema"":""lostark.cef-play-particle-effect-header"",""version"":2,""enabled"":true,""sourceByteOffset"":47,""sourceByteValue"":1,""particleDataDecoded"":true,""sourceParticleSystem"":""ParticleSystem'fx_mn_rpct_07_v.Par_V_RPCT_signalShot_01_LOC_INT'"",""attachment"":{""mode"":""FOLLOW_NAMED_ANCHORS"",""sourceAnchorNames"":[""Bip002-R-Hand""],""runtimeAnchors"":[{""sourceAnchorName"":""Bip002-R-Hand"",""runtimeAnchorSlotId"":""Bip002-R-Hand"",""runtimeBoneName"":"""",""socketLocalTransform"":{""position"":[0.0,0.0,0.0],""rotationDegrees"":[0.0,0.0,0.0],""scale"":[1.0,1.0,1.0]},""resolutionStatus"":""MISSING_SOURCE_SOCKET""}],""runtimeAnchorSlotIds"":[""Bip002-R-Hand""],""runtimeAnchorSlotId"":""Bip002-R-Hand"",""runtimeBoneName"":"""",""socketLocalTransform"":{""position"":[0.0,0.0,0.0],""rotationDegrees"":[0.0,0.0,0.0],""scale"":[1.0,1.0,1.0]},""runtimeResolutionStatus"":""MISSING_SOURCE_SOCKET"",""sourceSelectorByteOffset"":401},""localTransform"":{""sourcePositionUeUnits"":[0.0,0.0,50.0],""position"":[0.0,0.5,-0.0],""rotationDegrees"":[0.0,0.0,-0.0],""scale"":[1.0,1.0,1.0]},""sourceTransformByteOffset"":423,""parameterOverridesDecoded"":true,""sourceParameterCountByteOffset"":515,""parameterOverrides"":[{""sourceIndex"":0,""name"":""Color"",""sourceTypeCode"":3,""sourceRecordByteOffset"":519,""type"":""vector"",""vectorValue"":[1.0,1.0,1.0],""sourceValueByteOffset"":541}]}",991042,75373,True,SOURCE_ASSET_EXPLICIT
requested_core,MN_RPCT_07,4219939,쿠크세이튼_군단장 시그니쳐 스킬_공격,4,Att_Battle_28_06,action-4219939/stage-004/notify-018,Effect,1.100000023841858,0.30000001192092896,,421991211,,,991740,75405,True,TIMING_ONLY
requested_core,MN_RPCT_07,4219939,쿠크세이튼_군단장 시그니쳐 스킬_공격,4,Att_Battle_28_06,action-4219939/stage-004/notify-019,Effect,1.100000023841858,0.30000001192092896,,421991211,,,991890,75424,True,TIMING_ONLY
requested_core,MN_RPCT_07,4219939,쿠크세이튼_군단장 시그니쳐 스킬_공격,4,Att_Battle_28_06,action-4219939/stage-004/notify-020,Effect,1.2999999523162842,0.10000000149011612,,421991221,,,992040,75443,True,TIMING_ONLY
requested_core,MN_RPCT_07,4219939,쿠크세이튼_군단장 시그니쳐 스킬_공격,4,Att_Battle_28_06,action-4219939/stage-004/notify-021,Effect,1.399999976158142,0.30000001192092896,,421991211,,,992190,75462,True,TIMING_ONLY
requested_core,MN_RPCT_07,4219939,쿠크세이튼_군단장 시그니쳐 스킬_공격,4,Att_Battle_28_06,action-4219939/stage-004/notify-022,Effect,1.399999976158142,0.30000001192092896,,421991211,,,992340,75481,True,TIMING_ONLY
requested_core,MN_RPCT_07,4219939,쿠크세이튼_군단장 시그니쳐 스킬_공격,4,Att_Battle_28_06,action-4219939/stage-004/notify-023,Effect,1.7000000476837158,0.30000001192092896,,421991211,,,992490,75500,True,TIMING_ONLY
requested_core,MN_RPCT_07,4219939,쿠크세이튼_군단장 시그니쳐 스킬_공격,4,Att_Battle_28_06,action-4219939/stage-004/notify-024,Effect,1.7000000476837158,0.30000001192092896,,421991211,,,992640,75519,True,TIMING_ONLY
requested_core,MN_RPCT_07,4219939,쿠크세이튼_군단장 시그니쳐 스킬_공격,4,Att_Battle_28_06,action-4219939/stage-004/notify-025,Effect,2.0,0.30000001192092896,,421991211,,,992790,75538,True,TIMING_ONLY
requested_core,MN_RPCT_07,4219939,쿠크세이튼_군단장 시그니쳐 스킬_공격,4,Att_Battle_28_06,action-4219939/stage-004/notify-026,Effect,2.0,0.30000001192092896,,421991211,,,992940,75557,True,TIMING_ONLY
requested_core,MN_RPCT_07,4219939,쿠크세이튼_군단장 시그니쳐 스킬_공격,4,Att_Battle_28_06,action-4219939/stage-004/notify-027,Effect,2.299999952316284,0.30000001192092896,,421991211,,,993090,75576,True,TIMING_ONLY
requested_core,MN_RPCT_07,4219939,쿠크세이튼_군단장 시그니쳐 스킬_공격,4,Att_Battle_28_06,action-4219939/stage-004/notify-028,Effect,2.299999952316284,0.30000001192092896,,421991211,,,993240,75595,True,TIMING_ONLY
requested_core,MN_RPCT_07,4219939,쿠크세이튼_군단장 시그니쳐 스킬_공격,4,Att_Battle_28_06,action-4219939/stage-004/notify-029,Effect,2.5999999046325684,0.30000001192092896,,421991211,,,993390,75614,True,TIMING_ONLY
requested_core,MN_RPCT_07,4219939,쿠크세이튼_군단장 시그니쳐 스킬_공격,4,Att_Battle_28_06,action-4219939/stage-004/notify-030,Effect,2.5999999046325684,0.30000001192092896,,421991211,,,993540,75633,True,TIMING_ONLY
requested_core,MN_RPCT_07,4219939,쿠크세이튼_군단장 시그니쳐 스킬_공격,4,Att_Battle_28_06,action-4219939/stage-004/notify-031,Effect,2.9000000953674316,0.30000001192092896,,421991211,,,993690,75652,True,TIMING_ONLY
requested_core,MN_RPCT_07,4219939,쿠크세이튼_군단장 시그니쳐 스킬_공격,4,Att_Battle_28_06,action-4219939/stage-004/notify-032,Effect,2.9000000953674316,0.30000001192092896,,421991211,,,993840,75671,True,TIMING_ONLY
requested_core,MN_RPCT_07,4219939,쿠크세이튼_군단장 시그니쳐 스킬_공격,4,Att_Battle_28_06,action-4219939/stage-004/notify-033,Effect,3.200000047683716,0.30000001192092896,,421991211,,,993990,75690,True,TIMING_ONLY
requested_core,MN_RPCT_07,4219939,쿠크세이튼_군단장 시그니쳐 스킬_공격,4,Att_Battle_28_06,action-4219939/stage-004/notify-034,Effect,3.200000047683716,0.30000001192092896,,421991211,,,994140,75709,True,TIMING_ONLY
requested_core,MN_RPCT_07,4219939,쿠크세이튼_군단장 시그니쳐 스킬_공격,4,Att_Battle_28_06,action-4219939/stage-004/notify-035,Effect,3.5,0.30000001192092896,,421991211,,,994290,75728,True,TIMING_ONLY
requested_core,MN_RPCT_07,4219939,쿠크세이튼_군단장 시그니쳐 스킬_공격,4,Att_Battle_28_06,action-4219939/stage-004/notify-036,Effect,3.5,0.30000001192092896,,421991211,,,994440,75747,True,TIMING_ONLY
requested_core,MN_RPCT_07,4219939,쿠크세이튼_군단장 시그니쳐 스킬_공격,4,Att_Battle_28_06,action-4219939/stage-004/notify-037,Effect,3.5,0.30000001192092896,,421991215,,,994590,75766,True,TIMING_ONLY
requested_core,MN_RPCT_07,4219939,쿠크세이튼_군단장 시그니쳐 스킬_공격,4,Att_Battle_28_06,action-4219939/stage-004/notify-038,Effect,3.5,0.30000001192092896,,421991215,,,994740,75785,True,TIMING_ONLY
requested_core,MN_RPCT_07,4219939,쿠크세이튼_군단장 시그니쳐 스킬_공격,4,Att_Battle_28_06,action-4219939/stage-004/notify-039,Effect,3.799999952316284,0.30000001192092896,,421991211,,,994890,75804,True,TIMING_ONLY
requested_core,MN_RPCT_07,4219939,쿠크세이튼_군단장 시그니쳐 스킬_공격,4,Att_Battle_28_06,action-4219939/stage-004/notify-040,Effect,3.799999952316284,0.30000001192092896,,421991211,,,995040,75823,True,TIMING_ONLY
requested_core,MN_RPCT_07,4219939,쿠크세이튼_군단장 시그니쳐 스킬_공격,4,Att_Battle_28_06,action-4219939/stage-004/notify-041,Effect,4.099999904632568,0.30000001192092896,,421991211,,,995190,75842,True,TIMING_ONLY
requested_core,MN_RPCT_07,4219939,쿠크세이튼_군단장 시그니쳐 스킬_공격,4,Att_Battle_28_06,action-4219939/stage-004/notify-042,Effect,4.099999904632568,0.30000001192092896,,421991211,,,995340,75861,True,TIMING_ONLY
requested_core,MN_RPCT_07,4219939,쿠크세이튼_군단장 시그니쳐 스킬_공격,4,Att_Battle_28_06,action-4219939/stage-004/notify-043,Effect,4.400000095367432,0.4000000059604645,,421991211,,,995490,75880,True,TIMING_ONLY
requested_core,MN_RPCT_07,4219939,쿠크세이튼_군단장 시그니쳐 스킬_공격,4,Att_Battle_28_06,action-4219939/stage-004/notify-044,Effect,4.400000095367432,0.4000000059604645,,421991211,,,995640,75899,True,TIMING_ONLY
requested_core,MN_RPCT_07,4219939,쿠크세이튼_군단장 시그니쳐 스킬_공격,4,Att_Battle_28_06,action-4219939/stage-004/notify-045,Effect,4.800000190734863,0.30000001192092896,,421991211,,,995790,75918,True,TIMING_ONLY
requested_core,MN_RPCT_07,4219939,쿠크세이튼_군단장 시그니쳐 스킬_공격,4,Att_Battle_28_06,action-4219939/stage-004/notify-046,Effect,4.800000190734863,0.30000001192092896,,421991211,,,995940,75937,True,TIMING_ONLY
requested_core,MN_RPCT_07,4219939,쿠크세이튼_군단장 시그니쳐 스킬_공격,4,Att_Battle_28_06,action-4219939/stage-004/notify-047,Effect,5.099999904632568,0.30000001192092896,,421991211,,,996090,75956,True,TIMING_ONLY
requested_core,MN_RPCT_07,4219939,쿠크세이튼_군단장 시그니쳐 스킬_공격,4,Att_Battle_28_06,action-4219939/stage-004/notify-048,Effect,5.099999904632568,0.30000001192092896,,421991211,,,996240,75975,True,TIMING_ONLY
requested_core,MN_RPCT_07,4219939,쿠크세이튼_군단장 시그니쳐 스킬_공격,4,Att_Battle_28_06,action-4219939/stage-004/notify-049,Effect,5.400000095367432,0.30000001192092896,,421991211,,,996390,75994,True,TIMING_ONLY
requested_core,MN_RPCT_07,4219939,쿠크세이튼_군단장 시그니쳐 스킬_공격,4,Att_Battle_28_06,action-4219939/stage-004/notify-050,Effect,5.400000095367432,0.30000001192092896,,421991211,,,996540,76013,True,TIMING_ONLY
requested_core,MN_RPCT_07,4219939,쿠크세이튼_군단장 시그니쳐 스킬_공격,4,Att_Battle_28_06,action-4219939/stage-004/notify-051,Effect,5.699999809265137,0.30000001192092896,,421991211,,,996690,76032,True,TIMING_ONLY
requested_core,MN_RPCT_07,4219939,쿠크세이튼_군단장 시그니쳐 스킬_공격,4,Att_Battle_28_06,action-4219939/stage-004/notify-052,Effect,5.699999809265137,0.30000001192092896,,421991211,,,996840,76051,True,TIMING_ONLY
requested_core,MN_RPCT_07,4219939,쿠크세이튼_군단장 시그니쳐 스킬_공격,4,Att_Battle_28_06,action-4219939/stage-004/notify-053,Effect,5.800000190734863,0.10000000149011612,,421991219,,,996990,76070,True,TIMING_ONLY
requested_core,MN_RPCT_07,4219939,쿠크세이튼_군단장 시그니쳐 스킬_공격,4,Att_Battle_28_06,action-4219939/stage-004/notify-054,Effect,6.0,0.30000001192092896,,421991211,,,997140,76089,True,TIMING_ONLY
requested_core,MN_RPCT_07,4219939,쿠크세이튼_군단장 시그니쳐 스킬_공격,4,Att_Battle_28_06,action-4219939/stage-004/notify-055,Effect,6.0,0.30000001192092896,,421991211,,,997290,76108,True,TIMING_ONLY
requested_core,MN_RPCT_07,4219939,쿠크세이튼_군단장 시그니쳐 스킬_공격,4,Att_Battle_28_06,action-4219939/stage-004/notify-056,Effect,6.300000190734863,0.30000001192092896,,421991211,,,997440,76127,True,TIMING_ONLY
requested_core,MN_RPCT_07,4219939,쿠크세이튼_군단장 시그니쳐 스킬_공격,4,Att_Battle_28_06,action-4219939/stage-004/notify-057,Effect,6.300000190734863,0.30000001192092896,,421991211,,,997590,76146,True,TIMING_ONLY
requested_core,MN_RPCT_07,4219939,쿠크세이튼_군단장 시그니쳐 스킬_공격,4,Att_Battle_28_06,action-4219939/stage-004/notify-058,Effect,6.599999904632568,0.20000000298023224,,421991211,,,997740,76165,True,TIMING_ONLY
requested_core,MN_RPCT_07,4219939,쿠크세이튼_군단장 시그니쳐 스킬_공격,4,Att_Battle_28_06,action-4219939/stage-004/notify-059,Effect,6.599999904632568,0.20000000298023224,,421991211,,,997890,76184,True,TIMING_ONLY
requested_core,MN_RPCT_07,4219939,쿠크세이튼_군단장 시그니쳐 스킬_공격,4,Att_Battle_28_06,action-4219939/stage-004/notify-060,Effect,6.630000114440918,0.0,,421991241,,,998040,76203,True,TIMING_ONLY
requested_core,MN_RPCT_07,4219939,쿠크세이튼_군단장 시그니쳐 스킬_공격,4,Att_Battle_28_06,action-4219939/stage-004/notify-061,Effect,6.800000190734863,0.20000000298023224,,421991211,,,998190,76222,True,TIMING_ONLY
requested_core,MN_RPCT_07,4219939,쿠크세이튼_군단장 시그니쳐 스킬_공격,4,Att_Battle_28_06,action-4219939/stage-004/notify-062,Effect,6.800000190734863,0.20000000298023224,,421991211,,,998340,76241,True,TIMING_ONLY
requested_core,MN_RPCT_07,4219939,쿠크세이튼_군단장 시그니쳐 스킬_공격,4,Att_Battle_28_06,action-4219939/stage-004/notify-063,Effect,7.0,0.20000000298023224,,421991211,,,998490,76260,True,TIMING_ONLY
requested_core,MN_RPCT_07,4219939,쿠크세이튼_군단장 시그니쳐 스킬_공격,4,Att_Battle_28_06,action-4219939/stage-004/notify-064,Effect,7.0,0.20000000298023224,,421991211,,,998640,76279,True,TIMING_ONLY
requested_core,MN_RPCT_07,4219939,쿠크세이튼_군단장 시그니쳐 스킬_공격,4,Att_Battle_28_06,action-4219939/stage-004/notify-065,Effect,7.199999809265137,0.20000000298023224,,421991211,,,998790,76298,True,TIMING_ONLY
requested_core,MN_RPCT_07,4219939,쿠크세이튼_군단장 시그니쳐 스킬_공격,4,Att_Battle_28_06,action-4219939/stage-004/notify-066,Effect,7.199999809265137,0.20000000298023224,,421991211,,,998940,76317,True,TIMING_ONLY
requested_core,MN_RPCT_07,4219939,쿠크세이튼_군단장 시그니쳐 스킬_공격,4,Att_Battle_28_06,action-4219939/stage-004/notify-067,Effect,7.400000095367432,0.20000000298023224,,421991211,,,999090,76336,True,TIMING_ONLY
requested_core,MN_RPCT_07,4219939,쿠크세이튼_군단장 시그니쳐 스킬_공격,4,Att_Battle_28_06,action-4219939/stage-004/notify-068,Effect,7.400000095367432,0.20000000298023224,,421991211,,,999240,76355,True,TIMING_ONLY
requested_core,MN_RPCT_07,4219939,쿠크세이튼_군단장 시그니쳐 스킬_공격,4,Att_Battle_28_06,action-4219939/stage-004/notify-069,Effect,7.599999904632568,0.20000000298023224,,421991211,,,999390,76374,True,TIMING_ONLY
requested_core,MN_RPCT_07,4219939,쿠크세이튼_군단장 시그니쳐 스킬_공격,4,Att_Battle_28_06,action-4219939/stage-004/notify-070,Effect,7.599999904632568,0.20000000298023224,,421991211,,,999540,76393,True,TIMING_ONLY
requested_core,MN_RPCT_07,4219939,쿠크세이튼_군단장 시그니쳐 스킬_공격,4,Att_Battle_28_06,action-4219939/stage-004/notify-071,Effect,7.800000190734863,0.20000000298023224,,421991211,,,999690,76412,True,TIMING_ONLY
requested_core,MN_RPCT_07,4219939,쿠크세이튼_군단장 시그니쳐 스킬_공격,4,Att_Battle_28_06,action-4219939/stage-004/notify-072,Effect,7.800000190734863,0.20000000298023224,,421991211,,,999840,76431,True,TIMING_ONLY
requested_core,MN_RPCT_07,4219939,쿠크세이튼_군단장 시그니쳐 스킬_공격,4,Att_Battle_28_06,action-4219939/stage-004/notify-073,AKEvent,8.390000343322754,1.3432999849319458,,,AkEvent:S_Mob_G_KoukuSatan1.G_KoukuSatan1_Attack23_Cast2,,999990,76450,True,SOURCE_ASSET_EXPLICIT
requested_core,MN_RPCT_07,4219939,쿠크세이튼_군단장 시그니쳐 스킬_공격,4,Att_Battle_28_06,action-4219939/stage-004/notify-074,MonsterMoveNextStageConditionChangeTarget,9.630000114440918,0.0,,,,,1000201,76479,True,TIMING_OR_STATE_ONLY
requested_core,MN_RPCT_07,4219939,쿠크세이튼_군단장 시그니쳐 스킬_공격,5,Att_battle_28_07,action-4219939/stage-005/notify-000,Anim,0.0,9.733333587646484,,,,,1002178,76519,True,SOURCE_CLIP_EXPLICIT
requested_core,MN_RPCT_07,4219939,쿠크세이튼_군단장 시그니쳐 스킬_공격,5,Att_battle_28_07,action-4219939/stage-005/notify-001,PlayParticleEffect,0.0,0.0,True,,ParticleSystem:fx_mn_rpct_07_v.Par_V_RPCT_Signature_01_1_LOC_INT,"{""schema"":""lostark.cef-play-particle-effect-header"",""version"":2,""enabled"":true,""sourceByteOffset"":47,""sourceByteValue"":1,""particleDataDecoded"":true,""sourceParticleSystem"":""ParticleSystem'fx_mn_rpct_07_v.Par_V_RPCT_Signature_01_1_LOC_INT'"",""attachment"":{""mode"":""FOLLOW_NAMED_ANCHORS"",""sourceAnchorNames"":[""B_WP_2""],""runtimeAnchors"":[{""sourceAnchorName"":""B_WP_2"",""runtimeAnchorSlotId"":""B_WP_2"",""runtimeBoneName"":""b_wp_2"",""socketLocalTransform"":{""position"":[0.0,0.0,0.0],""rotationDegrees"":[0.0,0.0,0.0],""scale"":[1.0,1.0,1.0]},""resolutionStatus"":""EXACT_SOURCE_BONE""}],""runtimeAnchorSlotIds"":[""B_WP_2""],""runtimeAnchorSlotId"":""B_WP_2"",""runtimeBoneName"":""b_wp_2"",""socketLocalTransform"":{""position"":[0.0,0.0,0.0],""rotationDegrees"":[0.0,0.0,0.0],""scale"":[1.0,1.0,1.0]},""runtimeResolutionStatus"":""EXACT_SOURCE_BONE"",""sourceSelectorByteOffset"":402},""localTransform"":{""sourcePositionUeUnits"":[150.0,0.0,50.0],""position"":[1.5,0.5,-0.0],""rotationDegrees"":[0.0,0.0,-0.0],""scale"":[3.0,3.0,3.0]},""sourceTransformByteOffset"":417,""parameterOverridesDecoded"":true,""sourceParameterCountByteOffset"":509,""parameterOverrides"":[{""sourceIndex"":0,""name"":""Color"",""sourceTypeCode"":3,""sourceRecordByteOffset"":513,""type"":""vector"",""vectorValue"":[1.0,1.0,1.0],""sourceValueByteOffset"":535},{""sourceIndex"":1,""name"":""Alpha"",""sourceTypeCode"":1,""sourceRecordByteOffset"":592,""type"":""scalar"",""scalarValue"":1.0,""sourceValueByteOffset"":606}]}",1002470,76546,True,SOURCE_ASSET_EXPLICIT
requested_core,MN_RPCT_07,4219939,쿠크세이튼_군단장 시그니쳐 스킬_공격,5,Att_battle_28_07,action-4219939/stage-005/notify-002,PlayParticleEffect,0.0,0.0,True,,ParticleSystem:fx_mn_rpct_07_v.Par_V_RPCT_Signature_01_1_LOC_INT,"{""schema"":""lostark.cef-play-particle-effect-header"",""version"":2,""enabled"":true,""sourceByteOffset"":47,""sourceByteValue"":1,""particleDataDecoded"":true,""sourceParticleSystem"":""ParticleSystem'fx_mn_rpct_07_v.Par_V_RPCT_Signature_01_1_LOC_INT'"",""attachment"":{""mode"":""FOLLOW_NAMED_ANCHORS"",""sourceAnchorNames"":[""B_WP_1""],""runtimeAnchors"":[{""sourceAnchorName"":""B_WP_1"",""runtimeAnchorSlotId"":""B_WP_1"",""runtimeBoneName"":""b_wp_1"",""socketLocalTransform"":{""position"":[0.0,0.0,0.0],""rotationDegrees"":[0.0,0.0,0.0],""scale"":[1.0,1.0,1.0]},""resolutionStatus"":""EXACT_SOURCE_BONE""}],""runtimeAnchorSlotIds"":[""B_WP_1""],""runtimeAnchorSlotId"":""B_WP_1"",""runtimeBoneName"":""b_wp_1"",""socketLocalTransform"":{""position"":[0.0,0.0,0.0],""rotationDegrees"":[0.0,0.0,0.0],""scale"":[1.0,1.0,1.0]},""runtimeResolutionStatus"":""EXACT_SOURCE_BONE"",""sourceSelectorByteOffset"":402},""localTransform"":{""sourcePositionUeUnits"":[150.0,0.0,50.0],""position"":[1.5,0.5,-0.0],""rotationDegrees"":[0.0,0.0,-0.0],""scale"":[3.0,3.0,3.0]},""sourceTransformByteOffset"":417,""parameterOverridesDecoded"":true,""sourceParameterCountByteOffset"":509,""parameterOverrides"":[{""sourceIndex"":0,""name"":""Color"",""sourceTypeCode"":3,""sourceRecordByteOffset"":513,""type"":""vector"",""vectorValue"":[1.0,1.0,1.0],""sourceValueByteOffset"":535},{""sourceIndex"":1,""name"":""Alpha"",""sourceTypeCode"":1,""sourceRecordByteOffset"":592,""type"":""scalar"",""scalarValue"":1.0,""sourceValueByteOffset"":606}]}",1003241,76579,True,SOURCE_ASSET_EXPLICIT
requested_core,MN_RPCT_07,4219939,쿠크세이튼_군단장 시그니쳐 스킬_공격,5,Att_battle_28_07,action-4219939/stage-005/notify-003,PlayParticleEffect,0.0,9.73330020904541,True,,ParticleSystem:FX_MN_RPCT_07_V.Par_V_RPCT_07_Bazooka_Loop,"{""schema"":""lostark.cef-play-particle-effect-header"",""version"":2,""enabled"":true,""sourceByteOffset"":47,""sourceByteValue"":1,""particleDataDecoded"":true,""sourceParticleSystem"":""ParticleSystem'FX_MN_RPCT_07_V.Par_V_RPCT_07_Bazooka_Loop'"",""attachment"":{""mode"":""FOLLOW_NAMED_ANCHORS"",""sourceAnchorNames"":[""B_WP_1""],""runtimeAnchors"":[{""sourceAnchorName"":""B_WP_1"",""runtimeAnchorSlotId"":""B_WP_1"",""runtimeBoneName"":""b_wp_1"",""socketLocalTransform"":{""position"":[0.0,0.0,0.0],""rotationDegrees"":[0.0,0.0,0.0],""scale"":[1.0,1.0,1.0]},""resolutionStatus"":""EXACT_SOURCE_BONE""}],""runtimeAnchorSlotIds"":[""B_WP_1""],""runtimeAnchorSlotId"":""B_WP_1"",""runtimeBoneName"":""b_wp_1"",""socketLocalTransform"":{""position"":[0.0,0.0,0.0],""rotationDegrees"":[0.0,0.0,0.0],""scale"":[1.0,1.0,1.0]},""runtimeResolutionStatus"":""EXACT_SOURCE_BONE"",""sourceSelectorByteOffset"":392},""localTransform"":{""sourcePositionUeUnits"":[0.0,0.0,0.0],""position"":[0.0,0.0,-0.0],""rotationDegrees"":[0.0,0.0,-0.0],""scale"":[1.0,1.0,1.0]},""sourceTransformByteOffset"":407,""parameterOverridesDecoded"":true,""sourceParameterCountByteOffset"":499,""parameterOverrides"":[]}",1004012,76612,True,SOURCE_ASSET_EXPLICIT
requested_core,MN_RPCT_07,4219939,쿠크세이튼_군단장 시그니쳐 스킬_공격,5,Att_battle_28_07,action-4219939/stage-005/notify-004,PlayParticleEffect,0.0,0.0,True,,ParticleSystem:FX_CM_02.Light.Par_MP_Light_01,"{""schema"":""lostark.cef-play-particle-effect-header"",""version"":2,""enabled"":true,""sourceByteOffset"":47,""sourceByteValue"":1,""particleDataDecoded"":true,""sourceParticleSystem"":""ParticleSystem'FX_CM_02.Light.Par_MP_Light_01'"",""attachment"":{""mode"":""SNAPSHOT_ROOT"",""sourceAnchorNames"":[],""runtimeAnchors"":[],""runtimeAnchorSlotIds"":[],""runtimeAnchorSlotId"":""root"",""runtimeBoneName"":"""",""socketLocalTransform"":{""position"":[0.0,0.0,0.0],""rotationDegrees"":[0.0,0.0,0.0],""scale"":[1.0,1.0,1.0]},""runtimeResolutionStatus"":""EXACT_ROOT_SNAPSHOT"",""sourceSelectorByteOffset"":null},""localTransform"":{""sourcePositionUeUnits"":[50.0,0.0,50.0],""position"":[0.5,0.5,-0.0],""rotationDegrees"":[0.0,0.0,-0.0],""scale"":[3.0,3.0,3.0]},""sourceTransformByteOffset"":389,""parameterOverridesDecoded"":true,""sourceParameterCountByteOffset"":477,""parameterOverrides"":[{""sourceIndex"":0,""name"":""Spawn"",""sourceTypeCode"":1,""sourceRecordByteOffset"":481,""type"":""scalar"",""scalarValue"":0.0,""sourceValueByteOffset"":495},{""sourceIndex"":1,""name"":""Lifetime"",""sourceTypeCode"":1,""sourceRecordByteOffset"":560,""type"":""scalar"",""scalarValue"":0.10000000149011612,""sourceValueByteOffset"":577},{""sourceIndex"":2,""name"":""Size"",""sourceTypeCode"":3,""sourceRecordByteOffset"":642,""type"":""vector"",""vectorValue"":[200.0,0.0,0.0],""sourceValueByteOffset"":663},{""sourceIndex"":3,""name"":""Color"",""sourceTypeCode"":3,""sourceRecordByteOffset"":720,""type"":""vector"",""vectorValue"":[3.0,2.0,1.0],""sourceValueByteOffset"":742},{""sourceIndex"":4,""name"":""Alpha"",""sourceTypeCode"":1,""sourceRecordByteOffset"":799,""type"":""scalar"",""scalarValue"":1.0,""sourceValueByteOffset"":813}]}",1004615,76643,True,SOURCE_ASSET_EXPLICIT
requested_core,MN_RPCT_07,4219939,쿠크세이튼_군단장 시그니쳐 스킬_공격,5,Att_battle_28_07,action-4219939/stage-005/notify-005,AKEvent,0.0010000000474974513,9.591655731201172,,,AkEvent:S_Mob_G_KoukuSatan1.G_KoukuSatan1_Attack23_Shot2,,1005593,76678,True,SOURCE_ASSET_EXPLICIT
requested_core,MN_RPCT_07,4219939,쿠크세이튼_군단장 시그니쳐 스킬_공격,5,Att_battle_28_07,action-4219939/stage-005/notify-006,PlayParticleEffect,0.003415999934077263,9.729884147644043,True,,ParticleSystem:FX_MN_RPCT_07_V.Par_V_RPCT_07_Bazooka_Loop,"{""schema"":""lostark.cef-play-particle-effect-header"",""version"":2,""enabled"":true,""sourceByteOffset"":47,""sourceByteValue"":1,""particleDataDecoded"":true,""sourceParticleSystem"":""ParticleSystem'FX_MN_RPCT_07_V.Par_V_RPCT_07_Bazooka_Loop'"",""attachment"":{""mode"":""FOLLOW_NAMED_ANCHORS"",""sourceAnchorNames"":[""B_WP_2""],""runtimeAnchors"":[{""sourceAnchorName"":""B_WP_2"",""runtimeAnchorSlotId"":""B_WP_2"",""runtimeBoneName"":""b_wp_2"",""socketLocalTransform"":{""position"":[0.0,0.0,0.0],""rotationDegrees"":[0.0,0.0,0.0],""scale"":[1.0,1.0,1.0]},""resolutionStatus"":""EXACT_SOURCE_BONE""}],""runtimeAnchorSlotIds"":[""B_WP_2""],""runtimeAnchorSlotId"":""B_WP_2"",""runtimeBoneName"":""b_wp_2"",""socketLocalTransform"":{""position"":[0.0,0.0,0.0],""rotationDegrees"":[0.0,0.0,0.0],""scale"":[1.0,1.0,1.0]},""runtimeResolutionStatus"":""EXACT_SOURCE_BONE"",""sourceSelectorByteOffset"":392},""localTransform"":{""sourcePositionUeUnits"":[0.0,0.0,0.0],""position"":[0.0,0.0,-0.0],""rotationDegrees"":[0.0,0.0,-0.0],""scale"":[1.0,1.0,1.0]},""sourceTransformByteOffset"":407,""parameterOverridesDecoded"":true,""sourceParameterCountByteOffset"":499,""parameterOverrides"":[]}",1005804,76707,True,SOURCE_ASSET_EXPLICIT
requested_core,MN_RPCT_07,4219939,쿠크세이튼_군단장 시그니쳐 스킬_공격,5,Att_battle_28_07,action-4219939/stage-005/notify-007,PlayParticleEffect,0.09128399938344955,9.64201545715332,True,,ParticleSystem:FX_MN_RPCT_07_V.Par_V_RPCT_Bazooka_mesh_01,"{""schema"":""lostark.cef-play-particle-effect-header"",""version"":2,""enabled"":true,""sourceByteOffset"":47,""sourceByteValue"":1,""particleDataDecoded"":true,""sourceParticleSystem"":""ParticleSystem'FX_MN_RPCT_07_V.Par_V_RPCT_Bazooka_mesh_01'"",""attachment"":{""mode"":""FOLLOW_NAMED_ANCHORS"",""sourceAnchorNames"":[""Bip002-R-Hand""],""runtimeAnchors"":[{""sourceAnchorName"":""Bip002-R-Hand"",""runtimeAnchorSlotId"":""Bip002-R-Hand"",""runtimeBoneName"":"""",""socketLocalTransform"":{""position"":[0.0,0.0,0.0],""rotationDegrees"":[0.0,0.0,0.0],""scale"":[1.0,1.0,1.0]},""resolutionStatus"":""MISSING_SOURCE_SOCKET""}],""runtimeAnchorSlotIds"":[""Bip002-R-Hand""],""runtimeAnchorSlotId"":""Bip002-R-Hand"",""runtimeBoneName"":"""",""socketLocalTransform"":{""position"":[0.0,0.0,0.0],""rotationDegrees"":[0.0,0.0,0.0],""scale"":[1.0,1.0,1.0]},""runtimeResolutionStatus"":""MISSING_SOURCE_SOCKET"",""sourceSelectorByteOffset"":383},""localTransform"":{""sourcePositionUeUnits"":[0.0,0.0,0.0],""position"":[0.0,0.0,-0.0],""rotationDegrees"":[0.0,0.0,-0.0],""scale"":[0.30000001192092896,0.30000001192092896,0.30000001192092896]},""sourceTransformByteOffset"":405,""parameterOverridesDecoded"":true,""sourceParameterCountByteOffset"":497,""parameterOverrides"":[]}",1006407,76738,True,SOURCE_ASSET_EXPLICIT
requested_core,MN_RPCT_07,4219939,쿠크세이튼_군단장 시그니쳐 스킬_공격,5,Att_battle_28_07,action-4219939/stage-005/notify-008,Effect,0.20000000298023224,0.30000001192092896,,421991211,,,1007008,76768,True,TIMING_ONLY
requested_core,MN_RPCT_07,4219939,쿠크세이튼_군단장 시그니쳐 스킬_공격,5,Att_battle_28_07,action-4219939/stage-005/notify-009,Effect,0.20000000298023224,0.30000001192092896,,421991211,,,1007158,76787,True,TIMING_ONLY
requested_core,MN_RPCT_07,4219939,쿠크세이튼_군단장 시그니쳐 스킬_공격,5,Att_battle_28_07,action-4219939/stage-005/notify-010,Effect,0.5,0.30000001192092896,,421991211,,,1007308,76806,True,TIMING_ONLY
requested_core,MN_RPCT_07,4219939,쿠크세이튼_군단장 시그니쳐 스킬_공격,5,Att_battle_28_07,action-4219939/stage-005/notify-011,Effect,0.5,0.30000001192092896,,421991211,,,1007458,76825,True,TIMING_ONLY
requested_core,MN_RPCT_07,4219939,쿠크세이튼_군단장 시그니쳐 스킬_공격,5,Att_battle_28_07,action-4219939/stage-005/notify-012,Effect,0.800000011920929,0.30000001192092896,,421991211,,,1007608,76844,True,TIMING_ONLY
requested_core,MN_RPCT_07,4219939,쿠크세이튼_군단장 시그니쳐 스킬_공격,5,Att_battle_28_07,action-4219939/stage-005/notify-013,Effect,0.800000011920929,0.30000001192092896,,421991211,,,1007758,76863,True,TIMING_ONLY
requested_core,MN_RPCT_07,4219939,쿠크세이튼_군단장 시그니쳐 스킬_공격,5,Att_battle_28_07,action-4219939/stage-005/notify-014,AKEvent,1.0,2.2750110626220703,,,AkEvent:S_Mob_G_KoukuSatan1.G_KoukuSatan1_Attack23_Cast3,,1007908,76882,True,SOURCE_ASSET_EXPLICIT
requested_core,MN_RPCT_07,4219939,쿠크세이튼_군단장 시그니쳐 스킬_공격,5,Att_battle_28_07,action-4219939/stage-005/notify-015,PlayParticleEffect,1.0653070211410522,0.0,True,,ParticleSystem:fx_mn_rpct_07_v.Par_V_RPCT_BallRead_Exp_01_LOC_INT,"{""schema"":""lostark.cef-play-particle-effect-header"",""version"":2,""enabled"":true,""sourceByteOffset"":47,""sourceByteValue"":1,""particleDataDecoded"":true,""sourceParticleSystem"":""ParticleSystem'fx_mn_rpct_07_v.Par_V_RPCT_BallRead_Exp_01_LOC_INT'"",""attachment"":{""mode"":""FOLLOW_NAMED_ANCHORS"",""sourceAnchorNames"":[""Bip002-R-Hand""],""runtimeAnchors"":[{""sourceAnchorName"":""Bip002-R-Hand"",""runtimeAnchorSlotId"":""Bip002-R-Hand"",""runtimeBoneName"":"""",""socketLocalTransform"":{""position"":[0.0,0.0,0.0],""rotationDegrees"":[0.0,0.0,0.0],""scale"":[1.0,1.0,1.0]},""resolutionStatus"":""MISSING_SOURCE_SOCKET""}],""runtimeAnchorSlotIds"":[""Bip002-R-Hand""],""runtimeAnchorSlotId"":""Bip002-R-Hand"",""runtimeBoneName"":"""",""socketLocalTransform"":{""position"":[0.0,0.0,0.0],""rotationDegrees"":[0.0,0.0,0.0],""scale"":[1.0,1.0,1.0]},""runtimeResolutionStatus"":""MISSING_SOURCE_SOCKET"",""sourceSelectorByteOffset"":397},""localTransform"":{""sourcePositionUeUnits"":[0.0,0.0,0.0],""position"":[0.0,0.0,-0.0],""rotationDegrees"":[0.0,0.0,-0.0],""scale"":[0.4000000059604645,0.4000000059604645,0.4000000059604645]},""sourceTransformByteOffset"":419,""parameterOverridesDecoded"":true,""sourceParameterCountByteOffset"":511,""parameterOverrides"":[]}",1008119,76911,True,SOURCE_ASSET_EXPLICIT
requested_core,MN_RPCT_07,4219939,쿠크세이튼_군단장 시그니쳐 스킬_공격,5,Att_battle_28_07,action-4219939/stage-005/notify-016,PawnMaterialParam,1.0654710531234741,0.0,,,,,1008734,76942,True,SOURCE_PARAMETERS_SERIALIZED
requested_core,MN_RPCT_07,4219939,쿠크세이튼_군단장 시그니쳐 스킬_공격,5,Att_battle_28_07,action-4219939/stage-005/notify-017,PlayParticleEffect,1.097085952758789,0.0,True,,ParticleSystem:fx_mn_rpct_07_v.Par_V_RPCT_signalShot_01_LOC_INT,"{""schema"":""lostark.cef-play-particle-effect-header"",""version"":2,""enabled"":true,""sourceByteOffset"":47,""sourceByteValue"":1,""particleDataDecoded"":true,""sourceParticleSystem"":""ParticleSystem'fx_mn_rpct_07_v.Par_V_RPCT_signalShot_01_LOC_INT'"",""attachment"":{""mode"":""FOLLOW_NAMED_ANCHORS"",""sourceAnchorNames"":[""Bip002-R-Hand""],""runtimeAnchors"":[{""sourceAnchorName"":""Bip002-R-Hand"",""runtimeAnchorSlotId"":""Bip002-R-Hand"",""runtimeBoneName"":"""",""socketLocalTransform"":{""position"":[0.0,0.0,0.0],""rotationDegrees"":[0.0,0.0,0.0],""scale"":[1.0,1.0,1.0]},""resolutionStatus"":""MISSING_SOURCE_SOCKET""}],""runtimeAnchorSlotIds"":[""Bip002-R-Hand""],""runtimeAnchorSlotId"":""Bip002-R-Hand"",""runtimeBoneName"":"""",""socketLocalTransform"":{""position"":[0.0,0.0,0.0],""rotationDegrees"":[0.0,0.0,0.0],""scale"":[1.0,1.0,1.0]},""runtimeResolutionStatus"":""MISSING_SOURCE_SOCKET"",""sourceSelectorByteOffset"":394},""localTransform"":{""sourcePositionUeUnits"":[0.0,0.0,50.0],""position"":[0.0,0.5,-0.0],""rotationDegrees"":[0.0,0.0,-0.0],""scale"":[1.0,1.0,1.0]},""sourceTransformByteOffset"":416,""parameterOverridesDecoded"":true,""sourceParameterCountByteOffset"":508,""parameterOverrides"":[{""sourceIndex"":0,""name"":""Color"",""sourceTypeCode"":3,""sourceRecordByteOffset"":512,""type"":""vector"",""vectorValue"":[1.0,1.0,1.0],""sourceValueByteOffset"":534}]}",1009162,76965,True,SOURCE_ASSET_EXPLICIT
requested_core,MN_RPCT_07,4219939,쿠크세이튼_군단장 시그니쳐 스킬_공격,5,Att_battle_28_07,action-4219939/stage-005/notify-018,Effect,1.100000023841858,0.30000001192092896,,421991211,,,1009853,76997,True,TIMING_ONLY
requested_core,MN_RPCT_07,4219939,쿠크세이튼_군단장 시그니쳐 스킬_공격,5,Att_battle_28_07,action-4219939/stage-005/notify-019,Effect,1.100000023841858,0.30000001192092896,,421991211,,,1010003,77016,True,TIMING_ONLY
requested_core,MN_RPCT_07,4219939,쿠크세이튼_군단장 시그니쳐 스킬_공격,5,Att_battle_28_07,action-4219939/stage-005/notify-020,Effect,1.2999999523162842,0.10000000149011612,,421991221,,,1010153,77035,True,TIMING_ONLY
requested_core,MN_RPCT_07,4219939,쿠크세이튼_군단장 시그니쳐 스킬_공격,5,Att_battle_28_07,action-4219939/stage-005/notify-021,Effect,1.399999976158142,0.30000001192092896,,421991211,,,1010303,77054,True,TIMING_ONLY
requested_core,MN_RPCT_07,4219939,쿠크세이튼_군단장 시그니쳐 스킬_공격,5,Att_battle_28_07,action-4219939/stage-005/notify-022,Effect,1.399999976158142,0.30000001192092896,,421991211,,,1010453,77073,True,TIMING_ONLY
requested_core,MN_RPCT_07,4219939,쿠크세이튼_군단장 시그니쳐 스킬_공격,5,Att_battle_28_07,action-4219939/stage-005/notify-023,Effect,1.7000000476837158,0.30000001192092896,,421991211,,,1010603,77092,True,TIMING_ONLY
requested_core,MN_RPCT_07,4219939,쿠크세이튼_군단장 시그니쳐 스킬_공격,5,Att_battle_28_07,action-4219939/stage-005/notify-024,Effect,1.7000000476837158,0.30000001192092896,,421991211,,,1010753,77111,True,TIMING_ONLY
requested_core,MN_RPCT_07,4219939,쿠크세이튼_군단장 시그니쳐 스킬_공격,5,Att_battle_28_07,action-4219939/stage-005/notify-025,Effect,2.0,0.30000001192092896,,421991211,,,1010903,77130,True,TIMING_ONLY
requested_core,MN_RPCT_07,4219939,쿠크세이튼_군단장 시그니쳐 스킬_공격,5,Att_battle_28_07,action-4219939/stage-005/notify-026,Effect,2.0,0.30000001192092896,,421991211,,,1011053,77149,True,TIMING_ONLY
requested_core,MN_RPCT_07,4219939,쿠크세이튼_군단장 시그니쳐 스킬_공격,5,Att_battle_28_07,action-4219939/stage-005/notify-027,Effect,2.299999952316284,0.30000001192092896,,421991211,,,1011203,77168,True,TIMING_ONLY
requested_core,MN_RPCT_07,4219939,쿠크세이튼_군단장 시그니쳐 스킬_공격,5,Att_battle_28_07,action-4219939/stage-005/notify-028,Effect,2.299999952316284,0.30000001192092896,,421991211,,,1011353,77187,True,TIMING_ONLY
requested_core,MN_RPCT_07,4219939,쿠크세이튼_군단장 시그니쳐 스킬_공격,5,Att_battle_28_07,action-4219939/stage-005/notify-029,Effect,2.5999999046325684,0.30000001192092896,,421991211,,,1011503,77206,True,TIMING_ONLY
requested_core,MN_RPCT_07,4219939,쿠크세이튼_군단장 시그니쳐 스킬_공격,5,Att_battle_28_07,action-4219939/stage-005/notify-030,Effect,2.5999999046325684,0.30000001192092896,,421991211,,,1011653,77225,True,TIMING_ONLY
requested_core,MN_RPCT_07,4219939,쿠크세이튼_군단장 시그니쳐 스킬_공격,5,Att_battle_28_07,action-4219939/stage-005/notify-031,Effect,2.9000000953674316,0.30000001192092896,,421991211,,,1011803,77244,True,TIMING_ONLY
requested_core,MN_RPCT_07,4219939,쿠크세이튼_군단장 시그니쳐 스킬_공격,5,Att_battle_28_07,action-4219939/stage-005/notify-032,Effect,2.9000000953674316,0.30000001192092896,,421991211,,,1011953,77263,True,TIMING_ONLY
requested_core,MN_RPCT_07,4219939,쿠크세이튼_군단장 시그니쳐 스킬_공격,5,Att_battle_28_07,action-4219939/stage-005/notify-033,Effect,3.200000047683716,0.30000001192092896,,421991211,,,1012103,77282,True,TIMING_ONLY
requested_core,MN_RPCT_07,4219939,쿠크세이튼_군단장 시그니쳐 스킬_공격,5,Att_battle_28_07,action-4219939/stage-005/notify-034,Effect,3.200000047683716,0.30000001192092896,,421991211,,,1012253,77301,True,TIMING_ONLY
requested_core,MN_RPCT_07,4219939,쿠크세이튼_군단장 시그니쳐 스킬_공격,5,Att_battle_28_07,action-4219939/stage-005/notify-035,Effect,3.5,0.30000001192092896,,421991211,,,1012403,77320,True,TIMING_ONLY
requested_core,MN_RPCT_07,4219939,쿠크세이튼_군단장 시그니쳐 스킬_공격,5,Att_battle_28_07,action-4219939/stage-005/notify-036,Effect,3.5,0.30000001192092896,,421991211,,,1012553,77339,True,TIMING_ONLY
requested_core,MN_RPCT_07,4219939,쿠크세이튼_군단장 시그니쳐 스킬_공격,5,Att_battle_28_07,action-4219939/stage-005/notify-037,Effect,3.5,0.30000001192092896,,421991215,,,1012703,77358,True,TIMING_ONLY
requested_core,MN_RPCT_07,4219939,쿠크세이튼_군단장 시그니쳐 스킬_공격,5,Att_battle_28_07,action-4219939/stage-005/notify-038,Effect,3.5,0.30000001192092896,,421991215,,,1012853,77377,True,TIMING_ONLY
requested_core,MN_RPCT_07,4219939,쿠크세이튼_군단장 시그니쳐 스킬_공격,5,Att_battle_28_07,action-4219939/stage-005/notify-039,Effect,3.799999952316284,0.30000001192092896,,421991211,,,1013003,77396,True,TIMING_ONLY
requested_core,MN_RPCT_07,4219939,쿠크세이튼_군단장 시그니쳐 스킬_공격,5,Att_battle_28_07,action-4219939/stage-005/notify-040,Effect,3.799999952316284,0.30000001192092896,,421991211,,,1013153,77415,True,TIMING_ONLY
requested_core,MN_RPCT_07,4219939,쿠크세이튼_군단장 시그니쳐 스킬_공격,5,Att_battle_28_07,action-4219939/stage-005/notify-041,Effect,4.099999904632568,0.30000001192092896,,421991211,,,1013303,77434,True,TIMING_ONLY
requested_core,MN_RPCT_07,4219939,쿠크세이튼_군단장 시그니쳐 스킬_공격,5,Att_battle_28_07,action-4219939/stage-005/notify-042,Effect,4.099999904632568,0.30000001192092896,,421991211,,,1013453,77453,True,TIMING_ONLY
requested_core,MN_RPCT_07,4219939,쿠크세이튼_군단장 시그니쳐 스킬_공격,5,Att_battle_28_07,action-4219939/stage-005/notify-043,Effect,4.400000095367432,0.30000001192092896,,421991211,,,1013603,77472,True,TIMING_ONLY
requested_core,MN_RPCT_07,4219939,쿠크세이튼_군단장 시그니쳐 스킬_공격,5,Att_battle_28_07,action-4219939/stage-005/notify-044,Effect,4.400000095367432,0.30000001192092896,,421991211,,,1013753,77491,True,TIMING_ONLY
requested_core,MN_RPCT_07,4219939,쿠크세이튼_군단장 시그니쳐 스킬_공격,5,Att_battle_28_07,action-4219939/stage-005/notify-045,Effect,4.800000190734863,0.30000001192092896,,421991211,,,1013903,77510,True,TIMING_ONLY
requested_core,MN_RPCT_07,4219939,쿠크세이튼_군단장 시그니쳐 스킬_공격,5,Att_battle_28_07,action-4219939/stage-005/notify-046,Effect,4.800000190734863,0.30000001192092896,,421991211,,,1014053,77529,True,TIMING_ONLY
requested_core,MN_RPCT_07,4219939,쿠크세이튼_군단장 시그니쳐 스킬_공격,5,Att_battle_28_07,action-4219939/stage-005/notify-047,Effect,5.099999904632568,0.30000001192092896,,421991211,,,1014203,77548,True,TIMING_ONLY
requested_core,MN_RPCT_07,4219939,쿠크세이튼_군단장 시그니쳐 스킬_공격,5,Att_battle_28_07,action-4219939/stage-005/notify-048,Effect,5.099999904632568,0.30000001192092896,,421991211,,,1014353,77567,True,TIMING_ONLY
requested_core,MN_RPCT_07,4219939,쿠크세이튼_군단장 시그니쳐 스킬_공격,5,Att_battle_28_07,action-4219939/stage-005/notify-049,Effect,5.400000095367432,0.30000001192092896,,421991211,,,1014503,77586,True,TIMING_ONLY
requested_core,MN_RPCT_07,4219939,쿠크세이튼_군단장 시그니쳐 스킬_공격,5,Att_battle_28_07,action-4219939/stage-005/notify-050,Effect,5.400000095367432,0.30000001192092896,,421991211,,,1014653,77605,True,TIMING_ONLY
requested_core,MN_RPCT_07,4219939,쿠크세이튼_군단장 시그니쳐 스킬_공격,5,Att_battle_28_07,action-4219939/stage-005/notify-051,Effect,5.599999904632568,0.30000001192092896,,421991211,,,1014803,77624,True,TIMING_ONLY
requested_core,MN_RPCT_07,4219939,쿠크세이튼_군단장 시그니쳐 스킬_공격,5,Att_battle_28_07,action-4219939/stage-005/notify-052,Effect,5.599999904632568,0.30000001192092896,,421991211,,,1014953,77643,True,TIMING_ONLY
requested_core,MN_RPCT_07,4219939,쿠크세이튼_군단장 시그니쳐 스킬_공격,5,Att_battle_28_07,action-4219939/stage-005/notify-053,Effect,5.800000190734863,0.30000001192092896,,421991211,,,1015103,77662,True,TIMING_ONLY
requested_core,MN_RPCT_07,4219939,쿠크세이튼_군단장 시그니쳐 스킬_공격,5,Att_battle_28_07,action-4219939/stage-005/notify-054,Effect,5.800000190734863,0.30000001192092896,,421991211,,,1015253,77681,True,TIMING_ONLY
requested_core,MN_RPCT_07,4219939,쿠크세이튼_군단장 시그니쳐 스킬_공격,5,Att_battle_28_07,action-4219939/stage-005/notify-055,Effect,5.800000190734863,0.10000000149011612,,421991219,,,1015403,77700,True,TIMING_ONLY
requested_core,MN_RPCT_07,4219939,쿠크세이튼_군단장 시그니쳐 스킬_공격,5,Att_battle_28_07,action-4219939/stage-005/notify-056,Effect,6.0,0.30000001192092896,,421991211,,,1015553,77719,True,TIMING_ONLY
requested_core,MN_RPCT_07,4219939,쿠크세이튼_군단장 시그니쳐 스킬_공격,5,Att_battle_28_07,action-4219939/stage-005/notify-057,Effect,6.0,0.30000001192092896,,421991211,,,1015703,77738,True,TIMING_ONLY
requested_core,MN_RPCT_07,4219939,쿠크세이튼_군단장 시그니쳐 스킬_공격,5,Att_battle_28_07,action-4219939/stage-005/notify-058,Effect,6.199999809265137,0.30000001192092896,,421991211,,,1015853,77757,True,TIMING_ONLY
requested_core,MN_RPCT_07,4219939,쿠크세이튼_군단장 시그니쳐 스킬_공격,5,Att_battle_28_07,action-4219939/stage-005/notify-059,Effect,6.199999809265137,0.30000001192092896,,421991211,,,1016003,77776,True,TIMING_ONLY
requested_core,MN_RPCT_07,4219939,쿠크세이튼_군단장 시그니쳐 스킬_공격,5,Att_battle_28_07,action-4219939/stage-005/notify-060,Effect,6.5,0.4000000059604645,,421991211,,,1016153,77795,True,TIMING_ONLY
requested_core,MN_RPCT_07,4219939,쿠크세이튼_군단장 시그니쳐 스킬_공격,5,Att_battle_28_07,action-4219939/stage-005/notify-061,Effect,6.5,0.4000000059604645,,421991211,,,1016303,77814,True,TIMING_ONLY
requested_core,MN_RPCT_07,4219939,쿠크세이튼_군단장 시그니쳐 스킬_공격,5,Att_battle_28_07,action-4219939/stage-005/notify-062,Effect,6.630000114440918,0.0,,421991243,,,1016453,77833,True,TIMING_ONLY
requested_core,MN_RPCT_07,4219939,쿠크세이튼_군단장 시그니쳐 스킬_공격,5,Att_battle_28_07,action-4219939/stage-005/notify-063,Effect,6.900000095367432,0.30000001192092896,,421991211,,,1016603,77852,True,TIMING_ONLY
requested_core,MN_RPCT_07,4219939,쿠크세이튼_군단장 시그니쳐 스킬_공격,5,Att_battle_28_07,action-4219939/stage-005/notify-064,Effect,6.900000095367432,0.30000001192092896,,421991211,,,1016753,77871,True,TIMING_ONLY
requested_core,MN_RPCT_07,4219939,쿠크세이튼_군단장 시그니쳐 스킬_공격,5,Att_battle_28_07,action-4219939/stage-005/notify-065,Effect,7.199999809265137,0.30000001192092896,,421991211,,,1016903,77890,True,TIMING_ONLY
requested_core,MN_RPCT_07,4219939,쿠크세이튼_군단장 시그니쳐 스킬_공격,5,Att_battle_28_07,action-4219939/stage-005/notify-066,Effect,7.199999809265137,0.30000001192092896,,421991211,,,1017053,77909,True,TIMING_ONLY
requested_core,MN_RPCT_07,4219939,쿠크세이튼_군단장 시그니쳐 스킬_공격,5,Att_battle_28_07,action-4219939/stage-005/notify-067,Effect,7.5,0.30000001192092896,,421991211,,,1017203,77928,True,TIMING_ONLY
requested_core,MN_RPCT_07,4219939,쿠크세이튼_군단장 시그니쳐 스킬_공격,5,Att_battle_28_07,action-4219939/stage-005/notify-068,Effect,7.5,0.30000001192092896,,421991211,,,1017353,77947,True,TIMING_ONLY
requested_core,MN_RPCT_07,4219939,쿠크세이튼_군단장 시그니쳐 스킬_공격,5,Att_battle_28_07,action-4219939/stage-005/notify-069,Effect,7.800000190734863,0.30000001192092896,,421991211,,,1017503,77966,True,TIMING_ONLY
requested_core,MN_RPCT_07,4219939,쿠크세이튼_군단장 시그니쳐 스킬_공격,5,Att_battle_28_07,action-4219939/stage-005/notify-070,Effect,7.800000190734863,0.30000001192092896,,421991211,,,1017653,77985,True,TIMING_ONLY
requested_core,MN_RPCT_07,4219939,쿠크세이튼_군단장 시그니쳐 스킬_공격,5,Att_battle_28_07,action-4219939/stage-005/notify-071,Effect,8.100000381469727,0.30000001192092896,,421991211,,,1017803,78004,True,TIMING_ONLY
requested_core,MN_RPCT_07,4219939,쿠크세이튼_군단장 시그니쳐 스킬_공격,5,Att_battle_28_07,action-4219939/stage-005/notify-072,Effect,8.100000381469727,0.30000001192092896,,421991211,,,1017953,78023,True,TIMING_ONLY
requested_core,MN_RPCT_07,4219939,쿠크세이튼_군단장 시그니쳐 스킬_공격,5,Att_battle_28_07,action-4219939/stage-005/notify-073,AKEvent,8.390000343322754,1.3432999849319458,,,AkEvent:S_Mob_G_KoukuSatan1.G_KoukuSatan1_Attack23_Cast2,,1018103,78042,True,SOURCE_ASSET_EXPLICIT
requested_core,MN_RPCT_07,4219939,쿠크세이튼_군단장 시그니쳐 스킬_공격,5,Att_battle_28_07,action-4219939/stage-005/notify-074,MonsterMoveNextStageConditionChangeTarget,9.630000114440918,0.0,,,,,1018314,78071,True,TIMING_OR_STATE_ONLY
requested_core,MN_RPCT_07,4219939,쿠크세이튼_군단장 시그니쳐 스킬_공격,6,Att_battle_28_08,action-4219939/stage-006/notify-000,Anim,0.0,4.8333330154418945,,,,,1020291,78111,True,SOURCE_CLIP_EXPLICIT
requested_core,MN_RPCT_07,4219939,쿠크세이튼_군단장 시그니쳐 스킬_공격,6,Att_battle_28_08,action-4219939/stage-006/notify-001,PlayParticleEffect,0.0,4.8333001136779785,True,,ParticleSystem:FX_MN_RPCT_07_V.Par_V_RPCT_07_Bazooka_Loop,"{""schema"":""lostark.cef-play-particle-effect-header"",""version"":2,""enabled"":true,""sourceByteOffset"":47,""sourceByteValue"":1,""particleDataDecoded"":true,""sourceParticleSystem"":""ParticleSystem'FX_MN_RPCT_07_V.Par_V_RPCT_07_Bazooka_Loop'"",""attachment"":{""mode"":""FOLLOW_NAMED_ANCHORS"",""sourceAnchorNames"":[""B_WP_1""],""runtimeAnchors"":[{""sourceAnchorName"":""B_WP_1"",""runtimeAnchorSlotId"":""B_WP_1"",""runtimeBoneName"":""b_wp_1"",""socketLocalTransform"":{""position"":[0.0,0.0,0.0],""rotationDegrees"":[0.0,0.0,0.0],""scale"":[1.0,1.0,1.0]},""resolutionStatus"":""EXACT_SOURCE_BONE""}],""runtimeAnchorSlotIds"":[""B_WP_1""],""runtimeAnchorSlotId"":""B_WP_1"",""runtimeBoneName"":""b_wp_1"",""socketLocalTransform"":{""position"":[0.0,0.0,0.0],""rotationDegrees"":[0.0,0.0,0.0],""scale"":[1.0,1.0,1.0]},""runtimeResolutionStatus"":""EXACT_SOURCE_BONE"",""sourceSelectorByteOffset"":392},""localTransform"":{""sourcePositionUeUnits"":[0.0,0.0,0.0],""position"":[0.0,0.0,-0.0],""rotationDegrees"":[0.0,0.0,-0.0],""scale"":[1.0,1.0,1.0]},""sourceTransformByteOffset"":407,""parameterOverridesDecoded"":true,""sourceParameterCountByteOffset"":499,""parameterOverrides"":[]}",1020583,78138,True,SOURCE_ASSET_EXPLICIT
requested_core,MN_RPCT_07,4219939,쿠크세이튼_군단장 시그니쳐 스킬_공격,6,Att_battle_28_08,action-4219939/stage-006/notify-002,PlayParticleEffect,0.0,4.8333001136779785,True,,ParticleSystem:FX_MN_RPCT_07_V.Par_V_RPCT_07_Bazooka_Loop,"{""schema"":""lostark.cef-play-particle-effect-header"",""version"":2,""enabled"":true,""sourceByteOffset"":47,""sourceByteValue"":1,""particleDataDecoded"":true,""sourceParticleSystem"":""ParticleSystem'FX_MN_RPCT_07_V.Par_V_RPCT_07_Bazooka_Loop'"",""attachment"":{""mode"":""FOLLOW_NAMED_ANCHORS"",""sourceAnchorNames"":[""B_WP_2""],""runtimeAnchors"":[{""sourceAnchorName"":""B_WP_2"",""runtimeAnchorSlotId"":""B_WP_2"",""runtimeBoneName"":""b_wp_2"",""socketLocalTransform"":{""position"":[0.0,0.0,0.0],""rotationDegrees"":[0.0,0.0,0.0],""scale"":[1.0,1.0,1.0]},""resolutionStatus"":""EXACT_SOURCE_BONE""}],""runtimeAnchorSlotIds"":[""B_WP_2""],""runtimeAnchorSlotId"":""B_WP_2"",""runtimeBoneName"":""b_wp_2"",""socketLocalTransform"":{""position"":[0.0,0.0,0.0],""rotationDegrees"":[0.0,0.0,0.0],""scale"":[1.0,1.0,1.0]},""runtimeResolutionStatus"":""EXACT_SOURCE_BONE"",""sourceSelectorByteOffset"":392},""localTransform"":{""sourcePositionUeUnits"":[0.0,0.0,0.0],""position"":[0.0,0.0,-0.0],""rotationDegrees"":[0.0,0.0,-0.0],""scale"":[1.0,1.0,1.0]},""sourceTransformByteOffset"":407,""parameterOverridesDecoded"":true,""sourceParameterCountByteOffset"":499,""parameterOverrides"":[]}",1021186,78169,True,SOURCE_ASSET_EXPLICIT
requested_core,MN_RPCT_07,4219939,쿠크세이튼_군단장 시그니쳐 스킬_공격,6,Att_battle_28_08,action-4219939/stage-006/notify-003,LookTarget,0.0,0.699999988079071,,,,,1021789,78200,True,TIMING_OR_STATE_ONLY
requested_core,MN_RPCT_07,4219939,쿠크세이튼_군단장 시그니쳐 스킬_공격,6,Att_battle_28_08,action-4219939/stage-006/notify-004,PlayParticleEffect,0.0,1.5217020511627197,True,,ParticleSystem:fx_mn_rpct_07_v.Par_V_RPCT_Gun_shot_Decal_01_LOC_INT,"{""schema"":""lostark.cef-play-particle-effect-header"",""version"":2,""enabled"":true,""sourceByteOffset"":47,""sourceByteValue"":1,""particleDataDecoded"":true,""sourceParticleSystem"":""ParticleSystem'fx_mn_rpct_07_v.Par_V_RPCT_Gun_shot_Decal_01_LOC_INT'"",""attachment"":{""mode"":""FOLLOW_NAMED_ANCHORS"",""sourceAnchorNames"":[""B_Root""],""runtimeAnchors"":[{""sourceAnchorName"":""B_Root"",""runtimeAnchorSlotId"":""B_Root"",""runtimeBoneName"":""b_root"",""socketLocalTransform"":{""position"":[0.0,0.0,0.0],""rotationDegrees"":[0.0,0.0,0.0],""scale"":[1.0,1.0,1.0]},""resolutionStatus"":""EXACT_SOURCE_BONE""}],""runtimeAnchorSlotIds"":[""B_Root""],""runtimeAnchorSlotId"":""B_Root"",""runtimeBoneName"":""b_root"",""socketLocalTransform"":{""position"":[0.0,0.0,0.0],""rotationDegrees"":[0.0,0.0,0.0],""scale"":[1.0,1.0,1.0]},""runtimeResolutionStatus"":""EXACT_SOURCE_BONE"",""sourceSelectorByteOffset"":399},""localTransform"":{""sourcePositionUeUnits"":[0.0,0.0,0.0],""position"":[0.0,0.0,-0.0],""rotationDegrees"":[0.0,0.0,-0.0],""scale"":[1.0,1.0,1.0]},""sourceTransformByteOffset"":414,""parameterOverridesDecoded"":true,""sourceParameterCountByteOffset"":506,""parameterOverrides"":[]}",1021891,78219,True,SOURCE_ASSET_EXPLICIT
requested_core,MN_RPCT_07,4219939,쿠크세이튼_군단장 시그니쳐 스킬_공격,6,Att_battle_28_08,action-4219939/stage-006/notify-005,PlayParticleEffect,0.09128399938344955,4.742015838623047,True,,ParticleSystem:FX_MN_RPCT_07_V.Par_V_RPCT_Bazooka_mesh_01,"{""schema"":""lostark.cef-play-particle-effect-header"",""version"":2,""enabled"":true,""sourceByteOffset"":47,""sourceByteValue"":1,""particleDataDecoded"":true,""sourceParticleSystem"":""ParticleSystem'FX_MN_RPCT_07_V.Par_V_RPCT_Bazooka_mesh_01'"",""attachment"":{""mode"":""FOLLOW_NAMED_ANCHORS"",""sourceAnchorNames"":[""Bip002-R-Hand""],""runtimeAnchors"":[{""sourceAnchorName"":""Bip002-R-Hand"",""runtimeAnchorSlotId"":""Bip002-R-Hand"",""runtimeBoneName"":"""",""socketLocalTransform"":{""position"":[0.0,0.0,0.0],""rotationDegrees"":[0.0,0.0,0.0],""scale"":[1.0,1.0,1.0]},""resolutionStatus"":""MISSING_SOURCE_SOCKET""}],""runtimeAnchorSlotIds"":[""Bip002-R-Hand""],""runtimeAnchorSlotId"":""Bip002-R-Hand"",""runtimeBoneName"":"""",""socketLocalTransform"":{""position"":[0.0,0.0,0.0],""rotationDegrees"":[0.0,0.0,0.0],""scale"":[1.0,1.0,1.0]},""runtimeResolutionStatus"":""MISSING_SOURCE_SOCKET"",""sourceSelectorByteOffset"":383},""localTransform"":{""sourcePositionUeUnits"":[0.0,0.0,0.0],""position"":[0.0,0.0,-0.0],""rotationDegrees"":[0.0,0.0,-0.0],""scale"":[0.30000001192092896,0.30000001192092896,0.30000001192092896]},""sourceTransformByteOffset"":405,""parameterOverridesDecoded"":true,""sourceParameterCountByteOffset"":497,""parameterOverrides"":[]}",1022501,78250,True,SOURCE_ASSET_EXPLICIT
requested_core,MN_RPCT_07,4219939,쿠크세이튼_군단장 시그니쳐 스킬_공격,6,Att_battle_28_08,action-4219939/stage-006/notify-006,Effect,0.5,0.10000000149011612,,421991235,,,1023102,78280,True,TIMING_ONLY
requested_core,MN_RPCT_07,4219939,쿠크세이튼_군단장 시그니쳐 스킬_공격,6,Att_battle_28_08,action-4219939/stage-006/notify-007,Effect,0.5,0.10000000149011612,,421991236,,,1023252,78299,True,TIMING_ONLY
requested_core,MN_RPCT_07,4219939,쿠크세이튼_군단장 시그니쳐 스킬_공격,6,Att_battle_28_08,action-4219939/stage-006/notify-008,AKEvent,1.0,2.2750110626220703,,,AkEvent:S_Mob_G_KoukuSatan1.G_KoukuSatan1_Attack23_Cast3,,1023402,78318,True,SOURCE_ASSET_EXPLICIT
requested_core,MN_RPCT_07,4219939,쿠크세이튼_군단장 시그니쳐 스킬_공격,6,Att_battle_28_08,action-4219939/stage-006/notify-009,PlayParticleEffect,1.0653070211410522,0.0,True,,ParticleSystem:fx_mn_rpct_07_v.Par_V_RPCT_BallRead_Exp_01_LOC_INT,"{""schema"":""lostark.cef-play-particle-effect-header"",""version"":2,""enabled"":true,""sourceByteOffset"":47,""sourceByteValue"":1,""particleDataDecoded"":true,""sourceParticleSystem"":""ParticleSystem'fx_mn_rpct_07_v.Par_V_RPCT_BallRead_Exp_01_LOC_INT'"",""attachment"":{""mode"":""FOLLOW_NAMED_ANCHORS"",""sourceAnchorNames"":[""Bip002-R-Hand""],""runtimeAnchors"":[{""sourceAnchorName"":""Bip002-R-Hand"",""runtimeAnchorSlotId"":""Bip002-R-Hand"",""runtimeBoneName"":"""",""socketLocalTransform"":{""position"":[0.0,0.0,0.0],""rotationDegrees"":[0.0,0.0,0.0],""scale"":[1.0,1.0,1.0]},""resolutionStatus"":""MISSING_SOURCE_SOCKET""}],""runtimeAnchorSlotIds"":[""Bip002-R-Hand""],""runtimeAnchorSlotId"":""Bip002-R-Hand"",""runtimeBoneName"":"""",""socketLocalTransform"":{""position"":[0.0,0.0,0.0],""rotationDegrees"":[0.0,0.0,0.0],""scale"":[1.0,1.0,1.0]},""runtimeResolutionStatus"":""MISSING_SOURCE_SOCKET"",""sourceSelectorByteOffset"":397},""localTransform"":{""sourcePositionUeUnits"":[0.0,0.0,0.0],""position"":[0.0,0.0,-0.0],""rotationDegrees"":[0.0,0.0,-0.0],""scale"":[0.4000000059604645,0.4000000059604645,0.4000000059604645]},""sourceTransformByteOffset"":419,""parameterOverridesDecoded"":true,""sourceParameterCountByteOffset"":511,""parameterOverrides"":[]}",1023613,78347,True,SOURCE_ASSET_EXPLICIT
requested_core,MN_RPCT_07,4219939,쿠크세이튼_군단장 시그니쳐 스킬_공격,6,Att_battle_28_08,action-4219939/stage-006/notify-010,PawnMaterialParam,1.0654710531234741,0.0,,,,,1024228,78378,True,SOURCE_PARAMETERS_SERIALIZED
requested_core,MN_RPCT_07,4219939,쿠크세이튼_군단장 시그니쳐 스킬_공격,6,Att_battle_28_08,action-4219939/stage-006/notify-011,PlayParticleEffect,1.097085952758789,0.0,True,,ParticleSystem:fx_mn_rpct_07_v.Par_V_RPCT_signalShot_01_LOC_INT,"{""schema"":""lostark.cef-play-particle-effect-header"",""version"":2,""enabled"":true,""sourceByteOffset"":47,""sourceByteValue"":1,""particleDataDecoded"":true,""sourceParticleSystem"":""ParticleSystem'fx_mn_rpct_07_v.Par_V_RPCT_signalShot_01_LOC_INT'"",""attachment"":{""mode"":""FOLLOW_NAMED_ANCHORS"",""sourceAnchorNames"":[""Bip002-R-Hand""],""runtimeAnchors"":[{""sourceAnchorName"":""Bip002-R-Hand"",""runtimeAnchorSlotId"":""Bip002-R-Hand"",""runtimeBoneName"":"""",""socketLocalTransform"":{""position"":[0.0,0.0,0.0],""rotationDegrees"":[0.0,0.0,0.0],""scale"":[1.0,1.0,1.0]},""resolutionStatus"":""MISSING_SOURCE_SOCKET""}],""runtimeAnchorSlotIds"":[""Bip002-R-Hand""],""runtimeAnchorSlotId"":""Bip002-R-Hand"",""runtimeBoneName"":"""",""socketLocalTransform"":{""position"":[0.0,0.0,0.0],""rotationDegrees"":[0.0,0.0,0.0],""scale"":[1.0,1.0,1.0]},""runtimeResolutionStatus"":""MISSING_SOURCE_SOCKET"",""sourceSelectorByteOffset"":394},""localTransform"":{""sourcePositionUeUnits"":[0.0,0.0,50.0],""position"":[0.0,0.5,-0.0],""rotationDegrees"":[0.0,0.0,-0.0],""scale"":[1.0,1.0,1.0]},""sourceTransformByteOffset"":416,""parameterOverridesDecoded"":true,""sourceParameterCountByteOffset"":508,""parameterOverrides"":[{""sourceIndex"":0,""name"":""Color"",""sourceTypeCode"":3,""sourceRecordByteOffset"":512,""type"":""vector"",""vectorValue"":[1.0,1.0,1.0],""sourceValueByteOffset"":534}]}",1024656,78401,True,SOURCE_ASSET_EXPLICIT
requested_core,MN_RPCT_07,4219939,쿠크세이튼_군단장 시그니쳐 스킬_공격,6,Att_battle_28_08,action-4219939/stage-006/notify-012,AKEvent,1.4800000190734863,3.353300094604492,,,AkEvent:S_Mob_G_KoukuSatan1.G_KoukuSatan1_Attack23_Shot3,,1025347,78433,True,SOURCE_ASSET_EXPLICIT
requested_core,MN_RPCT_07,4219939,쿠크세이튼_군단장 시그니쳐 스킬_공격,6,Att_battle_28_08,action-4219939/stage-006/notify-013,Effect,1.5,0.30000001192092896,,421991211,,,1025558,78462,True,TIMING_ONLY
requested_core,MN_RPCT_07,4219939,쿠크세이튼_군단장 시그니쳐 스킬_공격,6,Att_battle_28_08,action-4219939/stage-006/notify-014,Effect,1.5,0.30000001192092896,,421991211,,,1025708,78481,True,TIMING_ONLY
requested_core,MN_RPCT_07,4219939,쿠크세이튼_군단장 시그니쳐 스킬_공격,6,Att_battle_28_08,action-4219939/stage-006/notify-015,PlayParticleEffect,1.5039130449295044,0.0,True,,ParticleSystem:fx_mn_rpct_07_v.Par_V_RPCT_Signature_01_1_LOC_INT,"{""schema"":""lostark.cef-play-particle-effect-header"",""version"":2,""enabled"":true,""sourceByteOffset"":47,""sourceByteValue"":1,""particleDataDecoded"":true,""sourceParticleSystem"":""ParticleSystem'fx_mn_rpct_07_v.Par_V_RPCT_Signature_01_1_LOC_INT'"",""attachment"":{""mode"":""FOLLOW_NAMED_ANCHORS"",""sourceAnchorNames"":[""B_WP_2""],""runtimeAnchors"":[{""sourceAnchorName"":""B_WP_2"",""runtimeAnchorSlotId"":""B_WP_2"",""runtimeBoneName"":""b_wp_2"",""socketLocalTransform"":{""position"":[0.0,0.0,0.0],""rotationDegrees"":[0.0,0.0,0.0],""scale"":[1.0,1.0,1.0]},""resolutionStatus"":""EXACT_SOURCE_BONE""}],""runtimeAnchorSlotIds"":[""B_WP_2""],""runtimeAnchorSlotId"":""B_WP_2"",""runtimeBoneName"":""b_wp_2"",""socketLocalTransform"":{""position"":[0.0,0.0,0.0],""rotationDegrees"":[0.0,0.0,0.0],""scale"":[1.0,1.0,1.0]},""runtimeResolutionStatus"":""EXACT_SOURCE_BONE"",""sourceSelectorByteOffset"":402},""localTransform"":{""sourcePositionUeUnits"":[150.0,0.0,50.0],""position"":[1.5,0.5,-0.0],""rotationDegrees"":[0.0,0.0,-0.0],""scale"":[3.0,3.0,3.0]},""sourceTransformByteOffset"":417,""parameterOverridesDecoded"":true,""sourceParameterCountByteOffset"":509,""parameterOverrides"":[{""sourceIndex"":0,""name"":""Color"",""sourceTypeCode"":3,""sourceRecordByteOffset"":513,""type"":""vector"",""vectorValue"":[1.0,1.0,1.0],""sourceValueByteOffset"":535},{""sourceIndex"":1,""name"":""Alpha"",""sourceTypeCode"":1,""sourceRecordByteOffset"":592,""type"":""scalar"",""scalarValue"":1.0,""sourceValueByteOffset"":606}]}",1025858,78500,True,SOURCE_ASSET_EXPLICIT
requested_core,MN_RPCT_07,4219939,쿠크세이튼_군단장 시그니쳐 스킬_공격,6,Att_battle_28_08,action-4219939/stage-006/notify-016,PlayParticleEffect,1.5050239562988281,0.0,True,,ParticleSystem:fx_mn_rpct_07_v.Par_V_RPCT_Signature_01_1_LOC_INT,"{""schema"":""lostark.cef-play-particle-effect-header"",""version"":2,""enabled"":true,""sourceByteOffset"":47,""sourceByteValue"":1,""particleDataDecoded"":true,""sourceParticleSystem"":""ParticleSystem'fx_mn_rpct_07_v.Par_V_RPCT_Signature_01_1_LOC_INT'"",""attachment"":{""mode"":""FOLLOW_NAMED_ANCHORS"",""sourceAnchorNames"":[""B_WP_1""],""runtimeAnchors"":[{""sourceAnchorName"":""B_WP_1"",""runtimeAnchorSlotId"":""B_WP_1"",""runtimeBoneName"":""b_wp_1"",""socketLocalTransform"":{""position"":[0.0,0.0,0.0],""rotationDegrees"":[0.0,0.0,0.0],""scale"":[1.0,1.0,1.0]},""resolutionStatus"":""EXACT_SOURCE_BONE""}],""runtimeAnchorSlotIds"":[""B_WP_1""],""runtimeAnchorSlotId"":""B_WP_1"",""runtimeBoneName"":""b_wp_1"",""socketLocalTransform"":{""position"":[0.0,0.0,0.0],""rotationDegrees"":[0.0,0.0,0.0],""scale"":[1.0,1.0,1.0]},""runtimeResolutionStatus"":""EXACT_SOURCE_BONE"",""sourceSelectorByteOffset"":402},""localTransform"":{""sourcePositionUeUnits"":[150.0,0.0,50.0],""position"":[1.5,0.5,-0.0],""rotationDegrees"":[0.0,0.0,-0.0],""scale"":[3.0,3.0,3.0]},""sourceTransformByteOffset"":417,""parameterOverridesDecoded"":true,""sourceParameterCountByteOffset"":509,""parameterOverrides"":[{""sourceIndex"":0,""name"":""Color"",""sourceTypeCode"":3,""sourceRecordByteOffset"":513,""type"":""vector"",""vectorValue"":[1.0,1.0,1.0],""sourceValueByteOffset"":535},{""sourceIndex"":1,""name"":""Alpha"",""sourceTypeCode"":1,""sourceRecordByteOffset"":592,""type"":""scalar"",""scalarValue"":1.0,""sourceValueByteOffset"":606}]}",1026629,78533,True,SOURCE_ASSET_EXPLICIT
requested_core,MN_RPCT_07,4219939,쿠크세이튼_군단장 시그니쳐 스킬_공격,6,Att_battle_28_08,action-4219939/stage-006/notify-017,PlayParticleEffect,1.5206660032272339,0.0,True,,ParticleSystem:FX_CM_02.Light.Par_MP_Light_01,"{""schema"":""lostark.cef-play-particle-effect-header"",""version"":2,""enabled"":true,""sourceByteOffset"":47,""sourceByteValue"":1,""particleDataDecoded"":true,""sourceParticleSystem"":""ParticleSystem'FX_CM_02.Light.Par_MP_Light_01'"",""attachment"":{""mode"":""SNAPSHOT_ROOT"",""sourceAnchorNames"":[],""runtimeAnchors"":[],""runtimeAnchorSlotIds"":[],""runtimeAnchorSlotId"":""root"",""runtimeBoneName"":"""",""socketLocalTransform"":{""position"":[0.0,0.0,0.0],""rotationDegrees"":[0.0,0.0,0.0],""scale"":[1.0,1.0,1.0]},""runtimeResolutionStatus"":""EXACT_ROOT_SNAPSHOT"",""sourceSelectorByteOffset"":null},""localTransform"":{""sourcePositionUeUnits"":[50.0,0.0,50.0],""position"":[0.5,0.5,-0.0],""rotationDegrees"":[0.0,0.0,-0.0],""scale"":[3.0,3.0,3.0]},""sourceTransformByteOffset"":389,""parameterOverridesDecoded"":true,""sourceParameterCountByteOffset"":477,""parameterOverrides"":[{""sourceIndex"":0,""name"":""Spawn"",""sourceTypeCode"":1,""sourceRecordByteOffset"":481,""type"":""scalar"",""scalarValue"":0.0,""sourceValueByteOffset"":495},{""sourceIndex"":1,""name"":""Lifetime"",""sourceTypeCode"":1,""sourceRecordByteOffset"":560,""type"":""scalar"",""scalarValue"":0.10000000149011612,""sourceValueByteOffset"":577},{""sourceIndex"":2,""name"":""Size"",""sourceTypeCode"":3,""sourceRecordByteOffset"":642,""type"":""vector"",""vectorValue"":[200.0,0.0,0.0],""sourceValueByteOffset"":663},{""sourceIndex"":3,""name"":""Color"",""sourceTypeCode"":3,""sourceRecordByteOffset"":720,""type"":""vector"",""vectorValue"":[3.0,2.0,1.0],""sourceValueByteOffset"":742},{""sourceIndex"":4,""name"":""Alpha"",""sourceTypeCode"":1,""sourceRecordByteOffset"":799,""type"":""scalar"",""scalarValue"":1.0,""sourceValueByteOffset"":813}]}",1027400,78566,True,SOURCE_ASSET_EXPLICIT
requested_core,MN_RPCT_07,4219939,쿠크세이튼_군단장 시그니쳐 스킬_공격,6,Att_battle_28_08,action-4219939/stage-006/notify-018,Effect,1.7999999523162842,0.30000001192092896,,421991211,,,1028378,78601,True,TIMING_ONLY
requested_core,MN_RPCT_07,4219939,쿠크세이튼_군단장 시그니쳐 스킬_공격,6,Att_battle_28_08,action-4219939/stage-006/notify-019,Effect,1.7999999523162842,0.30000001192092896,,421991211,,,1028528,78620,True,TIMING_ONLY
requested_core,MN_RPCT_07,4219939,쿠크세이튼_군단장 시그니쳐 스킬_공격,6,Att_battle_28_08,action-4219939/stage-006/notify-020,Effect,1.7999999523162842,0.30000001192092896,,421991237,,,1028678,78639,True,TIMING_ONLY
requested_core,MN_RPCT_07,4219939,쿠크세이튼_군단장 시그니쳐 스킬_공격,6,Att_battle_28_08,action-4219939/stage-006/notify-021,Effect,2.0999999046325684,0.30000001192092896,,421991238,,,1028828,78658,True,TIMING_ONLY
requested_core,MN_RPCT_07,4219939,쿠크세이튼_군단장 시그니쳐 스킬_공격,6,Att_battle_28_08,action-4219939/stage-006/notify-022,Effect,2.0999999046325684,0.30000001192092896,,421991239,,,1028978,78677,True,TIMING_ONLY
requested_core,MN_RPCT_07,4219939,쿠크세이튼_군단장 시그니쳐 스킬_공격,6,Att_battle_28_08,action-4219939/stage-006/notify-023,Effect,2.0999999046325684,0.30000001192092896,,421991211,,,1029128,78696,True,TIMING_ONLY
requested_core,MN_RPCT_07,4219939,쿠크세이튼_군단장 시그니쳐 스킬_공격,6,Att_battle_28_08,action-4219939/stage-006/notify-024,Effect,2.0999999046325684,0.30000001192092896,,421991211,,,1029278,78715,True,TIMING_ONLY
requested_core,MN_RPCT_07,4219939,쿠크세이튼_군단장 시그니쳐 스킬_공격,6,Att_battle_28_08,action-4219939/stage-006/notify-025,Effect,2.4000000953674316,0.30000001192092896,,421991237,,,1029428,78734,True,TIMING_ONLY
requested_core,MN_RPCT_07,4219939,쿠크세이튼_군단장 시그니쳐 스킬_공격,6,Att_battle_28_08,action-4219939/stage-006/notify-026,Effect,2.4000000953674316,0.30000001192092896,,421991211,,,1029578,78753,True,TIMING_ONLY
requested_core,MN_RPCT_07,4219939,쿠크세이튼_군단장 시그니쳐 스킬_공격,6,Att_battle_28_08,action-4219939/stage-006/notify-027,Effect,2.4000000953674316,0.30000001192092896,,421991211,,,1029728,78772,True,TIMING_ONLY
requested_core,MN_RPCT_07,4219939,쿠크세이튼_군단장 시그니쳐 스킬_공격,6,Att_battle_28_08,action-4219939/stage-006/notify-028,Effect,2.700000047683716,0.30000001192092896,,421991211,,,1029878,78791,True,TIMING_ONLY
requested_core,MN_RPCT_07,4219939,쿠크세이튼_군단장 시그니쳐 스킬_공격,6,Att_battle_28_08,action-4219939/stage-006/notify-029,Effect,2.700000047683716,0.30000001192092896,,421991211,,,1030028,78810,True,TIMING_ONLY
requested_core,MN_RPCT_07,4219939,쿠크세이튼_군단장 시그니쳐 스킬_공격,6,Att_battle_28_08,action-4219939/stage-006/notify-030,Effect,3.0,0.30000001192092896,,421991237,,,1030178,78829,True,TIMING_ONLY
requested_core,MN_RPCT_07,4219939,쿠크세이튼_군단장 시그니쳐 스킬_공격,6,Att_battle_28_08,action-4219939/stage-006/notify-031,Effect,3.0,0.30000001192092896,,421991212,,,1030328,78848,True,TIMING_ONLY
requested_core,MN_RPCT_07,4219939,쿠크세이튼_군단장 시그니쳐 스킬_공격,6,Att_battle_28_08,action-4219939/stage-006/notify-032,Effect,3.200000047683716,0.0,,421991242,,,1030478,78867,True,TIMING_ONLY
requested_core,MN_RPCT_07,4219939,쿠크세이튼_군단장 시그니쳐 스킬_공격,6,Att_battle_28_08,action-4219939/stage-006/notify-033,AKEvent,3.5,1.333299994468689,,,AkEvent:S_Mob_G_KoukuSatan1.G_KoukuSatan1_Attack23_Cast2,,1030628,78886,True,SOURCE_ASSET_EXPLICIT
requested_core,MN_RPCT_07,4219939,쿠크세이튼_군단장 시그니쳐 스킬_공격,6,Att_battle_28_08,action-4219939/stage-006/notify-034,MonsterMoveNextStage,4.730000019073486,0.0,,,,,1030839,78915,True,TIMING_OR_STATE_ONLY
requested_core,MN_RPCT_07,4219939,쿠크세이튼_군단장 시그니쳐 스킬_공격,7,Att_battle_28_08,action-4219939/stage-007/notify-000,Anim,0.0,4.8333330154418945,,,,,1031159,78955,True,SOURCE_CLIP_EXPLICIT
requested_core,MN_RPCT_07,4219939,쿠크세이튼_군단장 시그니쳐 스킬_공격,7,Att_battle_28_08,action-4219939/stage-007/notify-001,PlayParticleEffect,0.0,4.7509307861328125,True,,ParticleSystem:FX_MN_RPCT_07_V.Par_V_RPCT_07_Bazooka_Loop,"{""schema"":""lostark.cef-play-particle-effect-header"",""version"":2,""enabled"":true,""sourceByteOffset"":47,""sourceByteValue"":1,""particleDataDecoded"":true,""sourceParticleSystem"":""ParticleSystem'FX_MN_RPCT_07_V.Par_V_RPCT_07_Bazooka_Loop'"",""attachment"":{""mode"":""FOLLOW_NAMED_ANCHORS"",""sourceAnchorNames"":[""B_WP_1""],""runtimeAnchors"":[{""sourceAnchorName"":""B_WP_1"",""runtimeAnchorSlotId"":""B_WP_1"",""runtimeBoneName"":""b_wp_1"",""socketLocalTransform"":{""position"":[0.0,0.0,0.0],""rotationDegrees"":[0.0,0.0,0.0],""scale"":[1.0,1.0,1.0]},""resolutionStatus"":""EXACT_SOURCE_BONE""}],""runtimeAnchorSlotIds"":[""B_WP_1""],""runtimeAnchorSlotId"":""B_WP_1"",""runtimeBoneName"":""b_wp_1"",""socketLocalTransform"":{""position"":[0.0,0.0,0.0],""rotationDegrees"":[0.0,0.0,0.0],""scale"":[1.0,1.0,1.0]},""runtimeResolutionStatus"":""EXACT_SOURCE_BONE"",""sourceSelectorByteOffset"":392},""localTransform"":{""sourcePositionUeUnits"":[0.0,0.0,0.0],""position"":[0.0,0.0,-0.0],""rotationDegrees"":[0.0,0.0,-0.0],""scale"":[1.0,1.0,1.0]},""sourceTransformByteOffset"":407,""parameterOverridesDecoded"":true,""sourceParameterCountByteOffset"":499,""parameterOverrides"":[]}",1031451,78982,True,SOURCE_ASSET_EXPLICIT
requested_core,MN_RPCT_07,4219939,쿠크세이튼_군단장 시그니쳐 스킬_공격,7,Att_battle_28_08,action-4219939/stage-007/notify-002,LookTarget,0.0,0.699999988079071,,,,,1032054,79013,True,TIMING_OR_STATE_ONLY
requested_core,MN_RPCT_07,4219939,쿠크세이튼_군단장 시그니쳐 스킬_공격,7,Att_battle_28_08,action-4219939/stage-007/notify-003,PlayParticleEffect,0.0,1.5217020511627197,True,,ParticleSystem:fx_mn_rpct_07_v.Par_V_RPCT_Gun_shot_Decal_01_LOC_INT,"{""schema"":""lostark.cef-play-particle-effect-header"",""version"":2,""enabled"":true,""sourceByteOffset"":47,""sourceByteValue"":1,""particleDataDecoded"":true,""sourceParticleSystem"":""ParticleSystem'fx_mn_rpct_07_v.Par_V_RPCT_Gun_shot_Decal_01_LOC_INT'"",""attachment"":{""mode"":""FOLLOW_NAMED_ANCHORS"",""sourceAnchorNames"":[""B_Root""],""runtimeAnchors"":[{""sourceAnchorName"":""B_Root"",""runtimeAnchorSlotId"":""B_Root"",""runtimeBoneName"":""b_root"",""socketLocalTransform"":{""position"":[0.0,0.0,0.0],""rotationDegrees"":[0.0,0.0,0.0],""scale"":[1.0,1.0,1.0]},""resolutionStatus"":""EXACT_SOURCE_BONE""}],""runtimeAnchorSlotIds"":[""B_Root""],""runtimeAnchorSlotId"":""B_Root"",""runtimeBoneName"":""b_root"",""socketLocalTransform"":{""position"":[0.0,0.0,0.0],""rotationDegrees"":[0.0,0.0,0.0],""scale"":[1.0,1.0,1.0]},""runtimeResolutionStatus"":""EXACT_SOURCE_BONE"",""sourceSelectorByteOffset"":399},""localTransform"":{""sourcePositionUeUnits"":[0.0,0.0,0.0],""position"":[0.0,0.0,-0.0],""rotationDegrees"":[0.0,0.0,-0.0],""scale"":[1.0,1.0,1.0]},""sourceTransformByteOffset"":414,""parameterOverridesDecoded"":true,""sourceParameterCountByteOffset"":506,""parameterOverrides"":[]}",1032156,79032,True,SOURCE_ASSET_EXPLICIT
requested_core,MN_RPCT_07,4219939,쿠크세이튼_군단장 시그니쳐 스킬_공격,7,Att_battle_28_08,action-4219939/stage-007/notify-004,PlayParticleEffect,0.0034199999645352364,4.750452995300293,True,,ParticleSystem:FX_MN_RPCT_07_V.Par_V_RPCT_07_Bazooka_Loop,"{""schema"":""lostark.cef-play-particle-effect-header"",""version"":2,""enabled"":true,""sourceByteOffset"":47,""sourceByteValue"":1,""particleDataDecoded"":true,""sourceParticleSystem"":""ParticleSystem'FX_MN_RPCT_07_V.Par_V_RPCT_07_Bazooka_Loop'"",""attachment"":{""mode"":""FOLLOW_NAMED_ANCHORS"",""sourceAnchorNames"":[""B_WP_2""],""runtimeAnchors"":[{""sourceAnchorName"":""B_WP_2"",""runtimeAnchorSlotId"":""B_WP_2"",""runtimeBoneName"":""b_wp_2"",""socketLocalTransform"":{""position"":[0.0,0.0,0.0],""rotationDegrees"":[0.0,0.0,0.0],""scale"":[1.0,1.0,1.0]},""resolutionStatus"":""EXACT_SOURCE_BONE""}],""runtimeAnchorSlotIds"":[""B_WP_2""],""runtimeAnchorSlotId"":""B_WP_2"",""runtimeBoneName"":""b_wp_2"",""socketLocalTransform"":{""position"":[0.0,0.0,0.0],""rotationDegrees"":[0.0,0.0,0.0],""scale"":[1.0,1.0,1.0]},""runtimeResolutionStatus"":""EXACT_SOURCE_BONE"",""sourceSelectorByteOffset"":392},""localTransform"":{""sourcePositionUeUnits"":[0.0,0.0,0.0],""position"":[0.0,0.0,-0.0],""rotationDegrees"":[0.0,0.0,-0.0],""scale"":[1.0,1.0,1.0]},""sourceTransformByteOffset"":407,""parameterOverridesDecoded"":true,""sourceParameterCountByteOffset"":499,""parameterOverrides"":[]}",1032766,79063,True,SOURCE_ASSET_EXPLICIT
requested_core,MN_RPCT_07,4219939,쿠크세이튼_군단장 시그니쳐 스킬_공격,7,Att_battle_28_08,action-4219939/stage-007/notify-005,PlayParticleEffect,0.09128399938344955,4.742015838623047,True,,ParticleSystem:FX_MN_RPCT_07_V.Par_V_RPCT_Bazooka_mesh_01,"{""schema"":""lostark.cef-play-particle-effect-header"",""version"":2,""enabled"":true,""sourceByteOffset"":47,""sourceByteValue"":1,""particleDataDecoded"":true,""sourceParticleSystem"":""ParticleSystem'FX_MN_RPCT_07_V.Par_V_RPCT_Bazooka_mesh_01'"",""attachment"":{""mode"":""FOLLOW_NAMED_ANCHORS"",""sourceAnchorNames"":[""Bip002-R-Hand""],""runtimeAnchors"":[{""sourceAnchorName"":""Bip002-R-Hand"",""runtimeAnchorSlotId"":""Bip002-R-Hand"",""runtimeBoneName"":"""",""socketLocalTransform"":{""position"":[0.0,0.0,0.0],""rotationDegrees"":[0.0,0.0,0.0],""scale"":[1.0,1.0,1.0]},""resolutionStatus"":""MISSING_SOURCE_SOCKET""}],""runtimeAnchorSlotIds"":[""Bip002-R-Hand""],""runtimeAnchorSlotId"":""Bip002-R-Hand"",""runtimeBoneName"":"""",""socketLocalTransform"":{""position"":[0.0,0.0,0.0],""rotationDegrees"":[0.0,0.0,0.0],""scale"":[1.0,1.0,1.0]},""runtimeResolutionStatus"":""MISSING_SOURCE_SOCKET"",""sourceSelectorByteOffset"":383},""localTransform"":{""sourcePositionUeUnits"":[0.0,0.0,0.0],""position"":[0.0,0.0,-0.0],""rotationDegrees"":[0.0,0.0,-0.0],""scale"":[0.30000001192092896,0.30000001192092896,0.30000001192092896]},""sourceTransformByteOffset"":405,""parameterOverridesDecoded"":true,""sourceParameterCountByteOffset"":497,""parameterOverrides"":[]}",1033369,79094,True,SOURCE_ASSET_EXPLICIT
requested_core,MN_RPCT_07,4219939,쿠크세이튼_군단장 시그니쳐 스킬_공격,7,Att_battle_28_08,action-4219939/stage-007/notify-006,Effect,0.5,0.10000000149011612,,421991236,,,1033970,79124,True,TIMING_ONLY
requested_core,MN_RPCT_07,4219939,쿠크세이튼_군단장 시그니쳐 스킬_공격,7,Att_battle_28_08,action-4219939/stage-007/notify-007,Effect,0.5,0.10000000149011612,,421991235,,,1034120,79143,True,TIMING_ONLY
requested_core,MN_RPCT_07,4219939,쿠크세이튼_군단장 시그니쳐 스킬_공격,7,Att_battle_28_08,action-4219939/stage-007/notify-008,AKEvent,1.0,2.299999952316284,,,AkEvent:S_Mob_G_KoukuSatan1.G_KoukuSatan1_Attack23_Cast3,,1034270,79162,True,SOURCE_ASSET_EXPLICIT
requested_core,MN_RPCT_07,4219939,쿠크세이튼_군단장 시그니쳐 스킬_공격,7,Att_battle_28_08,action-4219939/stage-007/notify-009,PlayParticleEffect,1.0653070211410522,0.0,True,,ParticleSystem:fx_mn_rpct_07_v.Par_V_RPCT_BallRead_Exp_01_LOC_INT,"{""schema"":""lostark.cef-play-particle-effect-header"",""version"":2,""enabled"":true,""sourceByteOffset"":47,""sourceByteValue"":1,""particleDataDecoded"":true,""sourceParticleSystem"":""ParticleSystem'fx_mn_rpct_07_v.Par_V_RPCT_BallRead_Exp_01_LOC_INT'"",""attachment"":{""mode"":""FOLLOW_NAMED_ANCHORS"",""sourceAnchorNames"":[""Bip002-R-Hand""],""runtimeAnchors"":[{""sourceAnchorName"":""Bip002-R-Hand"",""runtimeAnchorSlotId"":""Bip002-R-Hand"",""runtimeBoneName"":"""",""socketLocalTransform"":{""position"":[0.0,0.0,0.0],""rotationDegrees"":[0.0,0.0,0.0],""scale"":[1.0,1.0,1.0]},""resolutionStatus"":""MISSING_SOURCE_SOCKET""}],""runtimeAnchorSlotIds"":[""Bip002-R-Hand""],""runtimeAnchorSlotId"":""Bip002-R-Hand"",""runtimeBoneName"":"""",""socketLocalTransform"":{""position"":[0.0,0.0,0.0],""rotationDegrees"":[0.0,0.0,0.0],""scale"":[1.0,1.0,1.0]},""runtimeResolutionStatus"":""MISSING_SOURCE_SOCKET"",""sourceSelectorByteOffset"":397},""localTransform"":{""sourcePositionUeUnits"":[0.0,0.0,0.0],""position"":[0.0,0.0,-0.0],""rotationDegrees"":[0.0,0.0,-0.0],""scale"":[0.4000000059604645,0.4000000059604645,0.4000000059604645]},""sourceTransformByteOffset"":419,""parameterOverridesDecoded"":true,""sourceParameterCountByteOffset"":511,""parameterOverrides"":[]}",1034481,79191,True,SOURCE_ASSET_EXPLICIT
requested_core,MN_RPCT_07,4219939,쿠크세이튼_군단장 시그니쳐 스킬_공격,7,Att_battle_28_08,action-4219939/stage-007/notify-010,PlayParticleEffect,1.097085952758789,0.0,True,,ParticleSystem:fx_mn_rpct_07_v.Par_V_RPCT_signalShot_01_LOC_INT,"{""schema"":""lostark.cef-play-particle-effect-header"",""version"":2,""enabled"":true,""sourceByteOffset"":47,""sourceByteValue"":1,""particleDataDecoded"":true,""sourceParticleSystem"":""ParticleSystem'fx_mn_rpct_07_v.Par_V_RPCT_signalShot_01_LOC_INT'"",""attachment"":{""mode"":""FOLLOW_NAMED_ANCHORS"",""sourceAnchorNames"":[""Bip002-R-Hand""],""runtimeAnchors"":[{""sourceAnchorName"":""Bip002-R-Hand"",""runtimeAnchorSlotId"":""Bip002-R-Hand"",""runtimeBoneName"":"""",""socketLocalTransform"":{""position"":[0.0,0.0,0.0],""rotationDegrees"":[0.0,0.0,0.0],""scale"":[1.0,1.0,1.0]},""resolutionStatus"":""MISSING_SOURCE_SOCKET""}],""runtimeAnchorSlotIds"":[""Bip002-R-Hand""],""runtimeAnchorSlotId"":""Bip002-R-Hand"",""runtimeBoneName"":"""",""socketLocalTransform"":{""position"":[0.0,0.0,0.0],""rotationDegrees"":[0.0,0.0,0.0],""scale"":[1.0,1.0,1.0]},""runtimeResolutionStatus"":""MISSING_SOURCE_SOCKET"",""sourceSelectorByteOffset"":394},""localTransform"":{""sourcePositionUeUnits"":[0.0,0.0,50.0],""position"":[0.0,0.5,-0.0],""rotationDegrees"":[0.0,0.0,-0.0],""scale"":[1.0,1.0,1.0]},""sourceTransformByteOffset"":416,""parameterOverridesDecoded"":true,""sourceParameterCountByteOffset"":508,""parameterOverrides"":[{""sourceIndex"":0,""name"":""Color"",""sourceTypeCode"":3,""sourceRecordByteOffset"":512,""type"":""vector"",""vectorValue"":[1.0,1.0,1.0],""sourceValueByteOffset"":534}]}",1035096,79222,True,SOURCE_ASSET_EXPLICIT
requested_core,MN_RPCT_07,4219939,쿠크세이튼_군단장 시그니쳐 스킬_공격,7,Att_battle_28_08,action-4219939/stage-007/notify-011,PlayParticleEffect,1.4728219509124756,0.0,True,,ParticleSystem:fx_mn_rpct_07_v.Par_V_RPCT_Signature_01_1_LOC_INT,"{""schema"":""lostark.cef-play-particle-effect-header"",""version"":2,""enabled"":true,""sourceByteOffset"":47,""sourceByteValue"":1,""particleDataDecoded"":true,""sourceParticleSystem"":""ParticleSystem'fx_mn_rpct_07_v.Par_V_RPCT_Signature_01_1_LOC_INT'"",""attachment"":{""mode"":""FOLLOW_NAMED_ANCHORS"",""sourceAnchorNames"":[""B_WP_1""],""runtimeAnchors"":[{""sourceAnchorName"":""B_WP_1"",""runtimeAnchorSlotId"":""B_WP_1"",""runtimeBoneName"":""b_wp_1"",""socketLocalTransform"":{""position"":[0.0,0.0,0.0],""rotationDegrees"":[0.0,0.0,0.0],""scale"":[1.0,1.0,1.0]},""resolutionStatus"":""EXACT_SOURCE_BONE""}],""runtimeAnchorSlotIds"":[""B_WP_1""],""runtimeAnchorSlotId"":""B_WP_1"",""runtimeBoneName"":""b_wp_1"",""socketLocalTransform"":{""position"":[0.0,0.0,0.0],""rotationDegrees"":[0.0,0.0,0.0],""scale"":[1.0,1.0,1.0]},""runtimeResolutionStatus"":""EXACT_SOURCE_BONE"",""sourceSelectorByteOffset"":402},""localTransform"":{""sourcePositionUeUnits"":[150.0,0.0,50.0],""position"":[1.5,0.5,-0.0],""rotationDegrees"":[0.0,0.0,-0.0],""scale"":[3.0,3.0,3.0]},""sourceTransformByteOffset"":417,""parameterOverridesDecoded"":true,""sourceParameterCountByteOffset"":509,""parameterOverrides"":[{""sourceIndex"":0,""name"":""Color"",""sourceTypeCode"":3,""sourceRecordByteOffset"":513,""type"":""vector"",""vectorValue"":[1.0,1.0,1.0],""sourceValueByteOffset"":535},{""sourceIndex"":1,""name"":""Alpha"",""sourceTypeCode"":1,""sourceRecordByteOffset"":592,""type"":""scalar"",""scalarValue"":1.0,""sourceValueByteOffset"":606}]}",1035787,79254,True,SOURCE_ASSET_EXPLICIT
requested_core,MN_RPCT_07,4219939,쿠크세이튼_군단장 시그니쳐 스킬_공격,7,Att_battle_28_08,action-4219939/stage-007/notify-012,PlayParticleEffect,1.4728219509124756,0.0,True,,ParticleSystem:FX_CM_02.Light.Par_MP_Light_01,"{""schema"":""lostark.cef-play-particle-effect-header"",""version"":2,""enabled"":true,""sourceByteOffset"":47,""sourceByteValue"":1,""particleDataDecoded"":true,""sourceParticleSystem"":""ParticleSystem'FX_CM_02.Light.Par_MP_Light_01'"",""attachment"":{""mode"":""SNAPSHOT_ROOT"",""sourceAnchorNames"":[],""runtimeAnchors"":[],""runtimeAnchorSlotIds"":[],""runtimeAnchorSlotId"":""root"",""runtimeBoneName"":"""",""socketLocalTransform"":{""position"":[0.0,0.0,0.0],""rotationDegrees"":[0.0,0.0,0.0],""scale"":[1.0,1.0,1.0]},""runtimeResolutionStatus"":""EXACT_ROOT_SNAPSHOT"",""sourceSelectorByteOffset"":null},""localTransform"":{""sourcePositionUeUnits"":[50.0,0.0,50.0],""position"":[0.5,0.5,-0.0],""rotationDegrees"":[0.0,0.0,-0.0],""scale"":[3.0,3.0,3.0]},""sourceTransformByteOffset"":389,""parameterOverridesDecoded"":true,""sourceParameterCountByteOffset"":477,""parameterOverrides"":[{""sourceIndex"":0,""name"":""Spawn"",""sourceTypeCode"":1,""sourceRecordByteOffset"":481,""type"":""scalar"",""scalarValue"":0.0,""sourceValueByteOffset"":495},{""sourceIndex"":1,""name"":""Lifetime"",""sourceTypeCode"":1,""sourceRecordByteOffset"":560,""type"":""scalar"",""scalarValue"":0.10000000149011612,""sourceValueByteOffset"":577},{""sourceIndex"":2,""name"":""Size"",""sourceTypeCode"":3,""sourceRecordByteOffset"":642,""type"":""vector"",""vectorValue"":[200.0,0.0,0.0],""sourceValueByteOffset"":663},{""sourceIndex"":3,""name"":""Color"",""sourceTypeCode"":3,""sourceRecordByteOffset"":720,""type"":""vector"",""vectorValue"":[3.0,2.0,1.0],""sourceValueByteOffset"":742},{""sourceIndex"":4,""name"":""Alpha"",""sourceTypeCode"":1,""sourceRecordByteOffset"":799,""type"":""scalar"",""scalarValue"":1.0,""sourceValueByteOffset"":813}]}",1036558,79287,True,SOURCE_ASSET_EXPLICIT
requested_core,MN_RPCT_07,4219939,쿠크세이튼_군단장 시그니쳐 스킬_공격,7,Att_battle_28_08,action-4219939/stage-007/notify-013,PlayParticleEffect,1.4792540073394775,0.0,True,,ParticleSystem:fx_mn_rpct_07_v.Par_V_RPCT_Signature_01_1_LOC_INT,"{""schema"":""lostark.cef-play-particle-effect-header"",""version"":2,""enabled"":true,""sourceByteOffset"":47,""sourceByteValue"":1,""particleDataDecoded"":true,""sourceParticleSystem"":""ParticleSystem'fx_mn_rpct_07_v.Par_V_RPCT_Signature_01_1_LOC_INT'"",""attachment"":{""mode"":""FOLLOW_NAMED_ANCHORS"",""sourceAnchorNames"":[""B_WP_2""],""runtimeAnchors"":[{""sourceAnchorName"":""B_WP_2"",""runtimeAnchorSlotId"":""B_WP_2"",""runtimeBoneName"":""b_wp_2"",""socketLocalTransform"":{""position"":[0.0,0.0,0.0],""rotationDegrees"":[0.0,0.0,0.0],""scale"":[1.0,1.0,1.0]},""resolutionStatus"":""EXACT_SOURCE_BONE""}],""runtimeAnchorSlotIds"":[""B_WP_2""],""runtimeAnchorSlotId"":""B_WP_2"",""runtimeBoneName"":""b_wp_2"",""socketLocalTransform"":{""position"":[0.0,0.0,0.0],""rotationDegrees"":[0.0,0.0,0.0],""scale"":[1.0,1.0,1.0]},""runtimeResolutionStatus"":""EXACT_SOURCE_BONE"",""sourceSelectorByteOffset"":402},""localTransform"":{""sourcePositionUeUnits"":[150.0,0.0,50.0],""position"":[1.5,0.5,-0.0],""rotationDegrees"":[0.0,0.0,-0.0],""scale"":[3.0,3.0,3.0]},""sourceTransformByteOffset"":417,""parameterOverridesDecoded"":true,""sourceParameterCountByteOffset"":509,""parameterOverrides"":[{""sourceIndex"":0,""name"":""Color"",""sourceTypeCode"":3,""sourceRecordByteOffset"":513,""type"":""vector"",""vectorValue"":[1.0,1.0,1.0],""sourceValueByteOffset"":535},{""sourceIndex"":1,""name"":""Alpha"",""sourceTypeCode"":1,""sourceRecordByteOffset"":592,""type"":""scalar"",""scalarValue"":1.0,""sourceValueByteOffset"":606}]}",1037536,79322,True,SOURCE_ASSET_EXPLICIT
requested_core,MN_RPCT_07,4219939,쿠크세이튼_군단장 시그니쳐 스킬_공격,7,Att_battle_28_08,action-4219939/stage-007/notify-014,AKEvent,1.4800000190734863,3.353300094604492,,,AkEvent:S_Mob_G_KoukuSatan1.G_KoukuSatan1_Attack23_Shot3,,1038307,79355,True,SOURCE_ASSET_EXPLICIT
requested_core,MN_RPCT_07,4219939,쿠크세이튼_군단장 시그니쳐 스킬_공격,7,Att_battle_28_08,action-4219939/stage-007/notify-015,Effect,1.5,0.30000001192092896,,421991211,,,1038518,79384,True,TIMING_ONLY
requested_core,MN_RPCT_07,4219939,쿠크세이튼_군단장 시그니쳐 스킬_공격,7,Att_battle_28_08,action-4219939/stage-007/notify-016,Effect,1.5,0.30000001192092896,,421991211,,,1038668,79403,True,TIMING_ONLY
requested_core,MN_RPCT_07,4219939,쿠크세이튼_군단장 시그니쳐 스킬_공격,7,Att_battle_28_08,action-4219939/stage-007/notify-017,Effect,1.7999999523162842,0.30000001192092896,,421991211,,,1038818,79422,True,TIMING_ONLY
requested_core,MN_RPCT_07,4219939,쿠크세이튼_군단장 시그니쳐 스킬_공격,7,Att_battle_28_08,action-4219939/stage-007/notify-018,Effect,1.7999999523162842,0.30000001192092896,,421991211,,,1038968,79441,True,TIMING_ONLY
requested_core,MN_RPCT_07,4219939,쿠크세이튼_군단장 시그니쳐 스킬_공격,7,Att_battle_28_08,action-4219939/stage-007/notify-019,Effect,1.7999999523162842,0.30000001192092896,,421991237,,,1039118,79460,True,TIMING_ONLY
requested_core,MN_RPCT_07,4219939,쿠크세이튼_군단장 시그니쳐 스킬_공격,7,Att_battle_28_08,action-4219939/stage-007/notify-020,Effect,2.0999999046325684,0.30000001192092896,,421991238,,,1039268,79479,True,TIMING_ONLY
requested_core,MN_RPCT_07,4219939,쿠크세이튼_군단장 시그니쳐 스킬_공격,7,Att_battle_28_08,action-4219939/stage-007/notify-021,Effect,2.0999999046325684,0.30000001192092896,,421991239,,,1039418,79498,True,TIMING_ONLY
requested_core,MN_RPCT_07,4219939,쿠크세이튼_군단장 시그니쳐 스킬_공격,7,Att_battle_28_08,action-4219939/stage-007/notify-022,Effect,2.0999999046325684,0.30000001192092896,,421991211,,,1039568,79517,True,TIMING_ONLY
requested_core,MN_RPCT_07,4219939,쿠크세이튼_군단장 시그니쳐 스킬_공격,7,Att_battle_28_08,action-4219939/stage-007/notify-023,Effect,2.0999999046325684,0.30000001192092896,,421991211,,,1039718,79536,True,TIMING_ONLY
requested_core,MN_RPCT_07,4219939,쿠크세이튼_군단장 시그니쳐 스킬_공격,7,Att_battle_28_08,action-4219939/stage-007/notify-024,Effect,2.4000000953674316,0.30000001192092896,,421991211,,,1039868,79555,True,TIMING_ONLY
requested_core,MN_RPCT_07,4219939,쿠크세이튼_군단장 시그니쳐 스킬_공격,7,Att_battle_28_08,action-4219939/stage-007/notify-025,Effect,2.4000000953674316,0.30000001192092896,,421991211,,,1040018,79574,True,TIMING_ONLY
requested_core,MN_RPCT_07,4219939,쿠크세이튼_군단장 시그니쳐 스킬_공격,7,Att_battle_28_08,action-4219939/stage-007/notify-026,Effect,2.4000000953674316,0.30000001192092896,,421991237,,,1040168,79593,True,TIMING_ONLY
requested_core,MN_RPCT_07,4219939,쿠크세이튼_군단장 시그니쳐 스킬_공격,7,Att_battle_28_08,action-4219939/stage-007/notify-027,Effect,2.700000047683716,0.30000001192092896,,421991211,,,1040318,79612,True,TIMING_ONLY
requested_core,MN_RPCT_07,4219939,쿠크세이튼_군단장 시그니쳐 스킬_공격,7,Att_battle_28_08,action-4219939/stage-007/notify-028,Effect,2.700000047683716,0.30000001192092896,,421991211,,,1040468,79631,True,TIMING_ONLY
requested_core,MN_RPCT_07,4219939,쿠크세이튼_군단장 시그니쳐 스킬_공격,7,Att_battle_28_08,action-4219939/stage-007/notify-029,Effect,3.0,0.30000001192092896,,421991212,,,1040618,79650,True,TIMING_ONLY
requested_core,MN_RPCT_07,4219939,쿠크세이튼_군단장 시그니쳐 스킬_공격,7,Att_battle_28_08,action-4219939/stage-007/notify-030,Effect,3.0,0.30000001192092896,,421991237,,,1040768,79669,True,TIMING_ONLY
requested_core,MN_RPCT_07,4219939,쿠크세이튼_군단장 시그니쳐 스킬_공격,7,Att_battle_28_08,action-4219939/stage-007/notify-031,Effect,3.4000000953674316,0.10000000149011612,,421991219,,,1040918,79688,True,TIMING_ONLY
requested_core,MN_RPCT_07,4219939,쿠크세이튼_군단장 시그니쳐 스킬_공격,7,Att_battle_28_08,action-4219939/stage-007/notify-032,AKEvent,3.5,1.333299994468689,,,AkEvent:S_Mob_G_KoukuSatan1.G_KoukuSatan1_Attack23_Cast2,,1041068,79707,True,SOURCE_ASSET_EXPLICIT
requested_core,MN_RPCT_07,4219939,쿠크세이튼_군단장 시그니쳐 스킬_공격,7,Att_battle_28_08,action-4219939/stage-007/notify-033,Effect,4.400000095367432,0.10000000149011612,,421991221,,,1041279,79736,True,TIMING_ONLY
requested_core,MN_RPCT_07,4219939,쿠크세이튼_군단장 시그니쳐 스킬_공격,7,Att_battle_28_08,action-4219939/stage-007/notify-034,Effect,4.400000095367432,0.10000000149011612,,421991217,,,1041429,79755,True,TIMING_ONLY
requested_core,MN_RPCT_07,4219939,쿠크세이튼_군단장 시그니쳐 스킬_공격,7,Att_battle_28_08,action-4219939/stage-007/notify-035,MonsterMoveNextStage,4.730000019073486,0.0,,,,,1041579,79774,True,TIMING_OR_STATE_ONLY
requested_core,MN_RPCT_07,4219939,쿠크세이튼_군단장 시그니쳐 스킬_공격,7,Att_battle_28_08,action-4219939/stage-007/notify-036,PlayParticleEffect,4.7412848472595215,0.0,True,,ParticleSystem:FX_MN_RPCT_07_V.Par_V_RPCT_07_Bazooka_end,"{""schema"":""lostark.cef-play-particle-effect-header"",""version"":2,""enabled"":true,""sourceByteOffset"":47,""sourceByteValue"":1,""particleDataDecoded"":true,""sourceParticleSystem"":""ParticleSystem'FX_MN_RPCT_07_V.Par_V_RPCT_07_Bazooka_end'"",""attachment"":{""mode"":""FOLLOW_NAMED_ANCHORS"",""sourceAnchorNames"":[""B_WP_1""],""runtimeAnchors"":[{""sourceAnchorName"":""B_WP_1"",""runtimeAnchorSlotId"":""B_WP_1"",""runtimeBoneName"":""b_wp_1"",""socketLocalTransform"":{""position"":[0.0,0.0,0.0],""rotationDegrees"":[0.0,0.0,0.0],""scale"":[1.0,1.0,1.0]},""resolutionStatus"":""EXACT_SOURCE_BONE""}],""runtimeAnchorSlotIds"":[""B_WP_1""],""runtimeAnchorSlotId"":""B_WP_1"",""runtimeBoneName"":""b_wp_1"",""socketLocalTransform"":{""position"":[0.0,0.0,0.0],""rotationDegrees"":[0.0,0.0,0.0],""scale"":[1.0,1.0,1.0]},""runtimeResolutionStatus"":""EXACT_SOURCE_BONE"",""sourceSelectorByteOffset"":387},""localTransform"":{""sourcePositionUeUnits"":[0.0,0.0,0.0],""position"":[0.0,0.0,-0.0],""rotationDegrees"":[0.0,0.0,-0.0],""scale"":[1.0,1.0,1.0]},""sourceTransformByteOffset"":402,""parameterOverridesDecoded"":true,""sourceParameterCountByteOffset"":494,""parameterOverrides"":[]}",1041679,79793,True,SOURCE_ASSET_EXPLICIT
requested_core,MN_RPCT_07,4219939,쿠크세이튼_군단장 시그니쳐 스킬_공격,7,Att_battle_28_08,action-4219939/stage-007/notify-037,PlayParticleEffect,4.744496822357178,0.0,True,,ParticleSystem:FX_MN_RPCT_07_V.Par_V_RPCT_07_Bazooka_end,"{""schema"":""lostark.cef-play-particle-effect-header"",""version"":2,""enabled"":true,""sourceByteOffset"":47,""sourceByteValue"":1,""particleDataDecoded"":true,""sourceParticleSystem"":""ParticleSystem'FX_MN_RPCT_07_V.Par_V_RPCT_07_Bazooka_end'"",""attachment"":{""mode"":""FOLLOW_NAMED_ANCHORS"",""sourceAnchorNames"":[""B_WP_2""],""runtimeAnchors"":[{""sourceAnchorName"":""B_WP_2"",""runtimeAnchorSlotId"":""B_WP_2"",""runtimeBoneName"":""b_wp_2"",""socketLocalTransform"":{""position"":[0.0,0.0,0.0],""rotationDegrees"":[0.0,0.0,0.0],""scale"":[1.0,1.0,1.0]},""resolutionStatus"":""EXACT_SOURCE_BONE""}],""runtimeAnchorSlotIds"":[""B_WP_2""],""runtimeAnchorSlotId"":""B_WP_2"",""runtimeBoneName"":""b_wp_2"",""socketLocalTransform"":{""position"":[0.0,0.0,0.0],""rotationDegrees"":[0.0,0.0,0.0],""scale"":[1.0,1.0,1.0]},""runtimeResolutionStatus"":""EXACT_SOURCE_BONE"",""sourceSelectorByteOffset"":387},""localTransform"":{""sourcePositionUeUnits"":[0.0,0.0,0.0],""position"":[0.0,0.0,-0.0],""rotationDegrees"":[0.0,0.0,-0.0],""scale"":[1.0,1.0,1.0]},""sourceTransformByteOffset"":402,""parameterOverridesDecoded"":true,""sourceParameterCountByteOffset"":494,""parameterOverrides"":[]}",1042277,79824,True,SOURCE_ASSET_EXPLICIT
requested_core,MN_RPCT_07,4219939,쿠크세이튼_군단장 시그니쳐 스킬_공격,8,Att_battle_28_09,action-4219939/stage-008/notify-000,Anim,0.0,2.233333110809326,,,,,1043095,79876,True,SOURCE_CLIP_EXPLICIT
requested_core,MN_RPCT_07,4219939,쿠크세이튼_군단장 시그니쳐 스킬_공격,8,Att_battle_28_09,action-4219939/stage-008/notify-001,PlayParticleEffect,0.0,0.0,True,,ParticleSystem:fx_mn_rpct_07_v.Par_V_RPCT_Signature_01_1_LOC_INT,"{""schema"":""lostark.cef-play-particle-effect-header"",""version"":2,""enabled"":true,""sourceByteOffset"":47,""sourceByteValue"":1,""particleDataDecoded"":true,""sourceParticleSystem"":""ParticleSystem'fx_mn_rpct_07_v.Par_V_RPCT_Signature_01_1_LOC_INT'"",""attachment"":{""mode"":""FOLLOW_NAMED_ANCHORS"",""sourceAnchorNames"":[""B_WP_2""],""runtimeAnchors"":[{""sourceAnchorName"":""B_WP_2"",""runtimeAnchorSlotId"":""B_WP_2"",""runtimeBoneName"":""b_wp_2"",""socketLocalTransform"":{""position"":[0.0,0.0,0.0],""rotationDegrees"":[0.0,0.0,0.0],""scale"":[1.0,1.0,1.0]},""resolutionStatus"":""EXACT_SOURCE_BONE""}],""runtimeAnchorSlotIds"":[""B_WP_2""],""runtimeAnchorSlotId"":""B_WP_2"",""runtimeBoneName"":""b_wp_2"",""socketLocalTransform"":{""position"":[0.0,0.0,0.0],""rotationDegrees"":[0.0,0.0,0.0],""scale"":[1.0,1.0,1.0]},""runtimeResolutionStatus"":""EXACT_SOURCE_BONE"",""sourceSelectorByteOffset"":402},""localTransform"":{""sourcePositionUeUnits"":[150.0,0.0,50.0],""position"":[1.5,0.5,-0.0],""rotationDegrees"":[0.0,0.0,-0.0],""scale"":[3.0,3.0,3.0]},""sourceTransformByteOffset"":417,""parameterOverridesDecoded"":true,""sourceParameterCountByteOffset"":509,""parameterOverrides"":[{""sourceIndex"":0,""name"":""Color"",""sourceTypeCode"":3,""sourceRecordByteOffset"":513,""type"":""vector"",""vectorValue"":[1.0,1.0,1.0],""sourceValueByteOffset"":535},{""sourceIndex"":1,""name"":""Alpha"",""sourceTypeCode"":1,""sourceRecordByteOffset"":592,""type"":""scalar"",""scalarValue"":1.0,""sourceValueByteOffset"":606}]}",1043387,79903,True,SOURCE_ASSET_EXPLICIT
requested_core,MN_RPCT_07,4219939,쿠크세이튼_군단장 시그니쳐 스킬_공격,8,Att_battle_28_09,action-4219939/stage-008/notify-002,PlayParticleEffect,0.0,0.0,True,,ParticleSystem:fx_mn_rpct_07_v.Par_V_RPCT_Signature_01_1_LOC_INT,"{""schema"":""lostark.cef-play-particle-effect-header"",""version"":2,""enabled"":true,""sourceByteOffset"":47,""sourceByteValue"":1,""particleDataDecoded"":true,""sourceParticleSystem"":""ParticleSystem'fx_mn_rpct_07_v.Par_V_RPCT_Signature_01_1_LOC_INT'"",""attachment"":{""mode"":""FOLLOW_NAMED_ANCHORS"",""sourceAnchorNames"":[""B_WP_1""],""runtimeAnchors"":[{""sourceAnchorName"":""B_WP_1"",""runtimeAnchorSlotId"":""B_WP_1"",""runtimeBoneName"":""b_wp_1"",""socketLocalTransform"":{""position"":[0.0,0.0,0.0],""rotationDegrees"":[0.0,0.0,0.0],""scale"":[1.0,1.0,1.0]},""resolutionStatus"":""EXACT_SOURCE_BONE""}],""runtimeAnchorSlotIds"":[""B_WP_1""],""runtimeAnchorSlotId"":""B_WP_1"",""runtimeBoneName"":""b_wp_1"",""socketLocalTransform"":{""position"":[0.0,0.0,0.0],""rotationDegrees"":[0.0,0.0,0.0],""scale"":[1.0,1.0,1.0]},""runtimeResolutionStatus"":""EXACT_SOURCE_BONE"",""sourceSelectorByteOffset"":402},""localTransform"":{""sourcePositionUeUnits"":[150.0,0.0,50.0],""position"":[1.5,0.5,-0.0],""rotationDegrees"":[0.0,0.0,-0.0],""scale"":[3.0,3.0,3.0]},""sourceTransformByteOffset"":417,""parameterOverridesDecoded"":true,""sourceParameterCountByteOffset"":509,""parameterOverrides"":[{""sourceIndex"":0,""name"":""Color"",""sourceTypeCode"":3,""sourceRecordByteOffset"":513,""type"":""vector"",""vectorValue"":[1.0,1.0,1.0],""sourceValueByteOffset"":535},{""sourceIndex"":1,""name"":""Alpha"",""sourceTypeCode"":1,""sourceRecordByteOffset"":592,""type"":""scalar"",""scalarValue"":1.0,""sourceValueByteOffset"":606}]}",1044158,79936,True,SOURCE_ASSET_EXPLICIT
requested_core,MN_RPCT_07,4219939,쿠크세이튼_군단장 시그니쳐 스킬_공격,8,Att_battle_28_09,action-4219939/stage-008/notify-003,PlayParticleEffect,0.0,1.691236972808838,True,,ParticleSystem:FX_MN_RPCT_07_V.Par_V_RPCT_07_Bazooka_Loop,"{""schema"":""lostark.cef-play-particle-effect-header"",""version"":2,""enabled"":true,""sourceByteOffset"":47,""sourceByteValue"":1,""particleDataDecoded"":true,""sourceParticleSystem"":""ParticleSystem'FX_MN_RPCT_07_V.Par_V_RPCT_07_Bazooka_Loop'"",""attachment"":{""mode"":""FOLLOW_NAMED_ANCHORS"",""sourceAnchorNames"":[""B_WP_1""],""runtimeAnchors"":[{""sourceAnchorName"":""B_WP_1"",""runtimeAnchorSlotId"":""B_WP_1"",""runtimeBoneName"":""b_wp_1"",""socketLocalTransform"":{""position"":[0.0,0.0,0.0],""rotationDegrees"":[0.0,0.0,0.0],""scale"":[1.0,1.0,1.0]},""resolutionStatus"":""EXACT_SOURCE_BONE""}],""runtimeAnchorSlotIds"":[""B_WP_1""],""runtimeAnchorSlotId"":""B_WP_1"",""runtimeBoneName"":""b_wp_1"",""socketLocalTransform"":{""position"":[0.0,0.0,0.0],""rotationDegrees"":[0.0,0.0,0.0],""scale"":[1.0,1.0,1.0]},""runtimeResolutionStatus"":""EXACT_SOURCE_BONE"",""sourceSelectorByteOffset"":392},""localTransform"":{""sourcePositionUeUnits"":[0.0,0.0,0.0],""position"":[0.0,0.0,-0.0],""rotationDegrees"":[0.0,0.0,-0.0],""scale"":[1.0,1.0,1.0]},""sourceTransformByteOffset"":407,""parameterOverridesDecoded"":true,""sourceParameterCountByteOffset"":499,""parameterOverrides"":[]}",1044929,79969,True,SOURCE_ASSET_EXPLICIT
requested_core,MN_RPCT_07,4219939,쿠크세이튼_군단장 시그니쳐 스킬_공격,8,Att_battle_28_09,action-4219939/stage-008/notify-004,PlayParticleEffect,0.0,0.0,True,,ParticleSystem:FX_CM_02.Light.Par_MP_Light_01,"{""schema"":""lostark.cef-play-particle-effect-header"",""version"":2,""enabled"":true,""sourceByteOffset"":47,""sourceByteValue"":1,""particleDataDecoded"":true,""sourceParticleSystem"":""ParticleSystem'FX_CM_02.Light.Par_MP_Light_01'"",""attachment"":{""mode"":""SNAPSHOT_ROOT"",""sourceAnchorNames"":[],""runtimeAnchors"":[],""runtimeAnchorSlotIds"":[],""runtimeAnchorSlotId"":""root"",""runtimeBoneName"":"""",""socketLocalTransform"":{""position"":[0.0,0.0,0.0],""rotationDegrees"":[0.0,0.0,0.0],""scale"":[1.0,1.0,1.0]},""runtimeResolutionStatus"":""EXACT_ROOT_SNAPSHOT"",""sourceSelectorByteOffset"":null},""localTransform"":{""sourcePositionUeUnits"":[50.0,0.0,50.0],""position"":[0.5,0.5,-0.0],""rotationDegrees"":[0.0,0.0,-0.0],""scale"":[3.0,3.0,3.0]},""sourceTransformByteOffset"":389,""parameterOverridesDecoded"":true,""sourceParameterCountByteOffset"":477,""parameterOverrides"":[{""sourceIndex"":0,""name"":""Spawn"",""sourceTypeCode"":1,""sourceRecordByteOffset"":481,""type"":""scalar"",""scalarValue"":0.0,""sourceValueByteOffset"":495},{""sourceIndex"":1,""name"":""Lifetime"",""sourceTypeCode"":1,""sourceRecordByteOffset"":560,""type"":""scalar"",""scalarValue"":0.10000000149011612,""sourceValueByteOffset"":577},{""sourceIndex"":2,""name"":""Size"",""sourceTypeCode"":3,""sourceRecordByteOffset"":642,""type"":""vector"",""vectorValue"":[200.0,0.0,0.0],""sourceValueByteOffset"":663},{""sourceIndex"":3,""name"":""Color"",""sourceTypeCode"":3,""sourceRecordByteOffset"":720,""type"":""vector"",""vectorValue"":[3.0,2.0,1.0],""sourceValueByteOffset"":742},{""sourceIndex"":4,""name"":""Alpha"",""sourceTypeCode"":1,""sourceRecordByteOffset"":799,""type"":""scalar"",""scalarValue"":1.0,""sourceValueByteOffset"":813}]}",1045532,80000,True,SOURCE_ASSET_EXPLICIT
requested_core,MN_RPCT_07,4219939,쿠크세이튼_군단장 시그니쳐 스킬_공격,8,Att_battle_28_09,action-4219939/stage-008/notify-005,HidePawn,0.0,2.233299970626831,,,,,1046510,80035,True,SOURCE_PARAMETERS_SERIALIZED
requested_core,MN_RPCT_07,4219939,쿠크세이튼_군단장 시그니쳐 스킬_공격,8,Att_battle_28_09,action-4219939/stage-008/notify-006,PlayParticleEffect,0.0,2.233299970626831,True,,ParticleSystem:FX_MN_RPCT_07_V.Par_V_RPCT_Bazooka_mesh_01,"{""schema"":""lostark.cef-play-particle-effect-header"",""version"":2,""enabled"":true,""sourceByteOffset"":47,""sourceByteValue"":1,""particleDataDecoded"":true,""sourceParticleSystem"":""ParticleSystem'FX_MN_RPCT_07_V.Par_V_RPCT_Bazooka_mesh_01'"",""attachment"":{""mode"":""FOLLOW_NAMED_ANCHORS"",""sourceAnchorNames"":[""Bip002-R-Hand""],""runtimeAnchors"":[{""sourceAnchorName"":""Bip002-R-Hand"",""runtimeAnchorSlotId"":""Bip002-R-Hand"",""runtimeBoneName"":"""",""socketLocalTransform"":{""position"":[0.0,0.0,0.0],""rotationDegrees"":[0.0,0.0,0.0],""scale"":[1.0,1.0,1.0]},""resolutionStatus"":""MISSING_SOURCE_SOCKET""}],""runtimeAnchorSlotIds"":[""Bip002-R-Hand""],""runtimeAnchorSlotId"":""Bip002-R-Hand"",""runtimeBoneName"":"""",""socketLocalTransform"":{""position"":[0.0,0.0,0.0],""rotationDegrees"":[0.0,0.0,0.0],""scale"":[1.0,1.0,1.0]},""runtimeResolutionStatus"":""MISSING_SOURCE_SOCKET"",""sourceSelectorByteOffset"":383},""localTransform"":{""sourcePositionUeUnits"":[0.0,0.0,0.0],""position"":[0.0,0.0,-0.0],""rotationDegrees"":[0.0,0.0,-0.0],""scale"":[0.30000001192092896,0.30000001192092896,0.30000001192092896]},""sourceTransformByteOffset"":405,""parameterOverridesDecoded"":true,""sourceParameterCountByteOffset"":497,""parameterOverrides"":[]}",1046642,80057,True,SOURCE_ASSET_EXPLICIT
requested_core,MN_RPCT_07,4219939,쿠크세이튼_군단장 시그니쳐 스킬_공격,8,Att_battle_28_09,action-4219939/stage-008/notify-007,AKEvent,0.0010000000474974513,2.232300043106079,,,AkEvent:S_Mob_G_KoukuSatan1.G_KoukuSatan1_Attack23_Shot3,,1047243,80087,True,SOURCE_ASSET_EXPLICIT
requested_core,MN_RPCT_07,4219939,쿠크세이튼_군단장 시그니쳐 스킬_공격,8,Att_battle_28_09,action-4219939/stage-008/notify-008,PlayParticleEffect,0.0034209999721497297,1.7066069841384888,True,,ParticleSystem:FX_MN_RPCT_07_V.Par_V_RPCT_07_Bazooka_Loop,"{""schema"":""lostark.cef-play-particle-effect-header"",""version"":2,""enabled"":true,""sourceByteOffset"":47,""sourceByteValue"":1,""particleDataDecoded"":true,""sourceParticleSystem"":""ParticleSystem'FX_MN_RPCT_07_V.Par_V_RPCT_07_Bazooka_Loop'"",""attachment"":{""mode"":""FOLLOW_NAMED_ANCHORS"",""sourceAnchorNames"":[""B_WP_2""],""runtimeAnchors"":[{""sourceAnchorName"":""B_WP_2"",""runtimeAnchorSlotId"":""B_WP_2"",""runtimeBoneName"":""b_wp_2"",""socketLocalTransform"":{""position"":[0.0,0.0,0.0],""rotationDegrees"":[0.0,0.0,0.0],""scale"":[1.0,1.0,1.0]},""resolutionStatus"":""EXACT_SOURCE_BONE""}],""runtimeAnchorSlotIds"":[""B_WP_2""],""runtimeAnchorSlotId"":""B_WP_2"",""runtimeBoneName"":""b_wp_2"",""socketLocalTransform"":{""position"":[0.0,0.0,0.0],""rotationDegrees"":[0.0,0.0,0.0],""scale"":[1.0,1.0,1.0]},""runtimeResolutionStatus"":""EXACT_SOURCE_BONE"",""sourceSelectorByteOffset"":392},""localTransform"":{""sourcePositionUeUnits"":[0.0,0.0,0.0],""position"":[0.0,0.0,-0.0],""rotationDegrees"":[0.0,0.0,-0.0],""scale"":[1.0,1.0,1.0]},""sourceTransformByteOffset"":407,""parameterOverridesDecoded"":true,""sourceParameterCountByteOffset"":499,""parameterOverrides"":[]}",1047454,80116,True,SOURCE_ASSET_EXPLICIT
requested_core,MN_RPCT_07,4219939,쿠크세이튼_군단장 시그니쳐 스킬_공격,8,Att_battle_28_09,action-4219939/stage-008/notify-009,AKEvent,1.0,1.233299970626831,,,AkEvent:S_Mob_G_KoukuSatan1.G_KoukuSatan1_Attack23_Cast3,,1048057,80147,True,SOURCE_ASSET_EXPLICIT
requested_core,MN_RPCT_07,4219939,쿠크세이튼_군단장 시그니쳐 스킬_공격,8,Att_battle_28_09,action-4219939/stage-008/notify-010,PlayParticleEffect,1.0653070211410522,0.0,True,,ParticleSystem:fx_mn_rpct_07_v.Par_V_RPCT_BallRead_Exp_01_LOC_INT,"{""schema"":""lostark.cef-play-particle-effect-header"",""version"":2,""enabled"":true,""sourceByteOffset"":47,""sourceByteValue"":1,""particleDataDecoded"":true,""sourceParticleSystem"":""ParticleSystem'fx_mn_rpct_07_v.Par_V_RPCT_BallRead_Exp_01_LOC_INT'"",""attachment"":{""mode"":""FOLLOW_NAMED_ANCHORS"",""sourceAnchorNames"":[""Bip002-R-Hand""],""runtimeAnchors"":[{""sourceAnchorName"":""Bip002-R-Hand"",""runtimeAnchorSlotId"":""Bip002-R-Hand"",""runtimeBoneName"":"""",""socketLocalTransform"":{""position"":[0.0,0.0,0.0],""rotationDegrees"":[0.0,0.0,0.0],""scale"":[1.0,1.0,1.0]},""resolutionStatus"":""MISSING_SOURCE_SOCKET""}],""runtimeAnchorSlotIds"":[""Bip002-R-Hand""],""runtimeAnchorSlotId"":""Bip002-R-Hand"",""runtimeBoneName"":"""",""socketLocalTransform"":{""position"":[0.0,0.0,0.0],""rotationDegrees"":[0.0,0.0,0.0],""scale"":[1.0,1.0,1.0]},""runtimeResolutionStatus"":""MISSING_SOURCE_SOCKET"",""sourceSelectorByteOffset"":397},""localTransform"":{""sourcePositionUeUnits"":[0.0,0.0,0.0],""position"":[0.0,0.0,-0.0],""rotationDegrees"":[0.0,0.0,-0.0],""scale"":[0.4000000059604645,0.4000000059604645,0.4000000059604645]},""sourceTransformByteOffset"":419,""parameterOverridesDecoded"":true,""sourceParameterCountByteOffset"":511,""parameterOverrides"":[]}",1048268,80176,True,SOURCE_ASSET_EXPLICIT
requested_core,MN_RPCT_07,4219939,쿠크세이튼_군단장 시그니쳐 스킬_공격,8,Att_battle_28_09,action-4219939/stage-008/notify-011,PawnMaterialParam,1.0654710531234741,0.0,,,,,1048883,80207,True,SOURCE_PARAMETERS_SERIALIZED
requested_core,MN_RPCT_07,4219939,쿠크세이튼_군단장 시그니쳐 스킬_공격,8,Att_battle_28_09,action-4219939/stage-008/notify-012,PlayParticleEffect,1.097085952758789,0.0,True,,ParticleSystem:fx_mn_rpct_07_v.Par_V_RPCT_signalShot_01_LOC_INT,"{""schema"":""lostark.cef-play-particle-effect-header"",""version"":2,""enabled"":true,""sourceByteOffset"":47,""sourceByteValue"":1,""particleDataDecoded"":true,""sourceParticleSystem"":""ParticleSystem'fx_mn_rpct_07_v.Par_V_RPCT_signalShot_01_LOC_INT'"",""attachment"":{""mode"":""FOLLOW_NAMED_ANCHORS"",""sourceAnchorNames"":[""Bip002-R-Hand""],""runtimeAnchors"":[{""sourceAnchorName"":""Bip002-R-Hand"",""runtimeAnchorSlotId"":""Bip002-R-Hand"",""runtimeBoneName"":"""",""socketLocalTransform"":{""position"":[0.0,0.0,0.0],""rotationDegrees"":[0.0,0.0,0.0],""scale"":[1.0,1.0,1.0]},""resolutionStatus"":""MISSING_SOURCE_SOCKET""}],""runtimeAnchorSlotIds"":[""Bip002-R-Hand""],""runtimeAnchorSlotId"":""Bip002-R-Hand"",""runtimeBoneName"":"""",""socketLocalTransform"":{""position"":[0.0,0.0,0.0],""rotationDegrees"":[0.0,0.0,0.0],""scale"":[1.0,1.0,1.0]},""runtimeResolutionStatus"":""MISSING_SOURCE_SOCKET"",""sourceSelectorByteOffset"":394},""localTransform"":{""sourcePositionUeUnits"":[0.0,0.0,50.0],""position"":[0.0,0.5,-0.0],""rotationDegrees"":[0.0,0.0,-0.0],""scale"":[1.0,1.0,1.0]},""sourceTransformByteOffset"":416,""parameterOverridesDecoded"":true,""sourceParameterCountByteOffset"":508,""parameterOverrides"":[{""sourceIndex"":0,""name"":""Color"",""sourceTypeCode"":3,""sourceRecordByteOffset"":512,""type"":""vector"",""vectorValue"":[1.0,1.0,1.0],""sourceValueByteOffset"":534}]}",1049311,80230,True,SOURCE_ASSET_EXPLICIT
requested_core,MN_RPCT_07,4219939,쿠크세이튼_군단장 시그니쳐 스킬_공격,8,Att_battle_28_09,action-4219939/stage-008/notify-013,AKEvent,1.7699999809265137,0.4632999897003174,,,AkEvent:S_Mob_G_KoukuSatan1.G_KoukuSatan1_Attack03_Cast2,,1050002,80262,True,SOURCE_ASSET_EXPLICIT
requested_core,MN_RPCT_07,4219939,쿠크세이튼_군단장 시그니쳐 스킬_공격,8,Att_battle_28_09,action-4219939/stage-008/notify-014,HidePawn,1.8046770095825195,0.4286229908466339,,,,,1050213,80291,True,SOURCE_PARAMETERS_SERIALIZED
requested_core,MN_RPCT_07,4219939,쿠크세이튼_군단장 시그니쳐 스킬_공격,8,Att_battle_28_09,action-4219939/stage-008/notify-015,ViewShake,1.8096239566802979,0.0,,,,,1050333,80313,True,SOURCE_PARAMETERS_SERIALIZED
requested_core,MN_RPCT_07,4219939,쿠크세이튼_군단장 시그니쳐 스킬_공격,8,Att_battle_28_09,action-4219939/stage-008/notify-016,PlayParticleEffect,1.8112080097198486,0.0,True,,ParticleSystem:FX_CM_02.Light.Par_MP_Light_05_L,"{""schema"":""lostark.cef-play-particle-effect-header"",""version"":2,""enabled"":true,""sourceByteOffset"":47,""sourceByteValue"":1,""particleDataDecoded"":true,""sourceParticleSystem"":""ParticleSystem'FX_CM_02.Light.Par_MP_Light_05_L'"",""attachment"":{""mode"":""SNAPSHOT_ROOT"",""sourceAnchorNames"":[],""runtimeAnchors"":[],""runtimeAnchorSlotIds"":[],""runtimeAnchorSlotId"":""root"",""runtimeBoneName"":"""",""socketLocalTransform"":{""position"":[0.0,0.0,0.0],""rotationDegrees"":[0.0,0.0,0.0],""scale"":[1.0,1.0,1.0]},""runtimeResolutionStatus"":""EXACT_ROOT_SNAPSHOT"",""sourceSelectorByteOffset"":null},""localTransform"":{""sourcePositionUeUnits"":[0.0,0.0,150.0],""position"":[0.0,1.5,-0.0],""rotationDegrees"":[0.0,0.0,-0.0],""scale"":[1.0,1.0,1.0]},""sourceTransformByteOffset"":387,""parameterOverridesDecoded"":true,""sourceParameterCountByteOffset"":475,""parameterOverrides"":[{""sourceIndex"":0,""name"":""Spawn"",""sourceTypeCode"":1,""sourceRecordByteOffset"":479,""type"":""scalar"",""scalarValue"":0.0,""sourceValueByteOffset"":493},{""sourceIndex"":1,""name"":""Lifetime"",""sourceTypeCode"":1,""sourceRecordByteOffset"":558,""type"":""scalar"",""scalarValue"":0.800000011920929,""sourceValueByteOffset"":575},{""sourceIndex"":2,""name"":""Location"",""sourceTypeCode"":3,""sourceRecordByteOffset"":640,""type"":""vector"",""vectorValue"":[1.0,1.0,1.0],""sourceValueByteOffset"":665},{""sourceIndex"":3,""name"":""Size"",""sourceTypeCode"":3,""sourceRecordByteOffset"":722,""type"":""vector"",""vectorValue"":[450.0,100.0,100.0],""sourceValueByteOffset"":743},{""sourceIndex"":4,""name"":""Color"",""sourceTypeCode"":3,""sourceRecordByteOffset"":800,""type"":""vector"",""vectorValue"":[3.0,1.0,1.0],""sourceValueByteOffset"":822},{""sourceIndex"":5,""name"":""Alpha"",""sourceTypeCode"":1,""sourceRecordByteOffset"":879,""type"":""scalar"",""scalarValue"":1.5,""sourceValueByteOffset"":893}]}",1050594,80337,True,SOURCE_ASSET_EXPLICIT
requested_core,MN_RPCT_07,4219939,쿠크세이튼_군단장 시그니쳐 스킬_공격,8,Att_battle_28_09,action-4219939/stage-008/notify-017,PlayParticleEffect,1.811830997467041,0.0,True,,ParticleSystem:fx_mn_rpct_07_v.Par_V_RPCT_BallRead_Exp_01_LOC_INT,"{""schema"":""lostark.cef-play-particle-effect-header"",""version"":2,""enabled"":true,""sourceByteOffset"":47,""sourceByteValue"":1,""particleDataDecoded"":true,""sourceParticleSystem"":""ParticleSystem'fx_mn_rpct_07_v.Par_V_RPCT_BallRead_Exp_01_LOC_INT'"",""attachment"":{""mode"":""FOLLOW_NAMED_ANCHORS"",""sourceAnchorNames"":[""FX_buff_01""],""runtimeAnchors"":[{""sourceAnchorName"":""FX_buff_01"",""runtimeAnchorSlotId"":""FX_buff_01"",""runtimeBoneName"":"""",""socketLocalTransform"":{""position"":[0.0,0.0,0.0],""rotationDegrees"":[0.0,0.0,0.0],""scale"":[1.0,1.0,1.0]},""resolutionStatus"":""MISSING_SOURCE_SOCKET""}],""runtimeAnchorSlotIds"":[""FX_buff_01""],""runtimeAnchorSlotId"":""FX_buff_01"",""runtimeBoneName"":"""",""socketLocalTransform"":{""position"":[0.0,0.0,0.0],""rotationDegrees"":[0.0,0.0,0.0],""scale"":[1.0,1.0,1.0]},""runtimeResolutionStatus"":""MISSING_SOURCE_SOCKET"",""sourceSelectorByteOffset"":395},""localTransform"":{""sourcePositionUeUnits"":[0.0,0.0,0.0],""position"":[0.0,0.0,-0.0],""rotationDegrees"":[0.0,0.0,-0.0],""scale"":[1.2000000476837158,1.2000000476837158,1.2000000476837158]},""sourceTransformByteOffset"":414,""parameterOverridesDecoded"":true,""sourceParameterCountByteOffset"":502,""parameterOverrides"":[]}",1051652,80373,True,SOURCE_ASSET_EXPLICIT
requested_core,MN_RPCT_07,4219939,쿠크세이튼_군단장 시그니쳐 스킬_공격,8,Att_battle_28_09,action-4219939/stage-008/notify-018,Effect,1.899999976158142,0.20000000298023224,,41600004,,,1052258,80403,True,TIMING_ONLY
requested_core,MN_RPCT_07,4219939,쿠크세이튼_군단장 시그니쳐 스킬_공격,8,Att_battle_28_09,action-4219939/stage-008/notify-019,Effect,1.899999976158142,0.20000000298023224,,41600006,,,1052408,80422,True,TIMING_ONLY
requested_core,MN_RPCT_07,4219939,쿠크세이튼_군단장 시그니쳐 스킬_공격,8,Att_battle_28_09,action-4219939/stage-008/notify-020,MonsterMoveNextStage,2.130000114440918,0.0,,,,,1052558,80444,True,TIMING_OR_STATE_ONLY
requested_core,MN_RPCT_07,4219939,쿠크세이튼_군단장 시그니쳐 스킬_공격,9,Att_Battle_24_03,action-4219939/stage-009/notify-000,Anim,0.0,1.0,,,,,1052974,80484,True,SOURCE_CLIP_EXPLICIT
requested_core,MN_RPCT_07,4219939,쿠크세이튼_군단장 시그니쳐 스킬_공격,9,Att_Battle_24_03,action-4219939/stage-009/notify-001,PlayParticleEffect,0.0,3.0,True,,ParticleSystem:FX_MN_RPCT_07_V.Par_V_RPCT_Bazooka_mesh_01,"{""schema"":""lostark.cef-play-particle-effect-header"",""version"":2,""enabled"":true,""sourceByteOffset"":47,""sourceByteValue"":1,""particleDataDecoded"":true,""sourceParticleSystem"":""ParticleSystem'FX_MN_RPCT_07_V.Par_V_RPCT_Bazooka_mesh_01'"",""attachment"":{""mode"":""FOLLOW_NAMED_ANCHORS"",""sourceAnchorNames"":[""Bip002-R-Hand""],""runtimeAnchors"":[{""sourceAnchorName"":""Bip002-R-Hand"",""runtimeAnchorSlotId"":""Bip002-R-Hand"",""runtimeBoneName"":"""",""socketLocalTransform"":{""position"":[0.0,0.0,0.0],""rotationDegrees"":[0.0,0.0,0.0],""scale"":[1.0,1.0,1.0]},""resolutionStatus"":""MISSING_SOURCE_SOCKET""}],""runtimeAnchorSlotIds"":[""Bip002-R-Hand""],""runtimeAnchorSlotId"":""Bip002-R-Hand"",""runtimeBoneName"":"""",""socketLocalTransform"":{""position"":[0.0,0.0,0.0],""rotationDegrees"":[0.0,0.0,0.0],""scale"":[1.0,1.0,1.0]},""runtimeResolutionStatus"":""MISSING_SOURCE_SOCKET"",""sourceSelectorByteOffset"":411},""localTransform"":{""sourcePositionUeUnits"":[0.0,0.0,0.0],""position"":[0.0,0.0,-0.0],""rotationDegrees"":[0.0,0.0,-0.0],""scale"":[0.30000001192092896,0.30000001192092896,0.30000001192092896]},""sourceTransformByteOffset"":433,""parameterOverridesDecoded"":true,""sourceParameterCountByteOffset"":525,""parameterOverrides"":[]}",1053266,80511,True,SOURCE_ASSET_EXPLICIT
requested_core,MN_RPCT_07,4219939,쿠크세이튼_군단장 시그니쳐 스킬_공격,9,Att_Battle_24_03,action-4219939/stage-009/notify-002,PlayParticleEffect,1.0653070211410522,0.0,True,,ParticleSystem:fx_mn_rpct_07_v.Par_V_RPCT_BallRead_Exp_01_LOC_INT,"{""schema"":""lostark.cef-play-particle-effect-header"",""version"":2,""enabled"":true,""sourceByteOffset"":47,""sourceByteValue"":1,""particleDataDecoded"":true,""sourceParticleSystem"":""ParticleSystem'fx_mn_rpct_07_v.Par_V_RPCT_BallRead_Exp_01_LOC_INT'"",""attachment"":{""mode"":""FOLLOW_NAMED_ANCHORS"",""sourceAnchorNames"":[""Bip002-R-Hand""],""runtimeAnchors"":[{""sourceAnchorName"":""Bip002-R-Hand"",""runtimeAnchorSlotId"":""Bip002-R-Hand"",""runtimeBoneName"":"""",""socketLocalTransform"":{""position"":[0.0,0.0,0.0],""rotationDegrees"":[0.0,0.0,0.0],""scale"":[1.0,1.0,1.0]},""resolutionStatus"":""MISSING_SOURCE_SOCKET""}],""runtimeAnchorSlotIds"":[""Bip002-R-Hand""],""runtimeAnchorSlotId"":""Bip002-R-Hand"",""runtimeBoneName"":"""",""socketLocalTransform"":{""position"":[0.0,0.0,0.0],""rotationDegrees"":[0.0,0.0,0.0],""scale"":[1.0,1.0,1.0]},""runtimeResolutionStatus"":""MISSING_SOURCE_SOCKET"",""sourceSelectorByteOffset"":425},""localTransform"":{""sourcePositionUeUnits"":[0.0,0.0,0.0],""position"":[0.0,0.0,-0.0],""rotationDegrees"":[0.0,0.0,-0.0],""scale"":[0.4000000059604645,0.4000000059604645,0.4000000059604645]},""sourceTransformByteOffset"":447,""parameterOverridesDecoded"":true,""sourceParameterCountByteOffset"":539,""parameterOverrides"":[]}",1053895,80541,True,SOURCE_ASSET_EXPLICIT
requested_core,MN_RPCT_07,4219939,쿠크세이튼_군단장 시그니쳐 스킬_공격,9,Att_Battle_24_03,action-4219939/stage-009/notify-003,PawnMaterialParam,1.0654710531234741,0.0,,,,,1054538,80572,True,SOURCE_PARAMETERS_SERIALIZED
requested_core,MN_RPCT_07,4219939,쿠크세이튼_군단장 시그니쳐 스킬_공격,9,Att_Battle_24_03,action-4219939/stage-009/notify-004,PlayParticleEffect,1.097085952758789,0.0,True,,ParticleSystem:fx_mn_rpct_07_v.Par_V_RPCT_signalShot_01_LOC_INT,"{""schema"":""lostark.cef-play-particle-effect-header"",""version"":2,""enabled"":true,""sourceByteOffset"":47,""sourceByteValue"":1,""particleDataDecoded"":true,""sourceParticleSystem"":""ParticleSystem'fx_mn_rpct_07_v.Par_V_RPCT_signalShot_01_LOC_INT'"",""attachment"":{""mode"":""FOLLOW_NAMED_ANCHORS"",""sourceAnchorNames"":[""Bip002-R-Hand""],""runtimeAnchors"":[{""sourceAnchorName"":""Bip002-R-Hand"",""runtimeAnchorSlotId"":""Bip002-R-Hand"",""runtimeBoneName"":"""",""socketLocalTransform"":{""position"":[0.0,0.0,0.0],""rotationDegrees"":[0.0,0.0,0.0],""scale"":[1.0,1.0,1.0]},""resolutionStatus"":""MISSING_SOURCE_SOCKET""}],""runtimeAnchorSlotIds"":[""Bip002-R-Hand""],""runtimeAnchorSlotId"":""Bip002-R-Hand"",""runtimeBoneName"":"""",""socketLocalTransform"":{""position"":[0.0,0.0,0.0],""rotationDegrees"":[0.0,0.0,0.0],""scale"":[1.0,1.0,1.0]},""runtimeResolutionStatus"":""MISSING_SOURCE_SOCKET"",""sourceSelectorByteOffset"":422},""localTransform"":{""sourcePositionUeUnits"":[0.0,0.0,50.0],""position"":[0.0,0.5,-0.0],""rotationDegrees"":[0.0,0.0,-0.0],""scale"":[1.0,1.0,1.0]},""sourceTransformByteOffset"":444,""parameterOverridesDecoded"":true,""sourceParameterCountByteOffset"":536,""parameterOverrides"":[{""sourceIndex"":0,""name"":""Color"",""sourceTypeCode"":3,""sourceRecordByteOffset"":540,""type"":""vector"",""vectorValue"":[1.0,1.0,1.0],""sourceValueByteOffset"":562}]}",1054994,80595,True,SOURCE_ASSET_EXPLICIT
requested_core,MN_RPCT_07,4219939,쿠크세이튼_군단장 시그니쳐 스킬_공격,9,Att_Battle_24_03,action-4219939/stage-009/notify-005,MonsterMoveNextStage,3.0,0.0,,,,,1055713,80627,True,TIMING_OR_STATE_ONLY
requested_core,MN_RPCT_07,4219939,쿠크세이튼_군단장 시그니쳐 스킬_공격,10,Att_battle_28_10_start,action-4219939/stage-010/notify-000,Anim,0.0,2.3333330154418945,,,,,1056033,80667,True,SOURCE_CLIP_EXPLICIT
requested_core,MN_RPCT_07,4219939,쿠크세이튼_군단장 시그니쳐 스킬_공격,10,Att_battle_28_10_start,action-4219939/stage-010/notify-001,Effect,0.0,0.10000000149011612,,421991213,,,1056337,80694,True,TIMING_ONLY
requested_core,MN_RPCT_07,4219939,쿠크세이튼_군단장 시그니쳐 스킬_공격,10,Att_battle_28_10_start,action-4219939/stage-010/notify-002,Effect,0.0,0.20000000298023224,,41600005,,,1056487,80713,True,TIMING_ONLY
requested_core,MN_RPCT_07,4219939,쿠크세이튼_군단장 시그니쳐 스킬_공격,10,Att_battle_28_10_start,action-4219939/stage-010/notify-003,Effect,0.0,0.20000000298023224,,41600007,,,1056637,80732,True,TIMING_ONLY
requested_core,MN_RPCT_07,4219939,쿠크세이튼_군단장 시그니쳐 스킬_공격,10,Att_battle_28_10_start,action-4219939/stage-010/notify-004,PlayParticleEffect,0.0,0.0,True,,ParticleSystem:FX_CM_02.Light.Par_MP_Light_05_L,"{""schema"":""lostark.cef-play-particle-effect-header"",""version"":2,""enabled"":true,""sourceByteOffset"":47,""sourceByteValue"":1,""particleDataDecoded"":true,""sourceParticleSystem"":""ParticleSystem'FX_CM_02.Light.Par_MP_Light_05_L'"",""attachment"":{""mode"":""SNAPSHOT_ROOT"",""sourceAnchorNames"":[],""runtimeAnchors"":[],""runtimeAnchorSlotIds"":[],""runtimeAnchorSlotId"":""root"",""runtimeBoneName"":"""",""socketLocalTransform"":{""position"":[0.0,0.0,0.0],""rotationDegrees"":[0.0,0.0,0.0],""scale"":[1.0,1.0,1.0]},""runtimeResolutionStatus"":""EXACT_ROOT_SNAPSHOT"",""sourceSelectorByteOffset"":null},""localTransform"":{""sourcePositionUeUnits"":[0.0,0.0,150.0],""position"":[0.0,1.5,-0.0],""rotationDegrees"":[0.0,0.0,-0.0],""scale"":[1.0,1.0,1.0]},""sourceTransformByteOffset"":387,""parameterOverridesDecoded"":true,""sourceParameterCountByteOffset"":475,""parameterOverrides"":[{""sourceIndex"":0,""name"":""Spawn"",""sourceTypeCode"":1,""sourceRecordByteOffset"":479,""type"":""scalar"",""scalarValue"":0.0,""sourceValueByteOffset"":493},{""sourceIndex"":1,""name"":""Lifetime"",""sourceTypeCode"":1,""sourceRecordByteOffset"":558,""type"":""scalar"",""scalarValue"":0.800000011920929,""sourceValueByteOffset"":575},{""sourceIndex"":2,""name"":""Location"",""sourceTypeCode"":3,""sourceRecordByteOffset"":640,""type"":""vector"",""vectorValue"":[1.0,1.0,1.0],""sourceValueByteOffset"":665},{""sourceIndex"":3,""name"":""Size"",""sourceTypeCode"":3,""sourceRecordByteOffset"":722,""type"":""vector"",""vectorValue"":[450.0,100.0,100.0],""sourceValueByteOffset"":743},{""sourceIndex"":4,""name"":""Color"",""sourceTypeCode"":3,""sourceRecordByteOffset"":800,""type"":""vector"",""vectorValue"":[3.0,1.0,1.0],""sourceValueByteOffset"":822},{""sourceIndex"":5,""name"":""Alpha"",""sourceTypeCode"":1,""sourceRecordByteOffset"":879,""type"":""scalar"",""scalarValue"":1.5,""sourceValueByteOffset"":893}]}",1056787,80751,True,SOURCE_ASSET_EXPLICIT
requested_core,MN_RPCT_07,4219939,쿠크세이튼_군단장 시그니쳐 스킬_공격,10,Att_battle_28_10_start,action-4219939/stage-010/notify-005,PlayParticleEffect,0.0,0.0,True,,ParticleSystem:fx_mn_rpct_07_v.Par_V_RPCT_BallRead_Exp_01_LOC_INT,"{""schema"":""lostark.cef-play-particle-effect-header"",""version"":2,""enabled"":true,""sourceByteOffset"":47,""sourceByteValue"":1,""particleDataDecoded"":true,""sourceParticleSystem"":""ParticleSystem'fx_mn_rpct_07_v.Par_V_RPCT_BallRead_Exp_01_LOC_INT'"",""attachment"":{""mode"":""FOLLOW_NAMED_ANCHORS"",""sourceAnchorNames"":[""FX_buff_01""],""runtimeAnchors"":[{""sourceAnchorName"":""FX_buff_01"",""runtimeAnchorSlotId"":""FX_buff_01"",""runtimeBoneName"":"""",""socketLocalTransform"":{""position"":[0.0,0.0,0.0],""rotationDegrees"":[0.0,0.0,0.0],""scale"":[1.0,1.0,1.0]},""resolutionStatus"":""MISSING_SOURCE_SOCKET""}],""runtimeAnchorSlotIds"":[""FX_buff_01""],""runtimeAnchorSlotId"":""FX_buff_01"",""runtimeBoneName"":"""",""socketLocalTransform"":{""position"":[0.0,0.0,0.0],""rotationDegrees"":[0.0,0.0,0.0],""scale"":[1.0,1.0,1.0]},""runtimeResolutionStatus"":""MISSING_SOURCE_SOCKET"",""sourceSelectorByteOffset"":395},""localTransform"":{""sourcePositionUeUnits"":[0.0,0.0,65.0],""position"":[0.0,0.65,-0.0],""rotationDegrees"":[0.0,0.0,-0.0],""scale"":[1.2000000476837158,1.2000000476837158,1.2000000476837158]},""sourceTransformByteOffset"":414,""parameterOverridesDecoded"":true,""sourceParameterCountByteOffset"":502,""parameterOverrides"":[]}",1057845,80787,True,SOURCE_ASSET_EXPLICIT
requested_core,MN_RPCT_07,4219939,쿠크세이튼_군단장 시그니쳐 스킬_공격,10,Att_battle_28_10_start,action-4219939/stage-010/notify-006,ViewShake,0.0,0.0,,,,,1058451,80817,True,SOURCE_PARAMETERS_SERIALIZED
requested_core,MN_RPCT_07,4219939,쿠크세이튼_군단장 시그니쳐 스킬_공격,10,Att_battle_28_10_start,action-4219939/stage-010/notify-007,HidePawn,0.0,0.0,,,,,1058712,80841,True,SOURCE_PARAMETERS_SERIALIZED
requested_core,MN_RPCT_07,4219939,쿠크세이튼_군단장 시그니쳐 스킬_공격,10,Att_battle_28_10_start,action-4219939/stage-010/notify-008,PlayParticleEffect,0.0,2.3333001136779785,True,,ParticleSystem:FX_MN_RPCT_07_V.Par_V_RPCT_Bazooka_mesh_01,"{""schema"":""lostark.cef-play-particle-effect-header"",""version"":2,""enabled"":true,""sourceByteOffset"":47,""sourceByteValue"":1,""particleDataDecoded"":true,""sourceParticleSystem"":""ParticleSystem'FX_MN_RPCT_07_V.Par_V_RPCT_Bazooka_mesh_01'"",""attachment"":{""mode"":""FOLLOW_NAMED_ANCHORS"",""sourceAnchorNames"":[""Bip002-R-Hand""],""runtimeAnchors"":[{""sourceAnchorName"":""Bip002-R-Hand"",""runtimeAnchorSlotId"":""Bip002-R-Hand"",""runtimeBoneName"":"""",""socketLocalTransform"":{""position"":[0.0,0.0,0.0],""rotationDegrees"":[0.0,0.0,0.0],""scale"":[1.0,1.0,1.0]},""resolutionStatus"":""MISSING_SOURCE_SOCKET""}],""runtimeAnchorSlotIds"":[""Bip002-R-Hand""],""runtimeAnchorSlotId"":""Bip002-R-Hand"",""runtimeBoneName"":"""",""socketLocalTransform"":{""position"":[0.0,0.0,0.0],""rotationDegrees"":[0.0,0.0,0.0],""scale"":[1.0,1.0,1.0]},""runtimeResolutionStatus"":""MISSING_SOURCE_SOCKET"",""sourceSelectorByteOffset"":383},""localTransform"":{""sourcePositionUeUnits"":[0.0,0.0,0.0],""position"":[0.0,0.0,-0.0],""rotationDegrees"":[0.0,0.0,-0.0],""scale"":[0.30000001192092896,0.30000001192092896,0.30000001192092896]},""sourceTransformByteOffset"":405,""parameterOverridesDecoded"":true,""sourceParameterCountByteOffset"":497,""parameterOverrides"":[]}",1058832,80863,True,SOURCE_ASSET_EXPLICIT
requested_core,MN_RPCT_07,4219939,쿠크세이튼_군단장 시그니쳐 스킬_공격,10,Att_battle_28_10_start,action-4219939/stage-010/notify-009,AKEvent,0.0010000000474974513,2.3322999477386475,,,AkEvent:S_Mob_G_KoukuSatan1.G_KoukuSatan1_Attack23_ShotVox2,,1059433,80893,True,SOURCE_ASSET_EXPLICIT
requested_core,MN_RPCT_07,4219939,쿠크세이튼_군단장 시그니쳐 스킬_공격,10,Att_battle_28_10_start,action-4219939/stage-010/notify-010,AKEvent,0.0010000000474974513,1.2583450078964233,,,AkEvent:S_Mob_G_KoukuSatan1.G_KoukuSatan1_Attack03_Cast3,,1059646,80922,True,SOURCE_ASSET_EXPLICIT
requested_core,MN_RPCT_07,4219939,쿠크세이튼_군단장 시그니쳐 스킬_공격,10,Att_battle_28_10_start,action-4219939/stage-010/notify-011,AKEvent,1.0,1.333299994468689,,,AkEvent:S_Mob_G_KoukuSatan1.G_KoukuSatan1_Attack23_Cast3,,1059857,80951,True,SOURCE_ASSET_EXPLICIT
requested_core,MN_RPCT_07,4219939,쿠크세이튼_군단장 시그니쳐 스킬_공격,10,Att_battle_28_10_start,action-4219939/stage-010/notify-012,PlayParticleEffect,1.0653070211410522,0.0,True,,ParticleSystem:fx_mn_rpct_07_v.Par_V_RPCT_BallRead_Exp_01_LOC_INT,"{""schema"":""lostark.cef-play-particle-effect-header"",""version"":2,""enabled"":true,""sourceByteOffset"":47,""sourceByteValue"":1,""particleDataDecoded"":true,""sourceParticleSystem"":""ParticleSystem'fx_mn_rpct_07_v.Par_V_RPCT_BallRead_Exp_01_LOC_INT'"",""attachment"":{""mode"":""FOLLOW_NAMED_ANCHORS"",""sourceAnchorNames"":[""Bip002-R-Hand""],""runtimeAnchors"":[{""sourceAnchorName"":""Bip002-R-Hand"",""runtimeAnchorSlotId"":""Bip002-R-Hand"",""runtimeBoneName"":"""",""socketLocalTransform"":{""position"":[0.0,0.0,0.0],""rotationDegrees"":[0.0,0.0,0.0],""scale"":[1.0,1.0,1.0]},""resolutionStatus"":""MISSING_SOURCE_SOCKET""}],""runtimeAnchorSlotIds"":[""Bip002-R-Hand""],""runtimeAnchorSlotId"":""Bip002-R-Hand"",""runtimeBoneName"":"""",""socketLocalTransform"":{""position"":[0.0,0.0,0.0],""rotationDegrees"":[0.0,0.0,0.0],""scale"":[1.0,1.0,1.0]},""runtimeResolutionStatus"":""MISSING_SOURCE_SOCKET"",""sourceSelectorByteOffset"":397},""localTransform"":{""sourcePositionUeUnits"":[0.0,0.0,0.0],""position"":[0.0,0.0,-0.0],""rotationDegrees"":[0.0,0.0,-0.0],""scale"":[0.4000000059604645,0.4000000059604645,0.4000000059604645]},""sourceTransformByteOffset"":419,""parameterOverridesDecoded"":true,""sourceParameterCountByteOffset"":511,""parameterOverrides"":[]}",1060068,80980,True,SOURCE_ASSET_EXPLICIT
requested_core,MN_RPCT_07,4219939,쿠크세이튼_군단장 시그니쳐 스킬_공격,10,Att_battle_28_10_start,action-4219939/stage-010/notify-013,PlayParticleEffect,1.0967799425125122,0.0,True,,ParticleSystem:fx_mn_rpct_07_v.Par_V_RPCT_BallRead_Exp_01_LOC_INT,"{""schema"":""lostark.cef-play-particle-effect-header"",""version"":2,""enabled"":true,""sourceByteOffset"":47,""sourceByteValue"":1,""particleDataDecoded"":true,""sourceParticleSystem"":""ParticleSystem'fx_mn_rpct_07_v.Par_V_RPCT_BallRead_Exp_01_LOC_INT'"",""attachment"":{""mode"":""FOLLOW_NAMED_ANCHORS"",""sourceAnchorNames"":[""Bip002-R-Hand""],""runtimeAnchors"":[{""sourceAnchorName"":""Bip002-R-Hand"",""runtimeAnchorSlotId"":""Bip002-R-Hand"",""runtimeBoneName"":"""",""socketLocalTransform"":{""position"":[0.0,0.0,0.0],""rotationDegrees"":[0.0,0.0,0.0],""scale"":[1.0,1.0,1.0]},""resolutionStatus"":""MISSING_SOURCE_SOCKET""}],""runtimeAnchorSlotIds"":[""Bip002-R-Hand""],""runtimeAnchorSlotId"":""Bip002-R-Hand"",""runtimeBoneName"":"""",""socketLocalTransform"":{""position"":[0.0,0.0,0.0],""rotationDegrees"":[0.0,0.0,0.0],""scale"":[1.0,1.0,1.0]},""runtimeResolutionStatus"":""MISSING_SOURCE_SOCKET"",""sourceSelectorByteOffset"":397},""localTransform"":{""sourcePositionUeUnits"":[0.0,0.0,0.0],""position"":[0.0,0.0,-0.0],""rotationDegrees"":[0.0,0.0,-0.0],""scale"":[0.4000000059604645,0.4000000059604645,0.4000000059604645]},""sourceTransformByteOffset"":419,""parameterOverridesDecoded"":true,""sourceParameterCountByteOffset"":511,""parameterOverrides"":[]}",1060683,81011,True,SOURCE_ASSET_EXPLICIT
requested_core,MN_RPCT_07,4219939,쿠크세이튼_군단장 시그니쳐 스킬_공격,10,Att_battle_28_10_start,action-4219939/stage-010/notify-014,PlayParticleEffect,1.097085952758789,0.0,True,,ParticleSystem:fx_mn_rpct_07_v.Par_V_RPCT_signalShot_01_LOC_INT,"{""schema"":""lostark.cef-play-particle-effect-header"",""version"":2,""enabled"":true,""sourceByteOffset"":47,""sourceByteValue"":1,""particleDataDecoded"":true,""sourceParticleSystem"":""ParticleSystem'fx_mn_rpct_07_v.Par_V_RPCT_signalShot_01_LOC_INT'"",""attachment"":{""mode"":""FOLLOW_NAMED_ANCHORS"",""sourceAnchorNames"":[""Bip002-R-Hand""],""runtimeAnchors"":[{""sourceAnchorName"":""Bip002-R-Hand"",""runtimeAnchorSlotId"":""Bip002-R-Hand"",""runtimeBoneName"":"""",""socketLocalTransform"":{""position"":[0.0,0.0,0.0],""rotationDegrees"":[0.0,0.0,0.0],""scale"":[1.0,1.0,1.0]},""resolutionStatus"":""MISSING_SOURCE_SOCKET""}],""runtimeAnchorSlotIds"":[""Bip002-R-Hand""],""runtimeAnchorSlotId"":""Bip002-R-Hand"",""runtimeBoneName"":"""",""socketLocalTransform"":{""position"":[0.0,0.0,0.0],""rotationDegrees"":[0.0,0.0,0.0],""scale"":[1.0,1.0,1.0]},""runtimeResolutionStatus"":""MISSING_SOURCE_SOCKET"",""sourceSelectorByteOffset"":394},""localTransform"":{""sourcePositionUeUnits"":[0.0,0.0,50.0],""position"":[0.0,0.5,-0.0],""rotationDegrees"":[0.0,0.0,-0.0],""scale"":[1.0,1.0,1.0]},""sourceTransformByteOffset"":416,""parameterOverridesDecoded"":true,""sourceParameterCountByteOffset"":508,""parameterOverrides"":[{""sourceIndex"":0,""name"":""Color"",""sourceTypeCode"":3,""sourceRecordByteOffset"":512,""type"":""vector"",""vectorValue"":[1.0,1.0,1.0],""sourceValueByteOffset"":534}]}",1061298,81042,True,SOURCE_ASSET_EXPLICIT
requested_core,MN_RPCT_07,4219939,쿠크세이튼_군단장 시그니쳐 스킬_공격,10,Att_battle_28_10_start,action-4219939/stage-010/notify-015,PlayParticleEffect,1.097085952758789,0.0,True,,ParticleSystem:fx_mn_rpct_07_v.Par_V_RPCT_signalShot_01_LOC_INT,"{""schema"":""lostark.cef-play-particle-effect-header"",""version"":2,""enabled"":true,""sourceByteOffset"":47,""sourceByteValue"":1,""particleDataDecoded"":true,""sourceParticleSystem"":""ParticleSystem'fx_mn_rpct_07_v.Par_V_RPCT_signalShot_01_LOC_INT'"",""attachment"":{""mode"":""FOLLOW_NAMED_ANCHORS"",""sourceAnchorNames"":[""Bip002-R-Hand""],""runtimeAnchors"":[{""sourceAnchorName"":""Bip002-R-Hand"",""runtimeAnchorSlotId"":""Bip002-R-Hand"",""runtimeBoneName"":"""",""socketLocalTransform"":{""position"":[0.0,0.0,0.0],""rotationDegrees"":[0.0,0.0,0.0],""scale"":[1.0,1.0,1.0]},""resolutionStatus"":""MISSING_SOURCE_SOCKET""}],""runtimeAnchorSlotIds"":[""Bip002-R-Hand""],""runtimeAnchorSlotId"":""Bip002-R-Hand"",""runtimeBoneName"":"""",""socketLocalTransform"":{""position"":[0.0,0.0,0.0],""rotationDegrees"":[0.0,0.0,0.0],""scale"":[1.0,1.0,1.0]},""runtimeResolutionStatus"":""MISSING_SOURCE_SOCKET"",""sourceSelectorByteOffset"":394},""localTransform"":{""sourcePositionUeUnits"":[0.0,0.0,50.0],""position"":[0.0,0.5,-0.0],""rotationDegrees"":[0.0,0.0,-0.0],""scale"":[1.0,1.0,1.0]},""sourceTransformByteOffset"":416,""parameterOverridesDecoded"":true,""sourceParameterCountByteOffset"":508,""parameterOverrides"":[{""sourceIndex"":0,""name"":""Color"",""sourceTypeCode"":3,""sourceRecordByteOffset"":512,""type"":""vector"",""vectorValue"":[1.0,1.0,1.0],""sourceValueByteOffset"":534}]}",1061989,81074,True,SOURCE_ASSET_EXPLICIT
requested_core,MN_RPCT_07,4219939,쿠크세이튼_군단장 시그니쳐 스킬_공격,10,Att_battle_28_10_start,action-4219939/stage-010/notify-016,Effect,2.0,0.30000001192092896,,421991209,,,1062680,81106,True,TIMING_ONLY
requested_core,MN_RPCT_07,4219939,쿠크세이튼_군단장 시그니쳐 스킬_공격,10,Att_battle_28_10_start,action-4219939/stage-010/notify-017,Effect,2.0,0.30000001192092896,,421991209,,,1062830,81125,True,TIMING_ONLY
requested_core,MN_RPCT_07,4219939,쿠크세이튼_군단장 시그니쳐 스킬_공격,10,Att_battle_28_10_start,action-4219939/stage-010/notify-018,Effect,2.0,0.30000001192092896,,421991209,,,1062980,81144,True,TIMING_ONLY
requested_core,MN_RPCT_07,4219939,쿠크세이튼_군단장 시그니쳐 스킬_공격,10,Att_battle_28_10_start,action-4219939/stage-010/notify-019,Effect,2.0,0.30000001192092896,,421991209,,,1063130,81163,True,TIMING_ONLY
requested_core,MN_RPCT_07,4219939,쿠크세이튼_군단장 시그니쳐 스킬_공격,10,Att_battle_28_10_start,action-4219939/stage-010/notify-020,Effect,2.0,0.33329999446868896,,421991229,,,1063280,81182,True,TIMING_ONLY
requested_core,MN_RPCT_07,4219939,쿠크세이튼_군단장 시그니쳐 스킬_공격,10,Att_battle_28_10_start,action-4219939/stage-010/notify-021,MonsterMoveNextStage,2.2300000190734863,0.0,,,,,1063430,81201,True,TIMING_OR_STATE_ONLY
requested_core,MN_RPCT_07,4219939,쿠크세이튼_군단장 시그니쳐 스킬_공격,11,Att_battle_28_10_Loop,action-4219939/stage-011/notify-000,Anim,0.0,3.3333330154418945,,,,,1063850,81241,True,SOURCE_CLIP_EXPLICIT
requested_core,MN_RPCT_07,4219939,쿠크세이튼_군단장 시그니쳐 스킬_공격,11,Att_battle_28_10_Loop,action-4219939/stage-011/notify-001,Effect,0.0,0.30000001192092896,,421991207,,,1064152,81268,True,TIMING_ONLY
requested_core,MN_RPCT_07,4219939,쿠크세이튼_군단장 시그니쳐 스킬_공격,11,Att_battle_28_10_Loop,action-4219939/stage-011/notify-002,PlayParticleEffect,0.0,0.0,True,,ParticleSystem:fx_mn_rpct_07_v.Par_V_RPCT_Signature_01_1_LOC_INT,"{""schema"":""lostark.cef-play-particle-effect-header"",""version"":2,""enabled"":true,""sourceByteOffset"":47,""sourceByteValue"":1,""particleDataDecoded"":true,""sourceParticleSystem"":""ParticleSystem'fx_mn_rpct_07_v.Par_V_RPCT_Signature_01_1_LOC_INT'"",""attachment"":{""mode"":""FOLLOW_NAMED_ANCHORS"",""sourceAnchorNames"":[""B_WP_2""],""runtimeAnchors"":[{""sourceAnchorName"":""B_WP_2"",""runtimeAnchorSlotId"":""B_WP_2"",""runtimeBoneName"":""b_wp_2"",""socketLocalTransform"":{""position"":[0.0,0.0,0.0],""rotationDegrees"":[0.0,0.0,0.0],""scale"":[1.0,1.0,1.0]},""resolutionStatus"":""EXACT_SOURCE_BONE""}],""runtimeAnchorSlotIds"":[""B_WP_2""],""runtimeAnchorSlotId"":""B_WP_2"",""runtimeBoneName"":""b_wp_2"",""socketLocalTransform"":{""position"":[0.0,0.0,0.0],""rotationDegrees"":[0.0,0.0,0.0],""scale"":[1.0,1.0,1.0]},""runtimeResolutionStatus"":""EXACT_SOURCE_BONE"",""sourceSelectorByteOffset"":402},""localTransform"":{""sourcePositionUeUnits"":[150.0,0.0,50.0],""position"":[1.5,0.5,-0.0],""rotationDegrees"":[0.0,0.0,-0.0],""scale"":[3.0,3.0,3.0]},""sourceTransformByteOffset"":417,""parameterOverridesDecoded"":true,""sourceParameterCountByteOffset"":509,""parameterOverrides"":[{""sourceIndex"":0,""name"":""Color"",""sourceTypeCode"":3,""sourceRecordByteOffset"":513,""type"":""vector"",""vectorValue"":[1.0,1.0,1.0],""sourceValueByteOffset"":535},{""sourceIndex"":1,""name"":""Alpha"",""sourceTypeCode"":1,""sourceRecordByteOffset"":592,""type"":""scalar"",""scalarValue"":1.0,""sourceValueByteOffset"":606}]}",1064302,81287,True,SOURCE_ASSET_EXPLICIT
requested_core,MN_RPCT_07,4219939,쿠크세이튼_군단장 시그니쳐 스킬_공격,11,Att_battle_28_10_Loop,action-4219939/stage-011/notify-003,PlayParticleEffect,0.0,0.0,True,,ParticleSystem:fx_mn_rpct_07_v.Par_V_RPCT_Signature_01_1_LOC_INT,"{""schema"":""lostark.cef-play-particle-effect-header"",""version"":2,""enabled"":true,""sourceByteOffset"":47,""sourceByteValue"":1,""particleDataDecoded"":true,""sourceParticleSystem"":""ParticleSystem'fx_mn_rpct_07_v.Par_V_RPCT_Signature_01_1_LOC_INT'"",""attachment"":{""mode"":""FOLLOW_NAMED_ANCHORS"",""sourceAnchorNames"":[""B_WP_1""],""runtimeAnchors"":[{""sourceAnchorName"":""B_WP_1"",""runtimeAnchorSlotId"":""B_WP_1"",""runtimeBoneName"":""b_wp_1"",""socketLocalTransform"":{""position"":[0.0,0.0,0.0],""rotationDegrees"":[0.0,0.0,0.0],""scale"":[1.0,1.0,1.0]},""resolutionStatus"":""EXACT_SOURCE_BONE""}],""runtimeAnchorSlotIds"":[""B_WP_1""],""runtimeAnchorSlotId"":""B_WP_1"",""runtimeBoneName"":""b_wp_1"",""socketLocalTransform"":{""position"":[0.0,0.0,0.0],""rotationDegrees"":[0.0,0.0,0.0],""scale"":[1.0,1.0,1.0]},""runtimeResolutionStatus"":""EXACT_SOURCE_BONE"",""sourceSelectorByteOffset"":402},""localTransform"":{""sourcePositionUeUnits"":[150.0,0.0,50.0],""position"":[1.5,0.5,-0.0],""rotationDegrees"":[0.0,0.0,-0.0],""scale"":[3.0,3.0,3.0]},""sourceTransformByteOffset"":417,""parameterOverridesDecoded"":true,""sourceParameterCountByteOffset"":509,""parameterOverrides"":[{""sourceIndex"":0,""name"":""Color"",""sourceTypeCode"":3,""sourceRecordByteOffset"":513,""type"":""vector"",""vectorValue"":[1.0,1.0,1.0],""sourceValueByteOffset"":535},{""sourceIndex"":1,""name"":""Alpha"",""sourceTypeCode"":1,""sourceRecordByteOffset"":592,""type"":""scalar"",""scalarValue"":1.0,""sourceValueByteOffset"":606}]}",1065073,81320,True,SOURCE_ASSET_EXPLICIT
requested_core,MN_RPCT_07,4219939,쿠크세이튼_군단장 시그니쳐 스킬_공격,11,Att_battle_28_10_Loop,action-4219939/stage-011/notify-004,PlayParticleEffect,0.0,10.0,True,,ParticleSystem:FX_MN_RPCT_07_V.Par_V_RPCT_07_Bazooka_Loop,"{""schema"":""lostark.cef-play-particle-effect-header"",""version"":2,""enabled"":true,""sourceByteOffset"":47,""sourceByteValue"":1,""particleDataDecoded"":true,""sourceParticleSystem"":""ParticleSystem'FX_MN_RPCT_07_V.Par_V_RPCT_07_Bazooka_Loop'"",""attachment"":{""mode"":""FOLLOW_NAMED_ANCHORS"",""sourceAnchorNames"":[""B_WP_1""],""runtimeAnchors"":[{""sourceAnchorName"":""B_WP_1"",""runtimeAnchorSlotId"":""B_WP_1"",""runtimeBoneName"":""b_wp_1"",""socketLocalTransform"":{""position"":[0.0,0.0,0.0],""rotationDegrees"":[0.0,0.0,0.0],""scale"":[1.0,1.0,1.0]},""resolutionStatus"":""EXACT_SOURCE_BONE""}],""runtimeAnchorSlotIds"":[""B_WP_1""],""runtimeAnchorSlotId"":""B_WP_1"",""runtimeBoneName"":""b_wp_1"",""socketLocalTransform"":{""position"":[0.0,0.0,0.0],""rotationDegrees"":[0.0,0.0,0.0],""scale"":[1.0,1.0,1.0]},""runtimeResolutionStatus"":""EXACT_SOURCE_BONE"",""sourceSelectorByteOffset"":392},""localTransform"":{""sourcePositionUeUnits"":[0.0,0.0,0.0],""position"":[0.0,0.0,-0.0],""rotationDegrees"":[0.0,0.0,-0.0],""scale"":[1.0,1.0,1.0]},""sourceTransformByteOffset"":407,""parameterOverridesDecoded"":true,""sourceParameterCountByteOffset"":499,""parameterOverrides"":[]}",1065844,81353,True,SOURCE_ASSET_EXPLICIT
requested_core,MN_RPCT_07,4219939,쿠크세이튼_군단장 시그니쳐 스킬_공격,11,Att_battle_28_10_Loop,action-4219939/stage-011/notify-005,PlayParticleEffect,0.0,0.0,True,,ParticleSystem:FX_CM_02.Light.Par_MP_Light_01,"{""schema"":""lostark.cef-play-particle-effect-header"",""version"":2,""enabled"":true,""sourceByteOffset"":47,""sourceByteValue"":1,""particleDataDecoded"":true,""sourceParticleSystem"":""ParticleSystem'FX_CM_02.Light.Par_MP_Light_01'"",""attachment"":{""mode"":""SNAPSHOT_ROOT"",""sourceAnchorNames"":[],""runtimeAnchors"":[],""runtimeAnchorSlotIds"":[],""runtimeAnchorSlotId"":""root"",""runtimeBoneName"":"""",""socketLocalTransform"":{""position"":[0.0,0.0,0.0],""rotationDegrees"":[0.0,0.0,0.0],""scale"":[1.0,1.0,1.0]},""runtimeResolutionStatus"":""EXACT_ROOT_SNAPSHOT"",""sourceSelectorByteOffset"":null},""localTransform"":{""sourcePositionUeUnits"":[50.0,0.0,50.0],""position"":[0.5,0.5,-0.0],""rotationDegrees"":[0.0,0.0,-0.0],""scale"":[3.0,3.0,3.0]},""sourceTransformByteOffset"":389,""parameterOverridesDecoded"":true,""sourceParameterCountByteOffset"":477,""parameterOverrides"":[{""sourceIndex"":0,""name"":""Spawn"",""sourceTypeCode"":1,""sourceRecordByteOffset"":481,""type"":""scalar"",""scalarValue"":0.0,""sourceValueByteOffset"":495},{""sourceIndex"":1,""name"":""Lifetime"",""sourceTypeCode"":1,""sourceRecordByteOffset"":560,""type"":""scalar"",""scalarValue"":0.10000000149011612,""sourceValueByteOffset"":577},{""sourceIndex"":2,""name"":""Size"",""sourceTypeCode"":3,""sourceRecordByteOffset"":642,""type"":""vector"",""vectorValue"":[200.0,0.0,0.0],""sourceValueByteOffset"":663},{""sourceIndex"":3,""name"":""Color"",""sourceTypeCode"":3,""sourceRecordByteOffset"":720,""type"":""vector"",""vectorValue"":[3.0,2.0,1.0],""sourceValueByteOffset"":742},{""sourceIndex"":4,""name"":""Alpha"",""sourceTypeCode"":1,""sourceRecordByteOffset"":799,""type"":""scalar"",""scalarValue"":1.0,""sourceValueByteOffset"":813}]}",1066447,81384,True,SOURCE_ASSET_EXPLICIT
requested_core,MN_RPCT_07,4219939,쿠크세이튼_군단장 시그니쳐 스킬_공격,11,Att_battle_28_10_Loop,action-4219939/stage-011/notify-006,PlayParticleEffect,0.0,10.0,True,,ParticleSystem:FX_MN_RPCT_07_V.Par_V_RPCT_Bazooka_mesh_01,"{""schema"":""lostark.cef-play-particle-effect-header"",""version"":2,""enabled"":true,""sourceByteOffset"":47,""sourceByteValue"":1,""particleDataDecoded"":true,""sourceParticleSystem"":""ParticleSystem'FX_MN_RPCT_07_V.Par_V_RPCT_Bazooka_mesh_01'"",""attachment"":{""mode"":""FOLLOW_NAMED_ANCHORS"",""sourceAnchorNames"":[""Bip002-R-Hand""],""runtimeAnchors"":[{""sourceAnchorName"":""Bip002-R-Hand"",""runtimeAnchorSlotId"":""Bip002-R-Hand"",""runtimeBoneName"":"""",""socketLocalTransform"":{""position"":[0.0,0.0,0.0],""rotationDegrees"":[0.0,0.0,0.0],""scale"":[1.0,1.0,1.0]},""resolutionStatus"":""MISSING_SOURCE_SOCKET""}],""runtimeAnchorSlotIds"":[""Bip002-R-Hand""],""runtimeAnchorSlotId"":""Bip002-R-Hand"",""runtimeBoneName"":"""",""socketLocalTransform"":{""position"":[0.0,0.0,0.0],""rotationDegrees"":[0.0,0.0,0.0],""scale"":[1.0,1.0,1.0]},""runtimeResolutionStatus"":""MISSING_SOURCE_SOCKET"",""sourceSelectorByteOffset"":383},""localTransform"":{""sourcePositionUeUnits"":[0.0,0.0,0.0],""position"":[0.0,0.0,-0.0],""rotationDegrees"":[0.0,0.0,-0.0],""scale"":[0.30000001192092896,0.30000001192092896,0.30000001192092896]},""sourceTransformByteOffset"":405,""parameterOverridesDecoded"":true,""sourceParameterCountByteOffset"":497,""parameterOverrides"":[]}",1067425,81419,True,SOURCE_ASSET_EXPLICIT
requested_core,MN_RPCT_07,4219939,쿠크세이튼_군단장 시그니쳐 스킬_공격,11,Att_battle_28_10_Loop,action-4219939/stage-011/notify-007,Effect,0.0,0.5,,421991223,,,1068026,81449,True,TIMING_ONLY
requested_core,MN_RPCT_07,4219939,쿠크세이튼_군단장 시그니쳐 스킬_공격,11,Att_battle_28_10_Loop,action-4219939/stage-011/notify-008,AKEvent,0.0010000000474974513,9.99899959564209,,,AkEvent:S_Mob_G_KoukuSatan1.G_KoukuSatan1_Attack23_Shot4,,1068176,81468,True,SOURCE_ASSET_EXPLICIT
requested_core,MN_RPCT_07,4219939,쿠크세이튼_군단장 시그니쳐 스킬_공격,11,Att_battle_28_10_Loop,action-4219939/stage-011/notify-009,PlayParticleEffect,0.0034209999721497297,9.99657917022705,True,,ParticleSystem:FX_MN_RPCT_07_V.Par_V_RPCT_07_Bazooka_Loop,"{""schema"":""lostark.cef-play-particle-effect-header"",""version"":2,""enabled"":true,""sourceByteOffset"":47,""sourceByteValue"":1,""particleDataDecoded"":true,""sourceParticleSystem"":""ParticleSystem'FX_MN_RPCT_07_V.Par_V_RPCT_07_Bazooka_Loop'"",""attachment"":{""mode"":""FOLLOW_NAMED_ANCHORS"",""sourceAnchorNames"":[""B_WP_2""],""runtimeAnchors"":[{""sourceAnchorName"":""B_WP_2"",""runtimeAnchorSlotId"":""B_WP_2"",""runtimeBoneName"":""b_wp_2"",""socketLocalTransform"":{""position"":[0.0,0.0,0.0],""rotationDegrees"":[0.0,0.0,0.0],""scale"":[1.0,1.0,1.0]},""resolutionStatus"":""EXACT_SOURCE_BONE""}],""runtimeAnchorSlotIds"":[""B_WP_2""],""runtimeAnchorSlotId"":""B_WP_2"",""runtimeBoneName"":""b_wp_2"",""socketLocalTransform"":{""position"":[0.0,0.0,0.0],""rotationDegrees"":[0.0,0.0,0.0],""scale"":[1.0,1.0,1.0]},""runtimeResolutionStatus"":""EXACT_SOURCE_BONE"",""sourceSelectorByteOffset"":392},""localTransform"":{""sourcePositionUeUnits"":[0.0,0.0,0.0],""position"":[0.0,0.0,-0.0],""rotationDegrees"":[0.0,0.0,-0.0],""scale"":[1.0,1.0,1.0]},""sourceTransformByteOffset"":407,""parameterOverridesDecoded"":true,""sourceParameterCountByteOffset"":499,""parameterOverrides"":[]}",1068387,81497,True,SOURCE_ASSET_EXPLICIT
requested_core,MN_RPCT_07,4219939,쿠크세이튼_군단장 시그니쳐 스킬_공격,11,Att_battle_28_10_Loop,action-4219939/stage-011/notify-010,AKEvent,1.0,2.2750110626220703,,,AkEvent:S_Mob_G_KoukuSatan1.G_KoukuSatan1_Attack23_Cast3,,1068990,81528,True,SOURCE_ASSET_EXPLICIT
requested_core,MN_RPCT_07,4219939,쿠크세이튼_군단장 시그니쳐 스킬_공격,11,Att_battle_28_10_Loop,action-4219939/stage-011/notify-011,PawnMaterialParam,1.0654710531234741,0.0,,,,,1069201,81557,True,SOURCE_PARAMETERS_SERIALIZED
requested_core,MN_RPCT_07,4219939,쿠크세이튼_군단장 시그니쳐 스킬_공격,11,Att_battle_28_10_Loop,action-4219939/stage-011/notify-012,PlayParticleEffect,1.0967799425125122,0.0,True,,ParticleSystem:fx_mn_rpct_07_v.Par_V_RPCT_BallRead_Exp_01_LOC_INT,"{""schema"":""lostark.cef-play-particle-effect-header"",""version"":2,""enabled"":true,""sourceByteOffset"":47,""sourceByteValue"":1,""particleDataDecoded"":true,""sourceParticleSystem"":""ParticleSystem'fx_mn_rpct_07_v.Par_V_RPCT_BallRead_Exp_01_LOC_INT'"",""attachment"":{""mode"":""FOLLOW_NAMED_ANCHORS"",""sourceAnchorNames"":[""Bip002-R-Hand""],""runtimeAnchors"":[{""sourceAnchorName"":""Bip002-R-Hand"",""runtimeAnchorSlotId"":""Bip002-R-Hand"",""runtimeBoneName"":"""",""socketLocalTransform"":{""position"":[0.0,0.0,0.0],""rotationDegrees"":[0.0,0.0,0.0],""scale"":[1.0,1.0,1.0]},""resolutionStatus"":""MISSING_SOURCE_SOCKET""}],""runtimeAnchorSlotIds"":[""Bip002-R-Hand""],""runtimeAnchorSlotId"":""Bip002-R-Hand"",""runtimeBoneName"":"""",""socketLocalTransform"":{""position"":[0.0,0.0,0.0],""rotationDegrees"":[0.0,0.0,0.0],""scale"":[1.0,1.0,1.0]},""runtimeResolutionStatus"":""MISSING_SOURCE_SOCKET"",""sourceSelectorByteOffset"":397},""localTransform"":{""sourcePositionUeUnits"":[0.0,0.0,0.0],""position"":[0.0,0.0,-0.0],""rotationDegrees"":[0.0,0.0,-0.0],""scale"":[0.4000000059604645,0.4000000059604645,0.4000000059604645]},""sourceTransformByteOffset"":419,""parameterOverridesDecoded"":true,""sourceParameterCountByteOffset"":511,""parameterOverrides"":[]}",1069629,81580,True,SOURCE_ASSET_EXPLICIT
requested_core,MN_RPCT_07,4219939,쿠크세이튼_군단장 시그니쳐 스킬_공격,11,Att_battle_28_10_Loop,action-4219939/stage-011/notify-013,PlayParticleEffect,1.097085952758789,0.0,True,,ParticleSystem:fx_mn_rpct_07_v.Par_V_RPCT_signalShot_01_LOC_INT,"{""schema"":""lostark.cef-play-particle-effect-header"",""version"":2,""enabled"":true,""sourceByteOffset"":47,""sourceByteValue"":1,""particleDataDecoded"":true,""sourceParticleSystem"":""ParticleSystem'fx_mn_rpct_07_v.Par_V_RPCT_signalShot_01_LOC_INT'"",""attachment"":{""mode"":""FOLLOW_NAMED_ANCHORS"",""sourceAnchorNames"":[""Bip002-R-Hand""],""runtimeAnchors"":[{""sourceAnchorName"":""Bip002-R-Hand"",""runtimeAnchorSlotId"":""Bip002-R-Hand"",""runtimeBoneName"":"""",""socketLocalTransform"":{""position"":[0.0,0.0,0.0],""rotationDegrees"":[0.0,0.0,0.0],""scale"":[1.0,1.0,1.0]},""resolutionStatus"":""MISSING_SOURCE_SOCKET""}],""runtimeAnchorSlotIds"":[""Bip002-R-Hand""],""runtimeAnchorSlotId"":""Bip002-R-Hand"",""runtimeBoneName"":"""",""socketLocalTransform"":{""position"":[0.0,0.0,0.0],""rotationDegrees"":[0.0,0.0,0.0],""scale"":[1.0,1.0,1.0]},""runtimeResolutionStatus"":""MISSING_SOURCE_SOCKET"",""sourceSelectorByteOffset"":394},""localTransform"":{""sourcePositionUeUnits"":[0.0,0.0,50.0],""position"":[0.0,0.5,-0.0],""rotationDegrees"":[0.0,0.0,-0.0],""scale"":[1.0,1.0,1.0]},""sourceTransformByteOffset"":416,""parameterOverridesDecoded"":true,""sourceParameterCountByteOffset"":508,""parameterOverrides"":[{""sourceIndex"":0,""name"":""Color"",""sourceTypeCode"":3,""sourceRecordByteOffset"":512,""type"":""vector"",""vectorValue"":[1.0,1.0,1.0],""sourceValueByteOffset"":534}]}",1070244,81611,True,SOURCE_ASSET_EXPLICIT
requested_core,MN_RPCT_07,4219939,쿠크세이튼_군단장 시그니쳐 스킬_공격,11,Att_battle_28_10_Loop,action-4219939/stage-011/notify-014,Effect,1.4041450023651123,0.5,,421991244,,,1070935,81643,True,TIMING_ONLY
requested_core,MN_RPCT_07,4219939,쿠크세이튼_군단장 시그니쳐 스킬_공격,11,Att_battle_28_10_Loop,action-4219939/stage-011/notify-015,Effect,3.739388942718506,0.5012949705123901,,421991244,,,1071085,81662,True,TIMING_ONLY
requested_core,MN_RPCT_07,4219939,쿠크세이튼_군단장 시그니쳐 스킬_공격,11,Att_battle_28_10_Loop,action-4219939/stage-011/notify-016,Effect,4.0,0.5,,421996301,,,1071235,81681,True,TIMING_ONLY
requested_core,MN_RPCT_07,4219939,쿠크세이튼_군단장 시그니쳐 스킬_공격,11,Att_battle_28_10_Loop,action-4219939/stage-011/notify-017,Effect,6.0,0.5,,421996302,,,1071385,81700,True,TIMING_ONLY
requested_core,MN_RPCT_07,4219939,쿠크세이튼_군단장 시그니쳐 스킬_공격,11,Att_battle_28_10_Loop,action-4219939/stage-011/notify-018,Effect,6.822289943695068,0.5012949705123901,,421991244,,,1071535,81719,True,TIMING_ONLY
requested_core,MN_RPCT_07,4219939,쿠크세이튼_군단장 시그니쳐 스킬_공격,11,Att_battle_28_10_Loop,action-4219939/stage-011/notify-019,MonsterMoveNextStage,10.0,0.0,,,,,1071685,81738,True,TIMING_OR_STATE_ONLY
requested_core,MN_RPCT_07,4219939,쿠크세이튼_군단장 시그니쳐 스킬_공격,12,Att_battle_28_10_End,action-4219939/stage-012/notify-000,Anim,0.0,1.1333329677581787,,,,,1072145,81778,True,SOURCE_CLIP_EXPLICIT
requested_core,MN_RPCT_07,4219939,쿠크세이튼_군단장 시그니쳐 스킬_공격,12,Att_battle_28_10_End,action-4219939/stage-012/notify-001,EmitTriggerSignal,0.0,0.0,,,,,1072445,81805,True,TIMING_OR_STATE_ONLY
requested_core,MN_RPCT_07,4219939,쿠크세이튼_군단장 시그니쳐 스킬_공격,12,Att_battle_28_10_End,action-4219939/stage-012/notify-002,AKEvent,0.8999999761581421,0.23330000042915344,,,AkEvent:S_Mob_G_KoukuSatan1.G_KoukuSatan1_Attack03_Cast2,,1072555,81827,True,SOURCE_ASSET_EXPLICIT
requested_core,MN_RPCT_07,4219939,쿠크세이튼_군단장 시그니쳐 스킬_공격,12,Att_battle_28_10_End,action-4219939/stage-012/notify-003,HidePawn,1.0,0.03658600151538849,,,,,1072766,81856,True,SOURCE_PARAMETERS_SERIALIZED
requested_core,MN_RPCT_07,4219939,쿠크세이튼_군단장 시그니쳐 스킬_공격,12,Att_battle_28_10_End,action-4219939/stage-012/notify-004,PlayParticleEffect,1.0,0.0,True,,ParticleSystem:fx_mn_rpct_07_v.Par_V_RPCT_BallRead_Exp_01_LOC_INT,"{""schema"":""lostark.cef-play-particle-effect-header"",""version"":2,""enabled"":true,""sourceByteOffset"":47,""sourceByteValue"":1,""particleDataDecoded"":true,""sourceParticleSystem"":""ParticleSystem'fx_mn_rpct_07_v.Par_V_RPCT_BallRead_Exp_01_LOC_INT'"",""attachment"":{""mode"":""FOLLOW_NAMED_ANCHORS"",""sourceAnchorNames"":[""FX_buff_01""],""runtimeAnchors"":[{""sourceAnchorName"":""FX_buff_01"",""runtimeAnchorSlotId"":""FX_buff_01"",""runtimeBoneName"":"""",""socketLocalTransform"":{""position"":[0.0,0.0,0.0],""rotationDegrees"":[0.0,0.0,0.0],""scale"":[1.0,1.0,1.0]},""resolutionStatus"":""MISSING_SOURCE_SOCKET""}],""runtimeAnchorSlotIds"":[""FX_buff_01""],""runtimeAnchorSlotId"":""FX_buff_01"",""runtimeBoneName"":"""",""socketLocalTransform"":{""position"":[0.0,0.0,0.0],""rotationDegrees"":[0.0,0.0,0.0],""scale"":[1.0,1.0,1.0]},""runtimeResolutionStatus"":""MISSING_SOURCE_SOCKET"",""sourceSelectorByteOffset"":416},""localTransform"":{""sourcePositionUeUnits"":[0.0,0.0,0.0],""position"":[0.0,0.0,-0.0],""rotationDegrees"":[0.0,0.0,-0.0],""scale"":[1.2000000476837158,1.2000000476837158,1.2000000476837158]},""sourceTransformByteOffset"":435,""parameterOverridesDecoded"":true,""sourceParameterCountByteOffset"":523,""parameterOverrides"":[]}",1072907,81878,True,SOURCE_ASSET_EXPLICIT
requested_core,MN_RPCT_07,4219939,쿠크세이튼_군단장 시그니쳐 스킬_공격,12,Att_battle_28_10_End,action-4219939/stage-012/notify-005,PlayParticleEffect,1.0,0.0,True,,ParticleSystem:FX_CM_02.Light.Par_MP_Light_05_L,"{""schema"":""lostark.cef-play-particle-effect-header"",""version"":2,""enabled"":true,""sourceByteOffset"":47,""sourceByteValue"":1,""particleDataDecoded"":true,""sourceParticleSystem"":""ParticleSystem'FX_CM_02.Light.Par_MP_Light_05_L'"",""attachment"":{""mode"":""SNAPSHOT_ROOT"",""sourceAnchorNames"":[],""runtimeAnchors"":[],""runtimeAnchorSlotIds"":[],""runtimeAnchorSlotId"":""root"",""runtimeBoneName"":"""",""socketLocalTransform"":{""position"":[0.0,0.0,0.0],""rotationDegrees"":[0.0,0.0,0.0],""scale"":[1.0,1.0,1.0]},""runtimeResolutionStatus"":""EXACT_ROOT_SNAPSHOT"",""sourceSelectorByteOffset"":null},""localTransform"":{""sourcePositionUeUnits"":[0.0,0.0,150.0],""position"":[0.0,1.5,-0.0],""rotationDegrees"":[0.0,0.0,-0.0],""scale"":[1.0,1.0,1.0]},""sourceTransformByteOffset"":408,""parameterOverridesDecoded"":true,""sourceParameterCountByteOffset"":496,""parameterOverrides"":[{""sourceIndex"":0,""name"":""Spawn"",""sourceTypeCode"":1,""sourceRecordByteOffset"":500,""type"":""scalar"",""scalarValue"":0.0,""sourceValueByteOffset"":514},{""sourceIndex"":1,""name"":""Lifetime"",""sourceTypeCode"":1,""sourceRecordByteOffset"":579,""type"":""scalar"",""scalarValue"":0.800000011920929,""sourceValueByteOffset"":596},{""sourceIndex"":2,""name"":""Location"",""sourceTypeCode"":3,""sourceRecordByteOffset"":661,""type"":""vector"",""vectorValue"":[1.0,1.0,1.0],""sourceValueByteOffset"":686},{""sourceIndex"":3,""name"":""Size"",""sourceTypeCode"":3,""sourceRecordByteOffset"":743,""type"":""vector"",""vectorValue"":[450.0,100.0,100.0],""sourceValueByteOffset"":764},{""sourceIndex"":4,""name"":""Color"",""sourceTypeCode"":3,""sourceRecordByteOffset"":821,""type"":""vector"",""vectorValue"":[3.0,1.0,1.0],""sourceValueByteOffset"":843},{""sourceIndex"":5,""name"":""Alpha"",""sourceTypeCode"":1,""sourceRecordByteOffset"":900,""type"":""scalar"",""scalarValue"":1.5,""sourceValueByteOffset"":914}]}",1073534,81908,True,SOURCE_ASSET_EXPLICIT
requested_core,MN_RPCT_07,4219939,쿠크세이튼_군단장 시그니쳐 스킬_공격,12,Att_battle_28_10_End,action-4219939/stage-012/notify-006,ViewShake,1.0,0.0,,,,,1074613,81944,True,SOURCE_PARAMETERS_SERIALIZED
requested_core,MN_RPCT_07,4219939,쿠크세이튼_군단장 시그니쳐 스킬_공격,12,Att_battle_28_10_End,action-4219939/stage-012/notify-007,Effect,1.0099999904632568,0.0,,41600004,,,1074895,81968,True,TIMING_ONLY
requested_core,MN_RPCT_07,4219939,쿠크세이튼_군단장 시그니쳐 스킬_공격,12,Att_battle_28_10_End,action-4219939/stage-012/notify-008,Effect,1.0099999904632568,0.0,,41600006,,,1075045,81987,True,TIMING_ONLY
requested_core,MN_RPCT_07,4219939,쿠크세이튼_군단장 시그니쳐 스킬_공격,12,Att_battle_28_10_End,action-4219939/stage-012/notify-009,MonsterMoveNextStage,1.0299999713897705,0.0,,,,,1075195,82009,True,TIMING_OR_STATE_ONLY
requested_core,MN_RPCT_07,4219939,쿠크세이튼_군단장 시그니쳐 스킬_공격,13,Att_battle_28_11,action-4219939/stage-013/notify-000,Anim,0.0,2.4000000953674316,,,,,1075567,82049,True,SOURCE_CLIP_EXPLICIT
requested_core,MN_RPCT_07,4219939,쿠크세이튼_군단장 시그니쳐 스킬_공격,13,Att_battle_28_11,action-4219939/stage-013/notify-001,Effect,0.0,0.10000000149011612,,421981204,,,1075859,82076,True,TIMING_ONLY
requested_core,MN_RPCT_07,4219939,쿠크세이튼_군단장 시그니쳐 스킬_공격,13,Att_battle_28_11,action-4219939/stage-013/notify-002,Effect,0.0,0.20000000298023224,,41600005,,,1076009,82095,True,TIMING_ONLY
requested_core,MN_RPCT_07,4219939,쿠크세이튼_군단장 시그니쳐 스킬_공격,13,Att_battle_28_11,action-4219939/stage-013/notify-003,Effect,0.0,0.20000000298023224,,41600007,,,1076159,82114,True,TIMING_ONLY
requested_core,MN_RPCT_07,4219939,쿠크세이튼_군단장 시그니쳐 스킬_공격,13,Att_battle_28_11,action-4219939/stage-013/notify-004,Effect,1.0,0.5,,421991847,,,1076309,82133,True,TIMING_ONLY
requested_core,MN_RPCT_07,4219939,쿠크세이튼_군단장 시그니쳐 스킬_공격,13,Att_battle_28_11,action-4219939/stage-013/notify-005,AKEvent,2.200000047683716,0.20000000298023224,,,AkEvent:S_Mob_G_KoukuSatan1.G_KoukuSatan1_Attack03_Cast3,,1076459,82152,True,SOURCE_ASSET_EXPLICIT
requested_core,MN_RPCT_07,4219939,쿠크세이튼_군단장 시그니쳐 스킬_공격,13,Att_battle_28_11,action-4219939/stage-013/notify-006,AKEvent,2.200000047683716,0.20000000298023224,,,AkEvent:S_Mob_G_KoukuSatan1.G_KoukuSatan1_Attack23_ShotVox3,,1076670,82181,True,SOURCE_ASSET_EXPLICIT
requested_core,MN_RPCT_07,4219939,쿠크세이튼_군단장 시그니쳐 스킬_공격,13,Att_battle_28_11,action-4219939/stage-013/notify-007,PlayParticleEffect,2.3051021099090576,0.0,True,,ParticleSystem:fx_mn_rpct_07_v.Par_V_RPCT_BallRead_Exp_01_LOC_INT,"{""schema"":""lostark.cef-play-particle-effect-header"",""version"":2,""enabled"":true,""sourceByteOffset"":47,""sourceByteValue"":1,""particleDataDecoded"":true,""sourceParticleSystem"":""ParticleSystem'fx_mn_rpct_07_v.Par_V_RPCT_BallRead_Exp_01_LOC_INT'"",""attachment"":{""mode"":""FOLLOW_NAMED_ANCHORS"",""sourceAnchorNames"":[""FX_buff_01""],""runtimeAnchors"":[{""sourceAnchorName"":""FX_buff_01"",""runtimeAnchorSlotId"":""FX_buff_01"",""runtimeBoneName"":"""",""socketLocalTransform"":{""position"":[0.0,0.0,0.0],""rotationDegrees"":[0.0,0.0,0.0],""scale"":[1.0,1.0,1.0]},""resolutionStatus"":""MISSING_SOURCE_SOCKET""}],""runtimeAnchorSlotIds"":[""FX_buff_01""],""runtimeAnchorSlotId"":""FX_buff_01"",""runtimeBoneName"":"""",""socketLocalTransform"":{""position"":[0.0,0.0,0.0],""rotationDegrees"":[0.0,0.0,0.0],""scale"":[1.0,1.0,1.0]},""runtimeResolutionStatus"":""MISSING_SOURCE_SOCKET"",""sourceSelectorByteOffset"":395},""localTransform"":{""sourcePositionUeUnits"":[0.0,0.0,0.0],""position"":[0.0,0.0,-0.0],""rotationDegrees"":[0.0,0.0,-0.0],""scale"":[1.2000000476837158,1.2000000476837158,1.2000000476837158]},""sourceTransformByteOffset"":414,""parameterOverridesDecoded"":true,""sourceParameterCountByteOffset"":502,""parameterOverrides"":[]}",1076883,82210,True,SOURCE_ASSET_EXPLICIT
requested_core,MN_RPCT_07,4219939,쿠크세이튼_군단장 시그니쳐 스킬_공격,13,Att_battle_28_11,action-4219939/stage-013/notify-008,ViewShake,2.3051021099090576,0.0,,,,,1077489,82240,True,SOURCE_PARAMETERS_SERIALIZED
requested_core,MN_RPCT_07,4219939,쿠크세이튼_군단장 시그니쳐 스킬_공격,13,Att_battle_28_11,action-4219939/stage-013/notify-009,HidePawn,2.3051021099090576,0.0,,,,,1077750,82264,True,SOURCE_PARAMETERS_SERIALIZED
requested_core,MN_RPCT_07,4219939,쿠크세이튼_군단장 시그니쳐 스킬_공격,13,Att_battle_28_11,action-4219939/stage-013/notify-010,PlayParticleEffect,2.3067009449005127,0.0,True,,ParticleSystem:FX_CM_02.Light.Par_MP_Light_05_L,"{""schema"":""lostark.cef-play-particle-effect-header"",""version"":2,""enabled"":true,""sourceByteOffset"":47,""sourceByteValue"":1,""particleDataDecoded"":true,""sourceParticleSystem"":""ParticleSystem'FX_CM_02.Light.Par_MP_Light_05_L'"",""attachment"":{""mode"":""SNAPSHOT_ROOT"",""sourceAnchorNames"":[],""runtimeAnchors"":[],""runtimeAnchorSlotIds"":[],""runtimeAnchorSlotId"":""root"",""runtimeBoneName"":"""",""socketLocalTransform"":{""position"":[0.0,0.0,0.0],""rotationDegrees"":[0.0,0.0,0.0],""scale"":[1.0,1.0,1.0]},""runtimeResolutionStatus"":""EXACT_ROOT_SNAPSHOT"",""sourceSelectorByteOffset"":null},""localTransform"":{""sourcePositionUeUnits"":[0.0,0.0,150.0],""position"":[0.0,1.5,-0.0],""rotationDegrees"":[0.0,0.0,-0.0],""scale"":[1.0,1.0,1.0]},""sourceTransformByteOffset"":387,""parameterOverridesDecoded"":true,""sourceParameterCountByteOffset"":475,""parameterOverrides"":[{""sourceIndex"":0,""name"":""Spawn"",""sourceTypeCode"":1,""sourceRecordByteOffset"":479,""type"":""scalar"",""scalarValue"":0.0,""sourceValueByteOffset"":493},{""sourceIndex"":1,""name"":""Lifetime"",""sourceTypeCode"":1,""sourceRecordByteOffset"":558,""type"":""scalar"",""scalarValue"":0.800000011920929,""sourceValueByteOffset"":575},{""sourceIndex"":2,""name"":""Location"",""sourceTypeCode"":3,""sourceRecordByteOffset"":640,""type"":""vector"",""vectorValue"":[1.0,1.0,1.0],""sourceValueByteOffset"":665},{""sourceIndex"":3,""name"":""Size"",""sourceTypeCode"":3,""sourceRecordByteOffset"":722,""type"":""vector"",""vectorValue"":[450.0,100.0,100.0],""sourceValueByteOffset"":743},{""sourceIndex"":4,""name"":""Color"",""sourceTypeCode"":3,""sourceRecordByteOffset"":800,""type"":""vector"",""vectorValue"":[3.0,1.0,1.0],""sourceValueByteOffset"":822},{""sourceIndex"":5,""name"":""Alpha"",""sourceTypeCode"":1,""sourceRecordByteOffset"":879,""type"":""scalar"",""scalarValue"":1.5,""sourceValueByteOffset"":893}]}",1077870,82286,True,SOURCE_ASSET_EXPLICIT
requested_core,MN_RPCT_07,4219939,쿠크세이튼_군단장 시그니쳐 스킬_공격,14,Att_Battle_28_05_End,action-4219939/stage-014/notify-000,Anim,0.0,1.399999976158142,,,,,1079248,82343,True,SOURCE_CLIP_EXPLICIT
requested_core,MN_RPCT_07,4219939,쿠크세이튼_군단장 시그니쳐 스킬_공격,14,Att_Battle_28_05_End,action-4219939/stage-014/notify-001,LookTarget,0.0,0.20000000298023224,,,,,1079548,82370,True,TIMING_OR_STATE_ONLY
requested_core,MN_RPCT_07,4219939,쿠크세이튼_군단장 시그니쳐 스킬_공격,14,Att_Battle_28_05_End,action-4219939/stage-014/notify-002,PlayParticleEffect,0.0,1.399999976158142,True,,ParticleSystem:FX_MN_RPCT_07_V.Par_V_RPCT_07_Bazooka_Loop,"{""schema"":""lostark.cef-play-particle-effect-header"",""version"":2,""enabled"":true,""sourceByteOffset"":47,""sourceByteValue"":1,""particleDataDecoded"":true,""sourceParticleSystem"":""ParticleSystem'FX_MN_RPCT_07_V.Par_V_RPCT_07_Bazooka_Loop'"",""attachment"":{""mode"":""FOLLOW_NAMED_ANCHORS"",""sourceAnchorNames"":[""B_WP_1""],""runtimeAnchors"":[{""sourceAnchorName"":""B_WP_1"",""runtimeAnchorSlotId"":""B_WP_1"",""runtimeBoneName"":""b_wp_1"",""socketLocalTransform"":{""position"":[0.0,0.0,0.0],""rotationDegrees"":[0.0,0.0,0.0],""scale"":[1.0,1.0,1.0]},""resolutionStatus"":""EXACT_SOURCE_BONE""}],""runtimeAnchorSlotIds"":[""B_WP_1""],""runtimeAnchorSlotId"":""B_WP_1"",""runtimeBoneName"":""b_wp_1"",""socketLocalTransform"":{""position"":[0.0,0.0,0.0],""rotationDegrees"":[0.0,0.0,0.0],""scale"":[1.0,1.0,1.0]},""runtimeResolutionStatus"":""EXACT_SOURCE_BONE"",""sourceSelectorByteOffset"":388},""localTransform"":{""sourcePositionUeUnits"":[0.0,0.0,0.0],""position"":[0.0,0.0,-0.0],""rotationDegrees"":[0.0,0.0,-0.0],""scale"":[1.0,1.0,1.0]},""sourceTransformByteOffset"":403,""parameterOverridesDecoded"":true,""sourceParameterCountByteOffset"":495,""parameterOverrides"":[]}",1079650,82389,True,SOURCE_ASSET_EXPLICIT
requested_core,MN_RPCT_07,4219939,쿠크세이튼_군단장 시그니쳐 스킬_공격,14,Att_Battle_28_05_End,action-4219939/stage-014/notify-003,PlayParticleEffect,0.0034119999036192894,1.3965879678726196,True,,ParticleSystem:FX_MN_RPCT_07_V.Par_V_RPCT_07_Bazooka_Loop,"{""schema"":""lostark.cef-play-particle-effect-header"",""version"":2,""enabled"":true,""sourceByteOffset"":47,""sourceByteValue"":1,""particleDataDecoded"":true,""sourceParticleSystem"":""ParticleSystem'FX_MN_RPCT_07_V.Par_V_RPCT_07_Bazooka_Loop'"",""attachment"":{""mode"":""FOLLOW_NAMED_ANCHORS"",""sourceAnchorNames"":[""B_WP_2""],""runtimeAnchors"":[{""sourceAnchorName"":""B_WP_2"",""runtimeAnchorSlotId"":""B_WP_2"",""runtimeBoneName"":""b_wp_2"",""socketLocalTransform"":{""position"":[0.0,0.0,0.0],""rotationDegrees"":[0.0,0.0,0.0],""scale"":[1.0,1.0,1.0]},""resolutionStatus"":""EXACT_SOURCE_BONE""}],""runtimeAnchorSlotIds"":[""B_WP_2""],""runtimeAnchorSlotId"":""B_WP_2"",""runtimeBoneName"":""b_wp_2"",""socketLocalTransform"":{""position"":[0.0,0.0,0.0],""rotationDegrees"":[0.0,0.0,0.0],""scale"":[1.0,1.0,1.0]},""runtimeResolutionStatus"":""EXACT_SOURCE_BONE"",""sourceSelectorByteOffset"":388},""localTransform"":{""sourcePositionUeUnits"":[0.0,0.0,0.0],""position"":[0.0,0.0,-0.0],""rotationDegrees"":[0.0,0.0,-0.0],""scale"":[1.0,1.0,1.0]},""sourceTransformByteOffset"":403,""parameterOverridesDecoded"":true,""sourceParameterCountByteOffset"":495,""parameterOverrides"":[]}",1080249,82420,True,SOURCE_ASSET_EXPLICIT
requested_core,MN_RPCT_07,4219939,쿠크세이튼_군단장 시그니쳐 스킬_공격,14,Att_Battle_28_05_End,action-4219939/stage-014/notify-004,AKEvent,0.20000000298023224,1.2000000476837158,,,AkEvent:S_Mob_G_KoukuSatan1.G_KoukuSatan1_Attack23_Cast2,,1080848,82451,True,SOURCE_ASSET_EXPLICIT
requested_core,MN_RPCT_07,4219939,쿠크세이튼_군단장 시그니쳐 스킬_공격,14,Att_Battle_28_05_End,action-4219939/stage-014/notify-005,Effect,1.100000023841858,0.10000000149011612,,421991219,,,1081059,82480,True,TIMING_ONLY
requested_core,MN_RPCT_07,4219939,쿠크세이튼_군단장 시그니쳐 스킬_공격,14,Att_Battle_28_05_End,action-4219939/stage-014/notify-006,MonsterMoveNextStage,1.2999999523162842,0.0,,,,,1081209,82499,True,TIMING_OR_STATE_ONLY
requested_core,MN_RPCT_07,4219939,쿠크세이튼_군단장 시그니쳐 스킬_공격,14,Att_Battle_28_05_End,action-4219939/stage-014/notify-007,PlayParticleEffect,1.3796579837799072,0.0,False,,ParticleSystem:fx_mn_rpct_07_v.Par_V_RPCT_BallRead_Exp_01_LOC_INT,"{""schema"":""lostark.cef-play-particle-effect-header"",""version"":2,""enabled"":false,""sourceByteOffset"":47,""sourceByteValue"":0,""particleDataDecoded"":true,""sourceParticleSystem"":""ParticleSystem'fx_mn_rpct_07_v.Par_V_RPCT_BallRead_Exp_01_LOC_INT'"",""attachment"":{""mode"":""FOLLOW_NAMED_ANCHORS"",""sourceAnchorNames"":[""FX_L_Hand_01"",""FX_R_Hand_01""],""runtimeAnchors"":[{""sourceAnchorName"":""FX_L_Hand_01"",""runtimeAnchorSlotId"":""FX_L_Hand_01"",""runtimeBoneName"":"""",""socketLocalTransform"":{""position"":[0.0,0.0,0.0],""rotationDegrees"":[0.0,0.0,0.0],""scale"":[1.0,1.0,1.0]},""resolutionStatus"":""MISSING_SOURCE_SOCKET""},{""sourceAnchorName"":""FX_R_Hand_01"",""runtimeAnchorSlotId"":""FX_R_Hand_01"",""runtimeBoneName"":"""",""socketLocalTransform"":{""position"":[0.0,0.0,0.0],""rotationDegrees"":[0.0,0.0,0.0],""scale"":[1.0,1.0,1.0]},""resolutionStatus"":""MISSING_SOURCE_SOCKET""}],""runtimeAnchorSlotIds"":[""FX_L_Hand_01"",""FX_R_Hand_01""],""runtimeAnchorSlotId"":""FX_L_Hand_01"",""runtimeBoneName"":"""",""socketLocalTransform"":{""position"":[0.0,0.0,0.0],""rotationDegrees"":[0.0,0.0,0.0],""scale"":[1.0,1.0,1.0]},""runtimeResolutionStatus"":""MISSING_SOURCE_SOCKET"",""sourceSelectorByteOffset"":401},""localTransform"":{""sourcePositionUeUnits"":[0.0,0.0,0.0],""position"":[0.0,0.0,-0.0],""rotationDegrees"":[0.0,0.0,-0.0],""scale"":[1.0,1.0,1.0]},""sourceTransformByteOffset"":439,""parameterOverridesDecoded"":true,""sourceParameterCountByteOffset"":527,""parameterOverrides"":[]}",1081309,82518,True,SOURCE_ASSET_EXPLICIT
requested_core,MN_RPCT_07,4219939,쿠크세이튼_군단장 시그니쳐 스킬_공격,15,Att_battle_28_08,action-4219939/stage-015/notify-000,Anim,0.0,4.8333330154418945,,,,,1082160,82571,True,SOURCE_CLIP_EXPLICIT
requested_core,MN_RPCT_07,4219939,쿠크세이튼_군단장 시그니쳐 스킬_공격,15,Att_battle_28_08,action-4219939/stage-015/notify-001,PlayParticleEffect,0.0,4.7509307861328125,True,,ParticleSystem:FX_MN_RPCT_07_V.Par_V_RPCT_07_Bazooka_Loop,"{""schema"":""lostark.cef-play-particle-effect-header"",""version"":2,""enabled"":true,""sourceByteOffset"":47,""sourceByteValue"":1,""particleDataDecoded"":true,""sourceParticleSystem"":""ParticleSystem'FX_MN_RPCT_07_V.Par_V_RPCT_07_Bazooka_Loop'"",""attachment"":{""mode"":""FOLLOW_NAMED_ANCHORS"",""sourceAnchorNames"":[""B_WP_1""],""runtimeAnchors"":[{""sourceAnchorName"":""B_WP_1"",""runtimeAnchorSlotId"":""B_WP_1"",""runtimeBoneName"":""b_wp_1"",""socketLocalTransform"":{""position"":[0.0,0.0,0.0],""rotationDegrees"":[0.0,0.0,0.0],""scale"":[1.0,1.0,1.0]},""resolutionStatus"":""EXACT_SOURCE_BONE""}],""runtimeAnchorSlotIds"":[""B_WP_1""],""runtimeAnchorSlotId"":""B_WP_1"",""runtimeBoneName"":""b_wp_1"",""socketLocalTransform"":{""position"":[0.0,0.0,0.0],""rotationDegrees"":[0.0,0.0,0.0],""scale"":[1.0,1.0,1.0]},""runtimeResolutionStatus"":""EXACT_SOURCE_BONE"",""sourceSelectorByteOffset"":392},""localTransform"":{""sourcePositionUeUnits"":[0.0,0.0,0.0],""position"":[0.0,0.0,-0.0],""rotationDegrees"":[0.0,0.0,-0.0],""scale"":[1.0,1.0,1.0]},""sourceTransformByteOffset"":407,""parameterOverridesDecoded"":true,""sourceParameterCountByteOffset"":499,""parameterOverrides"":[]}",1082452,82598,True,SOURCE_ASSET_EXPLICIT
requested_core,MN_RPCT_07,4219939,쿠크세이튼_군단장 시그니쳐 스킬_공격,15,Att_battle_28_08,action-4219939/stage-015/notify-002,LookTarget,0.0,0.4000000059604645,,,,,1083055,82629,True,TIMING_OR_STATE_ONLY
requested_core,MN_RPCT_07,4219939,쿠크세이튼_군단장 시그니쳐 스킬_공격,15,Att_battle_28_08,action-4219939/stage-015/notify-003,PlayParticleEffect,0.0,1.5217020511627197,True,,ParticleSystem:fx_mn_rpct_07_v.Par_V_RPCT_Gun_shot_Decal_01_LOC_INT,"{""schema"":""lostark.cef-play-particle-effect-header"",""version"":2,""enabled"":true,""sourceByteOffset"":47,""sourceByteValue"":1,""particleDataDecoded"":true,""sourceParticleSystem"":""ParticleSystem'fx_mn_rpct_07_v.Par_V_RPCT_Gun_shot_Decal_01_LOC_INT'"",""attachment"":{""mode"":""FOLLOW_NAMED_ANCHORS"",""sourceAnchorNames"":[""B_Root""],""runtimeAnchors"":[{""sourceAnchorName"":""B_Root"",""runtimeAnchorSlotId"":""B_Root"",""runtimeBoneName"":""b_root"",""socketLocalTransform"":{""position"":[0.0,0.0,0.0],""rotationDegrees"":[0.0,0.0,0.0],""scale"":[1.0,1.0,1.0]},""resolutionStatus"":""EXACT_SOURCE_BONE""}],""runtimeAnchorSlotIds"":[""B_Root""],""runtimeAnchorSlotId"":""B_Root"",""runtimeBoneName"":""b_root"",""socketLocalTransform"":{""position"":[0.0,0.0,0.0],""rotationDegrees"":[0.0,0.0,0.0],""scale"":[1.0,1.0,1.0]},""runtimeResolutionStatus"":""EXACT_SOURCE_BONE"",""sourceSelectorByteOffset"":399},""localTransform"":{""sourcePositionUeUnits"":[0.0,0.0,0.0],""position"":[0.0,0.0,-0.0],""rotationDegrees"":[0.0,0.0,-0.0],""scale"":[1.0,1.0,1.0]},""sourceTransformByteOffset"":414,""parameterOverridesDecoded"":true,""sourceParameterCountByteOffset"":506,""parameterOverrides"":[]}",1083157,82648,True,SOURCE_ASSET_EXPLICIT
requested_core,MN_RPCT_07,4219939,쿠크세이튼_군단장 시그니쳐 스킬_공격,15,Att_battle_28_08,action-4219939/stage-015/notify-004,PlayParticleEffect,0.0034199999645352364,4.750452995300293,True,,ParticleSystem:FX_MN_RPCT_07_V.Par_V_RPCT_07_Bazooka_Loop,"{""schema"":""lostark.cef-play-particle-effect-header"",""version"":2,""enabled"":true,""sourceByteOffset"":47,""sourceByteValue"":1,""particleDataDecoded"":true,""sourceParticleSystem"":""ParticleSystem'FX_MN_RPCT_07_V.Par_V_RPCT_07_Bazooka_Loop'"",""attachment"":{""mode"":""FOLLOW_NAMED_ANCHORS"",""sourceAnchorNames"":[""B_WP_2""],""runtimeAnchors"":[{""sourceAnchorName"":""B_WP_2"",""runtimeAnchorSlotId"":""B_WP_2"",""runtimeBoneName"":""b_wp_2"",""socketLocalTransform"":{""position"":[0.0,0.0,0.0],""rotationDegrees"":[0.0,0.0,0.0],""scale"":[1.0,1.0,1.0]},""resolutionStatus"":""EXACT_SOURCE_BONE""}],""runtimeAnchorSlotIds"":[""B_WP_2""],""runtimeAnchorSlotId"":""B_WP_2"",""runtimeBoneName"":""b_wp_2"",""socketLocalTransform"":{""position"":[0.0,0.0,0.0],""rotationDegrees"":[0.0,0.0,0.0],""scale"":[1.0,1.0,1.0]},""runtimeResolutionStatus"":""EXACT_SOURCE_BONE"",""sourceSelectorByteOffset"":392},""localTransform"":{""sourcePositionUeUnits"":[0.0,0.0,0.0],""position"":[0.0,0.0,-0.0],""rotationDegrees"":[0.0,0.0,-0.0],""scale"":[1.0,1.0,1.0]},""sourceTransformByteOffset"":407,""parameterOverridesDecoded"":true,""sourceParameterCountByteOffset"":499,""parameterOverrides"":[]}",1083767,82679,True,SOURCE_ASSET_EXPLICIT
requested_core,MN_RPCT_07,4219939,쿠크세이튼_군단장 시그니쳐 스킬_공격,15,Att_battle_28_08,action-4219939/stage-015/notify-005,PlayParticleEffect,0.09128399938344955,4.742015838623047,True,,ParticleSystem:FX_MN_RPCT_07_V.Par_V_RPCT_Bazooka_mesh_01,"{""schema"":""lostark.cef-play-particle-effect-header"",""version"":2,""enabled"":true,""sourceByteOffset"":47,""sourceByteValue"":1,""particleDataDecoded"":true,""sourceParticleSystem"":""ParticleSystem'FX_MN_RPCT_07_V.Par_V_RPCT_Bazooka_mesh_01'"",""attachment"":{""mode"":""FOLLOW_NAMED_ANCHORS"",""sourceAnchorNames"":[""Bip002-R-Hand""],""runtimeAnchors"":[{""sourceAnchorName"":""Bip002-R-Hand"",""runtimeAnchorSlotId"":""Bip002-R-Hand"",""runtimeBoneName"":"""",""socketLocalTransform"":{""position"":[0.0,0.0,0.0],""rotationDegrees"":[0.0,0.0,0.0],""scale"":[1.0,1.0,1.0]},""resolutionStatus"":""MISSING_SOURCE_SOCKET""}],""runtimeAnchorSlotIds"":[""Bip002-R-Hand""],""runtimeAnchorSlotId"":""Bip002-R-Hand"",""runtimeBoneName"":"""",""socketLocalTransform"":{""position"":[0.0,0.0,0.0],""rotationDegrees"":[0.0,0.0,0.0],""scale"":[1.0,1.0,1.0]},""runtimeResolutionStatus"":""MISSING_SOURCE_SOCKET"",""sourceSelectorByteOffset"":383},""localTransform"":{""sourcePositionUeUnits"":[0.0,0.0,0.0],""position"":[0.0,0.0,-0.0],""rotationDegrees"":[0.0,0.0,-0.0],""scale"":[0.30000001192092896,0.30000001192092896,0.30000001192092896]},""sourceTransformByteOffset"":405,""parameterOverridesDecoded"":true,""sourceParameterCountByteOffset"":497,""parameterOverrides"":[]}",1084370,82710,True,SOURCE_ASSET_EXPLICIT
requested_core,MN_RPCT_07,4219939,쿠크세이튼_군단장 시그니쳐 스킬_공격,15,Att_battle_28_08,action-4219939/stage-015/notify-006,AKEvent,1.0,2.299999952316284,,,AkEvent:S_Mob_G_KoukuSatan1.G_KoukuSatan1_Attack23_Cast3,,1084971,82740,True,SOURCE_ASSET_EXPLICIT
requested_core,MN_RPCT_07,4219939,쿠크세이튼_군단장 시그니쳐 스킬_공격,15,Att_battle_28_08,action-4219939/stage-015/notify-007,PlayParticleEffect,1.0653070211410522,0.0,True,,ParticleSystem:fx_mn_rpct_07_v.Par_V_RPCT_BallRead_Exp_01_LOC_INT,"{""schema"":""lostark.cef-play-particle-effect-header"",""version"":2,""enabled"":true,""sourceByteOffset"":47,""sourceByteValue"":1,""particleDataDecoded"":true,""sourceParticleSystem"":""ParticleSystem'fx_mn_rpct_07_v.Par_V_RPCT_BallRead_Exp_01_LOC_INT'"",""attachment"":{""mode"":""FOLLOW_NAMED_ANCHORS"",""sourceAnchorNames"":[""Bip002-R-Hand""],""runtimeAnchors"":[{""sourceAnchorName"":""Bip002-R-Hand"",""runtimeAnchorSlotId"":""Bip002-R-Hand"",""runtimeBoneName"":"""",""socketLocalTransform"":{""position"":[0.0,0.0,0.0],""rotationDegrees"":[0.0,0.0,0.0],""scale"":[1.0,1.0,1.0]},""resolutionStatus"":""MISSING_SOURCE_SOCKET""}],""runtimeAnchorSlotIds"":[""Bip002-R-Hand""],""runtimeAnchorSlotId"":""Bip002-R-Hand"",""runtimeBoneName"":"""",""socketLocalTransform"":{""position"":[0.0,0.0,0.0],""rotationDegrees"":[0.0,0.0,0.0],""scale"":[1.0,1.0,1.0]},""runtimeResolutionStatus"":""MISSING_SOURCE_SOCKET"",""sourceSelectorByteOffset"":397},""localTransform"":{""sourcePositionUeUnits"":[0.0,0.0,0.0],""position"":[0.0,0.0,-0.0],""rotationDegrees"":[0.0,0.0,-0.0],""scale"":[0.4000000059604645,0.4000000059604645,0.4000000059604645]},""sourceTransformByteOffset"":419,""parameterOverridesDecoded"":true,""sourceParameterCountByteOffset"":511,""parameterOverrides"":[]}",1085182,82769,True,SOURCE_ASSET_EXPLICIT
requested_core,MN_RPCT_07,4219939,쿠크세이튼_군단장 시그니쳐 스킬_공격,15,Att_battle_28_08,action-4219939/stage-015/notify-008,PlayParticleEffect,1.097085952758789,0.0,True,,ParticleSystem:fx_mn_rpct_07_v.Par_V_RPCT_signalShot_01_LOC_INT,"{""schema"":""lostark.cef-play-particle-effect-header"",""version"":2,""enabled"":true,""sourceByteOffset"":47,""sourceByteValue"":1,""particleDataDecoded"":true,""sourceParticleSystem"":""ParticleSystem'fx_mn_rpct_07_v.Par_V_RPCT_signalShot_01_LOC_INT'"",""attachment"":{""mode"":""FOLLOW_NAMED_ANCHORS"",""sourceAnchorNames"":[""Bip002-R-Hand""],""runtimeAnchors"":[{""sourceAnchorName"":""Bip002-R-Hand"",""runtimeAnchorSlotId"":""Bip002-R-Hand"",""runtimeBoneName"":"""",""socketLocalTransform"":{""position"":[0.0,0.0,0.0],""rotationDegrees"":[0.0,0.0,0.0],""scale"":[1.0,1.0,1.0]},""resolutionStatus"":""MISSING_SOURCE_SOCKET""}],""runtimeAnchorSlotIds"":[""Bip002-R-Hand""],""runtimeAnchorSlotId"":""Bip002-R-Hand"",""runtimeBoneName"":"""",""socketLocalTransform"":{""position"":[0.0,0.0,0.0],""rotationDegrees"":[0.0,0.0,0.0],""scale"":[1.0,1.0,1.0]},""runtimeResolutionStatus"":""MISSING_SOURCE_SOCKET"",""sourceSelectorByteOffset"":394},""localTransform"":{""sourcePositionUeUnits"":[0.0,0.0,50.0],""position"":[0.0,0.5,-0.0],""rotationDegrees"":[0.0,0.0,-0.0],""scale"":[1.0,1.0,1.0]},""sourceTransformByteOffset"":416,""parameterOverridesDecoded"":true,""sourceParameterCountByteOffset"":508,""parameterOverrides"":[{""sourceIndex"":0,""name"":""Color"",""sourceTypeCode"":3,""sourceRecordByteOffset"":512,""type"":""vector"",""vectorValue"":[1.0,1.0,1.0],""sourceValueByteOffset"":534}]}",1085797,82800,True,SOURCE_ASSET_EXPLICIT
requested_core,MN_RPCT_07,4219939,쿠크세이튼_군단장 시그니쳐 스킬_공격,15,Att_battle_28_08,action-4219939/stage-015/notify-009,PlayParticleEffect,1.4728219509124756,0.0,True,,ParticleSystem:fx_mn_rpct_07_v.Par_V_RPCT_Signature_01_1_LOC_INT,"{""schema"":""lostark.cef-play-particle-effect-header"",""version"":2,""enabled"":true,""sourceByteOffset"":47,""sourceByteValue"":1,""particleDataDecoded"":true,""sourceParticleSystem"":""ParticleSystem'fx_mn_rpct_07_v.Par_V_RPCT_Signature_01_1_LOC_INT'"",""attachment"":{""mode"":""FOLLOW_NAMED_ANCHORS"",""sourceAnchorNames"":[""B_WP_1""],""runtimeAnchors"":[{""sourceAnchorName"":""B_WP_1"",""runtimeAnchorSlotId"":""B_WP_1"",""runtimeBoneName"":""b_wp_1"",""socketLocalTransform"":{""position"":[0.0,0.0,0.0],""rotationDegrees"":[0.0,0.0,0.0],""scale"":[1.0,1.0,1.0]},""resolutionStatus"":""EXACT_SOURCE_BONE""}],""runtimeAnchorSlotIds"":[""B_WP_1""],""runtimeAnchorSlotId"":""B_WP_1"",""runtimeBoneName"":""b_wp_1"",""socketLocalTransform"":{""position"":[0.0,0.0,0.0],""rotationDegrees"":[0.0,0.0,0.0],""scale"":[1.0,1.0,1.0]},""runtimeResolutionStatus"":""EXACT_SOURCE_BONE"",""sourceSelectorByteOffset"":402},""localTransform"":{""sourcePositionUeUnits"":[150.0,0.0,50.0],""position"":[1.5,0.5,-0.0],""rotationDegrees"":[0.0,0.0,-0.0],""scale"":[3.0,3.0,3.0]},""sourceTransformByteOffset"":417,""parameterOverridesDecoded"":true,""sourceParameterCountByteOffset"":509,""parameterOverrides"":[{""sourceIndex"":0,""name"":""Color"",""sourceTypeCode"":3,""sourceRecordByteOffset"":513,""type"":""vector"",""vectorValue"":[1.0,1.0,1.0],""sourceValueByteOffset"":535},{""sourceIndex"":1,""name"":""Alpha"",""sourceTypeCode"":1,""sourceRecordByteOffset"":592,""type"":""scalar"",""scalarValue"":1.0,""sourceValueByteOffset"":606}]}",1086488,82832,True,SOURCE_ASSET_EXPLICIT
requested_core,MN_RPCT_07,4219939,쿠크세이튼_군단장 시그니쳐 스킬_공격,15,Att_battle_28_08,action-4219939/stage-015/notify-010,PlayParticleEffect,1.4728219509124756,0.0,True,,ParticleSystem:FX_CM_02.Light.Par_MP_Light_01,"{""schema"":""lostark.cef-play-particle-effect-header"",""version"":2,""enabled"":true,""sourceByteOffset"":47,""sourceByteValue"":1,""particleDataDecoded"":true,""sourceParticleSystem"":""ParticleSystem'FX_CM_02.Light.Par_MP_Light_01'"",""attachment"":{""mode"":""SNAPSHOT_ROOT"",""sourceAnchorNames"":[],""runtimeAnchors"":[],""runtimeAnchorSlotIds"":[],""runtimeAnchorSlotId"":""root"",""runtimeBoneName"":"""",""socketLocalTransform"":{""position"":[0.0,0.0,0.0],""rotationDegrees"":[0.0,0.0,0.0],""scale"":[1.0,1.0,1.0]},""runtimeResolutionStatus"":""EXACT_ROOT_SNAPSHOT"",""sourceSelectorByteOffset"":null},""localTransform"":{""sourcePositionUeUnits"":[50.0,0.0,50.0],""position"":[0.5,0.5,-0.0],""rotationDegrees"":[0.0,0.0,-0.0],""scale"":[3.0,3.0,3.0]},""sourceTransformByteOffset"":389,""parameterOverridesDecoded"":true,""sourceParameterCountByteOffset"":477,""parameterOverrides"":[{""sourceIndex"":0,""name"":""Spawn"",""sourceTypeCode"":1,""sourceRecordByteOffset"":481,""type"":""scalar"",""scalarValue"":0.0,""sourceValueByteOffset"":495},{""sourceIndex"":1,""name"":""Lifetime"",""sourceTypeCode"":1,""sourceRecordByteOffset"":560,""type"":""scalar"",""scalarValue"":0.10000000149011612,""sourceValueByteOffset"":577},{""sourceIndex"":2,""name"":""Size"",""sourceTypeCode"":3,""sourceRecordByteOffset"":642,""type"":""vector"",""vectorValue"":[200.0,0.0,0.0],""sourceValueByteOffset"":663},{""sourceIndex"":3,""name"":""Color"",""sourceTypeCode"":3,""sourceRecordByteOffset"":720,""type"":""vector"",""vectorValue"":[3.0,2.0,1.0],""sourceValueByteOffset"":742},{""sourceIndex"":4,""name"":""Alpha"",""sourceTypeCode"":1,""sourceRecordByteOffset"":799,""type"":""scalar"",""scalarValue"":1.0,""sourceValueByteOffset"":813}]}",1087259,82865,True,SOURCE_ASSET_EXPLICIT
requested_core,MN_RPCT_07,4219939,쿠크세이튼_군단장 시그니쳐 스킬_공격,15,Att_battle_28_08,action-4219939/stage-015/notify-011,PlayParticleEffect,1.4792540073394775,0.0,True,,ParticleSystem:fx_mn_rpct_07_v.Par_V_RPCT_Signature_01_1_LOC_INT,"{""schema"":""lostark.cef-play-particle-effect-header"",""version"":2,""enabled"":true,""sourceByteOffset"":47,""sourceByteValue"":1,""particleDataDecoded"":true,""sourceParticleSystem"":""ParticleSystem'fx_mn_rpct_07_v.Par_V_RPCT_Signature_01_1_LOC_INT'"",""attachment"":{""mode"":""FOLLOW_NAMED_ANCHORS"",""sourceAnchorNames"":[""B_WP_2""],""runtimeAnchors"":[{""sourceAnchorName"":""B_WP_2"",""runtimeAnchorSlotId"":""B_WP_2"",""runtimeBoneName"":""b_wp_2"",""socketLocalTransform"":{""position"":[0.0,0.0,0.0],""rotationDegrees"":[0.0,0.0,0.0],""scale"":[1.0,1.0,1.0]},""resolutionStatus"":""EXACT_SOURCE_BONE""}],""runtimeAnchorSlotIds"":[""B_WP_2""],""runtimeAnchorSlotId"":""B_WP_2"",""runtimeBoneName"":""b_wp_2"",""socketLocalTransform"":{""position"":[0.0,0.0,0.0],""rotationDegrees"":[0.0,0.0,0.0],""scale"":[1.0,1.0,1.0]},""runtimeResolutionStatus"":""EXACT_SOURCE_BONE"",""sourceSelectorByteOffset"":402},""localTransform"":{""sourcePositionUeUnits"":[150.0,0.0,50.0],""position"":[1.5,0.5,-0.0],""rotationDegrees"":[0.0,0.0,-0.0],""scale"":[3.0,3.0,3.0]},""sourceTransformByteOffset"":417,""parameterOverridesDecoded"":true,""sourceParameterCountByteOffset"":509,""parameterOverrides"":[{""sourceIndex"":0,""name"":""Color"",""sourceTypeCode"":3,""sourceRecordByteOffset"":513,""type"":""vector"",""vectorValue"":[1.0,1.0,1.0],""sourceValueByteOffset"":535},{""sourceIndex"":1,""name"":""Alpha"",""sourceTypeCode"":1,""sourceRecordByteOffset"":592,""type"":""scalar"",""scalarValue"":1.0,""sourceValueByteOffset"":606}]}",1088237,82900,True,SOURCE_ASSET_EXPLICIT
requested_core,MN_RPCT_07,4219939,쿠크세이튼_군단장 시그니쳐 스킬_공격,15,Att_battle_28_08,action-4219939/stage-015/notify-012,AKEvent,1.4800000190734863,3.353300094604492,,,AkEvent:S_Mob_G_KoukuSatan1.G_KoukuSatan1_Attack23_Shot3,,1089008,82933,True,SOURCE_ASSET_EXPLICIT
requested_core,MN_RPCT_07,4219939,쿠크세이튼_군단장 시그니쳐 스킬_공격,15,Att_battle_28_08,action-4219939/stage-015/notify-013,Effect,1.5,0.30000001192092896,,421991211,,,1089219,82962,True,TIMING_ONLY
requested_core,MN_RPCT_07,4219939,쿠크세이튼_군단장 시그니쳐 스킬_공격,15,Att_battle_28_08,action-4219939/stage-015/notify-014,Effect,1.5,0.30000001192092896,,421991211,,,1089369,82981,True,TIMING_ONLY
requested_core,MN_RPCT_07,4219939,쿠크세이튼_군단장 시그니쳐 스킬_공격,15,Att_battle_28_08,action-4219939/stage-015/notify-015,Effect,1.7999999523162842,0.30000001192092896,,421991211,,,1089519,83000,True,TIMING_ONLY
requested_core,MN_RPCT_07,4219939,쿠크세이튼_군단장 시그니쳐 스킬_공격,15,Att_battle_28_08,action-4219939/stage-015/notify-016,Effect,1.7999999523162842,0.30000001192092896,,421991211,,,1089669,83019,True,TIMING_ONLY
requested_core,MN_RPCT_07,4219939,쿠크세이튼_군단장 시그니쳐 스킬_공격,15,Att_battle_28_08,action-4219939/stage-015/notify-017,Effect,2.0,0.10000000149011612,,421991217,,,1089819,83038,True,TIMING_ONLY
requested_core,MN_RPCT_07,4219939,쿠크세이튼_군단장 시그니쳐 스킬_공격,15,Att_battle_28_08,action-4219939/stage-015/notify-018,Effect,2.0999999046325684,0.30000001192092896,,421991211,,,1089969,83057,True,TIMING_ONLY
requested_core,MN_RPCT_07,4219939,쿠크세이튼_군단장 시그니쳐 스킬_공격,15,Att_battle_28_08,action-4219939/stage-015/notify-019,Effect,2.0999999046325684,0.30000001192092896,,421991211,,,1090119,83076,True,TIMING_ONLY
requested_core,MN_RPCT_07,4219939,쿠크세이튼_군단장 시그니쳐 스킬_공격,15,Att_battle_28_08,action-4219939/stage-015/notify-020,Effect,2.4000000953674316,0.30000001192092896,,421991211,,,1090269,83095,True,TIMING_ONLY
requested_core,MN_RPCT_07,4219939,쿠크세이튼_군단장 시그니쳐 스킬_공격,15,Att_battle_28_08,action-4219939/stage-015/notify-021,Effect,2.4000000953674316,0.30000001192092896,,421991211,,,1090419,83114,True,TIMING_ONLY
requested_core,MN_RPCT_07,4219939,쿠크세이튼_군단장 시그니쳐 스킬_공격,15,Att_battle_28_08,action-4219939/stage-015/notify-022,Effect,2.700000047683716,0.30000001192092896,,421991211,,,1090569,83133,True,TIMING_ONLY
requested_core,MN_RPCT_07,4219939,쿠크세이튼_군단장 시그니쳐 스킬_공격,15,Att_battle_28_08,action-4219939/stage-015/notify-023,Effect,2.700000047683716,0.30000001192092896,,421991211,,,1090719,83152,True,TIMING_ONLY
requested_core,MN_RPCT_07,4219939,쿠크세이튼_군단장 시그니쳐 스킬_공격,15,Att_battle_28_08,action-4219939/stage-015/notify-024,Effect,3.0,0.30000001192092896,,421991212,,,1090869,83171,True,TIMING_ONLY
requested_core,MN_RPCT_07,4219939,쿠크세이튼_군단장 시그니쳐 스킬_공격,15,Att_battle_28_08,action-4219939/stage-015/notify-025,AKEvent,3.5,1.333299994468689,,,AkEvent:S_Mob_G_KoukuSatan1.G_KoukuSatan1_Attack23_Cast2,,1091019,83190,True,SOURCE_ASSET_EXPLICIT
requested_core,MN_RPCT_07,4219939,쿠크세이튼_군단장 시그니쳐 스킬_공격,15,Att_battle_28_08,action-4219939/stage-015/notify-026,Effect,4.0,0.10000000149011612,,421991221,,,1091230,83219,True,TIMING_ONLY
requested_core,MN_RPCT_07,4219939,쿠크세이튼_군단장 시그니쳐 스킬_공격,15,Att_battle_28_08,action-4219939/stage-015/notify-027,MonsterMoveNextStageConditionProbability,4.730000019073486,0.0,,,,,1091380,83238,True,TIMING_OR_STATE_ONLY
requested_core,MN_RPCT_07,4219939,쿠크세이튼_군단장 시그니쳐 스킬_공격,15,Att_battle_28_08,action-4219939/stage-015/notify-028,PlayParticleEffect,4.7412848472595215,0.0,True,,ParticleSystem:FX_MN_RPCT_07_V.Par_V_RPCT_07_Bazooka_end,"{""schema"":""lostark.cef-play-particle-effect-header"",""version"":2,""enabled"":true,""sourceByteOffset"":47,""sourceByteValue"":1,""particleDataDecoded"":true,""sourceParticleSystem"":""ParticleSystem'FX_MN_RPCT_07_V.Par_V_RPCT_07_Bazooka_end'"",""attachment"":{""mode"":""FOLLOW_NAMED_ANCHORS"",""sourceAnchorNames"":[""B_WP_1""],""runtimeAnchors"":[{""sourceAnchorName"":""B_WP_1"",""runtimeAnchorSlotId"":""B_WP_1"",""runtimeBoneName"":""b_wp_1"",""socketLocalTransform"":{""position"":[0.0,0.0,0.0],""rotationDegrees"":[0.0,0.0,0.0],""scale"":[1.0,1.0,1.0]},""resolutionStatus"":""EXACT_SOURCE_BONE""}],""runtimeAnchorSlotIds"":[""B_WP_1""],""runtimeAnchorSlotId"":""B_WP_1"",""runtimeBoneName"":""b_wp_1"",""socketLocalTransform"":{""position"":[0.0,0.0,0.0],""rotationDegrees"":[0.0,0.0,0.0],""scale"":[1.0,1.0,1.0]},""runtimeResolutionStatus"":""EXACT_SOURCE_BONE"",""sourceSelectorByteOffset"":387},""localTransform"":{""sourcePositionUeUnits"":[0.0,0.0,0.0],""position"":[0.0,0.0,-0.0],""rotationDegrees"":[0.0,0.0,-0.0],""scale"":[1.0,1.0,1.0]},""sourceTransformByteOffset"":402,""parameterOverridesDecoded"":true,""sourceParameterCountByteOffset"":494,""parameterOverrides"":[]}",1091516,83257,True,SOURCE_ASSET_EXPLICIT
requested_core,MN_RPCT_07,4219939,쿠크세이튼_군단장 시그니쳐 스킬_공격,15,Att_battle_28_08,action-4219939/stage-015/notify-029,PlayParticleEffect,4.744496822357178,0.0,True,,ParticleSystem:FX_MN_RPCT_07_V.Par_V_RPCT_07_Bazooka_end,"{""schema"":""lostark.cef-play-particle-effect-header"",""version"":2,""enabled"":true,""sourceByteOffset"":47,""sourceByteValue"":1,""particleDataDecoded"":true,""sourceParticleSystem"":""ParticleSystem'FX_MN_RPCT_07_V.Par_V_RPCT_07_Bazooka_end'"",""attachment"":{""mode"":""FOLLOW_NAMED_ANCHORS"",""sourceAnchorNames"":[""B_WP_2""],""runtimeAnchors"":[{""sourceAnchorName"":""B_WP_2"",""runtimeAnchorSlotId"":""B_WP_2"",""runtimeBoneName"":""b_wp_2"",""socketLocalTransform"":{""position"":[0.0,0.0,0.0],""rotationDegrees"":[0.0,0.0,0.0],""scale"":[1.0,1.0,1.0]},""resolutionStatus"":""EXACT_SOURCE_BONE""}],""runtimeAnchorSlotIds"":[""B_WP_2""],""runtimeAnchorSlotId"":""B_WP_2"",""runtimeBoneName"":""b_wp_2"",""socketLocalTransform"":{""position"":[0.0,0.0,0.0],""rotationDegrees"":[0.0,0.0,0.0],""scale"":[1.0,1.0,1.0]},""runtimeResolutionStatus"":""EXACT_SOURCE_BONE"",""sourceSelectorByteOffset"":387},""localTransform"":{""sourcePositionUeUnits"":[0.0,0.0,0.0],""position"":[0.0,0.0,-0.0],""rotationDegrees"":[0.0,0.0,-0.0],""scale"":[1.0,1.0,1.0]},""sourceTransformByteOffset"":402,""parameterOverridesDecoded"":true,""sourceParameterCountByteOffset"":494,""parameterOverrides"":[]}",1092114,83288,True,SOURCE_ASSET_EXPLICIT
requested_core,MN_RPCT_07,4219939,쿠크세이튼_군단장 시그니쳐 스킬_공격,16,Att_battle_28_08,action-4219939/stage-016/notify-000,Anim,0.0,4.8333330154418945,,,,,1092932,83340,True,SOURCE_CLIP_EXPLICIT
requested_core,MN_RPCT_07,4219939,쿠크세이튼_군단장 시그니쳐 스킬_공격,16,Att_battle_28_08,action-4219939/stage-016/notify-001,PlayParticleEffect,0.0,4.8333001136779785,True,,ParticleSystem:FX_MN_RPCT_07_V.Par_V_RPCT_07_Bazooka_Loop,"{""schema"":""lostark.cef-play-particle-effect-header"",""version"":2,""enabled"":true,""sourceByteOffset"":47,""sourceByteValue"":1,""particleDataDecoded"":true,""sourceParticleSystem"":""ParticleSystem'FX_MN_RPCT_07_V.Par_V_RPCT_07_Bazooka_Loop'"",""attachment"":{""mode"":""FOLLOW_NAMED_ANCHORS"",""sourceAnchorNames"":[""B_WP_1""],""runtimeAnchors"":[{""sourceAnchorName"":""B_WP_1"",""runtimeAnchorSlotId"":""B_WP_1"",""runtimeBoneName"":""b_wp_1"",""socketLocalTransform"":{""position"":[0.0,0.0,0.0],""rotationDegrees"":[0.0,0.0,0.0],""scale"":[1.0,1.0,1.0]},""resolutionStatus"":""EXACT_SOURCE_BONE""}],""runtimeAnchorSlotIds"":[""B_WP_1""],""runtimeAnchorSlotId"":""B_WP_1"",""runtimeBoneName"":""b_wp_1"",""socketLocalTransform"":{""position"":[0.0,0.0,0.0],""rotationDegrees"":[0.0,0.0,0.0],""scale"":[1.0,1.0,1.0]},""runtimeResolutionStatus"":""EXACT_SOURCE_BONE"",""sourceSelectorByteOffset"":392},""localTransform"":{""sourcePositionUeUnits"":[0.0,0.0,0.0],""position"":[0.0,0.0,-0.0],""rotationDegrees"":[0.0,0.0,-0.0],""scale"":[1.0,1.0,1.0]},""sourceTransformByteOffset"":407,""parameterOverridesDecoded"":true,""sourceParameterCountByteOffset"":499,""parameterOverrides"":[]}",1093224,83367,True,SOURCE_ASSET_EXPLICIT
requested_core,MN_RPCT_07,4219939,쿠크세이튼_군단장 시그니쳐 스킬_공격,16,Att_battle_28_08,action-4219939/stage-016/notify-002,PlayParticleEffect,0.0,4.8333001136779785,True,,ParticleSystem:FX_MN_RPCT_07_V.Par_V_RPCT_07_Bazooka_Loop,"{""schema"":""lostark.cef-play-particle-effect-header"",""version"":2,""enabled"":true,""sourceByteOffset"":47,""sourceByteValue"":1,""particleDataDecoded"":true,""sourceParticleSystem"":""ParticleSystem'FX_MN_RPCT_07_V.Par_V_RPCT_07_Bazooka_Loop'"",""attachment"":{""mode"":""FOLLOW_NAMED_ANCHORS"",""sourceAnchorNames"":[""B_WP_2""],""runtimeAnchors"":[{""sourceAnchorName"":""B_WP_2"",""runtimeAnchorSlotId"":""B_WP_2"",""runtimeBoneName"":""b_wp_2"",""socketLocalTransform"":{""position"":[0.0,0.0,0.0],""rotationDegrees"":[0.0,0.0,0.0],""scale"":[1.0,1.0,1.0]},""resolutionStatus"":""EXACT_SOURCE_BONE""}],""runtimeAnchorSlotIds"":[""B_WP_2""],""runtimeAnchorSlotId"":""B_WP_2"",""runtimeBoneName"":""b_wp_2"",""socketLocalTransform"":{""position"":[0.0,0.0,0.0],""rotationDegrees"":[0.0,0.0,0.0],""scale"":[1.0,1.0,1.0]},""runtimeResolutionStatus"":""EXACT_SOURCE_BONE"",""sourceSelectorByteOffset"":392},""localTransform"":{""sourcePositionUeUnits"":[0.0,0.0,0.0],""position"":[0.0,0.0,-0.0],""rotationDegrees"":[0.0,0.0,-0.0],""scale"":[1.0,1.0,1.0]},""sourceTransformByteOffset"":407,""parameterOverridesDecoded"":true,""sourceParameterCountByteOffset"":499,""parameterOverrides"":[]}",1093827,83398,True,SOURCE_ASSET_EXPLICIT
requested_core,MN_RPCT_07,4219939,쿠크세이튼_군단장 시그니쳐 스킬_공격,16,Att_battle_28_08,action-4219939/stage-016/notify-003,PlayParticleEffect,0.0,1.5217020511627197,False,,ParticleSystem:fx_mn_rpct_07_v.Par_V_RPCT_Gun_shot_Decal_01_LOC_INT,"{""schema"":""lostark.cef-play-particle-effect-header"",""version"":2,""enabled"":false,""sourceByteOffset"":47,""sourceByteValue"":0,""particleDataDecoded"":true,""sourceParticleSystem"":""ParticleSystem'fx_mn_rpct_07_v.Par_V_RPCT_Gun_shot_Decal_01_LOC_INT'"",""attachment"":{""mode"":""FOLLOW_NAMED_ANCHORS"",""sourceAnchorNames"":[""B_Root""],""runtimeAnchors"":[{""sourceAnchorName"":""B_Root"",""runtimeAnchorSlotId"":""B_Root"",""runtimeBoneName"":""b_root"",""socketLocalTransform"":{""position"":[0.0,0.0,0.0],""rotationDegrees"":[0.0,0.0,0.0],""scale"":[1.0,1.0,1.0]},""resolutionStatus"":""EXACT_SOURCE_BONE""}],""runtimeAnchorSlotIds"":[""B_Root""],""runtimeAnchorSlotId"":""B_Root"",""runtimeBoneName"":""b_root"",""socketLocalTransform"":{""position"":[0.0,0.0,0.0],""rotationDegrees"":[0.0,0.0,0.0],""scale"":[1.0,1.0,1.0]},""runtimeResolutionStatus"":""EXACT_SOURCE_BONE"",""sourceSelectorByteOffset"":399},""localTransform"":{""sourcePositionUeUnits"":[0.0,0.0,0.0],""position"":[0.0,0.0,-0.0],""rotationDegrees"":[0.0,0.0,-0.0],""scale"":[1.0,1.0,1.0]},""sourceTransformByteOffset"":414,""parameterOverridesDecoded"":true,""sourceParameterCountByteOffset"":506,""parameterOverrides"":[]}",1094430,83429,True,SOURCE_ASSET_EXPLICIT
requested_core,MN_RPCT_07,4219939,쿠크세이튼_군단장 시그니쳐 스킬_공격,16,Att_battle_28_08,action-4219939/stage-016/notify-004,Effect,0.0,0.0,,421991241,,,1095040,83460,True,TIMING_ONLY
requested_core,MN_RPCT_07,4219939,쿠크세이튼_군단장 시그니쳐 스킬_공격,16,Att_battle_28_08,action-4219939/stage-016/notify-005,PlayParticleEffect,0.09128399938344955,4.742015838623047,False,,ParticleSystem:FX_MN_RPCT_07_V.Par_V_RPCT_Bazooka_mesh_01,"{""schema"":""lostark.cef-play-particle-effect-header"",""version"":2,""enabled"":false,""sourceByteOffset"":47,""sourceByteValue"":0,""particleDataDecoded"":true,""sourceParticleSystem"":""ParticleSystem'FX_MN_RPCT_07_V.Par_V_RPCT_Bazooka_mesh_01'"",""attachment"":{""mode"":""FOLLOW_NAMED_ANCHORS"",""sourceAnchorNames"":[""Bip002-R-Hand""],""runtimeAnchors"":[{""sourceAnchorName"":""Bip002-R-Hand"",""runtimeAnchorSlotId"":""Bip002-R-Hand"",""runtimeBoneName"":"""",""socketLocalTransform"":{""position"":[0.0,0.0,0.0],""rotationDegrees"":[0.0,0.0,0.0],""scale"":[1.0,1.0,1.0]},""resolutionStatus"":""MISSING_SOURCE_SOCKET""}],""runtimeAnchorSlotIds"":[""Bip002-R-Hand""],""runtimeAnchorSlotId"":""Bip002-R-Hand"",""runtimeBoneName"":"""",""socketLocalTransform"":{""position"":[0.0,0.0,0.0],""rotationDegrees"":[0.0,0.0,0.0],""scale"":[1.0,1.0,1.0]},""runtimeResolutionStatus"":""MISSING_SOURCE_SOCKET"",""sourceSelectorByteOffset"":383},""localTransform"":{""sourcePositionUeUnits"":[0.0,0.0,0.0],""position"":[0.0,0.0,-0.0],""rotationDegrees"":[0.0,0.0,-0.0],""scale"":[0.30000001192092896,0.30000001192092896,0.30000001192092896]},""sourceTransformByteOffset"":405,""parameterOverridesDecoded"":true,""sourceParameterCountByteOffset"":497,""parameterOverrides"":[]}",1095190,83479,True,SOURCE_ASSET_EXPLICIT
requested_core,MN_RPCT_07,4219939,쿠크세이튼_군단장 시그니쳐 스킬_공격,16,Att_battle_28_08,action-4219939/stage-016/notify-006,MonsterMoveNextStageConditionChangeTarget,1.0,0.0,,,,,1095791,83509,True,TIMING_OR_STATE_ONLY
requested_core,MN_RPCT_07,4219939,쿠크세이튼_군단장 시그니쳐 스킬_공격,16,Att_battle_28_08,action-4219939/stage-016/notify-007,PlayParticleEffect,1.0653070211410522,0.0,True,,ParticleSystem:fx_mn_rpct_07_v.Par_V_RPCT_BallRead_Exp_01_LOC_INT,"{""schema"":""lostark.cef-play-particle-effect-header"",""version"":2,""enabled"":true,""sourceByteOffset"":47,""sourceByteValue"":1,""particleDataDecoded"":true,""sourceParticleSystem"":""ParticleSystem'fx_mn_rpct_07_v.Par_V_RPCT_BallRead_Exp_01_LOC_INT'"",""attachment"":{""mode"":""FOLLOW_NAMED_ANCHORS"",""sourceAnchorNames"":[""Bip002-R-Hand""],""runtimeAnchors"":[{""sourceAnchorName"":""Bip002-R-Hand"",""runtimeAnchorSlotId"":""Bip002-R-Hand"",""runtimeBoneName"":"""",""socketLocalTransform"":{""position"":[0.0,0.0,0.0],""rotationDegrees"":[0.0,0.0,0.0],""scale"":[1.0,1.0,1.0]},""resolutionStatus"":""MISSING_SOURCE_SOCKET""}],""runtimeAnchorSlotIds"":[""Bip002-R-Hand""],""runtimeAnchorSlotId"":""Bip002-R-Hand"",""runtimeBoneName"":"""",""socketLocalTransform"":{""position"":[0.0,0.0,0.0],""rotationDegrees"":[0.0,0.0,0.0],""scale"":[1.0,1.0,1.0]},""runtimeResolutionStatus"":""MISSING_SOURCE_SOCKET"",""sourceSelectorByteOffset"":397},""localTransform"":{""sourcePositionUeUnits"":[0.0,0.0,0.0],""position"":[0.0,0.0,-0.0],""rotationDegrees"":[0.0,0.0,-0.0],""scale"":[0.4000000059604645,0.4000000059604645,0.4000000059604645]},""sourceTransformByteOffset"":419,""parameterOverridesDecoded"":true,""sourceParameterCountByteOffset"":511,""parameterOverrides"":[]}",1095964,83528,True,SOURCE_ASSET_EXPLICIT
requested_core,MN_RPCT_07,4219939,쿠크세이튼_군단장 시그니쳐 스킬_공격,16,Att_battle_28_08,action-4219939/stage-016/notify-008,PawnMaterialParam,1.0654710531234741,0.0,,,,,1096579,83559,True,SOURCE_PARAMETERS_SERIALIZED
requested_core,MN_RPCT_07,4219939,쿠크세이튼_군단장 시그니쳐 스킬_공격,16,Att_battle_28_08,action-4219939/stage-016/notify-009,PlayParticleEffect,1.097085952758789,0.0,True,,ParticleSystem:fx_mn_rpct_07_v.Par_V_RPCT_signalShot_01_LOC_INT,"{""schema"":""lostark.cef-play-particle-effect-header"",""version"":2,""enabled"":true,""sourceByteOffset"":47,""sourceByteValue"":1,""particleDataDecoded"":true,""sourceParticleSystem"":""ParticleSystem'fx_mn_rpct_07_v.Par_V_RPCT_signalShot_01_LOC_INT'"",""attachment"":{""mode"":""FOLLOW_NAMED_ANCHORS"",""sourceAnchorNames"":[""Bip002-R-Hand""],""runtimeAnchors"":[{""sourceAnchorName"":""Bip002-R-Hand"",""runtimeAnchorSlotId"":""Bip002-R-Hand"",""runtimeBoneName"":"""",""socketLocalTransform"":{""position"":[0.0,0.0,0.0],""rotationDegrees"":[0.0,0.0,0.0],""scale"":[1.0,1.0,1.0]},""resolutionStatus"":""MISSING_SOURCE_SOCKET""}],""runtimeAnchorSlotIds"":[""Bip002-R-Hand""],""runtimeAnchorSlotId"":""Bip002-R-Hand"",""runtimeBoneName"":"""",""socketLocalTransform"":{""position"":[0.0,0.0,0.0],""rotationDegrees"":[0.0,0.0,0.0],""scale"":[1.0,1.0,1.0]},""runtimeResolutionStatus"":""MISSING_SOURCE_SOCKET"",""sourceSelectorByteOffset"":394},""localTransform"":{""sourcePositionUeUnits"":[0.0,0.0,50.0],""position"":[0.0,0.5,-0.0],""rotationDegrees"":[0.0,0.0,-0.0],""scale"":[1.0,1.0,1.0]},""sourceTransformByteOffset"":416,""parameterOverridesDecoded"":true,""sourceParameterCountByteOffset"":508,""parameterOverrides"":[{""sourceIndex"":0,""name"":""Color"",""sourceTypeCode"":3,""sourceRecordByteOffset"":512,""type"":""vector"",""vectorValue"":[1.0,1.0,1.0],""sourceValueByteOffset"":534}]}",1097007,83582,True,SOURCE_ASSET_EXPLICIT
requested_core,MN_RPCT_07,4219939,쿠크세이튼_군단장 시그니쳐 스킬_공격,16,Att_battle_28_08,action-4219939/stage-016/notify-010,PlayParticleEffect,1.5039130449295044,0.0,True,,ParticleSystem:fx_mn_rpct_07_v.Par_V_RPCT_Signature_01_1_LOC_INT,"{""schema"":""lostark.cef-play-particle-effect-header"",""version"":2,""enabled"":true,""sourceByteOffset"":47,""sourceByteValue"":1,""particleDataDecoded"":true,""sourceParticleSystem"":""ParticleSystem'fx_mn_rpct_07_v.Par_V_RPCT_Signature_01_1_LOC_INT'"",""attachment"":{""mode"":""FOLLOW_NAMED_ANCHORS"",""sourceAnchorNames"":[""B_WP_2""],""runtimeAnchors"":[{""sourceAnchorName"":""B_WP_2"",""runtimeAnchorSlotId"":""B_WP_2"",""runtimeBoneName"":""b_wp_2"",""socketLocalTransform"":{""position"":[0.0,0.0,0.0],""rotationDegrees"":[0.0,0.0,0.0],""scale"":[1.0,1.0,1.0]},""resolutionStatus"":""EXACT_SOURCE_BONE""}],""runtimeAnchorSlotIds"":[""B_WP_2""],""runtimeAnchorSlotId"":""B_WP_2"",""runtimeBoneName"":""b_wp_2"",""socketLocalTransform"":{""position"":[0.0,0.0,0.0],""rotationDegrees"":[0.0,0.0,0.0],""scale"":[1.0,1.0,1.0]},""runtimeResolutionStatus"":""EXACT_SOURCE_BONE"",""sourceSelectorByteOffset"":402},""localTransform"":{""sourcePositionUeUnits"":[150.0,0.0,50.0],""position"":[1.5,0.5,-0.0],""rotationDegrees"":[0.0,0.0,-0.0],""scale"":[3.0,3.0,3.0]},""sourceTransformByteOffset"":417,""parameterOverridesDecoded"":true,""sourceParameterCountByteOffset"":509,""parameterOverrides"":[{""sourceIndex"":0,""name"":""Color"",""sourceTypeCode"":3,""sourceRecordByteOffset"":513,""type"":""vector"",""vectorValue"":[1.0,1.0,1.0],""sourceValueByteOffset"":535},{""sourceIndex"":1,""name"":""Alpha"",""sourceTypeCode"":1,""sourceRecordByteOffset"":592,""type"":""scalar"",""scalarValue"":1.0,""sourceValueByteOffset"":606}]}",1097698,83614,True,SOURCE_ASSET_EXPLICIT
requested_core,MN_RPCT_07,4219939,쿠크세이튼_군단장 시그니쳐 스킬_공격,16,Att_battle_28_08,action-4219939/stage-016/notify-011,PlayParticleEffect,1.5050239562988281,0.0,True,,ParticleSystem:fx_mn_rpct_07_v.Par_V_RPCT_Signature_01_1_LOC_INT,"{""schema"":""lostark.cef-play-particle-effect-header"",""version"":2,""enabled"":true,""sourceByteOffset"":47,""sourceByteValue"":1,""particleDataDecoded"":true,""sourceParticleSystem"":""ParticleSystem'fx_mn_rpct_07_v.Par_V_RPCT_Signature_01_1_LOC_INT'"",""attachment"":{""mode"":""FOLLOW_NAMED_ANCHORS"",""sourceAnchorNames"":[""B_WP_1""],""runtimeAnchors"":[{""sourceAnchorName"":""B_WP_1"",""runtimeAnchorSlotId"":""B_WP_1"",""runtimeBoneName"":""b_wp_1"",""socketLocalTransform"":{""position"":[0.0,0.0,0.0],""rotationDegrees"":[0.0,0.0,0.0],""scale"":[1.0,1.0,1.0]},""resolutionStatus"":""EXACT_SOURCE_BONE""}],""runtimeAnchorSlotIds"":[""B_WP_1""],""runtimeAnchorSlotId"":""B_WP_1"",""runtimeBoneName"":""b_wp_1"",""socketLocalTransform"":{""position"":[0.0,0.0,0.0],""rotationDegrees"":[0.0,0.0,0.0],""scale"":[1.0,1.0,1.0]},""runtimeResolutionStatus"":""EXACT_SOURCE_BONE"",""sourceSelectorByteOffset"":402},""localTransform"":{""sourcePositionUeUnits"":[150.0,0.0,50.0],""position"":[1.5,0.5,-0.0],""rotationDegrees"":[0.0,0.0,-0.0],""scale"":[3.0,3.0,3.0]},""sourceTransformByteOffset"":417,""parameterOverridesDecoded"":true,""sourceParameterCountByteOffset"":509,""parameterOverrides"":[{""sourceIndex"":0,""name"":""Color"",""sourceTypeCode"":3,""sourceRecordByteOffset"":513,""type"":""vector"",""vectorValue"":[1.0,1.0,1.0],""sourceValueByteOffset"":535},{""sourceIndex"":1,""name"":""Alpha"",""sourceTypeCode"":1,""sourceRecordByteOffset"":592,""type"":""scalar"",""scalarValue"":1.0,""sourceValueByteOffset"":606}]}",1098469,83647,True,SOURCE_ASSET_EXPLICIT
requested_core,MN_RPCT_07,4219939,쿠크세이튼_군단장 시그니쳐 스킬_공격,16,Att_battle_28_08,action-4219939/stage-016/notify-012,PlayParticleEffect,1.5206660032272339,0.0,True,,ParticleSystem:FX_CM_02.Light.Par_MP_Light_01,"{""schema"":""lostark.cef-play-particle-effect-header"",""version"":2,""enabled"":true,""sourceByteOffset"":47,""sourceByteValue"":1,""particleDataDecoded"":true,""sourceParticleSystem"":""ParticleSystem'FX_CM_02.Light.Par_MP_Light_01'"",""attachment"":{""mode"":""SNAPSHOT_ROOT"",""sourceAnchorNames"":[],""runtimeAnchors"":[],""runtimeAnchorSlotIds"":[],""runtimeAnchorSlotId"":""root"",""runtimeBoneName"":"""",""socketLocalTransform"":{""position"":[0.0,0.0,0.0],""rotationDegrees"":[0.0,0.0,0.0],""scale"":[1.0,1.0,1.0]},""runtimeResolutionStatus"":""EXACT_ROOT_SNAPSHOT"",""sourceSelectorByteOffset"":null},""localTransform"":{""sourcePositionUeUnits"":[50.0,0.0,50.0],""position"":[0.5,0.5,-0.0],""rotationDegrees"":[0.0,0.0,-0.0],""scale"":[3.0,3.0,3.0]},""sourceTransformByteOffset"":389,""parameterOverridesDecoded"":true,""sourceParameterCountByteOffset"":477,""parameterOverrides"":[{""sourceIndex"":0,""name"":""Spawn"",""sourceTypeCode"":1,""sourceRecordByteOffset"":481,""type"":""scalar"",""scalarValue"":0.0,""sourceValueByteOffset"":495},{""sourceIndex"":1,""name"":""Lifetime"",""sourceTypeCode"":1,""sourceRecordByteOffset"":560,""type"":""scalar"",""scalarValue"":0.10000000149011612,""sourceValueByteOffset"":577},{""sourceIndex"":2,""name"":""Size"",""sourceTypeCode"":3,""sourceRecordByteOffset"":642,""type"":""vector"",""vectorValue"":[200.0,0.0,0.0],""sourceValueByteOffset"":663},{""sourceIndex"":3,""name"":""Color"",""sourceTypeCode"":3,""sourceRecordByteOffset"":720,""type"":""vector"",""vectorValue"":[3.0,2.0,1.0],""sourceValueByteOffset"":742},{""sourceIndex"":4,""name"":""Alpha"",""sourceTypeCode"":1,""sourceRecordByteOffset"":799,""type"":""scalar"",""scalarValue"":1.0,""sourceValueByteOffset"":813}]}",1099240,83680,True,SOURCE_ASSET_EXPLICIT
requested_core,MN_RPCT_07,4219939,쿠크세이튼_군단장 시그니쳐 스킬_공격,17,,action-4219939/stage-017/notify-000,Effect,0.0,0.10000000149011612,,421991248,,,1100466,83730,True,TIMING_ONLY
requested_core,MN_RPCT_07,4219939,쿠크세이튼_군단장 시그니쳐 스킬_공격,17,,action-4219939/stage-017/notify-001,MonsterMoveNextStageConditionChangeTarget,0.5,0.0,,,,,1100616,83749,True,TIMING_OR_STATE_ONLY
requested_core,MN_RPCT_07,4219939,쿠크세이튼_군단장 시그니쳐 스킬_공격,18,Att_Battle_28_05_Start,action-4219939/stage-018/notify-000,Anim,0.0,0.9333329796791077,,,,,1101009,83789,True,SOURCE_CLIP_EXPLICIT
requested_core,MN_RPCT_07,4219939,쿠크세이튼_군단장 시그니쳐 스킬_공격,18,Att_Battle_28_05_Start,action-4219939/stage-018/notify-001,LookTarget,0.0,0.20000000298023224,,,,,1101313,83816,True,TIMING_OR_STATE_ONLY
requested_core,MN_RPCT_07,4219939,쿠크세이튼_군단장 시그니쳐 스킬_공격,18,Att_Battle_28_05_Start,action-4219939/stage-018/notify-002,PlayParticleEffect,0.0,0.0,False,,ParticleSystem:fx_mn_rpct_07_v.Par_V_RPCT_Signature_01_1_LOC_INT,"{""schema"":""lostark.cef-play-particle-effect-header"",""version"":2,""enabled"":false,""sourceByteOffset"":47,""sourceByteValue"":0,""particleDataDecoded"":true,""sourceParticleSystem"":""ParticleSystem'fx_mn_rpct_07_v.Par_V_RPCT_Signature_01_1_LOC_INT'"",""attachment"":{""mode"":""FOLLOW_NAMED_ANCHORS"",""sourceAnchorNames"":[""B_WP_2""],""runtimeAnchors"":[{""sourceAnchorName"":""B_WP_2"",""runtimeAnchorSlotId"":""B_WP_2"",""runtimeBoneName"":""b_wp_2"",""socketLocalTransform"":{""position"":[0.0,0.0,0.0],""rotationDegrees"":[0.0,0.0,0.0],""scale"":[1.0,1.0,1.0]},""resolutionStatus"":""EXACT_SOURCE_BONE""}],""runtimeAnchorSlotIds"":[""B_WP_2""],""runtimeAnchorSlotId"":""B_WP_2"",""runtimeBoneName"":""b_wp_2"",""socketLocalTransform"":{""position"":[0.0,0.0,0.0],""rotationDegrees"":[0.0,0.0,0.0],""scale"":[1.0,1.0,1.0]},""runtimeResolutionStatus"":""EXACT_SOURCE_BONE"",""sourceSelectorByteOffset"":402},""localTransform"":{""sourcePositionUeUnits"":[150.0,0.0,50.0],""position"":[1.5,0.5,-0.0],""rotationDegrees"":[0.0,0.0,-0.0],""scale"":[3.0,3.0,3.0]},""sourceTransformByteOffset"":417,""parameterOverridesDecoded"":true,""sourceParameterCountByteOffset"":509,""parameterOverrides"":[{""sourceIndex"":0,""name"":""Color"",""sourceTypeCode"":3,""sourceRecordByteOffset"":513,""type"":""vector"",""vectorValue"":[1.0,1.0,1.0],""sourceValueByteOffset"":535},{""sourceIndex"":1,""name"":""Alpha"",""sourceTypeCode"":1,""sourceRecordByteOffset"":592,""type"":""scalar"",""scalarValue"":1.0,""sourceValueByteOffset"":606}]}",1101415,83835,True,SOURCE_ASSET_EXPLICIT
requested_core,MN_RPCT_07,4219939,쿠크세이튼_군단장 시그니쳐 스킬_공격,18,Att_Battle_28_05_Start,action-4219939/stage-018/notify-003,PlayParticleEffect,0.0,0.0,False,,ParticleSystem:fx_mn_rpct_07_v.Par_V_RPCT_Signature_01_1_LOC_INT,"{""schema"":""lostark.cef-play-particle-effect-header"",""version"":2,""enabled"":false,""sourceByteOffset"":47,""sourceByteValue"":0,""particleDataDecoded"":true,""sourceParticleSystem"":""ParticleSystem'fx_mn_rpct_07_v.Par_V_RPCT_Signature_01_1_LOC_INT'"",""attachment"":{""mode"":""FOLLOW_NAMED_ANCHORS"",""sourceAnchorNames"":[""B_WP_1""],""runtimeAnchors"":[{""sourceAnchorName"":""B_WP_1"",""runtimeAnchorSlotId"":""B_WP_1"",""runtimeBoneName"":""b_wp_1"",""socketLocalTransform"":{""position"":[0.0,0.0,0.0],""rotationDegrees"":[0.0,0.0,0.0],""scale"":[1.0,1.0,1.0]},""resolutionStatus"":""EXACT_SOURCE_BONE""}],""runtimeAnchorSlotIds"":[""B_WP_1""],""runtimeAnchorSlotId"":""B_WP_1"",""runtimeBoneName"":""b_wp_1"",""socketLocalTransform"":{""position"":[0.0,0.0,0.0],""rotationDegrees"":[0.0,0.0,0.0],""scale"":[1.0,1.0,1.0]},""runtimeResolutionStatus"":""EXACT_SOURCE_BONE"",""sourceSelectorByteOffset"":402},""localTransform"":{""sourcePositionUeUnits"":[150.0,0.0,50.0],""position"":[1.5,0.5,-0.0],""rotationDegrees"":[0.0,0.0,-0.0],""scale"":[3.0,3.0,3.0]},""sourceTransformByteOffset"":417,""parameterOverridesDecoded"":true,""sourceParameterCountByteOffset"":509,""parameterOverrides"":[{""sourceIndex"":0,""name"":""Color"",""sourceTypeCode"":3,""sourceRecordByteOffset"":513,""type"":""vector"",""vectorValue"":[1.0,1.0,1.0],""sourceValueByteOffset"":535},{""sourceIndex"":1,""name"":""Alpha"",""sourceTypeCode"":1,""sourceRecordByteOffset"":592,""type"":""scalar"",""scalarValue"":1.0,""sourceValueByteOffset"":606}]}",1102186,83868,True,SOURCE_ASSET_EXPLICIT
requested_core,MN_RPCT_07,4219939,쿠크세이튼_군단장 시그니쳐 스킬_공격,18,Att_Battle_28_05_Start,action-4219939/stage-018/notify-004,PlayParticleEffect,0.0,0.9333000183105469,True,,ParticleSystem:FX_MN_RPCT_07_V.Par_V_RPCT_07_Bazooka_Loop,"{""schema"":""lostark.cef-play-particle-effect-header"",""version"":2,""enabled"":true,""sourceByteOffset"":47,""sourceByteValue"":1,""particleDataDecoded"":true,""sourceParticleSystem"":""ParticleSystem'FX_MN_RPCT_07_V.Par_V_RPCT_07_Bazooka_Loop'"",""attachment"":{""mode"":""FOLLOW_NAMED_ANCHORS"",""sourceAnchorNames"":[""B_WP_1""],""runtimeAnchors"":[{""sourceAnchorName"":""B_WP_1"",""runtimeAnchorSlotId"":""B_WP_1"",""runtimeBoneName"":""b_wp_1"",""socketLocalTransform"":{""position"":[0.0,0.0,0.0],""rotationDegrees"":[0.0,0.0,0.0],""scale"":[1.0,1.0,1.0]},""resolutionStatus"":""EXACT_SOURCE_BONE""}],""runtimeAnchorSlotIds"":[""B_WP_1""],""runtimeAnchorSlotId"":""B_WP_1"",""runtimeBoneName"":""b_wp_1"",""socketLocalTransform"":{""position"":[0.0,0.0,0.0],""rotationDegrees"":[0.0,0.0,0.0],""scale"":[1.0,1.0,1.0]},""runtimeResolutionStatus"":""EXACT_SOURCE_BONE"",""sourceSelectorByteOffset"":392},""localTransform"":{""sourcePositionUeUnits"":[0.0,0.0,0.0],""position"":[0.0,0.0,-0.0],""rotationDegrees"":[0.0,0.0,-0.0],""scale"":[1.0,1.0,1.0]},""sourceTransformByteOffset"":407,""parameterOverridesDecoded"":true,""sourceParameterCountByteOffset"":499,""parameterOverrides"":[]}",1102957,83901,True,SOURCE_ASSET_EXPLICIT
requested_core,MN_RPCT_07,4219939,쿠크세이튼_군단장 시그니쳐 스킬_공격,18,Att_Battle_28_05_Start,action-4219939/stage-018/notify-005,Effect,0.0,0.10000000149011612,,421981203,,,1103560,83932,True,TIMING_ONLY
requested_core,MN_RPCT_07,4219939,쿠크세이튼_군단장 시그니쳐 스킬_공격,18,Att_Battle_28_05_Start,action-4219939/stage-018/notify-006,AKEvent,0.0,0.9333000183105469,,,AkEvent:S_Mob_G_KoukuSatan1.G_KoukuSatan1_Attack23_Cast1,,1103710,83951,True,SOURCE_ASSET_EXPLICIT
requested_core,MN_RPCT_07,4219939,쿠크세이튼_군단장 시그니쳐 스킬_공격,18,Att_Battle_28_05_Start,action-4219939/stage-018/notify-007,PlayParticleEffect,0.0,0.833299994468689,False,,ParticleSystem:FX_MN_RPCT_07_V.Par_V_RPCT_07_Bazooka,"{""schema"":""lostark.cef-play-particle-effect-header"",""version"":2,""enabled"":false,""sourceByteOffset"":47,""sourceByteValue"":0,""particleDataDecoded"":true,""sourceParticleSystem"":""ParticleSystem'FX_MN_RPCT_07_V.Par_V_RPCT_07_Bazooka'"",""attachment"":{""mode"":""FOLLOW_NAMED_ANCHORS"",""sourceAnchorNames"":[""B_WP_1""],""runtimeAnchors"":[{""sourceAnchorName"":""B_WP_1"",""runtimeAnchorSlotId"":""B_WP_1"",""runtimeBoneName"":""b_wp_1"",""socketLocalTransform"":{""position"":[0.0,0.0,0.0],""rotationDegrees"":[0.0,0.0,0.0],""scale"":[1.0,1.0,1.0]},""resolutionStatus"":""EXACT_SOURCE_BONE""}],""runtimeAnchorSlotIds"":[""B_WP_1""],""runtimeAnchorSlotId"":""B_WP_1"",""runtimeBoneName"":""b_wp_1"",""socketLocalTransform"":{""position"":[0.0,0.0,0.0],""rotationDegrees"":[0.0,0.0,0.0],""scale"":[1.0,1.0,1.0]},""runtimeResolutionStatus"":""EXACT_SOURCE_BONE"",""sourceSelectorByteOffset"":386},""localTransform"":{""sourcePositionUeUnits"":[0.0,0.0,0.0],""position"":[0.0,0.0,-0.0],""rotationDegrees"":[0.0,0.0,-0.0],""scale"":[1.0,1.0,1.0]},""sourceTransformByteOffset"":401,""parameterOverridesDecoded"":true,""sourceParameterCountByteOffset"":489,""parameterOverrides"":[]}",1103921,83980,True,SOURCE_ASSET_EXPLICIT
requested_core,MN_RPCT_07,4219939,쿠크세이튼_군단장 시그니쳐 스킬_공격,18,Att_Battle_28_05_Start,action-4219939/stage-018/notify-008,HidePawn,0.0,0.9333000183105469,,,,,1104514,84011,True,SOURCE_PARAMETERS_SERIALIZED
requested_core,MN_RPCT_07,4219939,쿠크세이튼_군단장 시그니쳐 스킬_공격,18,Att_Battle_28_05_Start,action-4219939/stage-018/notify-009,AKEvent,0.0010000000474974513,0.9322999715805054,,,AkEvent:S_Mob_G_KoukuSatan1.G_KoukuSatan1_Attack23_ShotVox1,,1104642,84033,True,SOURCE_ASSET_EXPLICIT
requested_core,MN_RPCT_07,4219939,쿠크세이튼_군단장 시그니쳐 스킬_공격,18,Att_Battle_28_05_Start,action-4219939/stage-018/notify-010,PlayParticleEffect,0.0034080001059919596,0.9298920035362244,True,,ParticleSystem:FX_MN_RPCT_07_V.Par_V_RPCT_07_Bazooka_Loop,"{""schema"":""lostark.cef-play-particle-effect-header"",""version"":2,""enabled"":true,""sourceByteOffset"":47,""sourceByteValue"":1,""particleDataDecoded"":true,""sourceParticleSystem"":""ParticleSystem'FX_MN_RPCT_07_V.Par_V_RPCT_07_Bazooka_Loop'"",""attachment"":{""mode"":""FOLLOW_NAMED_ANCHORS"",""sourceAnchorNames"":[""B_WP_2""],""runtimeAnchors"":[{""sourceAnchorName"":""B_WP_2"",""runtimeAnchorSlotId"":""B_WP_2"",""runtimeBoneName"":""b_wp_2"",""socketLocalTransform"":{""position"":[0.0,0.0,0.0],""rotationDegrees"":[0.0,0.0,0.0],""scale"":[1.0,1.0,1.0]},""resolutionStatus"":""EXACT_SOURCE_BONE""}],""runtimeAnchorSlotIds"":[""B_WP_2""],""runtimeAnchorSlotId"":""B_WP_2"",""runtimeBoneName"":""b_wp_2"",""socketLocalTransform"":{""position"":[0.0,0.0,0.0],""rotationDegrees"":[0.0,0.0,0.0],""scale"":[1.0,1.0,1.0]},""runtimeResolutionStatus"":""EXACT_SOURCE_BONE"",""sourceSelectorByteOffset"":392},""localTransform"":{""sourcePositionUeUnits"":[0.0,0.0,0.0],""position"":[0.0,0.0,-0.0],""rotationDegrees"":[0.0,0.0,-0.0],""scale"":[1.0,1.0,1.0]},""sourceTransformByteOffset"":407,""parameterOverridesDecoded"":true,""sourceParameterCountByteOffset"":499,""parameterOverrides"":[]}",1104855,84062,True,SOURCE_ASSET_EXPLICIT
requested_core,MN_RPCT_07,4219939,쿠크세이튼_군단장 시그니쳐 스킬_공격,18,Att_Battle_28_05_Start,action-4219939/stage-018/notify-011,Effect,0.6000000238418579,0.0,,421991217,,,1105458,84093,True,TIMING_ONLY
requested_core,MN_RPCT_07,4219939,쿠크세이튼_군단장 시그니쳐 스킬_공격,18,Att_Battle_28_05_Start,action-4219939/stage-018/notify-012,Effect,0.6000000238418579,0.0,,421991221,,,1105608,84112,True,TIMING_ONLY
requested_core,MN_RPCT_07,4219939,쿠크세이튼_군단장 시그니쳐 스킬_공격,18,Att_Battle_28_05_Start,action-4219939/stage-018/notify-013,Effect,0.699999988079071,0.0,,421991215,,,1105758,84131,True,TIMING_ONLY
requested_core,MN_RPCT_07,4219939,쿠크세이튼_군단장 시그니쳐 스킬_공격,18,Att_Battle_28_05_Start,action-4219939/stage-018/notify-014,PlayParticleEffect,0.833299994468689,0.0,False,,ParticleSystem:fx_mn_rpct_07_v.Par_V_RPCT_BallRead_Exp_01_LOC_INT,"{""schema"":""lostark.cef-play-particle-effect-header"",""version"":2,""enabled"":false,""sourceByteOffset"":47,""sourceByteValue"":0,""particleDataDecoded"":true,""sourceParticleSystem"":""ParticleSystem'fx_mn_rpct_07_v.Par_V_RPCT_BallRead_Exp_01_LOC_INT'"",""attachment"":{""mode"":""FOLLOW_NAMED_ANCHORS"",""sourceAnchorNames"":[""FX_L_Hand_01"",""FX_R_Hand_01""],""runtimeAnchors"":[{""sourceAnchorName"":""FX_L_Hand_01"",""runtimeAnchorSlotId"":""FX_L_Hand_01"",""runtimeBoneName"":"""",""socketLocalTransform"":{""position"":[0.0,0.0,0.0],""rotationDegrees"":[0.0,0.0,0.0],""scale"":[1.0,1.0,1.0]},""resolutionStatus"":""MISSING_SOURCE_SOCKET""},{""sourceAnchorName"":""FX_R_Hand_01"",""runtimeAnchorSlotId"":""FX_R_Hand_01"",""runtimeBoneName"":"""",""socketLocalTransform"":{""position"":[0.0,0.0,0.0],""rotationDegrees"":[0.0,0.0,0.0],""scale"":[1.0,1.0,1.0]},""resolutionStatus"":""MISSING_SOURCE_SOCKET""}],""runtimeAnchorSlotIds"":[""FX_L_Hand_01"",""FX_R_Hand_01""],""runtimeAnchorSlotId"":""FX_L_Hand_01"",""runtimeBoneName"":"""",""socketLocalTransform"":{""position"":[0.0,0.0,0.0],""rotationDegrees"":[0.0,0.0,0.0],""scale"":[1.0,1.0,1.0]},""runtimeResolutionStatus"":""MISSING_SOURCE_SOCKET"",""sourceSelectorByteOffset"":401},""localTransform"":{""sourcePositionUeUnits"":[0.0,0.0,0.0],""position"":[0.0,0.0,-0.0],""rotationDegrees"":[0.0,0.0,-0.0],""scale"":[1.0,1.0,1.0]},""sourceTransformByteOffset"":439,""parameterOverridesDecoded"":true,""sourceParameterCountByteOffset"":527,""parameterOverrides"":[]}",1105908,84150,True,SOURCE_ASSET_EXPLICIT
requested_core,MN_RPCT_07,4219939,쿠크세이튼_군단장 시그니쳐 스킬_공격,18,Att_Battle_28_05_Start,action-4219939/stage-018/notify-015,MonsterMoveNextStageConditionProbability,0.833299994468689,0.0,,,,,1106539,84182,True,TIMING_OR_STATE_ONLY
requested_core,MN_RPCT_07,4219939,쿠크세이튼_군단장 시그니쳐 스킬_공격,19,Att_Battle_28_05_Loop_A,action-4219939/stage-019/notify-000,Anim,0.0,3.1666669845581055,,,,,1106895,84222,True,SOURCE_CLIP_EXPLICIT
requested_core,MN_RPCT_07,4219939,쿠크세이튼_군단장 시그니쳐 스킬_공격,19,Att_Battle_28_05_Loop_A,action-4219939/stage-019/notify-001,PlayParticleEffect,0.0,0.0,True,,ParticleSystem:fx_mn_rpct_07_v.Par_V_RPCT_Signature_01_1_LOC_INT,"{""schema"":""lostark.cef-play-particle-effect-header"",""version"":2,""enabled"":true,""sourceByteOffset"":47,""sourceByteValue"":1,""particleDataDecoded"":true,""sourceParticleSystem"":""ParticleSystem'fx_mn_rpct_07_v.Par_V_RPCT_Signature_01_1_LOC_INT'"",""attachment"":{""mode"":""FOLLOW_NAMED_ANCHORS"",""sourceAnchorNames"":[""B_WP_2""],""runtimeAnchors"":[{""sourceAnchorName"":""B_WP_2"",""runtimeAnchorSlotId"":""B_WP_2"",""runtimeBoneName"":""b_wp_2"",""socketLocalTransform"":{""position"":[0.0,0.0,0.0],""rotationDegrees"":[0.0,0.0,0.0],""scale"":[1.0,1.0,1.0]},""resolutionStatus"":""EXACT_SOURCE_BONE""}],""runtimeAnchorSlotIds"":[""B_WP_2""],""runtimeAnchorSlotId"":""B_WP_2"",""runtimeBoneName"":""b_wp_2"",""socketLocalTransform"":{""position"":[0.0,0.0,0.0],""rotationDegrees"":[0.0,0.0,0.0],""scale"":[1.0,1.0,1.0]},""runtimeResolutionStatus"":""EXACT_SOURCE_BONE"",""sourceSelectorByteOffset"":402},""localTransform"":{""sourcePositionUeUnits"":[150.0,0.0,50.0],""position"":[1.5,0.5,-0.0],""rotationDegrees"":[0.0,0.0,-0.0],""scale"":[3.0,3.0,3.0]},""sourceTransformByteOffset"":417,""parameterOverridesDecoded"":true,""sourceParameterCountByteOffset"":509,""parameterOverrides"":[{""sourceIndex"":0,""name"":""Color"",""sourceTypeCode"":3,""sourceRecordByteOffset"":513,""type"":""vector"",""vectorValue"":[1.0,1.0,1.0],""sourceValueByteOffset"":535},{""sourceIndex"":1,""name"":""Alpha"",""sourceTypeCode"":1,""sourceRecordByteOffset"":592,""type"":""scalar"",""scalarValue"":1.0,""sourceValueByteOffset"":606}]}",1107201,84249,True,SOURCE_ASSET_EXPLICIT
requested_core,MN_RPCT_07,4219939,쿠크세이튼_군단장 시그니쳐 스킬_공격,19,Att_Battle_28_05_Loop_A,action-4219939/stage-019/notify-002,PlayParticleEffect,0.0,0.0,True,,ParticleSystem:fx_mn_rpct_07_v.Par_V_RPCT_Signature_01_1_LOC_INT,"{""schema"":""lostark.cef-play-particle-effect-header"",""version"":2,""enabled"":true,""sourceByteOffset"":47,""sourceByteValue"":1,""particleDataDecoded"":true,""sourceParticleSystem"":""ParticleSystem'fx_mn_rpct_07_v.Par_V_RPCT_Signature_01_1_LOC_INT'"",""attachment"":{""mode"":""FOLLOW_NAMED_ANCHORS"",""sourceAnchorNames"":[""B_WP_1""],""runtimeAnchors"":[{""sourceAnchorName"":""B_WP_1"",""runtimeAnchorSlotId"":""B_WP_1"",""runtimeBoneName"":""b_wp_1"",""socketLocalTransform"":{""position"":[0.0,0.0,0.0],""rotationDegrees"":[0.0,0.0,0.0],""scale"":[1.0,1.0,1.0]},""resolutionStatus"":""EXACT_SOURCE_BONE""}],""runtimeAnchorSlotIds"":[""B_WP_1""],""runtimeAnchorSlotId"":""B_WP_1"",""runtimeBoneName"":""b_wp_1"",""socketLocalTransform"":{""position"":[0.0,0.0,0.0],""rotationDegrees"":[0.0,0.0,0.0],""scale"":[1.0,1.0,1.0]},""runtimeResolutionStatus"":""EXACT_SOURCE_BONE"",""sourceSelectorByteOffset"":402},""localTransform"":{""sourcePositionUeUnits"":[150.0,0.0,50.0],""position"":[1.5,0.5,-0.0],""rotationDegrees"":[0.0,0.0,-0.0],""scale"":[3.0,3.0,3.0]},""sourceTransformByteOffset"":417,""parameterOverridesDecoded"":true,""sourceParameterCountByteOffset"":509,""parameterOverrides"":[{""sourceIndex"":0,""name"":""Color"",""sourceTypeCode"":3,""sourceRecordByteOffset"":513,""type"":""vector"",""vectorValue"":[1.0,1.0,1.0],""sourceValueByteOffset"":535},{""sourceIndex"":1,""name"":""Alpha"",""sourceTypeCode"":1,""sourceRecordByteOffset"":592,""type"":""scalar"",""scalarValue"":1.0,""sourceValueByteOffset"":606}]}",1107972,84282,True,SOURCE_ASSET_EXPLICIT
requested_core,MN_RPCT_07,4219939,쿠크세이튼_군단장 시그니쳐 스킬_공격,19,Att_Battle_28_05_Loop_A,action-4219939/stage-019/notify-003,PlayParticleEffect,0.0,3.166599988937378,True,,ParticleSystem:FX_MN_RPCT_07_V.Par_V_RPCT_07_Bazooka_Loop,"{""schema"":""lostark.cef-play-particle-effect-header"",""version"":2,""enabled"":true,""sourceByteOffset"":47,""sourceByteValue"":1,""particleDataDecoded"":true,""sourceParticleSystem"":""ParticleSystem'FX_MN_RPCT_07_V.Par_V_RPCT_07_Bazooka_Loop'"",""attachment"":{""mode"":""FOLLOW_NAMED_ANCHORS"",""sourceAnchorNames"":[""B_WP_1""],""runtimeAnchors"":[{""sourceAnchorName"":""B_WP_1"",""runtimeAnchorSlotId"":""B_WP_1"",""runtimeBoneName"":""b_wp_1"",""socketLocalTransform"":{""position"":[0.0,0.0,0.0],""rotationDegrees"":[0.0,0.0,0.0],""scale"":[1.0,1.0,1.0]},""resolutionStatus"":""EXACT_SOURCE_BONE""}],""runtimeAnchorSlotIds"":[""B_WP_1""],""runtimeAnchorSlotId"":""B_WP_1"",""runtimeBoneName"":""b_wp_1"",""socketLocalTransform"":{""position"":[0.0,0.0,0.0],""rotationDegrees"":[0.0,0.0,0.0],""scale"":[1.0,1.0,1.0]},""runtimeResolutionStatus"":""EXACT_SOURCE_BONE"",""sourceSelectorByteOffset"":392},""localTransform"":{""sourcePositionUeUnits"":[0.0,0.0,0.0],""position"":[0.0,0.0,-0.0],""rotationDegrees"":[0.0,0.0,-0.0],""scale"":[1.0,1.0,1.0]},""sourceTransformByteOffset"":407,""parameterOverridesDecoded"":true,""sourceParameterCountByteOffset"":499,""parameterOverrides"":[]}",1108743,84315,True,SOURCE_ASSET_EXPLICIT
requested_core,MN_RPCT_07,4219939,쿠크세이튼_군단장 시그니쳐 스킬_공격,19,Att_Battle_28_05_Loop_A,action-4219939/stage-019/notify-004,PlayParticleEffect,0.0,0.0,True,,ParticleSystem:FX_CM_02.Light.Par_MP_Light_01,"{""schema"":""lostark.cef-play-particle-effect-header"",""version"":2,""enabled"":true,""sourceByteOffset"":47,""sourceByteValue"":1,""particleDataDecoded"":true,""sourceParticleSystem"":""ParticleSystem'FX_CM_02.Light.Par_MP_Light_01'"",""attachment"":{""mode"":""SNAPSHOT_ROOT"",""sourceAnchorNames"":[],""runtimeAnchors"":[],""runtimeAnchorSlotIds"":[],""runtimeAnchorSlotId"":""root"",""runtimeBoneName"":"""",""socketLocalTransform"":{""position"":[0.0,0.0,0.0],""rotationDegrees"":[0.0,0.0,0.0],""scale"":[1.0,1.0,1.0]},""runtimeResolutionStatus"":""EXACT_ROOT_SNAPSHOT"",""sourceSelectorByteOffset"":null},""localTransform"":{""sourcePositionUeUnits"":[50.0,0.0,50.0],""position"":[0.5,0.5,-0.0],""rotationDegrees"":[0.0,0.0,-0.0],""scale"":[3.0,3.0,3.0]},""sourceTransformByteOffset"":389,""parameterOverridesDecoded"":true,""sourceParameterCountByteOffset"":477,""parameterOverrides"":[{""sourceIndex"":0,""name"":""Spawn"",""sourceTypeCode"":1,""sourceRecordByteOffset"":481,""type"":""scalar"",""scalarValue"":0.0,""sourceValueByteOffset"":495},{""sourceIndex"":1,""name"":""Lifetime"",""sourceTypeCode"":1,""sourceRecordByteOffset"":560,""type"":""scalar"",""scalarValue"":0.10000000149011612,""sourceValueByteOffset"":577},{""sourceIndex"":2,""name"":""Size"",""sourceTypeCode"":3,""sourceRecordByteOffset"":642,""type"":""vector"",""vectorValue"":[200.0,0.0,0.0],""sourceValueByteOffset"":663},{""sourceIndex"":3,""name"":""Color"",""sourceTypeCode"":3,""sourceRecordByteOffset"":720,""type"":""vector"",""vectorValue"":[3.0,2.0,1.0],""sourceValueByteOffset"":742},{""sourceIndex"":4,""name"":""Alpha"",""sourceTypeCode"":1,""sourceRecordByteOffset"":799,""type"":""scalar"",""scalarValue"":1.0,""sourceValueByteOffset"":813}]}",1109346,84346,True,SOURCE_ASSET_EXPLICIT
requested_core,MN_RPCT_07,4219939,쿠크세이튼_군단장 시그니쳐 스킬_공격,19,Att_Battle_28_05_Loop_A,action-4219939/stage-019/notify-005,Effect,0.0,0.30000001192092896,,421991212,,,1110324,84381,True,TIMING_ONLY
requested_core,MN_RPCT_07,4219939,쿠크세이튼_군단장 시그니쳐 스킬_공격,19,Att_Battle_28_05_Loop_A,action-4219939/stage-019/notify-006,AKEvent,0.0010000000474974513,3.165600061416626,,,AkEvent:S_Mob_G_KoukuSatan1.G_KoukuSatan1_Attack23_Shot1,,1110474,84400,True,SOURCE_ASSET_EXPLICIT
requested_core,MN_RPCT_07,4219939,쿠크세이튼_군단장 시그니쳐 스킬_공격,19,Att_Battle_28_05_Loop_A,action-4219939/stage-019/notify-007,PlayParticleEffect,0.0034119999036192894,3.1631879806518555,True,,ParticleSystem:FX_MN_RPCT_07_V.Par_V_RPCT_07_Bazooka_Loop,"{""schema"":""lostark.cef-play-particle-effect-header"",""version"":2,""enabled"":true,""sourceByteOffset"":47,""sourceByteValue"":1,""particleDataDecoded"":true,""sourceParticleSystem"":""ParticleSystem'FX_MN_RPCT_07_V.Par_V_RPCT_07_Bazooka_Loop'"",""attachment"":{""mode"":""FOLLOW_NAMED_ANCHORS"",""sourceAnchorNames"":[""B_WP_2""],""runtimeAnchors"":[{""sourceAnchorName"":""B_WP_2"",""runtimeAnchorSlotId"":""B_WP_2"",""runtimeBoneName"":""b_wp_2"",""socketLocalTransform"":{""position"":[0.0,0.0,0.0],""rotationDegrees"":[0.0,0.0,0.0],""scale"":[1.0,1.0,1.0]},""resolutionStatus"":""EXACT_SOURCE_BONE""}],""runtimeAnchorSlotIds"":[""B_WP_2""],""runtimeAnchorSlotId"":""B_WP_2"",""runtimeBoneName"":""b_wp_2"",""socketLocalTransform"":{""position"":[0.0,0.0,0.0],""rotationDegrees"":[0.0,0.0,0.0],""scale"":[1.0,1.0,1.0]},""runtimeResolutionStatus"":""EXACT_SOURCE_BONE"",""sourceSelectorByteOffset"":392},""localTransform"":{""sourcePositionUeUnits"":[0.0,0.0,0.0],""position"":[0.0,0.0,-0.0],""rotationDegrees"":[0.0,0.0,-0.0],""scale"":[1.0,1.0,1.0]},""sourceTransformByteOffset"":407,""parameterOverridesDecoded"":true,""sourceParameterCountByteOffset"":499,""parameterOverrides"":[]}",1110685,84429,True,SOURCE_ASSET_EXPLICIT
requested_core,MN_RPCT_07,4219939,쿠크세이튼_군단장 시그니쳐 스킬_공격,19,Att_Battle_28_05_Loop_A,action-4219939/stage-019/notify-008,PlayParticleEffect,0.09128399938344955,3.0753159523010254,True,,ParticleSystem:FX_MN_RPCT_07_V.Par_V_RPCT_Bazooka_mesh_01,"{""schema"":""lostark.cef-play-particle-effect-header"",""version"":2,""enabled"":true,""sourceByteOffset"":47,""sourceByteValue"":1,""particleDataDecoded"":true,""sourceParticleSystem"":""ParticleSystem'FX_MN_RPCT_07_V.Par_V_RPCT_Bazooka_mesh_01'"",""attachment"":{""mode"":""FOLLOW_NAMED_ANCHORS"",""sourceAnchorNames"":[""Bip002-R-Hand""],""runtimeAnchors"":[{""sourceAnchorName"":""Bip002-R-Hand"",""runtimeAnchorSlotId"":""Bip002-R-Hand"",""runtimeBoneName"":"""",""socketLocalTransform"":{""position"":[0.0,0.0,0.0],""rotationDegrees"":[0.0,0.0,0.0],""scale"":[1.0,1.0,1.0]},""resolutionStatus"":""MISSING_SOURCE_SOCKET""}],""runtimeAnchorSlotIds"":[""Bip002-R-Hand""],""runtimeAnchorSlotId"":""Bip002-R-Hand"",""runtimeBoneName"":"""",""socketLocalTransform"":{""position"":[0.0,0.0,0.0],""rotationDegrees"":[0.0,0.0,0.0],""scale"":[1.0,1.0,1.0]},""runtimeResolutionStatus"":""MISSING_SOURCE_SOCKET"",""sourceSelectorByteOffset"":383},""localTransform"":{""sourcePositionUeUnits"":[0.0,0.0,0.0],""position"":[0.0,0.0,-0.0],""rotationDegrees"":[0.0,0.0,-0.0],""scale"":[0.30000001192092896,0.30000001192092896,0.30000001192092896]},""sourceTransformByteOffset"":405,""parameterOverridesDecoded"":true,""sourceParameterCountByteOffset"":497,""parameterOverrides"":[]}",1111288,84460,True,SOURCE_ASSET_EXPLICIT
requested_core,MN_RPCT_07,4219939,쿠크세이튼_군단장 시그니쳐 스킬_공격,19,Att_Battle_28_05_Loop_A,action-4219939/stage-019/notify-009,Effect,0.30000001192092896,0.30000001192092896,,421991212,,,1111889,84490,True,TIMING_ONLY
requested_core,MN_RPCT_07,4219939,쿠크세이튼_군단장 시그니쳐 스킬_공격,19,Att_Battle_28_05_Loop_A,action-4219939/stage-019/notify-010,Effect,0.6000000238418579,0.30000001192092896,,421991212,,,1112039,84509,True,TIMING_ONLY
requested_core,MN_RPCT_07,4219939,쿠크세이튼_군단장 시그니쳐 스킬_공격,19,Att_Battle_28_05_Loop_A,action-4219939/stage-019/notify-011,Effect,0.8999999761581421,0.30000001192092896,,421991212,,,1112189,84528,True,TIMING_ONLY
requested_core,MN_RPCT_07,4219939,쿠크세이튼_군단장 시그니쳐 스킬_공격,19,Att_Battle_28_05_Loop_A,action-4219939/stage-019/notify-012,AKEvent,1.0,2.166599988937378,,,AkEvent:S_Mob_G_KoukuSatan1.G_KoukuSatan1_Attack23_Cast3,,1112339,84547,True,SOURCE_ASSET_EXPLICIT
requested_core,MN_RPCT_07,4219939,쿠크세이튼_군단장 시그니쳐 스킬_공격,19,Att_Battle_28_05_Loop_A,action-4219939/stage-019/notify-013,PlayParticleEffect,1.0653070211410522,0.0,True,,ParticleSystem:fx_mn_rpct_07_v.Par_V_RPCT_BallRead_Exp_01_LOC_INT,"{""schema"":""lostark.cef-play-particle-effect-header"",""version"":2,""enabled"":true,""sourceByteOffset"":47,""sourceByteValue"":1,""particleDataDecoded"":true,""sourceParticleSystem"":""ParticleSystem'fx_mn_rpct_07_v.Par_V_RPCT_BallRead_Exp_01_LOC_INT'"",""attachment"":{""mode"":""FOLLOW_NAMED_ANCHORS"",""sourceAnchorNames"":[""Bip002-R-Hand""],""runtimeAnchors"":[{""sourceAnchorName"":""Bip002-R-Hand"",""runtimeAnchorSlotId"":""Bip002-R-Hand"",""runtimeBoneName"":"""",""socketLocalTransform"":{""position"":[0.0,0.0,0.0],""rotationDegrees"":[0.0,0.0,0.0],""scale"":[1.0,1.0,1.0]},""resolutionStatus"":""MISSING_SOURCE_SOCKET""}],""runtimeAnchorSlotIds"":[""Bip002-R-Hand""],""runtimeAnchorSlotId"":""Bip002-R-Hand"",""runtimeBoneName"":"""",""socketLocalTransform"":{""position"":[0.0,0.0,0.0],""rotationDegrees"":[0.0,0.0,0.0],""scale"":[1.0,1.0,1.0]},""runtimeResolutionStatus"":""MISSING_SOURCE_SOCKET"",""sourceSelectorByteOffset"":397},""localTransform"":{""sourcePositionUeUnits"":[0.0,0.0,0.0],""position"":[0.0,0.0,-0.0],""rotationDegrees"":[0.0,0.0,-0.0],""scale"":[0.4000000059604645,0.4000000059604645,0.4000000059604645]},""sourceTransformByteOffset"":419,""parameterOverridesDecoded"":true,""sourceParameterCountByteOffset"":511,""parameterOverrides"":[]}",1112550,84576,True,SOURCE_ASSET_EXPLICIT
requested_core,MN_RPCT_07,4219939,쿠크세이튼_군단장 시그니쳐 스킬_공격,19,Att_Battle_28_05_Loop_A,action-4219939/stage-019/notify-014,PawnMaterialParam,1.0654710531234741,0.0,,,,,1113165,84607,True,SOURCE_PARAMETERS_SERIALIZED
requested_core,MN_RPCT_07,4219939,쿠크세이튼_군단장 시그니쳐 스킬_공격,19,Att_Battle_28_05_Loop_A,action-4219939/stage-019/notify-015,PlayParticleEffect,1.097085952758789,0.0,True,,ParticleSystem:fx_mn_rpct_07_v.Par_V_RPCT_signalShot_01_LOC_INT,"{""schema"":""lostark.cef-play-particle-effect-header"",""version"":2,""enabled"":true,""sourceByteOffset"":47,""sourceByteValue"":1,""particleDataDecoded"":true,""sourceParticleSystem"":""ParticleSystem'fx_mn_rpct_07_v.Par_V_RPCT_signalShot_01_LOC_INT'"",""attachment"":{""mode"":""FOLLOW_NAMED_ANCHORS"",""sourceAnchorNames"":[""Bip002-R-Hand""],""runtimeAnchors"":[{""sourceAnchorName"":""Bip002-R-Hand"",""runtimeAnchorSlotId"":""Bip002-R-Hand"",""runtimeBoneName"":"""",""socketLocalTransform"":{""position"":[0.0,0.0,0.0],""rotationDegrees"":[0.0,0.0,0.0],""scale"":[1.0,1.0,1.0]},""resolutionStatus"":""MISSING_SOURCE_SOCKET""}],""runtimeAnchorSlotIds"":[""Bip002-R-Hand""],""runtimeAnchorSlotId"":""Bip002-R-Hand"",""runtimeBoneName"":"""",""socketLocalTransform"":{""position"":[0.0,0.0,0.0],""rotationDegrees"":[0.0,0.0,0.0],""scale"":[1.0,1.0,1.0]},""runtimeResolutionStatus"":""MISSING_SOURCE_SOCKET"",""sourceSelectorByteOffset"":394},""localTransform"":{""sourcePositionUeUnits"":[0.0,0.0,50.0],""position"":[0.0,0.5,-0.0],""rotationDegrees"":[0.0,0.0,-0.0],""scale"":[1.0,1.0,1.0]},""sourceTransformByteOffset"":416,""parameterOverridesDecoded"":true,""sourceParameterCountByteOffset"":508,""parameterOverrides"":[{""sourceIndex"":0,""name"":""Color"",""sourceTypeCode"":3,""sourceRecordByteOffset"":512,""type"":""vector"",""vectorValue"":[1.0,1.0,1.0],""sourceValueByteOffset"":534}]}",1113593,84630,True,SOURCE_ASSET_EXPLICIT
requested_core,MN_RPCT_07,4219939,쿠크세이튼_군단장 시그니쳐 스킬_공격,19,Att_Battle_28_05_Loop_A,action-4219939/stage-019/notify-016,Effect,1.2000000476837158,0.30000001192092896,,421991212,,,1114284,84662,True,TIMING_ONLY
requested_core,MN_RPCT_07,4219939,쿠크세이튼_군단장 시그니쳐 스킬_공격,19,Att_Battle_28_05_Loop_A,action-4219939/stage-019/notify-017,Effect,1.5,0.30000001192092896,,421991212,,,1114434,84681,True,TIMING_ONLY
requested_core,MN_RPCT_07,4219939,쿠크세이튼_군단장 시그니쳐 스킬_공격,19,Att_Battle_28_05_Loop_A,action-4219939/stage-019/notify-018,Effect,1.7999999523162842,0.30000001192092896,,421991212,,,1114584,84700,True,TIMING_ONLY
requested_core,MN_RPCT_07,4219939,쿠크세이튼_군단장 시그니쳐 스킬_공격,19,Att_Battle_28_05_Loop_A,action-4219939/stage-019/notify-019,Effect,2.0,0.10000000149011612,,421991217,,,1114734,84719,True,TIMING_ONLY
requested_core,MN_RPCT_07,4219939,쿠크세이튼_군단장 시그니쳐 스킬_공격,19,Att_Battle_28_05_Loop_A,action-4219939/stage-019/notify-020,Effect,2.0999999046325684,0.30000001192092896,,421991212,,,1114884,84738,True,TIMING_ONLY
requested_core,MN_RPCT_07,4219939,쿠크세이튼_군단장 시그니쳐 스킬_공격,19,Att_Battle_28_05_Loop_A,action-4219939/stage-019/notify-021,Effect,2.4000000953674316,0.30000001192092896,,421991212,,,1115034,84757,True,TIMING_ONLY
requested_core,MN_RPCT_07,4219939,쿠크세이튼_군단장 시그니쳐 스킬_공격,19,Att_Battle_28_05_Loop_A,action-4219939/stage-019/notify-022,Effect,2.700000047683716,0.30000001192092896,,421991212,,,1115184,84776,True,TIMING_ONLY
requested_core,MN_RPCT_07,4219939,쿠크세이튼_군단장 시그니쳐 스킬_공격,19,Att_Battle_28_05_Loop_A,action-4219939/stage-019/notify-023,MonsterMoveNextStage,3.059999942779541,0.0,,,,,1115334,84795,True,TIMING_OR_STATE_ONLY
requested_core,MN_RPCT_07,4219939,쿠크세이튼_군단장 시그니쳐 스킬_공격,20,Att_Battle_28_05_Loop_B,action-4219939/stage-020/notify-000,Anim,0.0,3.1666669845581055,,,,,1116182,84835,True,SOURCE_CLIP_EXPLICIT
requested_core,MN_RPCT_07,4219939,쿠크세이튼_군단장 시그니쳐 스킬_공격,20,Att_Battle_28_05_Loop_B,action-4219939/stage-020/notify-001,PlayParticleEffect,0.0,0.0,True,,ParticleSystem:fx_mn_rpct_07_v.Par_V_RPCT_Signature_01_1_LOC_INT,"{""schema"":""lostark.cef-play-particle-effect-header"",""version"":2,""enabled"":true,""sourceByteOffset"":47,""sourceByteValue"":1,""particleDataDecoded"":true,""sourceParticleSystem"":""ParticleSystem'fx_mn_rpct_07_v.Par_V_RPCT_Signature_01_1_LOC_INT'"",""attachment"":{""mode"":""FOLLOW_NAMED_ANCHORS"",""sourceAnchorNames"":[""B_WP_2""],""runtimeAnchors"":[{""sourceAnchorName"":""B_WP_2"",""runtimeAnchorSlotId"":""B_WP_2"",""runtimeBoneName"":""b_wp_2"",""socketLocalTransform"":{""position"":[0.0,0.0,0.0],""rotationDegrees"":[0.0,0.0,0.0],""scale"":[1.0,1.0,1.0]},""resolutionStatus"":""EXACT_SOURCE_BONE""}],""runtimeAnchorSlotIds"":[""B_WP_2""],""runtimeAnchorSlotId"":""B_WP_2"",""runtimeBoneName"":""b_wp_2"",""socketLocalTransform"":{""position"":[0.0,0.0,0.0],""rotationDegrees"":[0.0,0.0,0.0],""scale"":[1.0,1.0,1.0]},""runtimeResolutionStatus"":""EXACT_SOURCE_BONE"",""sourceSelectorByteOffset"":402},""localTransform"":{""sourcePositionUeUnits"":[150.0,0.0,50.0],""position"":[1.5,0.5,-0.0],""rotationDegrees"":[0.0,0.0,-0.0],""scale"":[3.0,3.0,3.0]},""sourceTransformByteOffset"":417,""parameterOverridesDecoded"":true,""sourceParameterCountByteOffset"":509,""parameterOverrides"":[{""sourceIndex"":0,""name"":""Color"",""sourceTypeCode"":3,""sourceRecordByteOffset"":513,""type"":""vector"",""vectorValue"":[1.0,1.0,1.0],""sourceValueByteOffset"":535},{""sourceIndex"":1,""name"":""Alpha"",""sourceTypeCode"":1,""sourceRecordByteOffset"":592,""type"":""scalar"",""scalarValue"":1.0,""sourceValueByteOffset"":606}]}",1116488,84862,True,SOURCE_ASSET_EXPLICIT
requested_core,MN_RPCT_07,4219939,쿠크세이튼_군단장 시그니쳐 스킬_공격,20,Att_Battle_28_05_Loop_B,action-4219939/stage-020/notify-002,PlayParticleEffect,0.0,0.0,True,,ParticleSystem:fx_mn_rpct_07_v.Par_V_RPCT_Signature_01_1_LOC_INT,"{""schema"":""lostark.cef-play-particle-effect-header"",""version"":2,""enabled"":true,""sourceByteOffset"":47,""sourceByteValue"":1,""particleDataDecoded"":true,""sourceParticleSystem"":""ParticleSystem'fx_mn_rpct_07_v.Par_V_RPCT_Signature_01_1_LOC_INT'"",""attachment"":{""mode"":""FOLLOW_NAMED_ANCHORS"",""sourceAnchorNames"":[""B_WP_1""],""runtimeAnchors"":[{""sourceAnchorName"":""B_WP_1"",""runtimeAnchorSlotId"":""B_WP_1"",""runtimeBoneName"":""b_wp_1"",""socketLocalTransform"":{""position"":[0.0,0.0,0.0],""rotationDegrees"":[0.0,0.0,0.0],""scale"":[1.0,1.0,1.0]},""resolutionStatus"":""EXACT_SOURCE_BONE""}],""runtimeAnchorSlotIds"":[""B_WP_1""],""runtimeAnchorSlotId"":""B_WP_1"",""runtimeBoneName"":""b_wp_1"",""socketLocalTransform"":{""position"":[0.0,0.0,0.0],""rotationDegrees"":[0.0,0.0,0.0],""scale"":[1.0,1.0,1.0]},""runtimeResolutionStatus"":""EXACT_SOURCE_BONE"",""sourceSelectorByteOffset"":402},""localTransform"":{""sourcePositionUeUnits"":[150.0,0.0,50.0],""position"":[1.5,0.5,-0.0],""rotationDegrees"":[0.0,0.0,-0.0],""scale"":[3.0,3.0,3.0]},""sourceTransformByteOffset"":417,""parameterOverridesDecoded"":true,""sourceParameterCountByteOffset"":509,""parameterOverrides"":[{""sourceIndex"":0,""name"":""Color"",""sourceTypeCode"":3,""sourceRecordByteOffset"":513,""type"":""vector"",""vectorValue"":[1.0,1.0,1.0],""sourceValueByteOffset"":535},{""sourceIndex"":1,""name"":""Alpha"",""sourceTypeCode"":1,""sourceRecordByteOffset"":592,""type"":""scalar"",""scalarValue"":1.0,""sourceValueByteOffset"":606}]}",1117259,84895,True,SOURCE_ASSET_EXPLICIT
requested_core,MN_RPCT_07,4219939,쿠크세이튼_군단장 시그니쳐 스킬_공격,20,Att_Battle_28_05_Loop_B,action-4219939/stage-020/notify-003,PlayParticleEffect,0.0,3.200000047683716,True,,ParticleSystem:FX_MN_RPCT_07_V.Par_V_RPCT_07_Bazooka_Loop,"{""schema"":""lostark.cef-play-particle-effect-header"",""version"":2,""enabled"":true,""sourceByteOffset"":47,""sourceByteValue"":1,""particleDataDecoded"":true,""sourceParticleSystem"":""ParticleSystem'FX_MN_RPCT_07_V.Par_V_RPCT_07_Bazooka_Loop'"",""attachment"":{""mode"":""FOLLOW_NAMED_ANCHORS"",""sourceAnchorNames"":[""B_WP_1""],""runtimeAnchors"":[{""sourceAnchorName"":""B_WP_1"",""runtimeAnchorSlotId"":""B_WP_1"",""runtimeBoneName"":""b_wp_1"",""socketLocalTransform"":{""position"":[0.0,0.0,0.0],""rotationDegrees"":[0.0,0.0,0.0],""scale"":[1.0,1.0,1.0]},""resolutionStatus"":""EXACT_SOURCE_BONE""}],""runtimeAnchorSlotIds"":[""B_WP_1""],""runtimeAnchorSlotId"":""B_WP_1"",""runtimeBoneName"":""b_wp_1"",""socketLocalTransform"":{""position"":[0.0,0.0,0.0],""rotationDegrees"":[0.0,0.0,0.0],""scale"":[1.0,1.0,1.0]},""runtimeResolutionStatus"":""EXACT_SOURCE_BONE"",""sourceSelectorByteOffset"":392},""localTransform"":{""sourcePositionUeUnits"":[0.0,0.0,0.0],""position"":[0.0,0.0,-0.0],""rotationDegrees"":[0.0,0.0,-0.0],""scale"":[1.0,1.0,1.0]},""sourceTransformByteOffset"":407,""parameterOverridesDecoded"":true,""sourceParameterCountByteOffset"":499,""parameterOverrides"":[]}",1118030,84928,True,SOURCE_ASSET_EXPLICIT
requested_core,MN_RPCT_07,4219939,쿠크세이튼_군단장 시그니쳐 스킬_공격,20,Att_Battle_28_05_Loop_B,action-4219939/stage-020/notify-004,PlayParticleEffect,0.0,0.0,True,,ParticleSystem:FX_CM_02.Light.Par_MP_Light_01,"{""schema"":""lostark.cef-play-particle-effect-header"",""version"":2,""enabled"":true,""sourceByteOffset"":47,""sourceByteValue"":1,""particleDataDecoded"":true,""sourceParticleSystem"":""ParticleSystem'FX_CM_02.Light.Par_MP_Light_01'"",""attachment"":{""mode"":""SNAPSHOT_ROOT"",""sourceAnchorNames"":[],""runtimeAnchors"":[],""runtimeAnchorSlotIds"":[],""runtimeAnchorSlotId"":""root"",""runtimeBoneName"":"""",""socketLocalTransform"":{""position"":[0.0,0.0,0.0],""rotationDegrees"":[0.0,0.0,0.0],""scale"":[1.0,1.0,1.0]},""runtimeResolutionStatus"":""EXACT_ROOT_SNAPSHOT"",""sourceSelectorByteOffset"":null},""localTransform"":{""sourcePositionUeUnits"":[50.0,0.0,50.0],""position"":[0.5,0.5,-0.0],""rotationDegrees"":[0.0,0.0,-0.0],""scale"":[3.0,3.0,3.0]},""sourceTransformByteOffset"":389,""parameterOverridesDecoded"":true,""sourceParameterCountByteOffset"":477,""parameterOverrides"":[{""sourceIndex"":0,""name"":""Spawn"",""sourceTypeCode"":1,""sourceRecordByteOffset"":481,""type"":""scalar"",""scalarValue"":0.0,""sourceValueByteOffset"":495},{""sourceIndex"":1,""name"":""Lifetime"",""sourceTypeCode"":1,""sourceRecordByteOffset"":560,""type"":""scalar"",""scalarValue"":0.10000000149011612,""sourceValueByteOffset"":577},{""sourceIndex"":2,""name"":""Size"",""sourceTypeCode"":3,""sourceRecordByteOffset"":642,""type"":""vector"",""vectorValue"":[200.0,0.0,0.0],""sourceValueByteOffset"":663},{""sourceIndex"":3,""name"":""Color"",""sourceTypeCode"":3,""sourceRecordByteOffset"":720,""type"":""vector"",""vectorValue"":[3.0,2.0,1.0],""sourceValueByteOffset"":742},{""sourceIndex"":4,""name"":""Alpha"",""sourceTypeCode"":1,""sourceRecordByteOffset"":799,""type"":""scalar"",""scalarValue"":1.0,""sourceValueByteOffset"":813}]}",1118633,84959,True,SOURCE_ASSET_EXPLICIT
requested_core,MN_RPCT_07,4219939,쿠크세이튼_군단장 시그니쳐 스킬_공격,20,Att_Battle_28_05_Loop_B,action-4219939/stage-020/notify-005,Effect,0.0,0.30000001192092896,,421991212,,,1119611,84994,True,TIMING_ONLY
requested_core,MN_RPCT_07,4219939,쿠크세이튼_군단장 시그니쳐 스킬_공격,20,Att_Battle_28_05_Loop_B,action-4219939/stage-020/notify-006,AKEvent,0.0010000000474974513,3.1989998817443848,,,AkEvent:S_Mob_G_KoukuSatan1.G_KoukuSatan1_Attack23_Shot1,,1119761,85013,True,SOURCE_ASSET_EXPLICIT
requested_core,MN_RPCT_07,4219939,쿠크세이튼_군단장 시그니쳐 스킬_공격,20,Att_Battle_28_05_Loop_B,action-4219939/stage-020/notify-007,PlayParticleEffect,0.0034119999036192894,3.1965880393981934,True,,ParticleSystem:FX_MN_RPCT_07_V.Par_V_RPCT_07_Bazooka_Loop,"{""schema"":""lostark.cef-play-particle-effect-header"",""version"":2,""enabled"":true,""sourceByteOffset"":47,""sourceByteValue"":1,""particleDataDecoded"":true,""sourceParticleSystem"":""ParticleSystem'FX_MN_RPCT_07_V.Par_V_RPCT_07_Bazooka_Loop'"",""attachment"":{""mode"":""FOLLOW_NAMED_ANCHORS"",""sourceAnchorNames"":[""B_WP_2""],""runtimeAnchors"":[{""sourceAnchorName"":""B_WP_2"",""runtimeAnchorSlotId"":""B_WP_2"",""runtimeBoneName"":""b_wp_2"",""socketLocalTransform"":{""position"":[0.0,0.0,0.0],""rotationDegrees"":[0.0,0.0,0.0],""scale"":[1.0,1.0,1.0]},""resolutionStatus"":""EXACT_SOURCE_BONE""}],""runtimeAnchorSlotIds"":[""B_WP_2""],""runtimeAnchorSlotId"":""B_WP_2"",""runtimeBoneName"":""b_wp_2"",""socketLocalTransform"":{""position"":[0.0,0.0,0.0],""rotationDegrees"":[0.0,0.0,0.0],""scale"":[1.0,1.0,1.0]},""runtimeResolutionStatus"":""EXACT_SOURCE_BONE"",""sourceSelectorByteOffset"":392},""localTransform"":{""sourcePositionUeUnits"":[0.0,0.0,0.0],""position"":[0.0,0.0,-0.0],""rotationDegrees"":[0.0,0.0,-0.0],""scale"":[1.0,1.0,1.0]},""sourceTransformByteOffset"":407,""parameterOverridesDecoded"":true,""sourceParameterCountByteOffset"":499,""parameterOverrides"":[]}",1119972,85042,True,SOURCE_ASSET_EXPLICIT
requested_core,MN_RPCT_07,4219939,쿠크세이튼_군단장 시그니쳐 스킬_공격,20,Att_Battle_28_05_Loop_B,action-4219939/stage-020/notify-008,PlayParticleEffect,0.09128399938344955,3.1087160110473633,True,,ParticleSystem:FX_MN_RPCT_07_V.Par_V_RPCT_Bazooka_mesh_01,"{""schema"":""lostark.cef-play-particle-effect-header"",""version"":2,""enabled"":true,""sourceByteOffset"":47,""sourceByteValue"":1,""particleDataDecoded"":true,""sourceParticleSystem"":""ParticleSystem'FX_MN_RPCT_07_V.Par_V_RPCT_Bazooka_mesh_01'"",""attachment"":{""mode"":""FOLLOW_NAMED_ANCHORS"",""sourceAnchorNames"":[""Bip002-R-Hand""],""runtimeAnchors"":[{""sourceAnchorName"":""Bip002-R-Hand"",""runtimeAnchorSlotId"":""Bip002-R-Hand"",""runtimeBoneName"":"""",""socketLocalTransform"":{""position"":[0.0,0.0,0.0],""rotationDegrees"":[0.0,0.0,0.0],""scale"":[1.0,1.0,1.0]},""resolutionStatus"":""MISSING_SOURCE_SOCKET""}],""runtimeAnchorSlotIds"":[""Bip002-R-Hand""],""runtimeAnchorSlotId"":""Bip002-R-Hand"",""runtimeBoneName"":"""",""socketLocalTransform"":{""position"":[0.0,0.0,0.0],""rotationDegrees"":[0.0,0.0,0.0],""scale"":[1.0,1.0,1.0]},""runtimeResolutionStatus"":""MISSING_SOURCE_SOCKET"",""sourceSelectorByteOffset"":383},""localTransform"":{""sourcePositionUeUnits"":[0.0,0.0,0.0],""position"":[0.0,0.0,-0.0],""rotationDegrees"":[0.0,0.0,-0.0],""scale"":[0.30000001192092896,0.30000001192092896,0.30000001192092896]},""sourceTransformByteOffset"":405,""parameterOverridesDecoded"":true,""sourceParameterCountByteOffset"":497,""parameterOverrides"":[]}",1120575,85073,True,SOURCE_ASSET_EXPLICIT
requested_core,MN_RPCT_07,4219939,쿠크세이튼_군단장 시그니쳐 스킬_공격,20,Att_Battle_28_05_Loop_B,action-4219939/stage-020/notify-009,Effect,0.30000001192092896,0.30000001192092896,,421991212,,,1121176,85103,True,TIMING_ONLY
requested_core,MN_RPCT_07,4219939,쿠크세이튼_군단장 시그니쳐 스킬_공격,20,Att_Battle_28_05_Loop_B,action-4219939/stage-020/notify-010,Effect,0.6000000238418579,0.30000001192092896,,421991212,,,1121326,85122,True,TIMING_ONLY
requested_core,MN_RPCT_07,4219939,쿠크세이튼_군단장 시그니쳐 스킬_공격,20,Att_Battle_28_05_Loop_B,action-4219939/stage-020/notify-011,Effect,0.8999999761581421,0.30000001192092896,,421991212,,,1121476,85141,True,TIMING_ONLY
requested_core,MN_RPCT_07,4219939,쿠크세이튼_군단장 시그니쳐 스킬_공격,20,Att_Battle_28_05_Loop_B,action-4219939/stage-020/notify-012,AKEvent,1.0,2.200000047683716,,,AkEvent:S_Mob_G_KoukuSatan1.G_KoukuSatan1_Attack23_Cast3,,1121626,85160,True,SOURCE_ASSET_EXPLICIT
requested_core,MN_RPCT_07,4219939,쿠크세이튼_군단장 시그니쳐 스킬_공격,20,Att_Battle_28_05_Loop_B,action-4219939/stage-020/notify-013,PlayParticleEffect,1.0653070211410522,0.0,True,,ParticleSystem:fx_mn_rpct_07_v.Par_V_RPCT_BallRead_Exp_01_LOC_INT,"{""schema"":""lostark.cef-play-particle-effect-header"",""version"":2,""enabled"":true,""sourceByteOffset"":47,""sourceByteValue"":1,""particleDataDecoded"":true,""sourceParticleSystem"":""ParticleSystem'fx_mn_rpct_07_v.Par_V_RPCT_BallRead_Exp_01_LOC_INT'"",""attachment"":{""mode"":""FOLLOW_NAMED_ANCHORS"",""sourceAnchorNames"":[""Bip002-R-Hand""],""runtimeAnchors"":[{""sourceAnchorName"":""Bip002-R-Hand"",""runtimeAnchorSlotId"":""Bip002-R-Hand"",""runtimeBoneName"":"""",""socketLocalTransform"":{""position"":[0.0,0.0,0.0],""rotationDegrees"":[0.0,0.0,0.0],""scale"":[1.0,1.0,1.0]},""resolutionStatus"":""MISSING_SOURCE_SOCKET""}],""runtimeAnchorSlotIds"":[""Bip002-R-Hand""],""runtimeAnchorSlotId"":""Bip002-R-Hand"",""runtimeBoneName"":"""",""socketLocalTransform"":{""position"":[0.0,0.0,0.0],""rotationDegrees"":[0.0,0.0,0.0],""scale"":[1.0,1.0,1.0]},""runtimeResolutionStatus"":""MISSING_SOURCE_SOCKET"",""sourceSelectorByteOffset"":397},""localTransform"":{""sourcePositionUeUnits"":[0.0,0.0,0.0],""position"":[0.0,0.0,-0.0],""rotationDegrees"":[0.0,0.0,-0.0],""scale"":[0.4000000059604645,0.4000000059604645,0.4000000059604645]},""sourceTransformByteOffset"":419,""parameterOverridesDecoded"":true,""sourceParameterCountByteOffset"":511,""parameterOverrides"":[]}",1121837,85189,True,SOURCE_ASSET_EXPLICIT
requested_core,MN_RPCT_07,4219939,쿠크세이튼_군단장 시그니쳐 스킬_공격,20,Att_Battle_28_05_Loop_B,action-4219939/stage-020/notify-014,PawnMaterialParam,1.0654710531234741,0.0,,,,,1122452,85220,True,SOURCE_PARAMETERS_SERIALIZED
requested_core,MN_RPCT_07,4219939,쿠크세이튼_군단장 시그니쳐 스킬_공격,20,Att_Battle_28_05_Loop_B,action-4219939/stage-020/notify-015,PlayParticleEffect,1.097085952758789,0.0,True,,ParticleSystem:fx_mn_rpct_07_v.Par_V_RPCT_signalShot_01_LOC_INT,"{""schema"":""lostark.cef-play-particle-effect-header"",""version"":2,""enabled"":true,""sourceByteOffset"":47,""sourceByteValue"":1,""particleDataDecoded"":true,""sourceParticleSystem"":""ParticleSystem'fx_mn_rpct_07_v.Par_V_RPCT_signalShot_01_LOC_INT'"",""attachment"":{""mode"":""FOLLOW_NAMED_ANCHORS"",""sourceAnchorNames"":[""Bip002-R-Hand""],""runtimeAnchors"":[{""sourceAnchorName"":""Bip002-R-Hand"",""runtimeAnchorSlotId"":""Bip002-R-Hand"",""runtimeBoneName"":"""",""socketLocalTransform"":{""position"":[0.0,0.0,0.0],""rotationDegrees"":[0.0,0.0,0.0],""scale"":[1.0,1.0,1.0]},""resolutionStatus"":""MISSING_SOURCE_SOCKET""}],""runtimeAnchorSlotIds"":[""Bip002-R-Hand""],""runtimeAnchorSlotId"":""Bip002-R-Hand"",""runtimeBoneName"":"""",""socketLocalTransform"":{""position"":[0.0,0.0,0.0],""rotationDegrees"":[0.0,0.0,0.0],""scale"":[1.0,1.0,1.0]},""runtimeResolutionStatus"":""MISSING_SOURCE_SOCKET"",""sourceSelectorByteOffset"":394},""localTransform"":{""sourcePositionUeUnits"":[0.0,0.0,50.0],""position"":[0.0,0.5,-0.0],""rotationDegrees"":[0.0,0.0,-0.0],""scale"":[1.0,1.0,1.0]},""sourceTransformByteOffset"":416,""parameterOverridesDecoded"":true,""sourceParameterCountByteOffset"":508,""parameterOverrides"":[{""sourceIndex"":0,""name"":""Color"",""sourceTypeCode"":3,""sourceRecordByteOffset"":512,""type"":""vector"",""vectorValue"":[1.0,1.0,1.0],""sourceValueByteOffset"":534}]}",1122880,85243,True,SOURCE_ASSET_EXPLICIT
requested_core,MN_RPCT_07,4219939,쿠크세이튼_군단장 시그니쳐 스킬_공격,20,Att_Battle_28_05_Loop_B,action-4219939/stage-020/notify-016,Effect,1.2000000476837158,0.30000001192092896,,421991212,,,1123571,85275,True,TIMING_ONLY
requested_core,MN_RPCT_07,4219939,쿠크세이튼_군단장 시그니쳐 스킬_공격,20,Att_Battle_28_05_Loop_B,action-4219939/stage-020/notify-017,Effect,1.5,0.30000001192092896,,421991212,,,1123721,85294,True,TIMING_ONLY
requested_core,MN_RPCT_07,4219939,쿠크세이튼_군단장 시그니쳐 스킬_공격,20,Att_Battle_28_05_Loop_B,action-4219939/stage-020/notify-018,Effect,1.7999999523162842,0.30000001192092896,,421991212,,,1123871,85313,True,TIMING_ONLY
requested_core,MN_RPCT_07,4219939,쿠크세이튼_군단장 시그니쳐 스킬_공격,20,Att_Battle_28_05_Loop_B,action-4219939/stage-020/notify-019,Effect,2.0,0.10000000149011612,,421991217,,,1124021,85332,True,TIMING_ONLY
requested_core,MN_RPCT_07,4219939,쿠크세이튼_군단장 시그니쳐 스킬_공격,20,Att_Battle_28_05_Loop_B,action-4219939/stage-020/notify-020,Effect,2.0999999046325684,0.30000001192092896,,421991212,,,1124171,85351,True,TIMING_ONLY
requested_core,MN_RPCT_07,4219939,쿠크세이튼_군단장 시그니쳐 스킬_공격,20,Att_Battle_28_05_Loop_B,action-4219939/stage-020/notify-021,Effect,2.4000000953674316,0.30000001192092896,,421991212,,,1124321,85370,True,TIMING_ONLY
requested_core,MN_RPCT_07,4219939,쿠크세이튼_군단장 시그니쳐 스킬_공격,20,Att_Battle_28_05_Loop_B,action-4219939/stage-020/notify-022,Effect,2.700000047683716,0.30000001192092896,,421991212,,,1124471,85389,True,TIMING_ONLY
requested_core,MN_RPCT_07,4219939,쿠크세이튼_군단장 시그니쳐 스킬_공격,20,Att_Battle_28_05_Loop_B,action-4219939/stage-020/notify-023,MonsterMoveNextStage,3.200000047683716,0.0,,,,,1124621,85408,True,TIMING_OR_STATE_ONLY
requested_core,MN_RPCT_07,4219939,쿠크세이튼_군단장 시그니쳐 스킬_공격,21,Att_Battle_28_06,action-4219939/stage-021/notify-000,Anim,0.0,9.733333587646484,,,,,1125469,85448,True,SOURCE_CLIP_EXPLICIT
requested_core,MN_RPCT_07,4219939,쿠크세이튼_군단장 시그니쳐 스킬_공격,21,Att_Battle_28_06,action-4219939/stage-021/notify-001,PlayParticleEffect,0.0,0.0,True,,ParticleSystem:fx_mn_rpct_07_v.Par_V_RPCT_Signature_01_1_LOC_INT,"{""schema"":""lostark.cef-play-particle-effect-header"",""version"":2,""enabled"":true,""sourceByteOffset"":47,""sourceByteValue"":1,""particleDataDecoded"":true,""sourceParticleSystem"":""ParticleSystem'fx_mn_rpct_07_v.Par_V_RPCT_Signature_01_1_LOC_INT'"",""attachment"":{""mode"":""FOLLOW_NAMED_ANCHORS"",""sourceAnchorNames"":[""B_WP_2""],""runtimeAnchors"":[{""sourceAnchorName"":""B_WP_2"",""runtimeAnchorSlotId"":""B_WP_2"",""runtimeBoneName"":""b_wp_2"",""socketLocalTransform"":{""position"":[0.0,0.0,0.0],""rotationDegrees"":[0.0,0.0,0.0],""scale"":[1.0,1.0,1.0]},""resolutionStatus"":""EXACT_SOURCE_BONE""}],""runtimeAnchorSlotIds"":[""B_WP_2""],""runtimeAnchorSlotId"":""B_WP_2"",""runtimeBoneName"":""b_wp_2"",""socketLocalTransform"":{""position"":[0.0,0.0,0.0],""rotationDegrees"":[0.0,0.0,0.0],""scale"":[1.0,1.0,1.0]},""runtimeResolutionStatus"":""EXACT_SOURCE_BONE"",""sourceSelectorByteOffset"":402},""localTransform"":{""sourcePositionUeUnits"":[150.0,0.0,50.0],""position"":[1.5,0.5,-0.0],""rotationDegrees"":[0.0,0.0,-0.0],""scale"":[3.0,3.0,3.0]},""sourceTransformByteOffset"":417,""parameterOverridesDecoded"":true,""sourceParameterCountByteOffset"":509,""parameterOverrides"":[{""sourceIndex"":0,""name"":""Color"",""sourceTypeCode"":3,""sourceRecordByteOffset"":513,""type"":""vector"",""vectorValue"":[1.0,1.0,1.0],""sourceValueByteOffset"":535},{""sourceIndex"":1,""name"":""Alpha"",""sourceTypeCode"":1,""sourceRecordByteOffset"":592,""type"":""scalar"",""scalarValue"":1.0,""sourceValueByteOffset"":606}]}",1125761,85475,True,SOURCE_ASSET_EXPLICIT
requested_core,MN_RPCT_07,4219939,쿠크세이튼_군단장 시그니쳐 스킬_공격,21,Att_Battle_28_06,action-4219939/stage-021/notify-002,PlayParticleEffect,0.0,0.0,True,,ParticleSystem:fx_mn_rpct_07_v.Par_V_RPCT_Signature_01_1_LOC_INT,"{""schema"":""lostark.cef-play-particle-effect-header"",""version"":2,""enabled"":true,""sourceByteOffset"":47,""sourceByteValue"":1,""particleDataDecoded"":true,""sourceParticleSystem"":""ParticleSystem'fx_mn_rpct_07_v.Par_V_RPCT_Signature_01_1_LOC_INT'"",""attachment"":{""mode"":""FOLLOW_NAMED_ANCHORS"",""sourceAnchorNames"":[""B_WP_1""],""runtimeAnchors"":[{""sourceAnchorName"":""B_WP_1"",""runtimeAnchorSlotId"":""B_WP_1"",""runtimeBoneName"":""b_wp_1"",""socketLocalTransform"":{""position"":[0.0,0.0,0.0],""rotationDegrees"":[0.0,0.0,0.0],""scale"":[1.0,1.0,1.0]},""resolutionStatus"":""EXACT_SOURCE_BONE""}],""runtimeAnchorSlotIds"":[""B_WP_1""],""runtimeAnchorSlotId"":""B_WP_1"",""runtimeBoneName"":""b_wp_1"",""socketLocalTransform"":{""position"":[0.0,0.0,0.0],""rotationDegrees"":[0.0,0.0,0.0],""scale"":[1.0,1.0,1.0]},""runtimeResolutionStatus"":""EXACT_SOURCE_BONE"",""sourceSelectorByteOffset"":402},""localTransform"":{""sourcePositionUeUnits"":[150.0,0.0,50.0],""position"":[1.5,0.5,-0.0],""rotationDegrees"":[0.0,0.0,-0.0],""scale"":[3.0,3.0,3.0]},""sourceTransformByteOffset"":417,""parameterOverridesDecoded"":true,""sourceParameterCountByteOffset"":509,""parameterOverrides"":[{""sourceIndex"":0,""name"":""Color"",""sourceTypeCode"":3,""sourceRecordByteOffset"":513,""type"":""vector"",""vectorValue"":[1.0,1.0,1.0],""sourceValueByteOffset"":535},{""sourceIndex"":1,""name"":""Alpha"",""sourceTypeCode"":1,""sourceRecordByteOffset"":592,""type"":""scalar"",""scalarValue"":1.0,""sourceValueByteOffset"":606}]}",1126532,85508,True,SOURCE_ASSET_EXPLICIT
requested_core,MN_RPCT_07,4219939,쿠크세이튼_군단장 시그니쳐 스킬_공격,21,Att_Battle_28_06,action-4219939/stage-021/notify-003,PlayParticleEffect,0.0,9.73330020904541,True,,ParticleSystem:FX_MN_RPCT_07_V.Par_V_RPCT_07_Bazooka_Loop,"{""schema"":""lostark.cef-play-particle-effect-header"",""version"":2,""enabled"":true,""sourceByteOffset"":47,""sourceByteValue"":1,""particleDataDecoded"":true,""sourceParticleSystem"":""ParticleSystem'FX_MN_RPCT_07_V.Par_V_RPCT_07_Bazooka_Loop'"",""attachment"":{""mode"":""FOLLOW_NAMED_ANCHORS"",""sourceAnchorNames"":[""B_WP_1""],""runtimeAnchors"":[{""sourceAnchorName"":""B_WP_1"",""runtimeAnchorSlotId"":""B_WP_1"",""runtimeBoneName"":""b_wp_1"",""socketLocalTransform"":{""position"":[0.0,0.0,0.0],""rotationDegrees"":[0.0,0.0,0.0],""scale"":[1.0,1.0,1.0]},""resolutionStatus"":""EXACT_SOURCE_BONE""}],""runtimeAnchorSlotIds"":[""B_WP_1""],""runtimeAnchorSlotId"":""B_WP_1"",""runtimeBoneName"":""b_wp_1"",""socketLocalTransform"":{""position"":[0.0,0.0,0.0],""rotationDegrees"":[0.0,0.0,0.0],""scale"":[1.0,1.0,1.0]},""runtimeResolutionStatus"":""EXACT_SOURCE_BONE"",""sourceSelectorByteOffset"":392},""localTransform"":{""sourcePositionUeUnits"":[0.0,0.0,0.0],""position"":[0.0,0.0,-0.0],""rotationDegrees"":[0.0,0.0,-0.0],""scale"":[1.0,1.0,1.0]},""sourceTransformByteOffset"":407,""parameterOverridesDecoded"":true,""sourceParameterCountByteOffset"":499,""parameterOverrides"":[]}",1127303,85541,True,SOURCE_ASSET_EXPLICIT
requested_core,MN_RPCT_07,4219939,쿠크세이튼_군단장 시그니쳐 스킬_공격,21,Att_Battle_28_06,action-4219939/stage-021/notify-004,PlayParticleEffect,0.0,0.0,True,,ParticleSystem:FX_CM_02.Light.Par_MP_Light_01,"{""schema"":""lostark.cef-play-particle-effect-header"",""version"":2,""enabled"":true,""sourceByteOffset"":47,""sourceByteValue"":1,""particleDataDecoded"":true,""sourceParticleSystem"":""ParticleSystem'FX_CM_02.Light.Par_MP_Light_01'"",""attachment"":{""mode"":""SNAPSHOT_ROOT"",""sourceAnchorNames"":[],""runtimeAnchors"":[],""runtimeAnchorSlotIds"":[],""runtimeAnchorSlotId"":""root"",""runtimeBoneName"":"""",""socketLocalTransform"":{""position"":[0.0,0.0,0.0],""rotationDegrees"":[0.0,0.0,0.0],""scale"":[1.0,1.0,1.0]},""runtimeResolutionStatus"":""EXACT_ROOT_SNAPSHOT"",""sourceSelectorByteOffset"":null},""localTransform"":{""sourcePositionUeUnits"":[50.0,0.0,50.0],""position"":[0.5,0.5,-0.0],""rotationDegrees"":[0.0,0.0,-0.0],""scale"":[3.0,3.0,3.0]},""sourceTransformByteOffset"":389,""parameterOverridesDecoded"":true,""sourceParameterCountByteOffset"":477,""parameterOverrides"":[{""sourceIndex"":0,""name"":""Spawn"",""sourceTypeCode"":1,""sourceRecordByteOffset"":481,""type"":""scalar"",""scalarValue"":0.0,""sourceValueByteOffset"":495},{""sourceIndex"":1,""name"":""Lifetime"",""sourceTypeCode"":1,""sourceRecordByteOffset"":560,""type"":""scalar"",""scalarValue"":0.10000000149011612,""sourceValueByteOffset"":577},{""sourceIndex"":2,""name"":""Size"",""sourceTypeCode"":3,""sourceRecordByteOffset"":642,""type"":""vector"",""vectorValue"":[200.0,0.0,0.0],""sourceValueByteOffset"":663},{""sourceIndex"":3,""name"":""Color"",""sourceTypeCode"":3,""sourceRecordByteOffset"":720,""type"":""vector"",""vectorValue"":[3.0,2.0,1.0],""sourceValueByteOffset"":742},{""sourceIndex"":4,""name"":""Alpha"",""sourceTypeCode"":1,""sourceRecordByteOffset"":799,""type"":""scalar"",""scalarValue"":1.0,""sourceValueByteOffset"":813}]}",1127906,85572,True,SOURCE_ASSET_EXPLICIT
requested_core,MN_RPCT_07,4219939,쿠크세이튼_군단장 시그니쳐 스킬_공격,21,Att_Battle_28_06,action-4219939/stage-021/notify-005,AKEvent,0.0010000000474974513,9.591655731201172,,,AkEvent:S_Mob_G_KoukuSatan1.G_KoukuSatan1_Attack23_Shot2,,1128884,85607,True,SOURCE_ASSET_EXPLICIT
requested_core,MN_RPCT_07,4219939,쿠크세이튼_군단장 시그니쳐 스킬_공격,21,Att_Battle_28_06,action-4219939/stage-021/notify-006,PlayParticleEffect,0.003415999934077263,9.729884147644043,True,,ParticleSystem:FX_MN_RPCT_07_V.Par_V_RPCT_07_Bazooka_Loop,"{""schema"":""lostark.cef-play-particle-effect-header"",""version"":2,""enabled"":true,""sourceByteOffset"":47,""sourceByteValue"":1,""particleDataDecoded"":true,""sourceParticleSystem"":""ParticleSystem'FX_MN_RPCT_07_V.Par_V_RPCT_07_Bazooka_Loop'"",""attachment"":{""mode"":""FOLLOW_NAMED_ANCHORS"",""sourceAnchorNames"":[""B_WP_2""],""runtimeAnchors"":[{""sourceAnchorName"":""B_WP_2"",""runtimeAnchorSlotId"":""B_WP_2"",""runtimeBoneName"":""b_wp_2"",""socketLocalTransform"":{""position"":[0.0,0.0,0.0],""rotationDegrees"":[0.0,0.0,0.0],""scale"":[1.0,1.0,1.0]},""resolutionStatus"":""EXACT_SOURCE_BONE""}],""runtimeAnchorSlotIds"":[""B_WP_2""],""runtimeAnchorSlotId"":""B_WP_2"",""runtimeBoneName"":""b_wp_2"",""socketLocalTransform"":{""position"":[0.0,0.0,0.0],""rotationDegrees"":[0.0,0.0,0.0],""scale"":[1.0,1.0,1.0]},""runtimeResolutionStatus"":""EXACT_SOURCE_BONE"",""sourceSelectorByteOffset"":392},""localTransform"":{""sourcePositionUeUnits"":[0.0,0.0,0.0],""position"":[0.0,0.0,-0.0],""rotationDegrees"":[0.0,0.0,-0.0],""scale"":[1.0,1.0,1.0]},""sourceTransformByteOffset"":407,""parameterOverridesDecoded"":true,""sourceParameterCountByteOffset"":499,""parameterOverrides"":[]}",1129095,85636,True,SOURCE_ASSET_EXPLICIT
requested_core,MN_RPCT_07,4219939,쿠크세이튼_군단장 시그니쳐 스킬_공격,21,Att_Battle_28_06,action-4219939/stage-021/notify-007,PlayParticleEffect,0.09128399938344955,9.64201545715332,True,,ParticleSystem:FX_MN_RPCT_07_V.Par_V_RPCT_Bazooka_mesh_01,"{""schema"":""lostark.cef-play-particle-effect-header"",""version"":2,""enabled"":true,""sourceByteOffset"":47,""sourceByteValue"":1,""particleDataDecoded"":true,""sourceParticleSystem"":""ParticleSystem'FX_MN_RPCT_07_V.Par_V_RPCT_Bazooka_mesh_01'"",""attachment"":{""mode"":""FOLLOW_NAMED_ANCHORS"",""sourceAnchorNames"":[""Bip002-R-Hand""],""runtimeAnchors"":[{""sourceAnchorName"":""Bip002-R-Hand"",""runtimeAnchorSlotId"":""Bip002-R-Hand"",""runtimeBoneName"":"""",""socketLocalTransform"":{""position"":[0.0,0.0,0.0],""rotationDegrees"":[0.0,0.0,0.0],""scale"":[1.0,1.0,1.0]},""resolutionStatus"":""MISSING_SOURCE_SOCKET""}],""runtimeAnchorSlotIds"":[""Bip002-R-Hand""],""runtimeAnchorSlotId"":""Bip002-R-Hand"",""runtimeBoneName"":"""",""socketLocalTransform"":{""position"":[0.0,0.0,0.0],""rotationDegrees"":[0.0,0.0,0.0],""scale"":[1.0,1.0,1.0]},""runtimeResolutionStatus"":""MISSING_SOURCE_SOCKET"",""sourceSelectorByteOffset"":390},""localTransform"":{""sourcePositionUeUnits"":[0.0,0.0,0.0],""position"":[0.0,0.0,-0.0],""rotationDegrees"":[0.0,0.0,-0.0],""scale"":[0.30000001192092896,0.30000001192092896,0.30000001192092896]},""sourceTransformByteOffset"":412,""parameterOverridesDecoded"":true,""sourceParameterCountByteOffset"":504,""parameterOverrides"":[]}",1129698,85667,True,SOURCE_ASSET_EXPLICIT
requested_core,MN_RPCT_07,4219939,쿠크세이튼_군단장 시그니쳐 스킬_공격,21,Att_Battle_28_06,action-4219939/stage-021/notify-008,Effect,0.20000000298023224,0.30000001192092896,,421991211,,,1130306,85697,True,TIMING_ONLY
requested_core,MN_RPCT_07,4219939,쿠크세이튼_군단장 시그니쳐 스킬_공격,21,Att_Battle_28_06,action-4219939/stage-021/notify-009,Effect,0.20000000298023224,0.30000001192092896,,421991211,,,1130456,85716,True,TIMING_ONLY
requested_core,MN_RPCT_07,4219939,쿠크세이튼_군단장 시그니쳐 스킬_공격,21,Att_Battle_28_06,action-4219939/stage-021/notify-010,Effect,0.5,0.30000001192092896,,421991211,,,1130606,85735,True,TIMING_ONLY
requested_core,MN_RPCT_07,4219939,쿠크세이튼_군단장 시그니쳐 스킬_공격,21,Att_Battle_28_06,action-4219939/stage-021/notify-011,Effect,0.5,0.30000001192092896,,421991211,,,1130756,85754,True,TIMING_ONLY
requested_core,MN_RPCT_07,4219939,쿠크세이튼_군단장 시그니쳐 스킬_공격,21,Att_Battle_28_06,action-4219939/stage-021/notify-012,Effect,0.800000011920929,0.30000001192092896,,421991211,,,1130906,85773,True,TIMING_ONLY
requested_core,MN_RPCT_07,4219939,쿠크세이튼_군단장 시그니쳐 스킬_공격,21,Att_Battle_28_06,action-4219939/stage-021/notify-013,Effect,0.800000011920929,0.30000001192092896,,421991211,,,1131056,85792,True,TIMING_ONLY
requested_core,MN_RPCT_07,4219939,쿠크세이튼_군단장 시그니쳐 스킬_공격,21,Att_Battle_28_06,action-4219939/stage-021/notify-014,AKEvent,1.0,2.274988889694214,,,AkEvent:S_Mob_G_KoukuSatan1.G_KoukuSatan1_Attack23_Cast3,,1131206,85811,True,SOURCE_ASSET_EXPLICIT
requested_core,MN_RPCT_07,4219939,쿠크세이튼_군단장 시그니쳐 스킬_공격,21,Att_Battle_28_06,action-4219939/stage-021/notify-015,PlayParticleEffect,1.0653070211410522,0.0,True,,ParticleSystem:fx_mn_rpct_07_v.Par_V_RPCT_BallRead_Exp_01_LOC_INT,"{""schema"":""lostark.cef-play-particle-effect-header"",""version"":2,""enabled"":true,""sourceByteOffset"":47,""sourceByteValue"":1,""particleDataDecoded"":true,""sourceParticleSystem"":""ParticleSystem'fx_mn_rpct_07_v.Par_V_RPCT_BallRead_Exp_01_LOC_INT'"",""attachment"":{""mode"":""FOLLOW_NAMED_ANCHORS"",""sourceAnchorNames"":[""Bip002-R-Hand""],""runtimeAnchors"":[{""sourceAnchorName"":""Bip002-R-Hand"",""runtimeAnchorSlotId"":""Bip002-R-Hand"",""runtimeBoneName"":"""",""socketLocalTransform"":{""position"":[0.0,0.0,0.0],""rotationDegrees"":[0.0,0.0,0.0],""scale"":[1.0,1.0,1.0]},""resolutionStatus"":""MISSING_SOURCE_SOCKET""}],""runtimeAnchorSlotIds"":[""Bip002-R-Hand""],""runtimeAnchorSlotId"":""Bip002-R-Hand"",""runtimeBoneName"":"""",""socketLocalTransform"":{""position"":[0.0,0.0,0.0],""rotationDegrees"":[0.0,0.0,0.0],""scale"":[1.0,1.0,1.0]},""runtimeResolutionStatus"":""MISSING_SOURCE_SOCKET"",""sourceSelectorByteOffset"":404},""localTransform"":{""sourcePositionUeUnits"":[0.0,0.0,0.0],""position"":[0.0,0.0,-0.0],""rotationDegrees"":[0.0,0.0,-0.0],""scale"":[0.4000000059604645,0.4000000059604645,0.4000000059604645]},""sourceTransformByteOffset"":426,""parameterOverridesDecoded"":true,""sourceParameterCountByteOffset"":518,""parameterOverrides"":[]}",1131417,85840,True,SOURCE_ASSET_EXPLICIT
requested_core,MN_RPCT_07,4219939,쿠크세이튼_군단장 시그니쳐 스킬_공격,21,Att_Battle_28_06,action-4219939/stage-021/notify-016,PawnMaterialParam,1.0654710531234741,0.0,,,,,1132039,85871,True,SOURCE_PARAMETERS_SERIALIZED
requested_core,MN_RPCT_07,4219939,쿠크세이튼_군단장 시그니쳐 스킬_공격,21,Att_Battle_28_06,action-4219939/stage-021/notify-017,PlayParticleEffect,1.097085952758789,0.0,True,,ParticleSystem:fx_mn_rpct_07_v.Par_V_RPCT_signalShot_01_LOC_INT,"{""schema"":""lostark.cef-play-particle-effect-header"",""version"":2,""enabled"":true,""sourceByteOffset"":47,""sourceByteValue"":1,""particleDataDecoded"":true,""sourceParticleSystem"":""ParticleSystem'fx_mn_rpct_07_v.Par_V_RPCT_signalShot_01_LOC_INT'"",""attachment"":{""mode"":""FOLLOW_NAMED_ANCHORS"",""sourceAnchorNames"":[""Bip002-R-Hand""],""runtimeAnchors"":[{""sourceAnchorName"":""Bip002-R-Hand"",""runtimeAnchorSlotId"":""Bip002-R-Hand"",""runtimeBoneName"":"""",""socketLocalTransform"":{""position"":[0.0,0.0,0.0],""rotationDegrees"":[0.0,0.0,0.0],""scale"":[1.0,1.0,1.0]},""resolutionStatus"":""MISSING_SOURCE_SOCKET""}],""runtimeAnchorSlotIds"":[""Bip002-R-Hand""],""runtimeAnchorSlotId"":""Bip002-R-Hand"",""runtimeBoneName"":"""",""socketLocalTransform"":{""position"":[0.0,0.0,0.0],""rotationDegrees"":[0.0,0.0,0.0],""scale"":[1.0,1.0,1.0]},""runtimeResolutionStatus"":""MISSING_SOURCE_SOCKET"",""sourceSelectorByteOffset"":401},""localTransform"":{""sourcePositionUeUnits"":[0.0,0.0,50.0],""position"":[0.0,0.5,-0.0],""rotationDegrees"":[0.0,0.0,-0.0],""scale"":[1.0,1.0,1.0]},""sourceTransformByteOffset"":423,""parameterOverridesDecoded"":true,""sourceParameterCountByteOffset"":515,""parameterOverrides"":[{""sourceIndex"":0,""name"":""Color"",""sourceTypeCode"":3,""sourceRecordByteOffset"":519,""type"":""vector"",""vectorValue"":[1.0,1.0,1.0],""sourceValueByteOffset"":541}]}",1132474,85894,True,SOURCE_ASSET_EXPLICIT
requested_core,MN_RPCT_07,4219939,쿠크세이튼_군단장 시그니쳐 스킬_공격,21,Att_Battle_28_06,action-4219939/stage-021/notify-018,Effect,1.100000023841858,0.30000001192092896,,421991211,,,1133172,85926,True,TIMING_ONLY
requested_core,MN_RPCT_07,4219939,쿠크세이튼_군단장 시그니쳐 스킬_공격,21,Att_Battle_28_06,action-4219939/stage-021/notify-019,Effect,1.100000023841858,0.30000001192092896,,421991211,,,1133322,85945,True,TIMING_ONLY
requested_core,MN_RPCT_07,4219939,쿠크세이튼_군단장 시그니쳐 스킬_공격,21,Att_Battle_28_06,action-4219939/stage-021/notify-020,Effect,1.2999999523162842,0.10000000149011612,,421991221,,,1133472,85964,True,TIMING_ONLY
requested_core,MN_RPCT_07,4219939,쿠크세이튼_군단장 시그니쳐 스킬_공격,21,Att_Battle_28_06,action-4219939/stage-021/notify-021,Effect,1.399999976158142,0.30000001192092896,,421991211,,,1133622,85983,True,TIMING_ONLY
requested_core,MN_RPCT_07,4219939,쿠크세이튼_군단장 시그니쳐 스킬_공격,21,Att_Battle_28_06,action-4219939/stage-021/notify-022,Effect,1.399999976158142,0.30000001192092896,,421991211,,,1133772,86002,True,TIMING_ONLY
requested_core,MN_RPCT_07,4219939,쿠크세이튼_군단장 시그니쳐 스킬_공격,21,Att_Battle_28_06,action-4219939/stage-021/notify-023,Effect,1.7000000476837158,0.30000001192092896,,421991211,,,1133922,86021,True,TIMING_ONLY
requested_core,MN_RPCT_07,4219939,쿠크세이튼_군단장 시그니쳐 스킬_공격,21,Att_Battle_28_06,action-4219939/stage-021/notify-024,Effect,1.7000000476837158,0.30000001192092896,,421991211,,,1134072,86040,True,TIMING_ONLY
requested_core,MN_RPCT_07,4219939,쿠크세이튼_군단장 시그니쳐 스킬_공격,21,Att_Battle_28_06,action-4219939/stage-021/notify-025,Effect,2.0,0.30000001192092896,,421991211,,,1134222,86059,True,TIMING_ONLY
requested_core,MN_RPCT_07,4219939,쿠크세이튼_군단장 시그니쳐 스킬_공격,21,Att_Battle_28_06,action-4219939/stage-021/notify-026,Effect,2.0,0.30000001192092896,,421991211,,,1134372,86078,True,TIMING_ONLY
requested_core,MN_RPCT_07,4219939,쿠크세이튼_군단장 시그니쳐 스킬_공격,21,Att_Battle_28_06,action-4219939/stage-021/notify-027,Effect,2.299999952316284,0.30000001192092896,,421991211,,,1134522,86097,True,TIMING_ONLY
requested_core,MN_RPCT_07,4219939,쿠크세이튼_군단장 시그니쳐 스킬_공격,21,Att_Battle_28_06,action-4219939/stage-021/notify-028,Effect,2.299999952316284,0.30000001192092896,,421991211,,,1134672,86116,True,TIMING_ONLY
requested_core,MN_RPCT_07,4219939,쿠크세이튼_군단장 시그니쳐 스킬_공격,21,Att_Battle_28_06,action-4219939/stage-021/notify-029,Effect,2.5999999046325684,0.30000001192092896,,421991211,,,1134822,86135,True,TIMING_ONLY
requested_core,MN_RPCT_07,4219939,쿠크세이튼_군단장 시그니쳐 스킬_공격,21,Att_Battle_28_06,action-4219939/stage-021/notify-030,Effect,2.5999999046325684,0.30000001192092896,,421991211,,,1134972,86154,True,TIMING_ONLY
requested_core,MN_RPCT_07,4219939,쿠크세이튼_군단장 시그니쳐 스킬_공격,21,Att_Battle_28_06,action-4219939/stage-021/notify-031,Effect,2.9000000953674316,0.30000001192092896,,421991211,,,1135122,86173,True,TIMING_ONLY
requested_core,MN_RPCT_07,4219939,쿠크세이튼_군단장 시그니쳐 스킬_공격,21,Att_Battle_28_06,action-4219939/stage-021/notify-032,Effect,2.9000000953674316,0.30000001192092896,,421991211,,,1135272,86192,True,TIMING_ONLY
requested_core,MN_RPCT_07,4219939,쿠크세이튼_군단장 시그니쳐 스킬_공격,21,Att_Battle_28_06,action-4219939/stage-021/notify-033,Effect,3.200000047683716,0.30000001192092896,,421991211,,,1135422,86211,True,TIMING_ONLY
requested_core,MN_RPCT_07,4219939,쿠크세이튼_군단장 시그니쳐 스킬_공격,21,Att_Battle_28_06,action-4219939/stage-021/notify-034,Effect,3.200000047683716,0.30000001192092896,,421991211,,,1135572,86230,True,TIMING_ONLY
requested_core,MN_RPCT_07,4219939,쿠크세이튼_군단장 시그니쳐 스킬_공격,21,Att_Battle_28_06,action-4219939/stage-021/notify-035,Effect,3.5,0.30000001192092896,,421991211,,,1135722,86249,True,TIMING_ONLY
requested_core,MN_RPCT_07,4219939,쿠크세이튼_군단장 시그니쳐 스킬_공격,21,Att_Battle_28_06,action-4219939/stage-021/notify-036,Effect,3.5,0.30000001192092896,,421991211,,,1135872,86268,True,TIMING_ONLY
requested_core,MN_RPCT_07,4219939,쿠크세이튼_군단장 시그니쳐 스킬_공격,21,Att_Battle_28_06,action-4219939/stage-021/notify-037,Effect,3.5,0.30000001192092896,,421991215,,,1136022,86287,True,TIMING_ONLY
requested_core,MN_RPCT_07,4219939,쿠크세이튼_군단장 시그니쳐 스킬_공격,21,Att_Battle_28_06,action-4219939/stage-021/notify-038,Effect,3.5,0.30000001192092896,,421991215,,,1136172,86306,True,TIMING_ONLY
requested_core,MN_RPCT_07,4219939,쿠크세이튼_군단장 시그니쳐 스킬_공격,21,Att_Battle_28_06,action-4219939/stage-021/notify-039,Effect,3.799999952316284,0.30000001192092896,,421991211,,,1136322,86325,True,TIMING_ONLY
requested_core,MN_RPCT_07,4219939,쿠크세이튼_군단장 시그니쳐 스킬_공격,21,Att_Battle_28_06,action-4219939/stage-021/notify-040,Effect,3.799999952316284,0.30000001192092896,,421991211,,,1136472,86344,True,TIMING_ONLY
requested_core,MN_RPCT_07,4219939,쿠크세이튼_군단장 시그니쳐 스킬_공격,21,Att_Battle_28_06,action-4219939/stage-021/notify-041,Effect,4.099999904632568,0.30000001192092896,,421991211,,,1136622,86363,True,TIMING_ONLY
requested_core,MN_RPCT_07,4219939,쿠크세이튼_군단장 시그니쳐 스킬_공격,21,Att_Battle_28_06,action-4219939/stage-021/notify-042,Effect,4.099999904632568,0.30000001192092896,,421991211,,,1136772,86382,True,TIMING_ONLY
requested_core,MN_RPCT_07,4219939,쿠크세이튼_군단장 시그니쳐 스킬_공격,21,Att_Battle_28_06,action-4219939/stage-021/notify-043,Effect,4.400000095367432,0.4000000059604645,,421991211,,,1136922,86401,True,TIMING_ONLY
requested_core,MN_RPCT_07,4219939,쿠크세이튼_군단장 시그니쳐 스킬_공격,21,Att_Battle_28_06,action-4219939/stage-021/notify-044,Effect,4.400000095367432,0.4000000059604645,,421991211,,,1137072,86420,True,TIMING_ONLY
requested_core,MN_RPCT_07,4219939,쿠크세이튼_군단장 시그니쳐 스킬_공격,21,Att_Battle_28_06,action-4219939/stage-021/notify-045,GameNote,4.630000114440918,0.0,,,,,1137222,86439,True,TIMING_OR_STATE_ONLY
requested_core,MN_RPCT_07,4219939,쿠크세이튼_군단장 시그니쳐 스킬_공격,21,Att_Battle_28_06,action-4219939/stage-021/notify-046,Effect,4.800000190734863,0.30000001192092896,,421991211,,,1137314,86458,True,TIMING_ONLY
requested_core,MN_RPCT_07,4219939,쿠크세이튼_군단장 시그니쳐 스킬_공격,21,Att_Battle_28_06,action-4219939/stage-021/notify-047,Effect,4.800000190734863,0.30000001192092896,,421991211,,,1137464,86477,True,TIMING_ONLY
requested_core,MN_RPCT_07,4219939,쿠크세이튼_군단장 시그니쳐 스킬_공격,21,Att_Battle_28_06,action-4219939/stage-021/notify-048,Effect,5.099999904632568,0.30000001192092896,,421991211,,,1137614,86496,True,TIMING_ONLY
requested_core,MN_RPCT_07,4219939,쿠크세이튼_군단장 시그니쳐 스킬_공격,21,Att_Battle_28_06,action-4219939/stage-021/notify-049,Effect,5.099999904632568,0.30000001192092896,,421991211,,,1137764,86515,True,TIMING_ONLY
requested_core,MN_RPCT_07,4219939,쿠크세이튼_군단장 시그니쳐 스킬_공격,21,Att_Battle_28_06,action-4219939/stage-021/notify-050,Effect,5.400000095367432,0.30000001192092896,,421991211,,,1137914,86534,True,TIMING_ONLY
requested_core,MN_RPCT_07,4219939,쿠크세이튼_군단장 시그니쳐 스킬_공격,21,Att_Battle_28_06,action-4219939/stage-021/notify-051,Effect,5.400000095367432,0.30000001192092896,,421991211,,,1138064,86553,True,TIMING_ONLY
requested_core,MN_RPCT_07,4219939,쿠크세이튼_군단장 시그니쳐 스킬_공격,21,Att_Battle_28_06,action-4219939/stage-021/notify-052,Effect,5.699999809265137,0.30000001192092896,,421991211,,,1138214,86572,True,TIMING_ONLY
requested_core,MN_RPCT_07,4219939,쿠크세이튼_군단장 시그니쳐 스킬_공격,21,Att_Battle_28_06,action-4219939/stage-021/notify-053,Effect,5.699999809265137,0.30000001192092896,,421991211,,,1138364,86591,True,TIMING_ONLY
requested_core,MN_RPCT_07,4219939,쿠크세이튼_군단장 시그니쳐 스킬_공격,21,Att_Battle_28_06,action-4219939/stage-021/notify-054,Effect,5.800000190734863,0.10000000149011612,,421991219,,,1138514,86610,True,TIMING_ONLY
requested_core,MN_RPCT_07,4219939,쿠크세이튼_군단장 시그니쳐 스킬_공격,21,Att_Battle_28_06,action-4219939/stage-021/notify-055,Effect,6.0,0.30000001192092896,,421991211,,,1138664,86629,True,TIMING_ONLY
requested_core,MN_RPCT_07,4219939,쿠크세이튼_군단장 시그니쳐 스킬_공격,21,Att_Battle_28_06,action-4219939/stage-021/notify-056,Effect,6.0,0.30000001192092896,,421991211,,,1138814,86648,True,TIMING_ONLY
requested_core,MN_RPCT_07,4219939,쿠크세이튼_군단장 시그니쳐 스킬_공격,21,Att_Battle_28_06,action-4219939/stage-021/notify-057,Effect,6.300000190734863,0.30000001192092896,,421991211,,,1138964,86667,True,TIMING_ONLY
requested_core,MN_RPCT_07,4219939,쿠크세이튼_군단장 시그니쳐 스킬_공격,21,Att_Battle_28_06,action-4219939/stage-021/notify-058,Effect,6.300000190734863,0.30000001192092896,,421991211,,,1139114,86686,True,TIMING_ONLY
requested_core,MN_RPCT_07,4219939,쿠크세이튼_군단장 시그니쳐 스킬_공격,21,Att_Battle_28_06,action-4219939/stage-021/notify-059,Effect,6.599999904632568,0.20000000298023224,,421991211,,,1139264,86705,True,TIMING_ONLY
requested_core,MN_RPCT_07,4219939,쿠크세이튼_군단장 시그니쳐 스킬_공격,21,Att_Battle_28_06,action-4219939/stage-021/notify-060,Effect,6.599999904632568,0.20000000298023224,,421991211,,,1139414,86724,True,TIMING_ONLY
requested_core,MN_RPCT_07,4219939,쿠크세이튼_군단장 시그니쳐 스킬_공격,21,Att_Battle_28_06,action-4219939/stage-021/notify-061,Effect,6.630000114440918,0.0,,421991241,,,1139564,86743,True,TIMING_ONLY
requested_core,MN_RPCT_07,4219939,쿠크세이튼_군단장 시그니쳐 스킬_공격,21,Att_Battle_28_06,action-4219939/stage-021/notify-062,Effect,6.800000190734863,0.20000000298023224,,421991211,,,1139714,86762,True,TIMING_ONLY
requested_core,MN_RPCT_07,4219939,쿠크세이튼_군단장 시그니쳐 스킬_공격,21,Att_Battle_28_06,action-4219939/stage-021/notify-063,Effect,6.800000190734863,0.20000000298023224,,421991211,,,1139864,86781,True,TIMING_ONLY
requested_core,MN_RPCT_07,4219939,쿠크세이튼_군단장 시그니쳐 스킬_공격,21,Att_Battle_28_06,action-4219939/stage-021/notify-064,Effect,7.0,0.20000000298023224,,421991211,,,1140014,86800,True,TIMING_ONLY
requested_core,MN_RPCT_07,4219939,쿠크세이튼_군단장 시그니쳐 스킬_공격,21,Att_Battle_28_06,action-4219939/stage-021/notify-065,Effect,7.0,0.20000000298023224,,421991211,,,1140164,86819,True,TIMING_ONLY
requested_core,MN_RPCT_07,4219939,쿠크세이튼_군단장 시그니쳐 스킬_공격,21,Att_Battle_28_06,action-4219939/stage-021/notify-066,Effect,7.199999809265137,0.20000000298023224,,421991211,,,1140314,86838,True,TIMING_ONLY
requested_core,MN_RPCT_07,4219939,쿠크세이튼_군단장 시그니쳐 스킬_공격,21,Att_Battle_28_06,action-4219939/stage-021/notify-067,Effect,7.199999809265137,0.20000000298023224,,421991211,,,1140464,86857,True,TIMING_ONLY
requested_core,MN_RPCT_07,4219939,쿠크세이튼_군단장 시그니쳐 스킬_공격,21,Att_Battle_28_06,action-4219939/stage-021/notify-068,Effect,7.400000095367432,0.20000000298023224,,421991211,,,1140614,86876,True,TIMING_ONLY
requested_core,MN_RPCT_07,4219939,쿠크세이튼_군단장 시그니쳐 스킬_공격,21,Att_Battle_28_06,action-4219939/stage-021/notify-069,Effect,7.400000095367432,0.20000000298023224,,421991211,,,1140764,86895,True,TIMING_ONLY
requested_core,MN_RPCT_07,4219939,쿠크세이튼_군단장 시그니쳐 스킬_공격,21,Att_Battle_28_06,action-4219939/stage-021/notify-070,Effect,7.599999904632568,0.20000000298023224,,421991211,,,1140914,86914,True,TIMING_ONLY
requested_core,MN_RPCT_07,4219939,쿠크세이튼_군단장 시그니쳐 스킬_공격,21,Att_Battle_28_06,action-4219939/stage-021/notify-071,Effect,7.599999904632568,0.20000000298023224,,421991211,,,1141064,86933,True,TIMING_ONLY
requested_core,MN_RPCT_07,4219939,쿠크세이튼_군단장 시그니쳐 스킬_공격,21,Att_Battle_28_06,action-4219939/stage-021/notify-072,Effect,7.800000190734863,0.20000000298023224,,421991211,,,1141214,86952,True,TIMING_ONLY
requested_core,MN_RPCT_07,4219939,쿠크세이튼_군단장 시그니쳐 스킬_공격,21,Att_Battle_28_06,action-4219939/stage-021/notify-073,Effect,7.800000190734863,0.20000000298023224,,421991211,,,1141364,86971,True,TIMING_ONLY
requested_core,MN_RPCT_07,4219939,쿠크세이튼_군단장 시그니쳐 스킬_공격,21,Att_Battle_28_06,action-4219939/stage-021/notify-074,AKEvent,8.390000343322754,1.3432999849319458,,,AkEvent:S_Mob_G_KoukuSatan1.G_KoukuSatan1_Attack23_Cast2,,1141514,86990,True,SOURCE_ASSET_EXPLICIT
requested_core,MN_RPCT_07,4219939,쿠크세이튼_군단장 시그니쳐 스킬_공격,21,Att_Battle_28_06,action-4219939/stage-021/notify-075,MonsterMoveNextStageConditionChangeTarget,9.630000114440918,0.0,,,,,1141725,87019,True,TIMING_OR_STATE_ONLY
requested_core,MN_RPCT_07,4219939,쿠크세이튼_군단장 시그니쳐 스킬_공격,22,Att_battle_28_07,action-4219939/stage-022/notify-000,Anim,0.0,9.733333587646484,,,,,1143702,87059,True,SOURCE_CLIP_EXPLICIT
requested_core,MN_RPCT_07,4219939,쿠크세이튼_군단장 시그니쳐 스킬_공격,22,Att_battle_28_07,action-4219939/stage-022/notify-001,PlayParticleEffect,0.0,0.0,True,,ParticleSystem:fx_mn_rpct_07_v.Par_V_RPCT_Signature_01_1_LOC_INT,"{""schema"":""lostark.cef-play-particle-effect-header"",""version"":2,""enabled"":true,""sourceByteOffset"":47,""sourceByteValue"":1,""particleDataDecoded"":true,""sourceParticleSystem"":""ParticleSystem'fx_mn_rpct_07_v.Par_V_RPCT_Signature_01_1_LOC_INT'"",""attachment"":{""mode"":""FOLLOW_NAMED_ANCHORS"",""sourceAnchorNames"":[""B_WP_2""],""runtimeAnchors"":[{""sourceAnchorName"":""B_WP_2"",""runtimeAnchorSlotId"":""B_WP_2"",""runtimeBoneName"":""b_wp_2"",""socketLocalTransform"":{""position"":[0.0,0.0,0.0],""rotationDegrees"":[0.0,0.0,0.0],""scale"":[1.0,1.0,1.0]},""resolutionStatus"":""EXACT_SOURCE_BONE""}],""runtimeAnchorSlotIds"":[""B_WP_2""],""runtimeAnchorSlotId"":""B_WP_2"",""runtimeBoneName"":""b_wp_2"",""socketLocalTransform"":{""position"":[0.0,0.0,0.0],""rotationDegrees"":[0.0,0.0,0.0],""scale"":[1.0,1.0,1.0]},""runtimeResolutionStatus"":""EXACT_SOURCE_BONE"",""sourceSelectorByteOffset"":402},""localTransform"":{""sourcePositionUeUnits"":[150.0,0.0,50.0],""position"":[1.5,0.5,-0.0],""rotationDegrees"":[0.0,0.0,-0.0],""scale"":[3.0,3.0,3.0]},""sourceTransformByteOffset"":417,""parameterOverridesDecoded"":true,""sourceParameterCountByteOffset"":509,""parameterOverrides"":[{""sourceIndex"":0,""name"":""Color"",""sourceTypeCode"":3,""sourceRecordByteOffset"":513,""type"":""vector"",""vectorValue"":[1.0,1.0,1.0],""sourceValueByteOffset"":535},{""sourceIndex"":1,""name"":""Alpha"",""sourceTypeCode"":1,""sourceRecordByteOffset"":592,""type"":""scalar"",""scalarValue"":1.0,""sourceValueByteOffset"":606}]}",1143994,87086,True,SOURCE_ASSET_EXPLICIT
requested_core,MN_RPCT_07,4219939,쿠크세이튼_군단장 시그니쳐 스킬_공격,22,Att_battle_28_07,action-4219939/stage-022/notify-002,PlayParticleEffect,0.0,0.0,True,,ParticleSystem:fx_mn_rpct_07_v.Par_V_RPCT_Signature_01_1_LOC_INT,"{""schema"":""lostark.cef-play-particle-effect-header"",""version"":2,""enabled"":true,""sourceByteOffset"":47,""sourceByteValue"":1,""particleDataDecoded"":true,""sourceParticleSystem"":""ParticleSystem'fx_mn_rpct_07_v.Par_V_RPCT_Signature_01_1_LOC_INT'"",""attachment"":{""mode"":""FOLLOW_NAMED_ANCHORS"",""sourceAnchorNames"":[""B_WP_1""],""runtimeAnchors"":[{""sourceAnchorName"":""B_WP_1"",""runtimeAnchorSlotId"":""B_WP_1"",""runtimeBoneName"":""b_wp_1"",""socketLocalTransform"":{""position"":[0.0,0.0,0.0],""rotationDegrees"":[0.0,0.0,0.0],""scale"":[1.0,1.0,1.0]},""resolutionStatus"":""EXACT_SOURCE_BONE""}],""runtimeAnchorSlotIds"":[""B_WP_1""],""runtimeAnchorSlotId"":""B_WP_1"",""runtimeBoneName"":""b_wp_1"",""socketLocalTransform"":{""position"":[0.0,0.0,0.0],""rotationDegrees"":[0.0,0.0,0.0],""scale"":[1.0,1.0,1.0]},""runtimeResolutionStatus"":""EXACT_SOURCE_BONE"",""sourceSelectorByteOffset"":402},""localTransform"":{""sourcePositionUeUnits"":[150.0,0.0,50.0],""position"":[1.5,0.5,-0.0],""rotationDegrees"":[0.0,0.0,-0.0],""scale"":[3.0,3.0,3.0]},""sourceTransformByteOffset"":417,""parameterOverridesDecoded"":true,""sourceParameterCountByteOffset"":509,""parameterOverrides"":[{""sourceIndex"":0,""name"":""Color"",""sourceTypeCode"":3,""sourceRecordByteOffset"":513,""type"":""vector"",""vectorValue"":[1.0,1.0,1.0],""sourceValueByteOffset"":535},{""sourceIndex"":1,""name"":""Alpha"",""sourceTypeCode"":1,""sourceRecordByteOffset"":592,""type"":""scalar"",""scalarValue"":1.0,""sourceValueByteOffset"":606}]}",1144765,87119,True,SOURCE_ASSET_EXPLICIT
requested_core,MN_RPCT_07,4219939,쿠크세이튼_군단장 시그니쳐 스킬_공격,22,Att_battle_28_07,action-4219939/stage-022/notify-003,PlayParticleEffect,0.0,9.73330020904541,True,,ParticleSystem:FX_MN_RPCT_07_V.Par_V_RPCT_07_Bazooka_Loop,"{""schema"":""lostark.cef-play-particle-effect-header"",""version"":2,""enabled"":true,""sourceByteOffset"":47,""sourceByteValue"":1,""particleDataDecoded"":true,""sourceParticleSystem"":""ParticleSystem'FX_MN_RPCT_07_V.Par_V_RPCT_07_Bazooka_Loop'"",""attachment"":{""mode"":""FOLLOW_NAMED_ANCHORS"",""sourceAnchorNames"":[""B_WP_1""],""runtimeAnchors"":[{""sourceAnchorName"":""B_WP_1"",""runtimeAnchorSlotId"":""B_WP_1"",""runtimeBoneName"":""b_wp_1"",""socketLocalTransform"":{""position"":[0.0,0.0,0.0],""rotationDegrees"":[0.0,0.0,0.0],""scale"":[1.0,1.0,1.0]},""resolutionStatus"":""EXACT_SOURCE_BONE""}],""runtimeAnchorSlotIds"":[""B_WP_1""],""runtimeAnchorSlotId"":""B_WP_1"",""runtimeBoneName"":""b_wp_1"",""socketLocalTransform"":{""position"":[0.0,0.0,0.0],""rotationDegrees"":[0.0,0.0,0.0],""scale"":[1.0,1.0,1.0]},""runtimeResolutionStatus"":""EXACT_SOURCE_BONE"",""sourceSelectorByteOffset"":392},""localTransform"":{""sourcePositionUeUnits"":[0.0,0.0,0.0],""position"":[0.0,0.0,-0.0],""rotationDegrees"":[0.0,0.0,-0.0],""scale"":[1.0,1.0,1.0]},""sourceTransformByteOffset"":407,""parameterOverridesDecoded"":true,""sourceParameterCountByteOffset"":499,""parameterOverrides"":[]}",1145536,87152,True,SOURCE_ASSET_EXPLICIT
requested_core,MN_RPCT_07,4219939,쿠크세이튼_군단장 시그니쳐 스킬_공격,22,Att_battle_28_07,action-4219939/stage-022/notify-004,PlayParticleEffect,0.0,0.0,True,,ParticleSystem:FX_CM_02.Light.Par_MP_Light_01,"{""schema"":""lostark.cef-play-particle-effect-header"",""version"":2,""enabled"":true,""sourceByteOffset"":47,""sourceByteValue"":1,""particleDataDecoded"":true,""sourceParticleSystem"":""ParticleSystem'FX_CM_02.Light.Par_MP_Light_01'"",""attachment"":{""mode"":""SNAPSHOT_ROOT"",""sourceAnchorNames"":[],""runtimeAnchors"":[],""runtimeAnchorSlotIds"":[],""runtimeAnchorSlotId"":""root"",""runtimeBoneName"":"""",""socketLocalTransform"":{""position"":[0.0,0.0,0.0],""rotationDegrees"":[0.0,0.0,0.0],""scale"":[1.0,1.0,1.0]},""runtimeResolutionStatus"":""EXACT_ROOT_SNAPSHOT"",""sourceSelectorByteOffset"":null},""localTransform"":{""sourcePositionUeUnits"":[50.0,0.0,50.0],""position"":[0.5,0.5,-0.0],""rotationDegrees"":[0.0,0.0,-0.0],""scale"":[3.0,3.0,3.0]},""sourceTransformByteOffset"":389,""parameterOverridesDecoded"":true,""sourceParameterCountByteOffset"":477,""parameterOverrides"":[{""sourceIndex"":0,""name"":""Spawn"",""sourceTypeCode"":1,""sourceRecordByteOffset"":481,""type"":""scalar"",""scalarValue"":0.0,""sourceValueByteOffset"":495},{""sourceIndex"":1,""name"":""Lifetime"",""sourceTypeCode"":1,""sourceRecordByteOffset"":560,""type"":""scalar"",""scalarValue"":0.10000000149011612,""sourceValueByteOffset"":577},{""sourceIndex"":2,""name"":""Size"",""sourceTypeCode"":3,""sourceRecordByteOffset"":642,""type"":""vector"",""vectorValue"":[200.0,0.0,0.0],""sourceValueByteOffset"":663},{""sourceIndex"":3,""name"":""Color"",""sourceTypeCode"":3,""sourceRecordByteOffset"":720,""type"":""vector"",""vectorValue"":[3.0,2.0,1.0],""sourceValueByteOffset"":742},{""sourceIndex"":4,""name"":""Alpha"",""sourceTypeCode"":1,""sourceRecordByteOffset"":799,""type"":""scalar"",""scalarValue"":1.0,""sourceValueByteOffset"":813}]}",1146139,87183,True,SOURCE_ASSET_EXPLICIT
requested_core,MN_RPCT_07,4219939,쿠크세이튼_군단장 시그니쳐 스킬_공격,22,Att_battle_28_07,action-4219939/stage-022/notify-005,AKEvent,0.0010000000474974513,9.591655731201172,,,AkEvent:S_Mob_G_KoukuSatan1.G_KoukuSatan1_Attack23_Shot2,,1147117,87218,True,SOURCE_ASSET_EXPLICIT
requested_core,MN_RPCT_07,4219939,쿠크세이튼_군단장 시그니쳐 스킬_공격,22,Att_battle_28_07,action-4219939/stage-022/notify-006,PlayParticleEffect,0.003415999934077263,9.729884147644043,True,,ParticleSystem:FX_MN_RPCT_07_V.Par_V_RPCT_07_Bazooka_Loop,"{""schema"":""lostark.cef-play-particle-effect-header"",""version"":2,""enabled"":true,""sourceByteOffset"":47,""sourceByteValue"":1,""particleDataDecoded"":true,""sourceParticleSystem"":""ParticleSystem'FX_MN_RPCT_07_V.Par_V_RPCT_07_Bazooka_Loop'"",""attachment"":{""mode"":""FOLLOW_NAMED_ANCHORS"",""sourceAnchorNames"":[""B_WP_2""],""runtimeAnchors"":[{""sourceAnchorName"":""B_WP_2"",""runtimeAnchorSlotId"":""B_WP_2"",""runtimeBoneName"":""b_wp_2"",""socketLocalTransform"":{""position"":[0.0,0.0,0.0],""rotationDegrees"":[0.0,0.0,0.0],""scale"":[1.0,1.0,1.0]},""resolutionStatus"":""EXACT_SOURCE_BONE""}],""runtimeAnchorSlotIds"":[""B_WP_2""],""runtimeAnchorSlotId"":""B_WP_2"",""runtimeBoneName"":""b_wp_2"",""socketLocalTransform"":{""position"":[0.0,0.0,0.0],""rotationDegrees"":[0.0,0.0,0.0],""scale"":[1.0,1.0,1.0]},""runtimeResolutionStatus"":""EXACT_SOURCE_BONE"",""sourceSelectorByteOffset"":392},""localTransform"":{""sourcePositionUeUnits"":[0.0,0.0,0.0],""position"":[0.0,0.0,-0.0],""rotationDegrees"":[0.0,0.0,-0.0],""scale"":[1.0,1.0,1.0]},""sourceTransformByteOffset"":407,""parameterOverridesDecoded"":true,""sourceParameterCountByteOffset"":499,""parameterOverrides"":[]}",1147328,87247,True,SOURCE_ASSET_EXPLICIT
requested_core,MN_RPCT_07,4219939,쿠크세이튼_군단장 시그니쳐 스킬_공격,22,Att_battle_28_07,action-4219939/stage-022/notify-007,PlayParticleEffect,0.09128399938344955,9.64201545715332,True,,ParticleSystem:FX_MN_RPCT_07_V.Par_V_RPCT_Bazooka_mesh_01,"{""schema"":""lostark.cef-play-particle-effect-header"",""version"":2,""enabled"":true,""sourceByteOffset"":47,""sourceByteValue"":1,""particleDataDecoded"":true,""sourceParticleSystem"":""ParticleSystem'FX_MN_RPCT_07_V.Par_V_RPCT_Bazooka_mesh_01'"",""attachment"":{""mode"":""FOLLOW_NAMED_ANCHORS"",""sourceAnchorNames"":[""Bip002-R-Hand""],""runtimeAnchors"":[{""sourceAnchorName"":""Bip002-R-Hand"",""runtimeAnchorSlotId"":""Bip002-R-Hand"",""runtimeBoneName"":"""",""socketLocalTransform"":{""position"":[0.0,0.0,0.0],""rotationDegrees"":[0.0,0.0,0.0],""scale"":[1.0,1.0,1.0]},""resolutionStatus"":""MISSING_SOURCE_SOCKET""}],""runtimeAnchorSlotIds"":[""Bip002-R-Hand""],""runtimeAnchorSlotId"":""Bip002-R-Hand"",""runtimeBoneName"":"""",""socketLocalTransform"":{""position"":[0.0,0.0,0.0],""rotationDegrees"":[0.0,0.0,0.0],""scale"":[1.0,1.0,1.0]},""runtimeResolutionStatus"":""MISSING_SOURCE_SOCKET"",""sourceSelectorByteOffset"":383},""localTransform"":{""sourcePositionUeUnits"":[0.0,0.0,0.0],""position"":[0.0,0.0,-0.0],""rotationDegrees"":[0.0,0.0,-0.0],""scale"":[0.30000001192092896,0.30000001192092896,0.30000001192092896]},""sourceTransformByteOffset"":405,""parameterOverridesDecoded"":true,""sourceParameterCountByteOffset"":497,""parameterOverrides"":[]}",1147931,87278,True,SOURCE_ASSET_EXPLICIT
requested_core,MN_RPCT_07,4219939,쿠크세이튼_군단장 시그니쳐 스킬_공격,22,Att_battle_28_07,action-4219939/stage-022/notify-008,Effect,0.20000000298023224,0.30000001192092896,,421991211,,,1148532,87308,True,TIMING_ONLY
requested_core,MN_RPCT_07,4219939,쿠크세이튼_군단장 시그니쳐 스킬_공격,22,Att_battle_28_07,action-4219939/stage-022/notify-009,Effect,0.20000000298023224,0.30000001192092896,,421991211,,,1148682,87327,True,TIMING_ONLY
requested_core,MN_RPCT_07,4219939,쿠크세이튼_군단장 시그니쳐 스킬_공격,22,Att_battle_28_07,action-4219939/stage-022/notify-010,Effect,0.5,0.30000001192092896,,421991211,,,1148832,87346,True,TIMING_ONLY
requested_core,MN_RPCT_07,4219939,쿠크세이튼_군단장 시그니쳐 스킬_공격,22,Att_battle_28_07,action-4219939/stage-022/notify-011,Effect,0.5,0.30000001192092896,,421991211,,,1148982,87365,True,TIMING_ONLY
requested_core,MN_RPCT_07,4219939,쿠크세이튼_군단장 시그니쳐 스킬_공격,22,Att_battle_28_07,action-4219939/stage-022/notify-012,Effect,0.800000011920929,0.30000001192092896,,421991211,,,1149132,87384,True,TIMING_ONLY
requested_core,MN_RPCT_07,4219939,쿠크세이튼_군단장 시그니쳐 스킬_공격,22,Att_battle_28_07,action-4219939/stage-022/notify-013,Effect,0.800000011920929,0.30000001192092896,,421991211,,,1149282,87403,True,TIMING_ONLY
requested_core,MN_RPCT_07,4219939,쿠크세이튼_군단장 시그니쳐 스킬_공격,22,Att_battle_28_07,action-4219939/stage-022/notify-014,AKEvent,1.0,2.2750110626220703,,,AkEvent:S_Mob_G_KoukuSatan1.G_KoukuSatan1_Attack23_Cast3,,1149432,87422,True,SOURCE_ASSET_EXPLICIT
requested_core,MN_RPCT_07,4219939,쿠크세이튼_군단장 시그니쳐 스킬_공격,22,Att_battle_28_07,action-4219939/stage-022/notify-015,PlayParticleEffect,1.0653070211410522,0.0,True,,ParticleSystem:fx_mn_rpct_07_v.Par_V_RPCT_BallRead_Exp_01_LOC_INT,"{""schema"":""lostark.cef-play-particle-effect-header"",""version"":2,""enabled"":true,""sourceByteOffset"":47,""sourceByteValue"":1,""particleDataDecoded"":true,""sourceParticleSystem"":""ParticleSystem'fx_mn_rpct_07_v.Par_V_RPCT_BallRead_Exp_01_LOC_INT'"",""attachment"":{""mode"":""FOLLOW_NAMED_ANCHORS"",""sourceAnchorNames"":[""Bip002-R-Hand""],""runtimeAnchors"":[{""sourceAnchorName"":""Bip002-R-Hand"",""runtimeAnchorSlotId"":""Bip002-R-Hand"",""runtimeBoneName"":"""",""socketLocalTransform"":{""position"":[0.0,0.0,0.0],""rotationDegrees"":[0.0,0.0,0.0],""scale"":[1.0,1.0,1.0]},""resolutionStatus"":""MISSING_SOURCE_SOCKET""}],""runtimeAnchorSlotIds"":[""Bip002-R-Hand""],""runtimeAnchorSlotId"":""Bip002-R-Hand"",""runtimeBoneName"":"""",""socketLocalTransform"":{""position"":[0.0,0.0,0.0],""rotationDegrees"":[0.0,0.0,0.0],""scale"":[1.0,1.0,1.0]},""runtimeResolutionStatus"":""MISSING_SOURCE_SOCKET"",""sourceSelectorByteOffset"":397},""localTransform"":{""sourcePositionUeUnits"":[0.0,0.0,0.0],""position"":[0.0,0.0,-0.0],""rotationDegrees"":[0.0,0.0,-0.0],""scale"":[0.4000000059604645,0.4000000059604645,0.4000000059604645]},""sourceTransformByteOffset"":419,""parameterOverridesDecoded"":true,""sourceParameterCountByteOffset"":511,""parameterOverrides"":[]}",1149643,87451,True,SOURCE_ASSET_EXPLICIT
requested_core,MN_RPCT_07,4219939,쿠크세이튼_군단장 시그니쳐 스킬_공격,22,Att_battle_28_07,action-4219939/stage-022/notify-016,PawnMaterialParam,1.0654710531234741,0.0,,,,,1150258,87482,True,SOURCE_PARAMETERS_SERIALIZED
requested_core,MN_RPCT_07,4219939,쿠크세이튼_군단장 시그니쳐 스킬_공격,22,Att_battle_28_07,action-4219939/stage-022/notify-017,PlayParticleEffect,1.097085952758789,0.0,True,,ParticleSystem:fx_mn_rpct_07_v.Par_V_RPCT_signalShot_01_LOC_INT,"{""schema"":""lostark.cef-play-particle-effect-header"",""version"":2,""enabled"":true,""sourceByteOffset"":47,""sourceByteValue"":1,""particleDataDecoded"":true,""sourceParticleSystem"":""ParticleSystem'fx_mn_rpct_07_v.Par_V_RPCT_signalShot_01_LOC_INT'"",""attachment"":{""mode"":""FOLLOW_NAMED_ANCHORS"",""sourceAnchorNames"":[""Bip002-R-Hand""],""runtimeAnchors"":[{""sourceAnchorName"":""Bip002-R-Hand"",""runtimeAnchorSlotId"":""Bip002-R-Hand"",""runtimeBoneName"":"""",""socketLocalTransform"":{""position"":[0.0,0.0,0.0],""rotationDegrees"":[0.0,0.0,0.0],""scale"":[1.0,1.0,1.0]},""resolutionStatus"":""MISSING_SOURCE_SOCKET""}],""runtimeAnchorSlotIds"":[""Bip002-R-Hand""],""runtimeAnchorSlotId"":""Bip002-R-Hand"",""runtimeBoneName"":"""",""socketLocalTransform"":{""position"":[0.0,0.0,0.0],""rotationDegrees"":[0.0,0.0,0.0],""scale"":[1.0,1.0,1.0]},""runtimeResolutionStatus"":""MISSING_SOURCE_SOCKET"",""sourceSelectorByteOffset"":394},""localTransform"":{""sourcePositionUeUnits"":[0.0,0.0,50.0],""position"":[0.0,0.5,-0.0],""rotationDegrees"":[0.0,0.0,-0.0],""scale"":[1.0,1.0,1.0]},""sourceTransformByteOffset"":416,""parameterOverridesDecoded"":true,""sourceParameterCountByteOffset"":508,""parameterOverrides"":[{""sourceIndex"":0,""name"":""Color"",""sourceTypeCode"":3,""sourceRecordByteOffset"":512,""type"":""vector"",""vectorValue"":[1.0,1.0,1.0],""sourceValueByteOffset"":534}]}",1150686,87505,True,SOURCE_ASSET_EXPLICIT
requested_core,MN_RPCT_07,4219939,쿠크세이튼_군단장 시그니쳐 스킬_공격,22,Att_battle_28_07,action-4219939/stage-022/notify-018,Effect,1.100000023841858,0.30000001192092896,,421991211,,,1151377,87537,True,TIMING_ONLY
requested_core,MN_RPCT_07,4219939,쿠크세이튼_군단장 시그니쳐 스킬_공격,22,Att_battle_28_07,action-4219939/stage-022/notify-019,Effect,1.100000023841858,0.30000001192092896,,421991211,,,1151527,87556,True,TIMING_ONLY
requested_core,MN_RPCT_07,4219939,쿠크세이튼_군단장 시그니쳐 스킬_공격,22,Att_battle_28_07,action-4219939/stage-022/notify-020,Effect,1.2999999523162842,0.10000000149011612,,421991221,,,1151677,87575,True,TIMING_ONLY
requested_core,MN_RPCT_07,4219939,쿠크세이튼_군단장 시그니쳐 스킬_공격,22,Att_battle_28_07,action-4219939/stage-022/notify-021,Effect,1.399999976158142,0.30000001192092896,,421991211,,,1151827,87594,True,TIMING_ONLY
requested_core,MN_RPCT_07,4219939,쿠크세이튼_군단장 시그니쳐 스킬_공격,22,Att_battle_28_07,action-4219939/stage-022/notify-022,Effect,1.399999976158142,0.30000001192092896,,421991211,,,1151977,87613,True,TIMING_ONLY
requested_core,MN_RPCT_07,4219939,쿠크세이튼_군단장 시그니쳐 스킬_공격,22,Att_battle_28_07,action-4219939/stage-022/notify-023,Effect,1.7000000476837158,0.30000001192092896,,421991211,,,1152127,87632,True,TIMING_ONLY
requested_core,MN_RPCT_07,4219939,쿠크세이튼_군단장 시그니쳐 스킬_공격,22,Att_battle_28_07,action-4219939/stage-022/notify-024,Effect,1.7000000476837158,0.30000001192092896,,421991211,,,1152277,87651,True,TIMING_ONLY
requested_core,MN_RPCT_07,4219939,쿠크세이튼_군단장 시그니쳐 스킬_공격,22,Att_battle_28_07,action-4219939/stage-022/notify-025,Effect,2.0,0.30000001192092896,,421991211,,,1152427,87670,True,TIMING_ONLY
requested_core,MN_RPCT_07,4219939,쿠크세이튼_군단장 시그니쳐 스킬_공격,22,Att_battle_28_07,action-4219939/stage-022/notify-026,Effect,2.0,0.30000001192092896,,421991211,,,1152577,87689,True,TIMING_ONLY
requested_core,MN_RPCT_07,4219939,쿠크세이튼_군단장 시그니쳐 스킬_공격,22,Att_battle_28_07,action-4219939/stage-022/notify-027,Effect,2.299999952316284,0.30000001192092896,,421991211,,,1152727,87708,True,TIMING_ONLY
requested_core,MN_RPCT_07,4219939,쿠크세이튼_군단장 시그니쳐 스킬_공격,22,Att_battle_28_07,action-4219939/stage-022/notify-028,Effect,2.299999952316284,0.30000001192092896,,421991211,,,1152877,87727,True,TIMING_ONLY
requested_core,MN_RPCT_07,4219939,쿠크세이튼_군단장 시그니쳐 스킬_공격,22,Att_battle_28_07,action-4219939/stage-022/notify-029,Effect,2.5999999046325684,0.30000001192092896,,421991211,,,1153027,87746,True,TIMING_ONLY
requested_core,MN_RPCT_07,4219939,쿠크세이튼_군단장 시그니쳐 스킬_공격,22,Att_battle_28_07,action-4219939/stage-022/notify-030,Effect,2.5999999046325684,0.30000001192092896,,421991211,,,1153177,87765,True,TIMING_ONLY
requested_core,MN_RPCT_07,4219939,쿠크세이튼_군단장 시그니쳐 스킬_공격,22,Att_battle_28_07,action-4219939/stage-022/notify-031,Effect,2.9000000953674316,0.30000001192092896,,421991211,,,1153327,87784,True,TIMING_ONLY
requested_core,MN_RPCT_07,4219939,쿠크세이튼_군단장 시그니쳐 스킬_공격,22,Att_battle_28_07,action-4219939/stage-022/notify-032,Effect,2.9000000953674316,0.30000001192092896,,421991211,,,1153477,87803,True,TIMING_ONLY
requested_core,MN_RPCT_07,4219939,쿠크세이튼_군단장 시그니쳐 스킬_공격,22,Att_battle_28_07,action-4219939/stage-022/notify-033,Effect,3.200000047683716,0.30000001192092896,,421991211,,,1153627,87822,True,TIMING_ONLY
requested_core,MN_RPCT_07,4219939,쿠크세이튼_군단장 시그니쳐 스킬_공격,22,Att_battle_28_07,action-4219939/stage-022/notify-034,Effect,3.200000047683716,0.30000001192092896,,421991211,,,1153777,87841,True,TIMING_ONLY
requested_core,MN_RPCT_07,4219939,쿠크세이튼_군단장 시그니쳐 스킬_공격,22,Att_battle_28_07,action-4219939/stage-022/notify-035,Effect,3.5,0.30000001192092896,,421991211,,,1153927,87860,True,TIMING_ONLY
requested_core,MN_RPCT_07,4219939,쿠크세이튼_군단장 시그니쳐 스킬_공격,22,Att_battle_28_07,action-4219939/stage-022/notify-036,Effect,3.5,0.30000001192092896,,421991211,,,1154077,87879,True,TIMING_ONLY
requested_core,MN_RPCT_07,4219939,쿠크세이튼_군단장 시그니쳐 스킬_공격,22,Att_battle_28_07,action-4219939/stage-022/notify-037,Effect,3.5,0.30000001192092896,,421991215,,,1154227,87898,True,TIMING_ONLY
requested_core,MN_RPCT_07,4219939,쿠크세이튼_군단장 시그니쳐 스킬_공격,22,Att_battle_28_07,action-4219939/stage-022/notify-038,Effect,3.5,0.30000001192092896,,421991215,,,1154377,87917,True,TIMING_ONLY
requested_core,MN_RPCT_07,4219939,쿠크세이튼_군단장 시그니쳐 스킬_공격,22,Att_battle_28_07,action-4219939/stage-022/notify-039,Effect,3.799999952316284,0.30000001192092896,,421991211,,,1154527,87936,True,TIMING_ONLY
requested_core,MN_RPCT_07,4219939,쿠크세이튼_군단장 시그니쳐 스킬_공격,22,Att_battle_28_07,action-4219939/stage-022/notify-040,Effect,3.799999952316284,0.30000001192092896,,421991211,,,1154677,87955,True,TIMING_ONLY
requested_core,MN_RPCT_07,4219939,쿠크세이튼_군단장 시그니쳐 스킬_공격,22,Att_battle_28_07,action-4219939/stage-022/notify-041,Effect,4.099999904632568,0.30000001192092896,,421991211,,,1154827,87974,True,TIMING_ONLY
requested_core,MN_RPCT_07,4219939,쿠크세이튼_군단장 시그니쳐 스킬_공격,22,Att_battle_28_07,action-4219939/stage-022/notify-042,Effect,4.099999904632568,0.30000001192092896,,421991211,,,1154977,87993,True,TIMING_ONLY
requested_core,MN_RPCT_07,4219939,쿠크세이튼_군단장 시그니쳐 스킬_공격,22,Att_battle_28_07,action-4219939/stage-022/notify-043,Effect,4.400000095367432,0.30000001192092896,,421991211,,,1155127,88012,True,TIMING_ONLY
requested_core,MN_RPCT_07,4219939,쿠크세이튼_군단장 시그니쳐 스킬_공격,22,Att_battle_28_07,action-4219939/stage-022/notify-044,Effect,4.400000095367432,0.30000001192092896,,421991211,,,1155277,88031,True,TIMING_ONLY
requested_core,MN_RPCT_07,4219939,쿠크세이튼_군단장 시그니쳐 스킬_공격,22,Att_battle_28_07,action-4219939/stage-022/notify-045,GameNote,4.630000114440918,0.0,,,,,1155427,88050,True,TIMING_OR_STATE_ONLY
requested_core,MN_RPCT_07,4219939,쿠크세이튼_군단장 시그니쳐 스킬_공격,22,Att_battle_28_07,action-4219939/stage-022/notify-046,Effect,4.800000190734863,0.30000001192092896,,421991211,,,1155519,88069,True,TIMING_ONLY
requested_core,MN_RPCT_07,4219939,쿠크세이튼_군단장 시그니쳐 스킬_공격,22,Att_battle_28_07,action-4219939/stage-022/notify-047,Effect,4.800000190734863,0.30000001192092896,,421991211,,,1155669,88088,True,TIMING_ONLY
requested_core,MN_RPCT_07,4219939,쿠크세이튼_군단장 시그니쳐 스킬_공격,22,Att_battle_28_07,action-4219939/stage-022/notify-048,Effect,5.099999904632568,0.30000001192092896,,421991211,,,1155819,88107,True,TIMING_ONLY
requested_core,MN_RPCT_07,4219939,쿠크세이튼_군단장 시그니쳐 스킬_공격,22,Att_battle_28_07,action-4219939/stage-022/notify-049,Effect,5.099999904632568,0.30000001192092896,,421991211,,,1155969,88126,True,TIMING_ONLY
requested_core,MN_RPCT_07,4219939,쿠크세이튼_군단장 시그니쳐 스킬_공격,22,Att_battle_28_07,action-4219939/stage-022/notify-050,Effect,5.400000095367432,0.30000001192092896,,421991211,,,1156119,88145,True,TIMING_ONLY
requested_core,MN_RPCT_07,4219939,쿠크세이튼_군단장 시그니쳐 스킬_공격,22,Att_battle_28_07,action-4219939/stage-022/notify-051,Effect,5.400000095367432,0.30000001192092896,,421991211,,,1156269,88164,True,TIMING_ONLY
requested_core,MN_RPCT_07,4219939,쿠크세이튼_군단장 시그니쳐 스킬_공격,22,Att_battle_28_07,action-4219939/stage-022/notify-052,Effect,5.599999904632568,0.30000001192092896,,421991211,,,1156419,88183,True,TIMING_ONLY
requested_core,MN_RPCT_07,4219939,쿠크세이튼_군단장 시그니쳐 스킬_공격,22,Att_battle_28_07,action-4219939/stage-022/notify-053,Effect,5.599999904632568,0.30000001192092896,,421991211,,,1156569,88202,True,TIMING_ONLY
requested_core,MN_RPCT_07,4219939,쿠크세이튼_군단장 시그니쳐 스킬_공격,22,Att_battle_28_07,action-4219939/stage-022/notify-054,Effect,5.800000190734863,0.30000001192092896,,421991211,,,1156719,88221,True,TIMING_ONLY
requested_core,MN_RPCT_07,4219939,쿠크세이튼_군단장 시그니쳐 스킬_공격,22,Att_battle_28_07,action-4219939/stage-022/notify-055,Effect,5.800000190734863,0.30000001192092896,,421991211,,,1156869,88240,True,TIMING_ONLY
requested_core,MN_RPCT_07,4219939,쿠크세이튼_군단장 시그니쳐 스킬_공격,22,Att_battle_28_07,action-4219939/stage-022/notify-056,Effect,5.800000190734863,0.10000000149011612,,421991219,,,1157019,88259,True,TIMING_ONLY
requested_core,MN_RPCT_07,4219939,쿠크세이튼_군단장 시그니쳐 스킬_공격,22,Att_battle_28_07,action-4219939/stage-022/notify-057,Effect,6.0,0.30000001192092896,,421991211,,,1157169,88278,True,TIMING_ONLY
requested_core,MN_RPCT_07,4219939,쿠크세이튼_군단장 시그니쳐 스킬_공격,22,Att_battle_28_07,action-4219939/stage-022/notify-058,Effect,6.0,0.30000001192092896,,421991211,,,1157319,88297,True,TIMING_ONLY
requested_core,MN_RPCT_07,4219939,쿠크세이튼_군단장 시그니쳐 스킬_공격,22,Att_battle_28_07,action-4219939/stage-022/notify-059,Effect,6.199999809265137,0.30000001192092896,,421991211,,,1157469,88316,True,TIMING_ONLY
requested_core,MN_RPCT_07,4219939,쿠크세이튼_군단장 시그니쳐 스킬_공격,22,Att_battle_28_07,action-4219939/stage-022/notify-060,Effect,6.199999809265137,0.30000001192092896,,421991211,,,1157619,88335,True,TIMING_ONLY
requested_core,MN_RPCT_07,4219939,쿠크세이튼_군단장 시그니쳐 스킬_공격,22,Att_battle_28_07,action-4219939/stage-022/notify-061,Effect,6.5,0.4000000059604645,,421991211,,,1157769,88354,True,TIMING_ONLY
requested_core,MN_RPCT_07,4219939,쿠크세이튼_군단장 시그니쳐 스킬_공격,22,Att_battle_28_07,action-4219939/stage-022/notify-062,Effect,6.5,0.4000000059604645,,421991211,,,1157919,88373,True,TIMING_ONLY
requested_core,MN_RPCT_07,4219939,쿠크세이튼_군단장 시그니쳐 스킬_공격,22,Att_battle_28_07,action-4219939/stage-022/notify-063,Effect,6.630000114440918,0.0,,421991243,,,1158069,88392,True,TIMING_ONLY
requested_core,MN_RPCT_07,4219939,쿠크세이튼_군단장 시그니쳐 스킬_공격,22,Att_battle_28_07,action-4219939/stage-022/notify-064,Effect,6.900000095367432,0.30000001192092896,,421991211,,,1158219,88411,True,TIMING_ONLY
requested_core,MN_RPCT_07,4219939,쿠크세이튼_군단장 시그니쳐 스킬_공격,22,Att_battle_28_07,action-4219939/stage-022/notify-065,Effect,6.900000095367432,0.30000001192092896,,421991211,,,1158369,88430,True,TIMING_ONLY
requested_core,MN_RPCT_07,4219939,쿠크세이튼_군단장 시그니쳐 스킬_공격,22,Att_battle_28_07,action-4219939/stage-022/notify-066,Effect,7.199999809265137,0.30000001192092896,,421991211,,,1158519,88449,True,TIMING_ONLY
requested_core,MN_RPCT_07,4219939,쿠크세이튼_군단장 시그니쳐 스킬_공격,22,Att_battle_28_07,action-4219939/stage-022/notify-067,Effect,7.199999809265137,0.30000001192092896,,421991211,,,1158669,88468,True,TIMING_ONLY
requested_core,MN_RPCT_07,4219939,쿠크세이튼_군단장 시그니쳐 스킬_공격,22,Att_battle_28_07,action-4219939/stage-022/notify-068,Effect,7.5,0.30000001192092896,,421991211,,,1158819,88487,True,TIMING_ONLY
requested_core,MN_RPCT_07,4219939,쿠크세이튼_군단장 시그니쳐 스킬_공격,22,Att_battle_28_07,action-4219939/stage-022/notify-069,Effect,7.5,0.30000001192092896,,421991211,,,1158969,88506,True,TIMING_ONLY
requested_core,MN_RPCT_07,4219939,쿠크세이튼_군단장 시그니쳐 스킬_공격,22,Att_battle_28_07,action-4219939/stage-022/notify-070,Effect,7.800000190734863,0.30000001192092896,,421991211,,,1159119,88525,True,TIMING_ONLY
requested_core,MN_RPCT_07,4219939,쿠크세이튼_군단장 시그니쳐 스킬_공격,22,Att_battle_28_07,action-4219939/stage-022/notify-071,Effect,7.800000190734863,0.30000001192092896,,421991211,,,1159269,88544,True,TIMING_ONLY
requested_core,MN_RPCT_07,4219939,쿠크세이튼_군단장 시그니쳐 스킬_공격,22,Att_battle_28_07,action-4219939/stage-022/notify-072,Effect,8.100000381469727,0.30000001192092896,,421991211,,,1159419,88563,True,TIMING_ONLY
requested_core,MN_RPCT_07,4219939,쿠크세이튼_군단장 시그니쳐 스킬_공격,22,Att_battle_28_07,action-4219939/stage-022/notify-073,Effect,8.100000381469727,0.30000001192092896,,421991211,,,1159569,88582,True,TIMING_ONLY
requested_core,MN_RPCT_07,4219939,쿠크세이튼_군단장 시그니쳐 스킬_공격,22,Att_battle_28_07,action-4219939/stage-022/notify-074,AKEvent,8.390000343322754,1.3432999849319458,,,AkEvent:S_Mob_G_KoukuSatan1.G_KoukuSatan1_Attack23_Cast2,,1159719,88601,True,SOURCE_ASSET_EXPLICIT
requested_core,MN_RPCT_07,4219939,쿠크세이튼_군단장 시그니쳐 스킬_공격,22,Att_battle_28_07,action-4219939/stage-022/notify-075,MonsterMoveNextStageConditionChangeTarget,9.630000114440918,0.0,,,,,1159930,88630,True,TIMING_OR_STATE_ONLY
requested_core,MN_RPCT_07,4219939,쿠크세이튼_군단장 시그니쳐 스킬_공격,23,Att_battle_28_08,action-4219939/stage-023/notify-000,Anim,0.0,4.8333330154418945,,,,,1161907,88670,True,SOURCE_CLIP_EXPLICIT
requested_core,MN_RPCT_07,4219939,쿠크세이튼_군단장 시그니쳐 스킬_공격,23,Att_battle_28_08,action-4219939/stage-023/notify-001,PlayParticleEffect,0.0,4.8333001136779785,True,,ParticleSystem:FX_MN_RPCT_07_V.Par_V_RPCT_07_Bazooka_Loop,"{""schema"":""lostark.cef-play-particle-effect-header"",""version"":2,""enabled"":true,""sourceByteOffset"":47,""sourceByteValue"":1,""particleDataDecoded"":true,""sourceParticleSystem"":""ParticleSystem'FX_MN_RPCT_07_V.Par_V_RPCT_07_Bazooka_Loop'"",""attachment"":{""mode"":""FOLLOW_NAMED_ANCHORS"",""sourceAnchorNames"":[""B_WP_1""],""runtimeAnchors"":[{""sourceAnchorName"":""B_WP_1"",""runtimeAnchorSlotId"":""B_WP_1"",""runtimeBoneName"":""b_wp_1"",""socketLocalTransform"":{""position"":[0.0,0.0,0.0],""rotationDegrees"":[0.0,0.0,0.0],""scale"":[1.0,1.0,1.0]},""resolutionStatus"":""EXACT_SOURCE_BONE""}],""runtimeAnchorSlotIds"":[""B_WP_1""],""runtimeAnchorSlotId"":""B_WP_1"",""runtimeBoneName"":""b_wp_1"",""socketLocalTransform"":{""position"":[0.0,0.0,0.0],""rotationDegrees"":[0.0,0.0,0.0],""scale"":[1.0,1.0,1.0]},""runtimeResolutionStatus"":""EXACT_SOURCE_BONE"",""sourceSelectorByteOffset"":392},""localTransform"":{""sourcePositionUeUnits"":[0.0,0.0,0.0],""position"":[0.0,0.0,-0.0],""rotationDegrees"":[0.0,0.0,-0.0],""scale"":[1.0,1.0,1.0]},""sourceTransformByteOffset"":407,""parameterOverridesDecoded"":true,""sourceParameterCountByteOffset"":499,""parameterOverrides"":[]}",1162199,88697,True,SOURCE_ASSET_EXPLICIT
requested_core,MN_RPCT_07,4219939,쿠크세이튼_군단장 시그니쳐 스킬_공격,23,Att_battle_28_08,action-4219939/stage-023/notify-002,PlayParticleEffect,0.0,4.8333001136779785,True,,ParticleSystem:FX_MN_RPCT_07_V.Par_V_RPCT_07_Bazooka_Loop,"{""schema"":""lostark.cef-play-particle-effect-header"",""version"":2,""enabled"":true,""sourceByteOffset"":47,""sourceByteValue"":1,""particleDataDecoded"":true,""sourceParticleSystem"":""ParticleSystem'FX_MN_RPCT_07_V.Par_V_RPCT_07_Bazooka_Loop'"",""attachment"":{""mode"":""FOLLOW_NAMED_ANCHORS"",""sourceAnchorNames"":[""B_WP_2""],""runtimeAnchors"":[{""sourceAnchorName"":""B_WP_2"",""runtimeAnchorSlotId"":""B_WP_2"",""runtimeBoneName"":""b_wp_2"",""socketLocalTransform"":{""position"":[0.0,0.0,0.0],""rotationDegrees"":[0.0,0.0,0.0],""scale"":[1.0,1.0,1.0]},""resolutionStatus"":""EXACT_SOURCE_BONE""}],""runtimeAnchorSlotIds"":[""B_WP_2""],""runtimeAnchorSlotId"":""B_WP_2"",""runtimeBoneName"":""b_wp_2"",""socketLocalTransform"":{""position"":[0.0,0.0,0.0],""rotationDegrees"":[0.0,0.0,0.0],""scale"":[1.0,1.0,1.0]},""runtimeResolutionStatus"":""EXACT_SOURCE_BONE"",""sourceSelectorByteOffset"":392},""localTransform"":{""sourcePositionUeUnits"":[0.0,0.0,0.0],""position"":[0.0,0.0,-0.0],""rotationDegrees"":[0.0,0.0,-0.0],""scale"":[1.0,1.0,1.0]},""sourceTransformByteOffset"":407,""parameterOverridesDecoded"":true,""sourceParameterCountByteOffset"":499,""parameterOverrides"":[]}",1162802,88728,True,SOURCE_ASSET_EXPLICIT
requested_core,MN_RPCT_07,4219939,쿠크세이튼_군단장 시그니쳐 스킬_공격,23,Att_battle_28_08,action-4219939/stage-023/notify-003,LookTarget,0.0,0.699999988079071,,,,,1163405,88759,True,TIMING_OR_STATE_ONLY
requested_core,MN_RPCT_07,4219939,쿠크세이튼_군단장 시그니쳐 스킬_공격,23,Att_battle_28_08,action-4219939/stage-023/notify-004,PlayParticleEffect,0.0,1.5217020511627197,True,,ParticleSystem:fx_mn_rpct_07_v.Par_V_RPCT_Gun_shot_Decal_01_LOC_INT,"{""schema"":""lostark.cef-play-particle-effect-header"",""version"":2,""enabled"":true,""sourceByteOffset"":47,""sourceByteValue"":1,""particleDataDecoded"":true,""sourceParticleSystem"":""ParticleSystem'fx_mn_rpct_07_v.Par_V_RPCT_Gun_shot_Decal_01_LOC_INT'"",""attachment"":{""mode"":""FOLLOW_NAMED_ANCHORS"",""sourceAnchorNames"":[""B_Root""],""runtimeAnchors"":[{""sourceAnchorName"":""B_Root"",""runtimeAnchorSlotId"":""B_Root"",""runtimeBoneName"":""b_root"",""socketLocalTransform"":{""position"":[0.0,0.0,0.0],""rotationDegrees"":[0.0,0.0,0.0],""scale"":[1.0,1.0,1.0]},""resolutionStatus"":""EXACT_SOURCE_BONE""}],""runtimeAnchorSlotIds"":[""B_Root""],""runtimeAnchorSlotId"":""B_Root"",""runtimeBoneName"":""b_root"",""socketLocalTransform"":{""position"":[0.0,0.0,0.0],""rotationDegrees"":[0.0,0.0,0.0],""scale"":[1.0,1.0,1.0]},""runtimeResolutionStatus"":""EXACT_SOURCE_BONE"",""sourceSelectorByteOffset"":399},""localTransform"":{""sourcePositionUeUnits"":[0.0,0.0,0.0],""position"":[0.0,0.0,-0.0],""rotationDegrees"":[0.0,0.0,-0.0],""scale"":[1.0,1.0,1.0]},""sourceTransformByteOffset"":414,""parameterOverridesDecoded"":true,""sourceParameterCountByteOffset"":506,""parameterOverrides"":[]}",1163507,88778,True,SOURCE_ASSET_EXPLICIT
requested_core,MN_RPCT_07,4219939,쿠크세이튼_군단장 시그니쳐 스킬_공격,23,Att_battle_28_08,action-4219939/stage-023/notify-005,PlayParticleEffect,0.09128399938344955,4.742015838623047,True,,ParticleSystem:FX_MN_RPCT_07_V.Par_V_RPCT_Bazooka_mesh_01,"{""schema"":""lostark.cef-play-particle-effect-header"",""version"":2,""enabled"":true,""sourceByteOffset"":47,""sourceByteValue"":1,""particleDataDecoded"":true,""sourceParticleSystem"":""ParticleSystem'FX_MN_RPCT_07_V.Par_V_RPCT_Bazooka_mesh_01'"",""attachment"":{""mode"":""FOLLOW_NAMED_ANCHORS"",""sourceAnchorNames"":[""Bip002-R-Hand""],""runtimeAnchors"":[{""sourceAnchorName"":""Bip002-R-Hand"",""runtimeAnchorSlotId"":""Bip002-R-Hand"",""runtimeBoneName"":"""",""socketLocalTransform"":{""position"":[0.0,0.0,0.0],""rotationDegrees"":[0.0,0.0,0.0],""scale"":[1.0,1.0,1.0]},""resolutionStatus"":""MISSING_SOURCE_SOCKET""}],""runtimeAnchorSlotIds"":[""Bip002-R-Hand""],""runtimeAnchorSlotId"":""Bip002-R-Hand"",""runtimeBoneName"":"""",""socketLocalTransform"":{""position"":[0.0,0.0,0.0],""rotationDegrees"":[0.0,0.0,0.0],""scale"":[1.0,1.0,1.0]},""runtimeResolutionStatus"":""MISSING_SOURCE_SOCKET"",""sourceSelectorByteOffset"":383},""localTransform"":{""sourcePositionUeUnits"":[0.0,0.0,0.0],""position"":[0.0,0.0,-0.0],""rotationDegrees"":[0.0,0.0,-0.0],""scale"":[0.30000001192092896,0.30000001192092896,0.30000001192092896]},""sourceTransformByteOffset"":405,""parameterOverridesDecoded"":true,""sourceParameterCountByteOffset"":497,""parameterOverrides"":[]}",1164117,88809,True,SOURCE_ASSET_EXPLICIT
requested_core,MN_RPCT_07,4219939,쿠크세이튼_군단장 시그니쳐 스킬_공격,23,Att_battle_28_08,action-4219939/stage-023/notify-006,Effect,0.5,0.10000000149011612,,421991235,,,1164718,88839,True,TIMING_ONLY
requested_core,MN_RPCT_07,4219939,쿠크세이튼_군단장 시그니쳐 스킬_공격,23,Att_battle_28_08,action-4219939/stage-023/notify-007,Effect,0.5,0.10000000149011612,,421991236,,,1164868,88858,True,TIMING_ONLY
requested_core,MN_RPCT_07,4219939,쿠크세이튼_군단장 시그니쳐 스킬_공격,23,Att_battle_28_08,action-4219939/stage-023/notify-008,AKEvent,1.0,2.2750110626220703,,,AkEvent:S_Mob_G_KoukuSatan1.G_KoukuSatan1_Attack23_Cast3,,1165018,88877,True,SOURCE_ASSET_EXPLICIT
requested_core,MN_RPCT_07,4219939,쿠크세이튼_군단장 시그니쳐 스킬_공격,23,Att_battle_28_08,action-4219939/stage-023/notify-009,PlayParticleEffect,1.0653070211410522,0.0,True,,ParticleSystem:fx_mn_rpct_07_v.Par_V_RPCT_BallRead_Exp_01_LOC_INT,"{""schema"":""lostark.cef-play-particle-effect-header"",""version"":2,""enabled"":true,""sourceByteOffset"":47,""sourceByteValue"":1,""particleDataDecoded"":true,""sourceParticleSystem"":""ParticleSystem'fx_mn_rpct_07_v.Par_V_RPCT_BallRead_Exp_01_LOC_INT'"",""attachment"":{""mode"":""FOLLOW_NAMED_ANCHORS"",""sourceAnchorNames"":[""Bip002-R-Hand""],""runtimeAnchors"":[{""sourceAnchorName"":""Bip002-R-Hand"",""runtimeAnchorSlotId"":""Bip002-R-Hand"",""runtimeBoneName"":"""",""socketLocalTransform"":{""position"":[0.0,0.0,0.0],""rotationDegrees"":[0.0,0.0,0.0],""scale"":[1.0,1.0,1.0]},""resolutionStatus"":""MISSING_SOURCE_SOCKET""}],""runtimeAnchorSlotIds"":[""Bip002-R-Hand""],""runtimeAnchorSlotId"":""Bip002-R-Hand"",""runtimeBoneName"":"""",""socketLocalTransform"":{""position"":[0.0,0.0,0.0],""rotationDegrees"":[0.0,0.0,0.0],""scale"":[1.0,1.0,1.0]},""runtimeResolutionStatus"":""MISSING_SOURCE_SOCKET"",""sourceSelectorByteOffset"":397},""localTransform"":{""sourcePositionUeUnits"":[0.0,0.0,0.0],""position"":[0.0,0.0,-0.0],""rotationDegrees"":[0.0,0.0,-0.0],""scale"":[0.4000000059604645,0.4000000059604645,0.4000000059604645]},""sourceTransformByteOffset"":419,""parameterOverridesDecoded"":true,""sourceParameterCountByteOffset"":511,""parameterOverrides"":[]}",1165229,88906,True,SOURCE_ASSET_EXPLICIT
requested_core,MN_RPCT_07,4219939,쿠크세이튼_군단장 시그니쳐 스킬_공격,23,Att_battle_28_08,action-4219939/stage-023/notify-010,PawnMaterialParam,1.0654710531234741,0.0,,,,,1165844,88937,True,SOURCE_PARAMETERS_SERIALIZED
requested_core,MN_RPCT_07,4219939,쿠크세이튼_군단장 시그니쳐 스킬_공격,23,Att_battle_28_08,action-4219939/stage-023/notify-011,PlayParticleEffect,1.097085952758789,0.0,True,,ParticleSystem:fx_mn_rpct_07_v.Par_V_RPCT_signalShot_01_LOC_INT,"{""schema"":""lostark.cef-play-particle-effect-header"",""version"":2,""enabled"":true,""sourceByteOffset"":47,""sourceByteValue"":1,""particleDataDecoded"":true,""sourceParticleSystem"":""ParticleSystem'fx_mn_rpct_07_v.Par_V_RPCT_signalShot_01_LOC_INT'"",""attachment"":{""mode"":""FOLLOW_NAMED_ANCHORS"",""sourceAnchorNames"":[""Bip002-R-Hand""],""runtimeAnchors"":[{""sourceAnchorName"":""Bip002-R-Hand"",""runtimeAnchorSlotId"":""Bip002-R-Hand"",""runtimeBoneName"":"""",""socketLocalTransform"":{""position"":[0.0,0.0,0.0],""rotationDegrees"":[0.0,0.0,0.0],""scale"":[1.0,1.0,1.0]},""resolutionStatus"":""MISSING_SOURCE_SOCKET""}],""runtimeAnchorSlotIds"":[""Bip002-R-Hand""],""runtimeAnchorSlotId"":""Bip002-R-Hand"",""runtimeBoneName"":"""",""socketLocalTransform"":{""position"":[0.0,0.0,0.0],""rotationDegrees"":[0.0,0.0,0.0],""scale"":[1.0,1.0,1.0]},""runtimeResolutionStatus"":""MISSING_SOURCE_SOCKET"",""sourceSelectorByteOffset"":394},""localTransform"":{""sourcePositionUeUnits"":[0.0,0.0,50.0],""position"":[0.0,0.5,-0.0],""rotationDegrees"":[0.0,0.0,-0.0],""scale"":[1.0,1.0,1.0]},""sourceTransformByteOffset"":416,""parameterOverridesDecoded"":true,""sourceParameterCountByteOffset"":508,""parameterOverrides"":[{""sourceIndex"":0,""name"":""Color"",""sourceTypeCode"":3,""sourceRecordByteOffset"":512,""type"":""vector"",""vectorValue"":[1.0,1.0,1.0],""sourceValueByteOffset"":534}]}",1166272,88960,True,SOURCE_ASSET_EXPLICIT
requested_core,MN_RPCT_07,4219939,쿠크세이튼_군단장 시그니쳐 스킬_공격,23,Att_battle_28_08,action-4219939/stage-023/notify-012,AKEvent,1.4800000190734863,3.353300094604492,,,AkEvent:S_Mob_G_KoukuSatan1.G_KoukuSatan1_Attack23_Shot3,,1166963,88992,True,SOURCE_ASSET_EXPLICIT
requested_core,MN_RPCT_07,4219939,쿠크세이튼_군단장 시그니쳐 스킬_공격,23,Att_battle_28_08,action-4219939/stage-023/notify-013,Effect,1.5,0.30000001192092896,,421991211,,,1167174,89021,True,TIMING_ONLY
requested_core,MN_RPCT_07,4219939,쿠크세이튼_군단장 시그니쳐 스킬_공격,23,Att_battle_28_08,action-4219939/stage-023/notify-014,Effect,1.5,0.30000001192092896,,421991211,,,1167324,89040,True,TIMING_ONLY
requested_core,MN_RPCT_07,4219939,쿠크세이튼_군단장 시그니쳐 스킬_공격,23,Att_battle_28_08,action-4219939/stage-023/notify-015,PlayParticleEffect,1.5039130449295044,0.0,True,,ParticleSystem:fx_mn_rpct_07_v.Par_V_RPCT_Signature_01_1_LOC_INT,"{""schema"":""lostark.cef-play-particle-effect-header"",""version"":2,""enabled"":true,""sourceByteOffset"":47,""sourceByteValue"":1,""particleDataDecoded"":true,""sourceParticleSystem"":""ParticleSystem'fx_mn_rpct_07_v.Par_V_RPCT_Signature_01_1_LOC_INT'"",""attachment"":{""mode"":""FOLLOW_NAMED_ANCHORS"",""sourceAnchorNames"":[""B_WP_2""],""runtimeAnchors"":[{""sourceAnchorName"":""B_WP_2"",""runtimeAnchorSlotId"":""B_WP_2"",""runtimeBoneName"":""b_wp_2"",""socketLocalTransform"":{""position"":[0.0,0.0,0.0],""rotationDegrees"":[0.0,0.0,0.0],""scale"":[1.0,1.0,1.0]},""resolutionStatus"":""EXACT_SOURCE_BONE""}],""runtimeAnchorSlotIds"":[""B_WP_2""],""runtimeAnchorSlotId"":""B_WP_2"",""runtimeBoneName"":""b_wp_2"",""socketLocalTransform"":{""position"":[0.0,0.0,0.0],""rotationDegrees"":[0.0,0.0,0.0],""scale"":[1.0,1.0,1.0]},""runtimeResolutionStatus"":""EXACT_SOURCE_BONE"",""sourceSelectorByteOffset"":402},""localTransform"":{""sourcePositionUeUnits"":[150.0,0.0,50.0],""position"":[1.5,0.5,-0.0],""rotationDegrees"":[0.0,0.0,-0.0],""scale"":[3.0,3.0,3.0]},""sourceTransformByteOffset"":417,""parameterOverridesDecoded"":true,""sourceParameterCountByteOffset"":509,""parameterOverrides"":[{""sourceIndex"":0,""name"":""Color"",""sourceTypeCode"":3,""sourceRecordByteOffset"":513,""type"":""vector"",""vectorValue"":[1.0,1.0,1.0],""sourceValueByteOffset"":535},{""sourceIndex"":1,""name"":""Alpha"",""sourceTypeCode"":1,""sourceRecordByteOffset"":592,""type"":""scalar"",""scalarValue"":1.0,""sourceValueByteOffset"":606}]}",1167474,89059,True,SOURCE_ASSET_EXPLICIT
requested_core,MN_RPCT_07,4219939,쿠크세이튼_군단장 시그니쳐 스킬_공격,23,Att_battle_28_08,action-4219939/stage-023/notify-016,PlayParticleEffect,1.5050239562988281,0.0,True,,ParticleSystem:fx_mn_rpct_07_v.Par_V_RPCT_Signature_01_1_LOC_INT,"{""schema"":""lostark.cef-play-particle-effect-header"",""version"":2,""enabled"":true,""sourceByteOffset"":47,""sourceByteValue"":1,""particleDataDecoded"":true,""sourceParticleSystem"":""ParticleSystem'fx_mn_rpct_07_v.Par_V_RPCT_Signature_01_1_LOC_INT'"",""attachment"":{""mode"":""FOLLOW_NAMED_ANCHORS"",""sourceAnchorNames"":[""B_WP_1""],""runtimeAnchors"":[{""sourceAnchorName"":""B_WP_1"",""runtimeAnchorSlotId"":""B_WP_1"",""runtimeBoneName"":""b_wp_1"",""socketLocalTransform"":{""position"":[0.0,0.0,0.0],""rotationDegrees"":[0.0,0.0,0.0],""scale"":[1.0,1.0,1.0]},""resolutionStatus"":""EXACT_SOURCE_BONE""}],""runtimeAnchorSlotIds"":[""B_WP_1""],""runtimeAnchorSlotId"":""B_WP_1"",""runtimeBoneName"":""b_wp_1"",""socketLocalTransform"":{""position"":[0.0,0.0,0.0],""rotationDegrees"":[0.0,0.0,0.0],""scale"":[1.0,1.0,1.0]},""runtimeResolutionStatus"":""EXACT_SOURCE_BONE"",""sourceSelectorByteOffset"":402},""localTransform"":{""sourcePositionUeUnits"":[150.0,0.0,50.0],""position"":[1.5,0.5,-0.0],""rotationDegrees"":[0.0,0.0,-0.0],""scale"":[3.0,3.0,3.0]},""sourceTransformByteOffset"":417,""parameterOverridesDecoded"":true,""sourceParameterCountByteOffset"":509,""parameterOverrides"":[{""sourceIndex"":0,""name"":""Color"",""sourceTypeCode"":3,""sourceRecordByteOffset"":513,""type"":""vector"",""vectorValue"":[1.0,1.0,1.0],""sourceValueByteOffset"":535},{""sourceIndex"":1,""name"":""Alpha"",""sourceTypeCode"":1,""sourceRecordByteOffset"":592,""type"":""scalar"",""scalarValue"":1.0,""sourceValueByteOffset"":606}]}",1168245,89092,True,SOURCE_ASSET_EXPLICIT
requested_core,MN_RPCT_07,4219939,쿠크세이튼_군단장 시그니쳐 스킬_공격,23,Att_battle_28_08,action-4219939/stage-023/notify-017,PlayParticleEffect,1.5206660032272339,0.0,True,,ParticleSystem:FX_CM_02.Light.Par_MP_Light_01,"{""schema"":""lostark.cef-play-particle-effect-header"",""version"":2,""enabled"":true,""sourceByteOffset"":47,""sourceByteValue"":1,""particleDataDecoded"":true,""sourceParticleSystem"":""ParticleSystem'FX_CM_02.Light.Par_MP_Light_01'"",""attachment"":{""mode"":""SNAPSHOT_ROOT"",""sourceAnchorNames"":[],""runtimeAnchors"":[],""runtimeAnchorSlotIds"":[],""runtimeAnchorSlotId"":""root"",""runtimeBoneName"":"""",""socketLocalTransform"":{""position"":[0.0,0.0,0.0],""rotationDegrees"":[0.0,0.0,0.0],""scale"":[1.0,1.0,1.0]},""runtimeResolutionStatus"":""EXACT_ROOT_SNAPSHOT"",""sourceSelectorByteOffset"":null},""localTransform"":{""sourcePositionUeUnits"":[50.0,0.0,50.0],""position"":[0.5,0.5,-0.0],""rotationDegrees"":[0.0,0.0,-0.0],""scale"":[3.0,3.0,3.0]},""sourceTransformByteOffset"":389,""parameterOverridesDecoded"":true,""sourceParameterCountByteOffset"":477,""parameterOverrides"":[{""sourceIndex"":0,""name"":""Spawn"",""sourceTypeCode"":1,""sourceRecordByteOffset"":481,""type"":""scalar"",""scalarValue"":0.0,""sourceValueByteOffset"":495},{""sourceIndex"":1,""name"":""Lifetime"",""sourceTypeCode"":1,""sourceRecordByteOffset"":560,""type"":""scalar"",""scalarValue"":0.10000000149011612,""sourceValueByteOffset"":577},{""sourceIndex"":2,""name"":""Size"",""sourceTypeCode"":3,""sourceRecordByteOffset"":642,""type"":""vector"",""vectorValue"":[200.0,0.0,0.0],""sourceValueByteOffset"":663},{""sourceIndex"":3,""name"":""Color"",""sourceTypeCode"":3,""sourceRecordByteOffset"":720,""type"":""vector"",""vectorValue"":[3.0,2.0,1.0],""sourceValueByteOffset"":742},{""sourceIndex"":4,""name"":""Alpha"",""sourceTypeCode"":1,""sourceRecordByteOffset"":799,""type"":""scalar"",""scalarValue"":1.0,""sourceValueByteOffset"":813}]}",1169016,89125,True,SOURCE_ASSET_EXPLICIT
requested_core,MN_RPCT_07,4219939,쿠크세이튼_군단장 시그니쳐 스킬_공격,23,Att_battle_28_08,action-4219939/stage-023/notify-018,Effect,1.7999999523162842,0.30000001192092896,,421991211,,,1169994,89160,True,TIMING_ONLY
requested_core,MN_RPCT_07,4219939,쿠크세이튼_군단장 시그니쳐 스킬_공격,23,Att_battle_28_08,action-4219939/stage-023/notify-019,Effect,1.7999999523162842,0.30000001192092896,,421991211,,,1170144,89179,True,TIMING_ONLY
requested_core,MN_RPCT_07,4219939,쿠크세이튼_군단장 시그니쳐 스킬_공격,23,Att_battle_28_08,action-4219939/stage-023/notify-020,Effect,1.7999999523162842,0.30000001192092896,,421991237,,,1170294,89198,True,TIMING_ONLY
requested_core,MN_RPCT_07,4219939,쿠크세이튼_군단장 시그니쳐 스킬_공격,23,Att_battle_28_08,action-4219939/stage-023/notify-021,Effect,2.0999999046325684,0.30000001192092896,,421991238,,,1170444,89217,True,TIMING_ONLY
requested_core,MN_RPCT_07,4219939,쿠크세이튼_군단장 시그니쳐 스킬_공격,23,Att_battle_28_08,action-4219939/stage-023/notify-022,Effect,2.0999999046325684,0.30000001192092896,,421991239,,,1170594,89236,True,TIMING_ONLY
requested_core,MN_RPCT_07,4219939,쿠크세이튼_군단장 시그니쳐 스킬_공격,23,Att_battle_28_08,action-4219939/stage-023/notify-023,Effect,2.0999999046325684,0.30000001192092896,,421991211,,,1170744,89255,True,TIMING_ONLY
requested_core,MN_RPCT_07,4219939,쿠크세이튼_군단장 시그니쳐 스킬_공격,23,Att_battle_28_08,action-4219939/stage-023/notify-024,Effect,2.0999999046325684,0.30000001192092896,,421991211,,,1170894,89274,True,TIMING_ONLY
requested_core,MN_RPCT_07,4219939,쿠크세이튼_군단장 시그니쳐 스킬_공격,23,Att_battle_28_08,action-4219939/stage-023/notify-025,Effect,2.4000000953674316,0.30000001192092896,,421991237,,,1171044,89293,True,TIMING_ONLY
requested_core,MN_RPCT_07,4219939,쿠크세이튼_군단장 시그니쳐 스킬_공격,23,Att_battle_28_08,action-4219939/stage-023/notify-026,Effect,2.4000000953674316,0.30000001192092896,,421991211,,,1171194,89312,True,TIMING_ONLY
requested_core,MN_RPCT_07,4219939,쿠크세이튼_군단장 시그니쳐 스킬_공격,23,Att_battle_28_08,action-4219939/stage-023/notify-027,Effect,2.4000000953674316,0.30000001192092896,,421991211,,,1171344,89331,True,TIMING_ONLY
requested_core,MN_RPCT_07,4219939,쿠크세이튼_군단장 시그니쳐 스킬_공격,23,Att_battle_28_08,action-4219939/stage-023/notify-028,Effect,2.700000047683716,0.30000001192092896,,421991211,,,1171494,89350,True,TIMING_ONLY
requested_core,MN_RPCT_07,4219939,쿠크세이튼_군단장 시그니쳐 스킬_공격,23,Att_battle_28_08,action-4219939/stage-023/notify-029,Effect,2.700000047683716,0.30000001192092896,,421991211,,,1171644,89369,True,TIMING_ONLY
requested_core,MN_RPCT_07,4219939,쿠크세이튼_군단장 시그니쳐 스킬_공격,23,Att_battle_28_08,action-4219939/stage-023/notify-030,Effect,3.0,0.30000001192092896,,421991237,,,1171794,89388,True,TIMING_ONLY
requested_core,MN_RPCT_07,4219939,쿠크세이튼_군단장 시그니쳐 스킬_공격,23,Att_battle_28_08,action-4219939/stage-023/notify-031,Effect,3.0,0.30000001192092896,,421991212,,,1171944,89407,True,TIMING_ONLY
requested_core,MN_RPCT_07,4219939,쿠크세이튼_군단장 시그니쳐 스킬_공격,23,Att_battle_28_08,action-4219939/stage-023/notify-032,Effect,3.200000047683716,0.0,,421991242,,,1172094,89426,True,TIMING_ONLY
requested_core,MN_RPCT_07,4219939,쿠크세이튼_군단장 시그니쳐 스킬_공격,23,Att_battle_28_08,action-4219939/stage-023/notify-033,AKEvent,3.5,1.333299994468689,,,AkEvent:S_Mob_G_KoukuSatan1.G_KoukuSatan1_Attack23_Cast2,,1172244,89445,True,SOURCE_ASSET_EXPLICIT
requested_core,MN_RPCT_07,4219939,쿠크세이튼_군단장 시그니쳐 스킬_공격,23,Att_battle_28_08,action-4219939/stage-023/notify-034,MonsterMoveNextStage,4.730000019073486,0.0,,,,,1172455,89474,True,TIMING_OR_STATE_ONLY
requested_core,MN_RPCT_07,4219939,쿠크세이튼_군단장 시그니쳐 스킬_공격,24,Att_battle_28_08,action-4219939/stage-024/notify-000,Anim,0.0,4.8333330154418945,,,,,1172775,89514,True,SOURCE_CLIP_EXPLICIT
requested_core,MN_RPCT_07,4219939,쿠크세이튼_군단장 시그니쳐 스킬_공격,24,Att_battle_28_08,action-4219939/stage-024/notify-001,PlayParticleEffect,0.0,4.7509307861328125,True,,ParticleSystem:FX_MN_RPCT_07_V.Par_V_RPCT_07_Bazooka_Loop,"{""schema"":""lostark.cef-play-particle-effect-header"",""version"":2,""enabled"":true,""sourceByteOffset"":47,""sourceByteValue"":1,""particleDataDecoded"":true,""sourceParticleSystem"":""ParticleSystem'FX_MN_RPCT_07_V.Par_V_RPCT_07_Bazooka_Loop'"",""attachment"":{""mode"":""FOLLOW_NAMED_ANCHORS"",""sourceAnchorNames"":[""B_WP_1""],""runtimeAnchors"":[{""sourceAnchorName"":""B_WP_1"",""runtimeAnchorSlotId"":""B_WP_1"",""runtimeBoneName"":""b_wp_1"",""socketLocalTransform"":{""position"":[0.0,0.0,0.0],""rotationDegrees"":[0.0,0.0,0.0],""scale"":[1.0,1.0,1.0]},""resolutionStatus"":""EXACT_SOURCE_BONE""}],""runtimeAnchorSlotIds"":[""B_WP_1""],""runtimeAnchorSlotId"":""B_WP_1"",""runtimeBoneName"":""b_wp_1"",""socketLocalTransform"":{""position"":[0.0,0.0,0.0],""rotationDegrees"":[0.0,0.0,0.0],""scale"":[1.0,1.0,1.0]},""runtimeResolutionStatus"":""EXACT_SOURCE_BONE"",""sourceSelectorByteOffset"":392},""localTransform"":{""sourcePositionUeUnits"":[0.0,0.0,0.0],""position"":[0.0,0.0,-0.0],""rotationDegrees"":[0.0,0.0,-0.0],""scale"":[1.0,1.0,1.0]},""sourceTransformByteOffset"":407,""parameterOverridesDecoded"":true,""sourceParameterCountByteOffset"":499,""parameterOverrides"":[]}",1173067,89541,True,SOURCE_ASSET_EXPLICIT
requested_core,MN_RPCT_07,4219939,쿠크세이튼_군단장 시그니쳐 스킬_공격,24,Att_battle_28_08,action-4219939/stage-024/notify-002,LookTarget,0.0,0.699999988079071,,,,,1173670,89572,True,TIMING_OR_STATE_ONLY
requested_core,MN_RPCT_07,4219939,쿠크세이튼_군단장 시그니쳐 스킬_공격,24,Att_battle_28_08,action-4219939/stage-024/notify-003,PlayParticleEffect,0.0,1.5217020511627197,True,,ParticleSystem:fx_mn_rpct_07_v.Par_V_RPCT_Gun_shot_Decal_01_LOC_INT,"{""schema"":""lostark.cef-play-particle-effect-header"",""version"":2,""enabled"":true,""sourceByteOffset"":47,""sourceByteValue"":1,""particleDataDecoded"":true,""sourceParticleSystem"":""ParticleSystem'fx_mn_rpct_07_v.Par_V_RPCT_Gun_shot_Decal_01_LOC_INT'"",""attachment"":{""mode"":""FOLLOW_NAMED_ANCHORS"",""sourceAnchorNames"":[""B_Root""],""runtimeAnchors"":[{""sourceAnchorName"":""B_Root"",""runtimeAnchorSlotId"":""B_Root"",""runtimeBoneName"":""b_root"",""socketLocalTransform"":{""position"":[0.0,0.0,0.0],""rotationDegrees"":[0.0,0.0,0.0],""scale"":[1.0,1.0,1.0]},""resolutionStatus"":""EXACT_SOURCE_BONE""}],""runtimeAnchorSlotIds"":[""B_Root""],""runtimeAnchorSlotId"":""B_Root"",""runtimeBoneName"":""b_root"",""socketLocalTransform"":{""position"":[0.0,0.0,0.0],""rotationDegrees"":[0.0,0.0,0.0],""scale"":[1.0,1.0,1.0]},""runtimeResolutionStatus"":""EXACT_SOURCE_BONE"",""sourceSelectorByteOffset"":399},""localTransform"":{""sourcePositionUeUnits"":[0.0,0.0,0.0],""position"":[0.0,0.0,-0.0],""rotationDegrees"":[0.0,0.0,-0.0],""scale"":[1.0,1.0,1.0]},""sourceTransformByteOffset"":414,""parameterOverridesDecoded"":true,""sourceParameterCountByteOffset"":506,""parameterOverrides"":[]}",1173772,89591,True,SOURCE_ASSET_EXPLICIT
requested_core,MN_RPCT_07,4219939,쿠크세이튼_군단장 시그니쳐 스킬_공격,24,Att_battle_28_08,action-4219939/stage-024/notify-004,PlayParticleEffect,0.0034199999645352364,4.750452995300293,True,,ParticleSystem:FX_MN_RPCT_07_V.Par_V_RPCT_07_Bazooka_Loop,"{""schema"":""lostark.cef-play-particle-effect-header"",""version"":2,""enabled"":true,""sourceByteOffset"":47,""sourceByteValue"":1,""particleDataDecoded"":true,""sourceParticleSystem"":""ParticleSystem'FX_MN_RPCT_07_V.Par_V_RPCT_07_Bazooka_Loop'"",""attachment"":{""mode"":""FOLLOW_NAMED_ANCHORS"",""sourceAnchorNames"":[""B_WP_2""],""runtimeAnchors"":[{""sourceAnchorName"":""B_WP_2"",""runtimeAnchorSlotId"":""B_WP_2"",""runtimeBoneName"":""b_wp_2"",""socketLocalTransform"":{""position"":[0.0,0.0,0.0],""rotationDegrees"":[0.0,0.0,0.0],""scale"":[1.0,1.0,1.0]},""resolutionStatus"":""EXACT_SOURCE_BONE""}],""runtimeAnchorSlotIds"":[""B_WP_2""],""runtimeAnchorSlotId"":""B_WP_2"",""runtimeBoneName"":""b_wp_2"",""socketLocalTransform"":{""position"":[0.0,0.0,0.0],""rotationDegrees"":[0.0,0.0,0.0],""scale"":[1.0,1.0,1.0]},""runtimeResolutionStatus"":""EXACT_SOURCE_BONE"",""sourceSelectorByteOffset"":392},""localTransform"":{""sourcePositionUeUnits"":[0.0,0.0,0.0],""position"":[0.0,0.0,-0.0],""rotationDegrees"":[0.0,0.0,-0.0],""scale"":[1.0,1.0,1.0]},""sourceTransformByteOffset"":407,""parameterOverridesDecoded"":true,""sourceParameterCountByteOffset"":499,""parameterOverrides"":[]}",1174382,89622,True,SOURCE_ASSET_EXPLICIT
requested_core,MN_RPCT_07,4219939,쿠크세이튼_군단장 시그니쳐 스킬_공격,24,Att_battle_28_08,action-4219939/stage-024/notify-005,PlayParticleEffect,0.09128399938344955,4.742015838623047,True,,ParticleSystem:FX_MN_RPCT_07_V.Par_V_RPCT_Bazooka_mesh_01,"{""schema"":""lostark.cef-play-particle-effect-header"",""version"":2,""enabled"":true,""sourceByteOffset"":47,""sourceByteValue"":1,""particleDataDecoded"":true,""sourceParticleSystem"":""ParticleSystem'FX_MN_RPCT_07_V.Par_V_RPCT_Bazooka_mesh_01'"",""attachment"":{""mode"":""FOLLOW_NAMED_ANCHORS"",""sourceAnchorNames"":[""Bip002-R-Hand""],""runtimeAnchors"":[{""sourceAnchorName"":""Bip002-R-Hand"",""runtimeAnchorSlotId"":""Bip002-R-Hand"",""runtimeBoneName"":"""",""socketLocalTransform"":{""position"":[0.0,0.0,0.0],""rotationDegrees"":[0.0,0.0,0.0],""scale"":[1.0,1.0,1.0]},""resolutionStatus"":""MISSING_SOURCE_SOCKET""}],""runtimeAnchorSlotIds"":[""Bip002-R-Hand""],""runtimeAnchorSlotId"":""Bip002-R-Hand"",""runtimeBoneName"":"""",""socketLocalTransform"":{""position"":[0.0,0.0,0.0],""rotationDegrees"":[0.0,0.0,0.0],""scale"":[1.0,1.0,1.0]},""runtimeResolutionStatus"":""MISSING_SOURCE_SOCKET"",""sourceSelectorByteOffset"":383},""localTransform"":{""sourcePositionUeUnits"":[0.0,0.0,0.0],""position"":[0.0,0.0,-0.0],""rotationDegrees"":[0.0,0.0,-0.0],""scale"":[0.30000001192092896,0.30000001192092896,0.30000001192092896]},""sourceTransformByteOffset"":405,""parameterOverridesDecoded"":true,""sourceParameterCountByteOffset"":497,""parameterOverrides"":[]}",1174985,89653,True,SOURCE_ASSET_EXPLICIT
requested_core,MN_RPCT_07,4219939,쿠크세이튼_군단장 시그니쳐 스킬_공격,24,Att_battle_28_08,action-4219939/stage-024/notify-006,Effect,0.5,0.10000000149011612,,421991236,,,1175586,89683,True,TIMING_ONLY
requested_core,MN_RPCT_07,4219939,쿠크세이튼_군단장 시그니쳐 스킬_공격,24,Att_battle_28_08,action-4219939/stage-024/notify-007,Effect,0.5,0.10000000149011612,,421991235,,,1175736,89702,True,TIMING_ONLY
requested_core,MN_RPCT_07,4219939,쿠크세이튼_군단장 시그니쳐 스킬_공격,24,Att_battle_28_08,action-4219939/stage-024/notify-008,AKEvent,1.0,2.299999952316284,,,AkEvent:S_Mob_G_KoukuSatan1.G_KoukuSatan1_Attack23_Cast3,,1175886,89721,True,SOURCE_ASSET_EXPLICIT
requested_core,MN_RPCT_07,4219939,쿠크세이튼_군단장 시그니쳐 스킬_공격,24,Att_battle_28_08,action-4219939/stage-024/notify-009,PlayParticleEffect,1.0653070211410522,0.0,True,,ParticleSystem:fx_mn_rpct_07_v.Par_V_RPCT_BallRead_Exp_01_LOC_INT,"{""schema"":""lostark.cef-play-particle-effect-header"",""version"":2,""enabled"":true,""sourceByteOffset"":47,""sourceByteValue"":1,""particleDataDecoded"":true,""sourceParticleSystem"":""ParticleSystem'fx_mn_rpct_07_v.Par_V_RPCT_BallRead_Exp_01_LOC_INT'"",""attachment"":{""mode"":""FOLLOW_NAMED_ANCHORS"",""sourceAnchorNames"":[""Bip002-R-Hand""],""runtimeAnchors"":[{""sourceAnchorName"":""Bip002-R-Hand"",""runtimeAnchorSlotId"":""Bip002-R-Hand"",""runtimeBoneName"":"""",""socketLocalTransform"":{""position"":[0.0,0.0,0.0],""rotationDegrees"":[0.0,0.0,0.0],""scale"":[1.0,1.0,1.0]},""resolutionStatus"":""MISSING_SOURCE_SOCKET""}],""runtimeAnchorSlotIds"":[""Bip002-R-Hand""],""runtimeAnchorSlotId"":""Bip002-R-Hand"",""runtimeBoneName"":"""",""socketLocalTransform"":{""position"":[0.0,0.0,0.0],""rotationDegrees"":[0.0,0.0,0.0],""scale"":[1.0,1.0,1.0]},""runtimeResolutionStatus"":""MISSING_SOURCE_SOCKET"",""sourceSelectorByteOffset"":397},""localTransform"":{""sourcePositionUeUnits"":[0.0,0.0,0.0],""position"":[0.0,0.0,-0.0],""rotationDegrees"":[0.0,0.0,-0.0],""scale"":[0.4000000059604645,0.4000000059604645,0.4000000059604645]},""sourceTransformByteOffset"":419,""parameterOverridesDecoded"":true,""sourceParameterCountByteOffset"":511,""parameterOverrides"":[]}",1176097,89750,True,SOURCE_ASSET_EXPLICIT
requested_core,MN_RPCT_07,4219939,쿠크세이튼_군단장 시그니쳐 스킬_공격,24,Att_battle_28_08,action-4219939/stage-024/notify-010,PlayParticleEffect,1.097085952758789,0.0,True,,ParticleSystem:fx_mn_rpct_07_v.Par_V_RPCT_signalShot_01_LOC_INT,"{""schema"":""lostark.cef-play-particle-effect-header"",""version"":2,""enabled"":true,""sourceByteOffset"":47,""sourceByteValue"":1,""particleDataDecoded"":true,""sourceParticleSystem"":""ParticleSystem'fx_mn_rpct_07_v.Par_V_RPCT_signalShot_01_LOC_INT'"",""attachment"":{""mode"":""FOLLOW_NAMED_ANCHORS"",""sourceAnchorNames"":[""Bip002-R-Hand""],""runtimeAnchors"":[{""sourceAnchorName"":""Bip002-R-Hand"",""runtimeAnchorSlotId"":""Bip002-R-Hand"",""runtimeBoneName"":"""",""socketLocalTransform"":{""position"":[0.0,0.0,0.0],""rotationDegrees"":[0.0,0.0,0.0],""scale"":[1.0,1.0,1.0]},""resolutionStatus"":""MISSING_SOURCE_SOCKET""}],""runtimeAnchorSlotIds"":[""Bip002-R-Hand""],""runtimeAnchorSlotId"":""Bip002-R-Hand"",""runtimeBoneName"":"""",""socketLocalTransform"":{""position"":[0.0,0.0,0.0],""rotationDegrees"":[0.0,0.0,0.0],""scale"":[1.0,1.0,1.0]},""runtimeResolutionStatus"":""MISSING_SOURCE_SOCKET"",""sourceSelectorByteOffset"":394},""localTransform"":{""sourcePositionUeUnits"":[0.0,0.0,50.0],""position"":[0.0,0.5,-0.0],""rotationDegrees"":[0.0,0.0,-0.0],""scale"":[1.0,1.0,1.0]},""sourceTransformByteOffset"":416,""parameterOverridesDecoded"":true,""sourceParameterCountByteOffset"":508,""parameterOverrides"":[{""sourceIndex"":0,""name"":""Color"",""sourceTypeCode"":3,""sourceRecordByteOffset"":512,""type"":""vector"",""vectorValue"":[1.0,1.0,1.0],""sourceValueByteOffset"":534}]}",1176712,89781,True,SOURCE_ASSET_EXPLICIT
requested_core,MN_RPCT_07,4219939,쿠크세이튼_군단장 시그니쳐 스킬_공격,24,Att_battle_28_08,action-4219939/stage-024/notify-011,PlayParticleEffect,1.4728219509124756,0.0,True,,ParticleSystem:fx_mn_rpct_07_v.Par_V_RPCT_Signature_01_1_LOC_INT,"{""schema"":""lostark.cef-play-particle-effect-header"",""version"":2,""enabled"":true,""sourceByteOffset"":47,""sourceByteValue"":1,""particleDataDecoded"":true,""sourceParticleSystem"":""ParticleSystem'fx_mn_rpct_07_v.Par_V_RPCT_Signature_01_1_LOC_INT'"",""attachment"":{""mode"":""FOLLOW_NAMED_ANCHORS"",""sourceAnchorNames"":[""B_WP_1""],""runtimeAnchors"":[{""sourceAnchorName"":""B_WP_1"",""runtimeAnchorSlotId"":""B_WP_1"",""runtimeBoneName"":""b_wp_1"",""socketLocalTransform"":{""position"":[0.0,0.0,0.0],""rotationDegrees"":[0.0,0.0,0.0],""scale"":[1.0,1.0,1.0]},""resolutionStatus"":""EXACT_SOURCE_BONE""}],""runtimeAnchorSlotIds"":[""B_WP_1""],""runtimeAnchorSlotId"":""B_WP_1"",""runtimeBoneName"":""b_wp_1"",""socketLocalTransform"":{""position"":[0.0,0.0,0.0],""rotationDegrees"":[0.0,0.0,0.0],""scale"":[1.0,1.0,1.0]},""runtimeResolutionStatus"":""EXACT_SOURCE_BONE"",""sourceSelectorByteOffset"":402},""localTransform"":{""sourcePositionUeUnits"":[150.0,0.0,50.0],""position"":[1.5,0.5,-0.0],""rotationDegrees"":[0.0,0.0,-0.0],""scale"":[3.0,3.0,3.0]},""sourceTransformByteOffset"":417,""parameterOverridesDecoded"":true,""sourceParameterCountByteOffset"":509,""parameterOverrides"":[{""sourceIndex"":0,""name"":""Color"",""sourceTypeCode"":3,""sourceRecordByteOffset"":513,""type"":""vector"",""vectorValue"":[1.0,1.0,1.0],""sourceValueByteOffset"":535},{""sourceIndex"":1,""name"":""Alpha"",""sourceTypeCode"":1,""sourceRecordByteOffset"":592,""type"":""scalar"",""scalarValue"":1.0,""sourceValueByteOffset"":606}]}",1177403,89813,True,SOURCE_ASSET_EXPLICIT
requested_core,MN_RPCT_07,4219939,쿠크세이튼_군단장 시그니쳐 스킬_공격,24,Att_battle_28_08,action-4219939/stage-024/notify-012,PlayParticleEffect,1.4728219509124756,0.0,True,,ParticleSystem:FX_CM_02.Light.Par_MP_Light_01,"{""schema"":""lostark.cef-play-particle-effect-header"",""version"":2,""enabled"":true,""sourceByteOffset"":47,""sourceByteValue"":1,""particleDataDecoded"":true,""sourceParticleSystem"":""ParticleSystem'FX_CM_02.Light.Par_MP_Light_01'"",""attachment"":{""mode"":""SNAPSHOT_ROOT"",""sourceAnchorNames"":[],""runtimeAnchors"":[],""runtimeAnchorSlotIds"":[],""runtimeAnchorSlotId"":""root"",""runtimeBoneName"":"""",""socketLocalTransform"":{""position"":[0.0,0.0,0.0],""rotationDegrees"":[0.0,0.0,0.0],""scale"":[1.0,1.0,1.0]},""runtimeResolutionStatus"":""EXACT_ROOT_SNAPSHOT"",""sourceSelectorByteOffset"":null},""localTransform"":{""sourcePositionUeUnits"":[50.0,0.0,50.0],""position"":[0.5,0.5,-0.0],""rotationDegrees"":[0.0,0.0,-0.0],""scale"":[3.0,3.0,3.0]},""sourceTransformByteOffset"":389,""parameterOverridesDecoded"":true,""sourceParameterCountByteOffset"":477,""parameterOverrides"":[{""sourceIndex"":0,""name"":""Spawn"",""sourceTypeCode"":1,""sourceRecordByteOffset"":481,""type"":""scalar"",""scalarValue"":0.0,""sourceValueByteOffset"":495},{""sourceIndex"":1,""name"":""Lifetime"",""sourceTypeCode"":1,""sourceRecordByteOffset"":560,""type"":""scalar"",""scalarValue"":0.10000000149011612,""sourceValueByteOffset"":577},{""sourceIndex"":2,""name"":""Size"",""sourceTypeCode"":3,""sourceRecordByteOffset"":642,""type"":""vector"",""vectorValue"":[200.0,0.0,0.0],""sourceValueByteOffset"":663},{""sourceIndex"":3,""name"":""Color"",""sourceTypeCode"":3,""sourceRecordByteOffset"":720,""type"":""vector"",""vectorValue"":[3.0,2.0,1.0],""sourceValueByteOffset"":742},{""sourceIndex"":4,""name"":""Alpha"",""sourceTypeCode"":1,""sourceRecordByteOffset"":799,""type"":""scalar"",""scalarValue"":1.0,""sourceValueByteOffset"":813}]}",1178174,89846,True,SOURCE_ASSET_EXPLICIT
requested_core,MN_RPCT_07,4219939,쿠크세이튼_군단장 시그니쳐 스킬_공격,24,Att_battle_28_08,action-4219939/stage-024/notify-013,PlayParticleEffect,1.4792540073394775,0.0,True,,ParticleSystem:fx_mn_rpct_07_v.Par_V_RPCT_Signature_01_1_LOC_INT,"{""schema"":""lostark.cef-play-particle-effect-header"",""version"":2,""enabled"":true,""sourceByteOffset"":47,""sourceByteValue"":1,""particleDataDecoded"":true,""sourceParticleSystem"":""ParticleSystem'fx_mn_rpct_07_v.Par_V_RPCT_Signature_01_1_LOC_INT'"",""attachment"":{""mode"":""FOLLOW_NAMED_ANCHORS"",""sourceAnchorNames"":[""B_WP_2""],""runtimeAnchors"":[{""sourceAnchorName"":""B_WP_2"",""runtimeAnchorSlotId"":""B_WP_2"",""runtimeBoneName"":""b_wp_2"",""socketLocalTransform"":{""position"":[0.0,0.0,0.0],""rotationDegrees"":[0.0,0.0,0.0],""scale"":[1.0,1.0,1.0]},""resolutionStatus"":""EXACT_SOURCE_BONE""}],""runtimeAnchorSlotIds"":[""B_WP_2""],""runtimeAnchorSlotId"":""B_WP_2"",""runtimeBoneName"":""b_wp_2"",""socketLocalTransform"":{""position"":[0.0,0.0,0.0],""rotationDegrees"":[0.0,0.0,0.0],""scale"":[1.0,1.0,1.0]},""runtimeResolutionStatus"":""EXACT_SOURCE_BONE"",""sourceSelectorByteOffset"":402},""localTransform"":{""sourcePositionUeUnits"":[150.0,0.0,50.0],""position"":[1.5,0.5,-0.0],""rotationDegrees"":[0.0,0.0,-0.0],""scale"":[3.0,3.0,3.0]},""sourceTransformByteOffset"":417,""parameterOverridesDecoded"":true,""sourceParameterCountByteOffset"":509,""parameterOverrides"":[{""sourceIndex"":0,""name"":""Color"",""sourceTypeCode"":3,""sourceRecordByteOffset"":513,""type"":""vector"",""vectorValue"":[1.0,1.0,1.0],""sourceValueByteOffset"":535},{""sourceIndex"":1,""name"":""Alpha"",""sourceTypeCode"":1,""sourceRecordByteOffset"":592,""type"":""scalar"",""scalarValue"":1.0,""sourceValueByteOffset"":606}]}",1179152,89881,True,SOURCE_ASSET_EXPLICIT
requested_core,MN_RPCT_07,4219939,쿠크세이튼_군단장 시그니쳐 스킬_공격,24,Att_battle_28_08,action-4219939/stage-024/notify-014,AKEvent,1.4800000190734863,3.353300094604492,,,AkEvent:S_Mob_G_KoukuSatan1.G_KoukuSatan1_Attack23_Shot3,,1179923,89914,True,SOURCE_ASSET_EXPLICIT
requested_core,MN_RPCT_07,4219939,쿠크세이튼_군단장 시그니쳐 스킬_공격,24,Att_battle_28_08,action-4219939/stage-024/notify-015,Effect,1.5,0.30000001192092896,,421991211,,,1180134,89943,True,TIMING_ONLY
requested_core,MN_RPCT_07,4219939,쿠크세이튼_군단장 시그니쳐 스킬_공격,24,Att_battle_28_08,action-4219939/stage-024/notify-016,Effect,1.5,0.30000001192092896,,421991211,,,1180284,89962,True,TIMING_ONLY
requested_core,MN_RPCT_07,4219939,쿠크세이튼_군단장 시그니쳐 스킬_공격,24,Att_battle_28_08,action-4219939/stage-024/notify-017,Effect,1.7999999523162842,0.30000001192092896,,421991211,,,1180434,89981,True,TIMING_ONLY
requested_core,MN_RPCT_07,4219939,쿠크세이튼_군단장 시그니쳐 스킬_공격,24,Att_battle_28_08,action-4219939/stage-024/notify-018,Effect,1.7999999523162842,0.30000001192092896,,421991211,,,1180584,90000,True,TIMING_ONLY
requested_core,MN_RPCT_07,4219939,쿠크세이튼_군단장 시그니쳐 스킬_공격,24,Att_battle_28_08,action-4219939/stage-024/notify-019,Effect,1.7999999523162842,0.30000001192092896,,421991237,,,1180734,90019,True,TIMING_ONLY
requested_core,MN_RPCT_07,4219939,쿠크세이튼_군단장 시그니쳐 스킬_공격,24,Att_battle_28_08,action-4219939/stage-024/notify-020,Effect,2.0999999046325684,0.30000001192092896,,421991238,,,1180884,90038,True,TIMING_ONLY
requested_core,MN_RPCT_07,4219939,쿠크세이튼_군단장 시그니쳐 스킬_공격,24,Att_battle_28_08,action-4219939/stage-024/notify-021,Effect,2.0999999046325684,0.30000001192092896,,421991239,,,1181034,90057,True,TIMING_ONLY
requested_core,MN_RPCT_07,4219939,쿠크세이튼_군단장 시그니쳐 스킬_공격,24,Att_battle_28_08,action-4219939/stage-024/notify-022,Effect,2.0999999046325684,0.30000001192092896,,421991211,,,1181184,90076,True,TIMING_ONLY
requested_core,MN_RPCT_07,4219939,쿠크세이튼_군단장 시그니쳐 스킬_공격,24,Att_battle_28_08,action-4219939/stage-024/notify-023,Effect,2.0999999046325684,0.30000001192092896,,421991211,,,1181334,90095,True,TIMING_ONLY
requested_core,MN_RPCT_07,4219939,쿠크세이튼_군단장 시그니쳐 스킬_공격,24,Att_battle_28_08,action-4219939/stage-024/notify-024,Effect,2.4000000953674316,0.30000001192092896,,421991211,,,1181484,90114,True,TIMING_ONLY
requested_core,MN_RPCT_07,4219939,쿠크세이튼_군단장 시그니쳐 스킬_공격,24,Att_battle_28_08,action-4219939/stage-024/notify-025,Effect,2.4000000953674316,0.30000001192092896,,421991211,,,1181634,90133,True,TIMING_ONLY
requested_core,MN_RPCT_07,4219939,쿠크세이튼_군단장 시그니쳐 스킬_공격,24,Att_battle_28_08,action-4219939/stage-024/notify-026,Effect,2.4000000953674316,0.30000001192092896,,421991237,,,1181784,90152,True,TIMING_ONLY
requested_core,MN_RPCT_07,4219939,쿠크세이튼_군단장 시그니쳐 스킬_공격,24,Att_battle_28_08,action-4219939/stage-024/notify-027,Effect,2.700000047683716,0.30000001192092896,,421991211,,,1181934,90171,True,TIMING_ONLY
requested_core,MN_RPCT_07,4219939,쿠크세이튼_군단장 시그니쳐 스킬_공격,24,Att_battle_28_08,action-4219939/stage-024/notify-028,Effect,2.700000047683716,0.30000001192092896,,421991211,,,1182084,90190,True,TIMING_ONLY
requested_core,MN_RPCT_07,4219939,쿠크세이튼_군단장 시그니쳐 스킬_공격,24,Att_battle_28_08,action-4219939/stage-024/notify-029,Effect,3.0,0.30000001192092896,,421991212,,,1182234,90209,True,TIMING_ONLY
requested_core,MN_RPCT_07,4219939,쿠크세이튼_군단장 시그니쳐 스킬_공격,24,Att_battle_28_08,action-4219939/stage-024/notify-030,Effect,3.0,0.30000001192092896,,421991237,,,1182384,90228,True,TIMING_ONLY
requested_core,MN_RPCT_07,4219939,쿠크세이튼_군단장 시그니쳐 스킬_공격,24,Att_battle_28_08,action-4219939/stage-024/notify-031,Effect,3.4000000953674316,0.10000000149011612,,421991219,,,1182534,90247,True,TIMING_ONLY
requested_core,MN_RPCT_07,4219939,쿠크세이튼_군단장 시그니쳐 스킬_공격,24,Att_battle_28_08,action-4219939/stage-024/notify-032,AKEvent,3.5,1.333299994468689,,,AkEvent:S_Mob_G_KoukuSatan1.G_KoukuSatan1_Attack23_Cast2,,1182684,90266,True,SOURCE_ASSET_EXPLICIT
requested_core,MN_RPCT_07,4219939,쿠크세이튼_군단장 시그니쳐 스킬_공격,24,Att_battle_28_08,action-4219939/stage-024/notify-033,Effect,4.400000095367432,0.10000000149011612,,421991221,,,1182895,90295,True,TIMING_ONLY
requested_core,MN_RPCT_07,4219939,쿠크세이튼_군단장 시그니쳐 스킬_공격,24,Att_battle_28_08,action-4219939/stage-024/notify-034,Effect,4.400000095367432,0.10000000149011612,,421991217,,,1183045,90314,True,TIMING_ONLY
requested_core,MN_RPCT_07,4219939,쿠크세이튼_군단장 시그니쳐 스킬_공격,24,Att_battle_28_08,action-4219939/stage-024/notify-035,MonsterMoveNextStage,4.730000019073486,0.0,,,,,1183195,90333,True,TIMING_OR_STATE_ONLY
requested_core,MN_RPCT_07,4219939,쿠크세이튼_군단장 시그니쳐 스킬_공격,24,Att_battle_28_08,action-4219939/stage-024/notify-036,PlayParticleEffect,4.7412848472595215,0.0,True,,ParticleSystem:FX_MN_RPCT_07_V.Par_V_RPCT_07_Bazooka_end,"{""schema"":""lostark.cef-play-particle-effect-header"",""version"":2,""enabled"":true,""sourceByteOffset"":47,""sourceByteValue"":1,""particleDataDecoded"":true,""sourceParticleSystem"":""ParticleSystem'FX_MN_RPCT_07_V.Par_V_RPCT_07_Bazooka_end'"",""attachment"":{""mode"":""FOLLOW_NAMED_ANCHORS"",""sourceAnchorNames"":[""B_WP_1""],""runtimeAnchors"":[{""sourceAnchorName"":""B_WP_1"",""runtimeAnchorSlotId"":""B_WP_1"",""runtimeBoneName"":""b_wp_1"",""socketLocalTransform"":{""position"":[0.0,0.0,0.0],""rotationDegrees"":[0.0,0.0,0.0],""scale"":[1.0,1.0,1.0]},""resolutionStatus"":""EXACT_SOURCE_BONE""}],""runtimeAnchorSlotIds"":[""B_WP_1""],""runtimeAnchorSlotId"":""B_WP_1"",""runtimeBoneName"":""b_wp_1"",""socketLocalTransform"":{""position"":[0.0,0.0,0.0],""rotationDegrees"":[0.0,0.0,0.0],""scale"":[1.0,1.0,1.0]},""runtimeResolutionStatus"":""EXACT_SOURCE_BONE"",""sourceSelectorByteOffset"":387},""localTransform"":{""sourcePositionUeUnits"":[0.0,0.0,0.0],""position"":[0.0,0.0,-0.0],""rotationDegrees"":[0.0,0.0,-0.0],""scale"":[1.0,1.0,1.0]},""sourceTransformByteOffset"":402,""parameterOverridesDecoded"":true,""sourceParameterCountByteOffset"":494,""parameterOverrides"":[]}",1183295,90352,True,SOURCE_ASSET_EXPLICIT
requested_core,MN_RPCT_07,4219939,쿠크세이튼_군단장 시그니쳐 스킬_공격,24,Att_battle_28_08,action-4219939/stage-024/notify-037,PlayParticleEffect,4.744496822357178,0.0,True,,ParticleSystem:FX_MN_RPCT_07_V.Par_V_RPCT_07_Bazooka_end,"{""schema"":""lostark.cef-play-particle-effect-header"",""version"":2,""enabled"":true,""sourceByteOffset"":47,""sourceByteValue"":1,""particleDataDecoded"":true,""sourceParticleSystem"":""ParticleSystem'FX_MN_RPCT_07_V.Par_V_RPCT_07_Bazooka_end'"",""attachment"":{""mode"":""FOLLOW_NAMED_ANCHORS"",""sourceAnchorNames"":[""B_WP_2""],""runtimeAnchors"":[{""sourceAnchorName"":""B_WP_2"",""runtimeAnchorSlotId"":""B_WP_2"",""runtimeBoneName"":""b_wp_2"",""socketLocalTransform"":{""position"":[0.0,0.0,0.0],""rotationDegrees"":[0.0,0.0,0.0],""scale"":[1.0,1.0,1.0]},""resolutionStatus"":""EXACT_SOURCE_BONE""}],""runtimeAnchorSlotIds"":[""B_WP_2""],""runtimeAnchorSlotId"":""B_WP_2"",""runtimeBoneName"":""b_wp_2"",""socketLocalTransform"":{""position"":[0.0,0.0,0.0],""rotationDegrees"":[0.0,0.0,0.0],""scale"":[1.0,1.0,1.0]},""runtimeResolutionStatus"":""EXACT_SOURCE_BONE"",""sourceSelectorByteOffset"":387},""localTransform"":{""sourcePositionUeUnits"":[0.0,0.0,0.0],""position"":[0.0,0.0,-0.0],""rotationDegrees"":[0.0,0.0,-0.0],""scale"":[1.0,1.0,1.0]},""sourceTransformByteOffset"":402,""parameterOverridesDecoded"":true,""sourceParameterCountByteOffset"":494,""parameterOverrides"":[]}",1183893,90383,True,SOURCE_ASSET_EXPLICIT
requested_core,MN_RPCT_07,4219939,쿠크세이튼_군단장 시그니쳐 스킬_공격,25,Att_battle_28_09,action-4219939/stage-025/notify-000,Anim,0.0,2.233333110809326,,,,,1184711,90435,True,SOURCE_CLIP_EXPLICIT
requested_core,MN_RPCT_07,4219939,쿠크세이튼_군단장 시그니쳐 스킬_공격,25,Att_battle_28_09,action-4219939/stage-025/notify-001,PlayParticleEffect,0.0,0.0,True,,ParticleSystem:fx_mn_rpct_07_v.Par_V_RPCT_Signature_01_1_LOC_INT,"{""schema"":""lostark.cef-play-particle-effect-header"",""version"":2,""enabled"":true,""sourceByteOffset"":47,""sourceByteValue"":1,""particleDataDecoded"":true,""sourceParticleSystem"":""ParticleSystem'fx_mn_rpct_07_v.Par_V_RPCT_Signature_01_1_LOC_INT'"",""attachment"":{""mode"":""FOLLOW_NAMED_ANCHORS"",""sourceAnchorNames"":[""B_WP_2""],""runtimeAnchors"":[{""sourceAnchorName"":""B_WP_2"",""runtimeAnchorSlotId"":""B_WP_2"",""runtimeBoneName"":""b_wp_2"",""socketLocalTransform"":{""position"":[0.0,0.0,0.0],""rotationDegrees"":[0.0,0.0,0.0],""scale"":[1.0,1.0,1.0]},""resolutionStatus"":""EXACT_SOURCE_BONE""}],""runtimeAnchorSlotIds"":[""B_WP_2""],""runtimeAnchorSlotId"":""B_WP_2"",""runtimeBoneName"":""b_wp_2"",""socketLocalTransform"":{""position"":[0.0,0.0,0.0],""rotationDegrees"":[0.0,0.0,0.0],""scale"":[1.0,1.0,1.0]},""runtimeResolutionStatus"":""EXACT_SOURCE_BONE"",""sourceSelectorByteOffset"":402},""localTransform"":{""sourcePositionUeUnits"":[150.0,0.0,50.0],""position"":[1.5,0.5,-0.0],""rotationDegrees"":[0.0,0.0,-0.0],""scale"":[3.0,3.0,3.0]},""sourceTransformByteOffset"":417,""parameterOverridesDecoded"":true,""sourceParameterCountByteOffset"":509,""parameterOverrides"":[{""sourceIndex"":0,""name"":""Color"",""sourceTypeCode"":3,""sourceRecordByteOffset"":513,""type"":""vector"",""vectorValue"":[1.0,1.0,1.0],""sourceValueByteOffset"":535},{""sourceIndex"":1,""name"":""Alpha"",""sourceTypeCode"":1,""sourceRecordByteOffset"":592,""type"":""scalar"",""scalarValue"":1.0,""sourceValueByteOffset"":606}]}",1185003,90462,True,SOURCE_ASSET_EXPLICIT
requested_core,MN_RPCT_07,4219939,쿠크세이튼_군단장 시그니쳐 스킬_공격,25,Att_battle_28_09,action-4219939/stage-025/notify-002,PlayParticleEffect,0.0,0.0,True,,ParticleSystem:fx_mn_rpct_07_v.Par_V_RPCT_Signature_01_1_LOC_INT,"{""schema"":""lostark.cef-play-particle-effect-header"",""version"":2,""enabled"":true,""sourceByteOffset"":47,""sourceByteValue"":1,""particleDataDecoded"":true,""sourceParticleSystem"":""ParticleSystem'fx_mn_rpct_07_v.Par_V_RPCT_Signature_01_1_LOC_INT'"",""attachment"":{""mode"":""FOLLOW_NAMED_ANCHORS"",""sourceAnchorNames"":[""B_WP_1""],""runtimeAnchors"":[{""sourceAnchorName"":""B_WP_1"",""runtimeAnchorSlotId"":""B_WP_1"",""runtimeBoneName"":""b_wp_1"",""socketLocalTransform"":{""position"":[0.0,0.0,0.0],""rotationDegrees"":[0.0,0.0,0.0],""scale"":[1.0,1.0,1.0]},""resolutionStatus"":""EXACT_SOURCE_BONE""}],""runtimeAnchorSlotIds"":[""B_WP_1""],""runtimeAnchorSlotId"":""B_WP_1"",""runtimeBoneName"":""b_wp_1"",""socketLocalTransform"":{""position"":[0.0,0.0,0.0],""rotationDegrees"":[0.0,0.0,0.0],""scale"":[1.0,1.0,1.0]},""runtimeResolutionStatus"":""EXACT_SOURCE_BONE"",""sourceSelectorByteOffset"":402},""localTransform"":{""sourcePositionUeUnits"":[150.0,0.0,50.0],""position"":[1.5,0.5,-0.0],""rotationDegrees"":[0.0,0.0,-0.0],""scale"":[3.0,3.0,3.0]},""sourceTransformByteOffset"":417,""parameterOverridesDecoded"":true,""sourceParameterCountByteOffset"":509,""parameterOverrides"":[{""sourceIndex"":0,""name"":""Color"",""sourceTypeCode"":3,""sourceRecordByteOffset"":513,""type"":""vector"",""vectorValue"":[1.0,1.0,1.0],""sourceValueByteOffset"":535},{""sourceIndex"":1,""name"":""Alpha"",""sourceTypeCode"":1,""sourceRecordByteOffset"":592,""type"":""scalar"",""scalarValue"":1.0,""sourceValueByteOffset"":606}]}",1185774,90495,True,SOURCE_ASSET_EXPLICIT
requested_core,MN_RPCT_07,4219939,쿠크세이튼_군단장 시그니쳐 스킬_공격,25,Att_battle_28_09,action-4219939/stage-025/notify-003,PlayParticleEffect,0.0,1.691236972808838,True,,ParticleSystem:FX_MN_RPCT_07_V.Par_V_RPCT_07_Bazooka_Loop,"{""schema"":""lostark.cef-play-particle-effect-header"",""version"":2,""enabled"":true,""sourceByteOffset"":47,""sourceByteValue"":1,""particleDataDecoded"":true,""sourceParticleSystem"":""ParticleSystem'FX_MN_RPCT_07_V.Par_V_RPCT_07_Bazooka_Loop'"",""attachment"":{""mode"":""FOLLOW_NAMED_ANCHORS"",""sourceAnchorNames"":[""B_WP_1""],""runtimeAnchors"":[{""sourceAnchorName"":""B_WP_1"",""runtimeAnchorSlotId"":""B_WP_1"",""runtimeBoneName"":""b_wp_1"",""socketLocalTransform"":{""position"":[0.0,0.0,0.0],""rotationDegrees"":[0.0,0.0,0.0],""scale"":[1.0,1.0,1.0]},""resolutionStatus"":""EXACT_SOURCE_BONE""}],""runtimeAnchorSlotIds"":[""B_WP_1""],""runtimeAnchorSlotId"":""B_WP_1"",""runtimeBoneName"":""b_wp_1"",""socketLocalTransform"":{""position"":[0.0,0.0,0.0],""rotationDegrees"":[0.0,0.0,0.0],""scale"":[1.0,1.0,1.0]},""runtimeResolutionStatus"":""EXACT_SOURCE_BONE"",""sourceSelectorByteOffset"":392},""localTransform"":{""sourcePositionUeUnits"":[0.0,0.0,0.0],""position"":[0.0,0.0,-0.0],""rotationDegrees"":[0.0,0.0,-0.0],""scale"":[1.0,1.0,1.0]},""sourceTransformByteOffset"":407,""parameterOverridesDecoded"":true,""sourceParameterCountByteOffset"":499,""parameterOverrides"":[]}",1186545,90528,True,SOURCE_ASSET_EXPLICIT
requested_core,MN_RPCT_07,4219939,쿠크세이튼_군단장 시그니쳐 스킬_공격,25,Att_battle_28_09,action-4219939/stage-025/notify-004,PlayParticleEffect,0.0,0.0,True,,ParticleSystem:FX_CM_02.Light.Par_MP_Light_01,"{""schema"":""lostark.cef-play-particle-effect-header"",""version"":2,""enabled"":true,""sourceByteOffset"":47,""sourceByteValue"":1,""particleDataDecoded"":true,""sourceParticleSystem"":""ParticleSystem'FX_CM_02.Light.Par_MP_Light_01'"",""attachment"":{""mode"":""SNAPSHOT_ROOT"",""sourceAnchorNames"":[],""runtimeAnchors"":[],""runtimeAnchorSlotIds"":[],""runtimeAnchorSlotId"":""root"",""runtimeBoneName"":"""",""socketLocalTransform"":{""position"":[0.0,0.0,0.0],""rotationDegrees"":[0.0,0.0,0.0],""scale"":[1.0,1.0,1.0]},""runtimeResolutionStatus"":""EXACT_ROOT_SNAPSHOT"",""sourceSelectorByteOffset"":null},""localTransform"":{""sourcePositionUeUnits"":[50.0,0.0,50.0],""position"":[0.5,0.5,-0.0],""rotationDegrees"":[0.0,0.0,-0.0],""scale"":[3.0,3.0,3.0]},""sourceTransformByteOffset"":389,""parameterOverridesDecoded"":true,""sourceParameterCountByteOffset"":477,""parameterOverrides"":[{""sourceIndex"":0,""name"":""Spawn"",""sourceTypeCode"":1,""sourceRecordByteOffset"":481,""type"":""scalar"",""scalarValue"":0.0,""sourceValueByteOffset"":495},{""sourceIndex"":1,""name"":""Lifetime"",""sourceTypeCode"":1,""sourceRecordByteOffset"":560,""type"":""scalar"",""scalarValue"":0.10000000149011612,""sourceValueByteOffset"":577},{""sourceIndex"":2,""name"":""Size"",""sourceTypeCode"":3,""sourceRecordByteOffset"":642,""type"":""vector"",""vectorValue"":[200.0,0.0,0.0],""sourceValueByteOffset"":663},{""sourceIndex"":3,""name"":""Color"",""sourceTypeCode"":3,""sourceRecordByteOffset"":720,""type"":""vector"",""vectorValue"":[3.0,2.0,1.0],""sourceValueByteOffset"":742},{""sourceIndex"":4,""name"":""Alpha"",""sourceTypeCode"":1,""sourceRecordByteOffset"":799,""type"":""scalar"",""scalarValue"":1.0,""sourceValueByteOffset"":813}]}",1187148,90559,True,SOURCE_ASSET_EXPLICIT
requested_core,MN_RPCT_07,4219939,쿠크세이튼_군단장 시그니쳐 스킬_공격,25,Att_battle_28_09,action-4219939/stage-025/notify-005,HidePawn,0.0,2.233299970626831,,,,,1188126,90594,True,SOURCE_PARAMETERS_SERIALIZED
requested_core,MN_RPCT_07,4219939,쿠크세이튼_군단장 시그니쳐 스킬_공격,25,Att_battle_28_09,action-4219939/stage-025/notify-006,PlayParticleEffect,0.0,2.233299970626831,True,,ParticleSystem:FX_MN_RPCT_07_V.Par_V_RPCT_Bazooka_mesh_01,"{""schema"":""lostark.cef-play-particle-effect-header"",""version"":2,""enabled"":true,""sourceByteOffset"":47,""sourceByteValue"":1,""particleDataDecoded"":true,""sourceParticleSystem"":""ParticleSystem'FX_MN_RPCT_07_V.Par_V_RPCT_Bazooka_mesh_01'"",""attachment"":{""mode"":""FOLLOW_NAMED_ANCHORS"",""sourceAnchorNames"":[""Bip002-R-Hand""],""runtimeAnchors"":[{""sourceAnchorName"":""Bip002-R-Hand"",""runtimeAnchorSlotId"":""Bip002-R-Hand"",""runtimeBoneName"":"""",""socketLocalTransform"":{""position"":[0.0,0.0,0.0],""rotationDegrees"":[0.0,0.0,0.0],""scale"":[1.0,1.0,1.0]},""resolutionStatus"":""MISSING_SOURCE_SOCKET""}],""runtimeAnchorSlotIds"":[""Bip002-R-Hand""],""runtimeAnchorSlotId"":""Bip002-R-Hand"",""runtimeBoneName"":"""",""socketLocalTransform"":{""position"":[0.0,0.0,0.0],""rotationDegrees"":[0.0,0.0,0.0],""scale"":[1.0,1.0,1.0]},""runtimeResolutionStatus"":""MISSING_SOURCE_SOCKET"",""sourceSelectorByteOffset"":383},""localTransform"":{""sourcePositionUeUnits"":[0.0,0.0,0.0],""position"":[0.0,0.0,-0.0],""rotationDegrees"":[0.0,0.0,-0.0],""scale"":[0.30000001192092896,0.30000001192092896,0.30000001192092896]},""sourceTransformByteOffset"":405,""parameterOverridesDecoded"":true,""sourceParameterCountByteOffset"":497,""parameterOverrides"":[]}",1188258,90616,True,SOURCE_ASSET_EXPLICIT
requested_core,MN_RPCT_07,4219939,쿠크세이튼_군단장 시그니쳐 스킬_공격,25,Att_battle_28_09,action-4219939/stage-025/notify-007,AKEvent,0.0010000000474974513,2.232300043106079,,,AkEvent:S_Mob_G_KoukuSatan1.G_KoukuSatan1_Attack23_Shot3,,1188859,90646,True,SOURCE_ASSET_EXPLICIT
requested_core,MN_RPCT_07,4219939,쿠크세이튼_군단장 시그니쳐 스킬_공격,25,Att_battle_28_09,action-4219939/stage-025/notify-008,PlayParticleEffect,0.0034209999721497297,1.7066069841384888,True,,ParticleSystem:FX_MN_RPCT_07_V.Par_V_RPCT_07_Bazooka_Loop,"{""schema"":""lostark.cef-play-particle-effect-header"",""version"":2,""enabled"":true,""sourceByteOffset"":47,""sourceByteValue"":1,""particleDataDecoded"":true,""sourceParticleSystem"":""ParticleSystem'FX_MN_RPCT_07_V.Par_V_RPCT_07_Bazooka_Loop'"",""attachment"":{""mode"":""FOLLOW_NAMED_ANCHORS"",""sourceAnchorNames"":[""B_WP_2""],""runtimeAnchors"":[{""sourceAnchorName"":""B_WP_2"",""runtimeAnchorSlotId"":""B_WP_2"",""runtimeBoneName"":""b_wp_2"",""socketLocalTransform"":{""position"":[0.0,0.0,0.0],""rotationDegrees"":[0.0,0.0,0.0],""scale"":[1.0,1.0,1.0]},""resolutionStatus"":""EXACT_SOURCE_BONE""}],""runtimeAnchorSlotIds"":[""B_WP_2""],""runtimeAnchorSlotId"":""B_WP_2"",""runtimeBoneName"":""b_wp_2"",""socketLocalTransform"":{""position"":[0.0,0.0,0.0],""rotationDegrees"":[0.0,0.0,0.0],""scale"":[1.0,1.0,1.0]},""runtimeResolutionStatus"":""EXACT_SOURCE_BONE"",""sourceSelectorByteOffset"":392},""localTransform"":{""sourcePositionUeUnits"":[0.0,0.0,0.0],""position"":[0.0,0.0,-0.0],""rotationDegrees"":[0.0,0.0,-0.0],""scale"":[1.0,1.0,1.0]},""sourceTransformByteOffset"":407,""parameterOverridesDecoded"":true,""sourceParameterCountByteOffset"":499,""parameterOverrides"":[]}",1189070,90675,True,SOURCE_ASSET_EXPLICIT
requested_core,MN_RPCT_07,4219939,쿠크세이튼_군단장 시그니쳐 스킬_공격,25,Att_battle_28_09,action-4219939/stage-025/notify-009,AKEvent,1.0,1.233299970626831,,,AkEvent:S_Mob_G_KoukuSatan1.G_KoukuSatan1_Attack23_Cast3,,1189673,90706,True,SOURCE_ASSET_EXPLICIT
requested_core,MN_RPCT_07,4219939,쿠크세이튼_군단장 시그니쳐 스킬_공격,25,Att_battle_28_09,action-4219939/stage-025/notify-010,PlayParticleEffect,1.0653070211410522,0.0,True,,ParticleSystem:fx_mn_rpct_07_v.Par_V_RPCT_BallRead_Exp_01_LOC_INT,"{""schema"":""lostark.cef-play-particle-effect-header"",""version"":2,""enabled"":true,""sourceByteOffset"":47,""sourceByteValue"":1,""particleDataDecoded"":true,""sourceParticleSystem"":""ParticleSystem'fx_mn_rpct_07_v.Par_V_RPCT_BallRead_Exp_01_LOC_INT'"",""attachment"":{""mode"":""FOLLOW_NAMED_ANCHORS"",""sourceAnchorNames"":[""Bip002-R-Hand""],""runtimeAnchors"":[{""sourceAnchorName"":""Bip002-R-Hand"",""runtimeAnchorSlotId"":""Bip002-R-Hand"",""runtimeBoneName"":"""",""socketLocalTransform"":{""position"":[0.0,0.0,0.0],""rotationDegrees"":[0.0,0.0,0.0],""scale"":[1.0,1.0,1.0]},""resolutionStatus"":""MISSING_SOURCE_SOCKET""}],""runtimeAnchorSlotIds"":[""Bip002-R-Hand""],""runtimeAnchorSlotId"":""Bip002-R-Hand"",""runtimeBoneName"":"""",""socketLocalTransform"":{""position"":[0.0,0.0,0.0],""rotationDegrees"":[0.0,0.0,0.0],""scale"":[1.0,1.0,1.0]},""runtimeResolutionStatus"":""MISSING_SOURCE_SOCKET"",""sourceSelectorByteOffset"":397},""localTransform"":{""sourcePositionUeUnits"":[0.0,0.0,0.0],""position"":[0.0,0.0,-0.0],""rotationDegrees"":[0.0,0.0,-0.0],""scale"":[0.4000000059604645,0.4000000059604645,0.4000000059604645]},""sourceTransformByteOffset"":419,""parameterOverridesDecoded"":true,""sourceParameterCountByteOffset"":511,""parameterOverrides"":[]}",1189884,90735,True,SOURCE_ASSET_EXPLICIT
requested_core,MN_RPCT_07,4219939,쿠크세이튼_군단장 시그니쳐 스킬_공격,25,Att_battle_28_09,action-4219939/stage-025/notify-011,PawnMaterialParam,1.0654710531234741,0.0,,,,,1190499,90766,True,SOURCE_PARAMETERS_SERIALIZED
requested_core,MN_RPCT_07,4219939,쿠크세이튼_군단장 시그니쳐 스킬_공격,25,Att_battle_28_09,action-4219939/stage-025/notify-012,PlayParticleEffect,1.097085952758789,0.0,True,,ParticleSystem:fx_mn_rpct_07_v.Par_V_RPCT_signalShot_01_LOC_INT,"{""schema"":""lostark.cef-play-particle-effect-header"",""version"":2,""enabled"":true,""sourceByteOffset"":47,""sourceByteValue"":1,""particleDataDecoded"":true,""sourceParticleSystem"":""ParticleSystem'fx_mn_rpct_07_v.Par_V_RPCT_signalShot_01_LOC_INT'"",""attachment"":{""mode"":""FOLLOW_NAMED_ANCHORS"",""sourceAnchorNames"":[""Bip002-R-Hand""],""runtimeAnchors"":[{""sourceAnchorName"":""Bip002-R-Hand"",""runtimeAnchorSlotId"":""Bip002-R-Hand"",""runtimeBoneName"":"""",""socketLocalTransform"":{""position"":[0.0,0.0,0.0],""rotationDegrees"":[0.0,0.0,0.0],""scale"":[1.0,1.0,1.0]},""resolutionStatus"":""MISSING_SOURCE_SOCKET""}],""runtimeAnchorSlotIds"":[""Bip002-R-Hand""],""runtimeAnchorSlotId"":""Bip002-R-Hand"",""runtimeBoneName"":"""",""socketLocalTransform"":{""position"":[0.0,0.0,0.0],""rotationDegrees"":[0.0,0.0,0.0],""scale"":[1.0,1.0,1.0]},""runtimeResolutionStatus"":""MISSING_SOURCE_SOCKET"",""sourceSelectorByteOffset"":394},""localTransform"":{""sourcePositionUeUnits"":[0.0,0.0,50.0],""position"":[0.0,0.5,-0.0],""rotationDegrees"":[0.0,0.0,-0.0],""scale"":[1.0,1.0,1.0]},""sourceTransformByteOffset"":416,""parameterOverridesDecoded"":true,""sourceParameterCountByteOffset"":508,""parameterOverrides"":[{""sourceIndex"":0,""name"":""Color"",""sourceTypeCode"":3,""sourceRecordByteOffset"":512,""type"":""vector"",""vectorValue"":[1.0,1.0,1.0],""sourceValueByteOffset"":534}]}",1190927,90789,True,SOURCE_ASSET_EXPLICIT
requested_core,MN_RPCT_07,4219939,쿠크세이튼_군단장 시그니쳐 스킬_공격,25,Att_battle_28_09,action-4219939/stage-025/notify-013,AKEvent,1.7699999809265137,0.4632999897003174,,,AkEvent:S_Mob_G_KoukuSatan1.G_KoukuSatan1_Attack03_Cast2,,1191618,90821,True,SOURCE_ASSET_EXPLICIT
requested_core,MN_RPCT_07,4219939,쿠크세이튼_군단장 시그니쳐 스킬_공격,25,Att_battle_28_09,action-4219939/stage-025/notify-014,HidePawn,1.8046770095825195,0.4286229908466339,,,,,1191829,90850,True,SOURCE_PARAMETERS_SERIALIZED
requested_core,MN_RPCT_07,4219939,쿠크세이튼_군단장 시그니쳐 스킬_공격,25,Att_battle_28_09,action-4219939/stage-025/notify-015,ViewShake,1.8096239566802979,0.0,,,,,1191949,90872,True,SOURCE_PARAMETERS_SERIALIZED
requested_core,MN_RPCT_07,4219939,쿠크세이튼_군단장 시그니쳐 스킬_공격,25,Att_battle_28_09,action-4219939/stage-025/notify-016,PlayParticleEffect,1.8112080097198486,0.0,True,,ParticleSystem:FX_CM_02.Light.Par_MP_Light_05_L,"{""schema"":""lostark.cef-play-particle-effect-header"",""version"":2,""enabled"":true,""sourceByteOffset"":47,""sourceByteValue"":1,""particleDataDecoded"":true,""sourceParticleSystem"":""ParticleSystem'FX_CM_02.Light.Par_MP_Light_05_L'"",""attachment"":{""mode"":""SNAPSHOT_ROOT"",""sourceAnchorNames"":[],""runtimeAnchors"":[],""runtimeAnchorSlotIds"":[],""runtimeAnchorSlotId"":""root"",""runtimeBoneName"":"""",""socketLocalTransform"":{""position"":[0.0,0.0,0.0],""rotationDegrees"":[0.0,0.0,0.0],""scale"":[1.0,1.0,1.0]},""runtimeResolutionStatus"":""EXACT_ROOT_SNAPSHOT"",""sourceSelectorByteOffset"":null},""localTransform"":{""sourcePositionUeUnits"":[0.0,0.0,150.0],""position"":[0.0,1.5,-0.0],""rotationDegrees"":[0.0,0.0,-0.0],""scale"":[1.0,1.0,1.0]},""sourceTransformByteOffset"":387,""parameterOverridesDecoded"":true,""sourceParameterCountByteOffset"":475,""parameterOverrides"":[{""sourceIndex"":0,""name"":""Spawn"",""sourceTypeCode"":1,""sourceRecordByteOffset"":479,""type"":""scalar"",""scalarValue"":0.0,""sourceValueByteOffset"":493},{""sourceIndex"":1,""name"":""Lifetime"",""sourceTypeCode"":1,""sourceRecordByteOffset"":558,""type"":""scalar"",""scalarValue"":0.800000011920929,""sourceValueByteOffset"":575},{""sourceIndex"":2,""name"":""Location"",""sourceTypeCode"":3,""sourceRecordByteOffset"":640,""type"":""vector"",""vectorValue"":[1.0,1.0,1.0],""sourceValueByteOffset"":665},{""sourceIndex"":3,""name"":""Size"",""sourceTypeCode"":3,""sourceRecordByteOffset"":722,""type"":""vector"",""vectorValue"":[450.0,100.0,100.0],""sourceValueByteOffset"":743},{""sourceIndex"":4,""name"":""Color"",""sourceTypeCode"":3,""sourceRecordByteOffset"":800,""type"":""vector"",""vectorValue"":[3.0,1.0,1.0],""sourceValueByteOffset"":822},{""sourceIndex"":5,""name"":""Alpha"",""sourceTypeCode"":1,""sourceRecordByteOffset"":879,""type"":""scalar"",""scalarValue"":1.5,""sourceValueByteOffset"":893}]}",1192210,90896,True,SOURCE_ASSET_EXPLICIT
requested_core,MN_RPCT_07,4219939,쿠크세이튼_군단장 시그니쳐 스킬_공격,25,Att_battle_28_09,action-4219939/stage-025/notify-017,PlayParticleEffect,1.811830997467041,0.0,True,,ParticleSystem:fx_mn_rpct_07_v.Par_V_RPCT_BallRead_Exp_01_LOC_INT,"{""schema"":""lostark.cef-play-particle-effect-header"",""version"":2,""enabled"":true,""sourceByteOffset"":47,""sourceByteValue"":1,""particleDataDecoded"":true,""sourceParticleSystem"":""ParticleSystem'fx_mn_rpct_07_v.Par_V_RPCT_BallRead_Exp_01_LOC_INT'"",""attachment"":{""mode"":""FOLLOW_NAMED_ANCHORS"",""sourceAnchorNames"":[""FX_buff_01""],""runtimeAnchors"":[{""sourceAnchorName"":""FX_buff_01"",""runtimeAnchorSlotId"":""FX_buff_01"",""runtimeBoneName"":"""",""socketLocalTransform"":{""position"":[0.0,0.0,0.0],""rotationDegrees"":[0.0,0.0,0.0],""scale"":[1.0,1.0,1.0]},""resolutionStatus"":""MISSING_SOURCE_SOCKET""}],""runtimeAnchorSlotIds"":[""FX_buff_01""],""runtimeAnchorSlotId"":""FX_buff_01"",""runtimeBoneName"":"""",""socketLocalTransform"":{""position"":[0.0,0.0,0.0],""rotationDegrees"":[0.0,0.0,0.0],""scale"":[1.0,1.0,1.0]},""runtimeResolutionStatus"":""MISSING_SOURCE_SOCKET"",""sourceSelectorByteOffset"":395},""localTransform"":{""sourcePositionUeUnits"":[0.0,0.0,0.0],""position"":[0.0,0.0,-0.0],""rotationDegrees"":[0.0,0.0,-0.0],""scale"":[1.2000000476837158,1.2000000476837158,1.2000000476837158]},""sourceTransformByteOffset"":414,""parameterOverridesDecoded"":true,""sourceParameterCountByteOffset"":502,""parameterOverrides"":[]}",1193268,90932,True,SOURCE_ASSET_EXPLICIT
requested_core,MN_RPCT_07,4219939,쿠크세이튼_군단장 시그니쳐 스킬_공격,25,Att_battle_28_09,action-4219939/stage-025/notify-018,Effect,1.899999976158142,0.20000000298023224,,41600004,,,1193874,90962,True,TIMING_ONLY
requested_core,MN_RPCT_07,4219939,쿠크세이튼_군단장 시그니쳐 스킬_공격,25,Att_battle_28_09,action-4219939/stage-025/notify-019,Effect,1.899999976158142,0.20000000298023224,,41600006,,,1194024,90981,True,TIMING_ONLY
requested_core,MN_RPCT_07,4219939,쿠크세이튼_군단장 시그니쳐 스킬_공격,25,Att_battle_28_09,action-4219939/stage-025/notify-020,MonsterMoveNextStage,2.130000114440918,0.0,,,,,1194174,91003,True,TIMING_OR_STATE_ONLY
requested_core,MN_RPCT_07,4219939,쿠크세이튼_군단장 시그니쳐 스킬_공격,26,Att_Battle_24_03,action-4219939/stage-026/notify-000,Anim,0.0,1.0,,,,,1194590,91043,True,SOURCE_CLIP_EXPLICIT
requested_core,MN_RPCT_07,4219939,쿠크세이튼_군단장 시그니쳐 스킬_공격,26,Att_Battle_24_03,action-4219939/stage-026/notify-001,PlayParticleEffect,0.0,3.0,True,,ParticleSystem:FX_MN_RPCT_07_V.Par_V_RPCT_Bazooka_mesh_01,"{""schema"":""lostark.cef-play-particle-effect-header"",""version"":2,""enabled"":true,""sourceByteOffset"":47,""sourceByteValue"":1,""particleDataDecoded"":true,""sourceParticleSystem"":""ParticleSystem'FX_MN_RPCT_07_V.Par_V_RPCT_Bazooka_mesh_01'"",""attachment"":{""mode"":""FOLLOW_NAMED_ANCHORS"",""sourceAnchorNames"":[""Bip002-R-Hand""],""runtimeAnchors"":[{""sourceAnchorName"":""Bip002-R-Hand"",""runtimeAnchorSlotId"":""Bip002-R-Hand"",""runtimeBoneName"":"""",""socketLocalTransform"":{""position"":[0.0,0.0,0.0],""rotationDegrees"":[0.0,0.0,0.0],""scale"":[1.0,1.0,1.0]},""resolutionStatus"":""MISSING_SOURCE_SOCKET""}],""runtimeAnchorSlotIds"":[""Bip002-R-Hand""],""runtimeAnchorSlotId"":""Bip002-R-Hand"",""runtimeBoneName"":"""",""socketLocalTransform"":{""position"":[0.0,0.0,0.0],""rotationDegrees"":[0.0,0.0,0.0],""scale"":[1.0,1.0,1.0]},""runtimeResolutionStatus"":""MISSING_SOURCE_SOCKET"",""sourceSelectorByteOffset"":411},""localTransform"":{""sourcePositionUeUnits"":[0.0,0.0,0.0],""position"":[0.0,0.0,-0.0],""rotationDegrees"":[0.0,0.0,-0.0],""scale"":[0.30000001192092896,0.30000001192092896,0.30000001192092896]},""sourceTransformByteOffset"":433,""parameterOverridesDecoded"":true,""sourceParameterCountByteOffset"":525,""parameterOverrides"":[]}",1194882,91070,True,SOURCE_ASSET_EXPLICIT
requested_core,MN_RPCT_07,4219939,쿠크세이튼_군단장 시그니쳐 스킬_공격,26,Att_Battle_24_03,action-4219939/stage-026/notify-002,PlayParticleEffect,1.0653070211410522,0.0,True,,ParticleSystem:fx_mn_rpct_07_v.Par_V_RPCT_BallRead_Exp_01_LOC_INT,"{""schema"":""lostark.cef-play-particle-effect-header"",""version"":2,""enabled"":true,""sourceByteOffset"":47,""sourceByteValue"":1,""particleDataDecoded"":true,""sourceParticleSystem"":""ParticleSystem'fx_mn_rpct_07_v.Par_V_RPCT_BallRead_Exp_01_LOC_INT'"",""attachment"":{""mode"":""FOLLOW_NAMED_ANCHORS"",""sourceAnchorNames"":[""Bip002-R-Hand""],""runtimeAnchors"":[{""sourceAnchorName"":""Bip002-R-Hand"",""runtimeAnchorSlotId"":""Bip002-R-Hand"",""runtimeBoneName"":"""",""socketLocalTransform"":{""position"":[0.0,0.0,0.0],""rotationDegrees"":[0.0,0.0,0.0],""scale"":[1.0,1.0,1.0]},""resolutionStatus"":""MISSING_SOURCE_SOCKET""}],""runtimeAnchorSlotIds"":[""Bip002-R-Hand""],""runtimeAnchorSlotId"":""Bip002-R-Hand"",""runtimeBoneName"":"""",""socketLocalTransform"":{""position"":[0.0,0.0,0.0],""rotationDegrees"":[0.0,0.0,0.0],""scale"":[1.0,1.0,1.0]},""runtimeResolutionStatus"":""MISSING_SOURCE_SOCKET"",""sourceSelectorByteOffset"":425},""localTransform"":{""sourcePositionUeUnits"":[0.0,0.0,0.0],""position"":[0.0,0.0,-0.0],""rotationDegrees"":[0.0,0.0,-0.0],""scale"":[0.4000000059604645,0.4000000059604645,0.4000000059604645]},""sourceTransformByteOffset"":447,""parameterOverridesDecoded"":true,""sourceParameterCountByteOffset"":539,""parameterOverrides"":[]}",1195511,91100,True,SOURCE_ASSET_EXPLICIT
requested_core,MN_RPCT_07,4219939,쿠크세이튼_군단장 시그니쳐 스킬_공격,26,Att_Battle_24_03,action-4219939/stage-026/notify-003,PawnMaterialParam,1.0654710531234741,0.0,,,,,1196154,91131,True,SOURCE_PARAMETERS_SERIALIZED
requested_core,MN_RPCT_07,4219939,쿠크세이튼_군단장 시그니쳐 스킬_공격,26,Att_Battle_24_03,action-4219939/stage-026/notify-004,PlayParticleEffect,1.097085952758789,0.0,True,,ParticleSystem:fx_mn_rpct_07_v.Par_V_RPCT_signalShot_01_LOC_INT,"{""schema"":""lostark.cef-play-particle-effect-header"",""version"":2,""enabled"":true,""sourceByteOffset"":47,""sourceByteValue"":1,""particleDataDecoded"":true,""sourceParticleSystem"":""ParticleSystem'fx_mn_rpct_07_v.Par_V_RPCT_signalShot_01_LOC_INT'"",""attachment"":{""mode"":""FOLLOW_NAMED_ANCHORS"",""sourceAnchorNames"":[""Bip002-R-Hand""],""runtimeAnchors"":[{""sourceAnchorName"":""Bip002-R-Hand"",""runtimeAnchorSlotId"":""Bip002-R-Hand"",""runtimeBoneName"":"""",""socketLocalTransform"":{""position"":[0.0,0.0,0.0],""rotationDegrees"":[0.0,0.0,0.0],""scale"":[1.0,1.0,1.0]},""resolutionStatus"":""MISSING_SOURCE_SOCKET""}],""runtimeAnchorSlotIds"":[""Bip002-R-Hand""],""runtimeAnchorSlotId"":""Bip002-R-Hand"",""runtimeBoneName"":"""",""socketLocalTransform"":{""position"":[0.0,0.0,0.0],""rotationDegrees"":[0.0,0.0,0.0],""scale"":[1.0,1.0,1.0]},""runtimeResolutionStatus"":""MISSING_SOURCE_SOCKET"",""sourceSelectorByteOffset"":422},""localTransform"":{""sourcePositionUeUnits"":[0.0,0.0,50.0],""position"":[0.0,0.5,-0.0],""rotationDegrees"":[0.0,0.0,-0.0],""scale"":[1.0,1.0,1.0]},""sourceTransformByteOffset"":444,""parameterOverridesDecoded"":true,""sourceParameterCountByteOffset"":536,""parameterOverrides"":[{""sourceIndex"":0,""name"":""Color"",""sourceTypeCode"":3,""sourceRecordByteOffset"":540,""type"":""vector"",""vectorValue"":[1.0,1.0,1.0],""sourceValueByteOffset"":562}]}",1196610,91154,True,SOURCE_ASSET_EXPLICIT
requested_core,MN_RPCT_07,4219939,쿠크세이튼_군단장 시그니쳐 스킬_공격,26,Att_Battle_24_03,action-4219939/stage-026/notify-005,MonsterMoveNextStage,3.0,0.0,,,,,1197329,91186,True,TIMING_OR_STATE_ONLY
requested_core,MN_RPCT_07,4219939,쿠크세이튼_군단장 시그니쳐 스킬_공격,27,Att_battle_28_10_start,action-4219939/stage-027/notify-000,Anim,0.0,2.3333330154418945,,,,,1197649,91226,True,SOURCE_CLIP_EXPLICIT
requested_core,MN_RPCT_07,4219939,쿠크세이튼_군단장 시그니쳐 스킬_공격,27,Att_battle_28_10_start,action-4219939/stage-027/notify-001,Effect,0.0,0.10000000149011612,,421991213,,,1197953,91253,True,TIMING_ONLY
requested_core,MN_RPCT_07,4219939,쿠크세이튼_군단장 시그니쳐 스킬_공격,27,Att_battle_28_10_start,action-4219939/stage-027/notify-002,Effect,0.0,0.20000000298023224,,41600005,,,1198103,91272,True,TIMING_ONLY
requested_core,MN_RPCT_07,4219939,쿠크세이튼_군단장 시그니쳐 스킬_공격,27,Att_battle_28_10_start,action-4219939/stage-027/notify-003,Effect,0.0,0.20000000298023224,,41600007,,,1198253,91291,True,TIMING_ONLY
requested_core,MN_RPCT_07,4219939,쿠크세이튼_군단장 시그니쳐 스킬_공격,27,Att_battle_28_10_start,action-4219939/stage-027/notify-004,PlayParticleEffect,0.0,0.0,True,,ParticleSystem:FX_CM_02.Light.Par_MP_Light_05_L,"{""schema"":""lostark.cef-play-particle-effect-header"",""version"":2,""enabled"":true,""sourceByteOffset"":47,""sourceByteValue"":1,""particleDataDecoded"":true,""sourceParticleSystem"":""ParticleSystem'FX_CM_02.Light.Par_MP_Light_05_L'"",""attachment"":{""mode"":""SNAPSHOT_ROOT"",""sourceAnchorNames"":[],""runtimeAnchors"":[],""runtimeAnchorSlotIds"":[],""runtimeAnchorSlotId"":""root"",""runtimeBoneName"":"""",""socketLocalTransform"":{""position"":[0.0,0.0,0.0],""rotationDegrees"":[0.0,0.0,0.0],""scale"":[1.0,1.0,1.0]},""runtimeResolutionStatus"":""EXACT_ROOT_SNAPSHOT"",""sourceSelectorByteOffset"":null},""localTransform"":{""sourcePositionUeUnits"":[0.0,0.0,150.0],""position"":[0.0,1.5,-0.0],""rotationDegrees"":[0.0,0.0,-0.0],""scale"":[1.0,1.0,1.0]},""sourceTransformByteOffset"":387,""parameterOverridesDecoded"":true,""sourceParameterCountByteOffset"":475,""parameterOverrides"":[{""sourceIndex"":0,""name"":""Spawn"",""sourceTypeCode"":1,""sourceRecordByteOffset"":479,""type"":""scalar"",""scalarValue"":0.0,""sourceValueByteOffset"":493},{""sourceIndex"":1,""name"":""Lifetime"",""sourceTypeCode"":1,""sourceRecordByteOffset"":558,""type"":""scalar"",""scalarValue"":0.800000011920929,""sourceValueByteOffset"":575},{""sourceIndex"":2,""name"":""Location"",""sourceTypeCode"":3,""sourceRecordByteOffset"":640,""type"":""vector"",""vectorValue"":[1.0,1.0,1.0],""sourceValueByteOffset"":665},{""sourceIndex"":3,""name"":""Size"",""sourceTypeCode"":3,""sourceRecordByteOffset"":722,""type"":""vector"",""vectorValue"":[450.0,100.0,100.0],""sourceValueByteOffset"":743},{""sourceIndex"":4,""name"":""Color"",""sourceTypeCode"":3,""sourceRecordByteOffset"":800,""type"":""vector"",""vectorValue"":[3.0,1.0,1.0],""sourceValueByteOffset"":822},{""sourceIndex"":5,""name"":""Alpha"",""sourceTypeCode"":1,""sourceRecordByteOffset"":879,""type"":""scalar"",""scalarValue"":1.5,""sourceValueByteOffset"":893}]}",1198403,91310,True,SOURCE_ASSET_EXPLICIT
requested_core,MN_RPCT_07,4219939,쿠크세이튼_군단장 시그니쳐 스킬_공격,27,Att_battle_28_10_start,action-4219939/stage-027/notify-005,PlayParticleEffect,0.0,0.0,True,,ParticleSystem:fx_mn_rpct_07_v.Par_V_RPCT_BallRead_Exp_01_LOC_INT,"{""schema"":""lostark.cef-play-particle-effect-header"",""version"":2,""enabled"":true,""sourceByteOffset"":47,""sourceByteValue"":1,""particleDataDecoded"":true,""sourceParticleSystem"":""ParticleSystem'fx_mn_rpct_07_v.Par_V_RPCT_BallRead_Exp_01_LOC_INT'"",""attachment"":{""mode"":""FOLLOW_NAMED_ANCHORS"",""sourceAnchorNames"":[""FX_buff_01""],""runtimeAnchors"":[{""sourceAnchorName"":""FX_buff_01"",""runtimeAnchorSlotId"":""FX_buff_01"",""runtimeBoneName"":"""",""socketLocalTransform"":{""position"":[0.0,0.0,0.0],""rotationDegrees"":[0.0,0.0,0.0],""scale"":[1.0,1.0,1.0]},""resolutionStatus"":""MISSING_SOURCE_SOCKET""}],""runtimeAnchorSlotIds"":[""FX_buff_01""],""runtimeAnchorSlotId"":""FX_buff_01"",""runtimeBoneName"":"""",""socketLocalTransform"":{""position"":[0.0,0.0,0.0],""rotationDegrees"":[0.0,0.0,0.0],""scale"":[1.0,1.0,1.0]},""runtimeResolutionStatus"":""MISSING_SOURCE_SOCKET"",""sourceSelectorByteOffset"":395},""localTransform"":{""sourcePositionUeUnits"":[0.0,0.0,65.0],""position"":[0.0,0.65,-0.0],""rotationDegrees"":[0.0,0.0,-0.0],""scale"":[1.2000000476837158,1.2000000476837158,1.2000000476837158]},""sourceTransformByteOffset"":414,""parameterOverridesDecoded"":true,""sourceParameterCountByteOffset"":502,""parameterOverrides"":[]}",1199461,91346,True,SOURCE_ASSET_EXPLICIT
requested_core,MN_RPCT_07,4219939,쿠크세이튼_군단장 시그니쳐 스킬_공격,27,Att_battle_28_10_start,action-4219939/stage-027/notify-006,ViewShake,0.0,0.0,,,,,1200067,91376,True,SOURCE_PARAMETERS_SERIALIZED
requested_core,MN_RPCT_07,4219939,쿠크세이튼_군단장 시그니쳐 스킬_공격,27,Att_battle_28_10_start,action-4219939/stage-027/notify-007,HidePawn,0.0,0.0,,,,,1200328,91400,True,SOURCE_PARAMETERS_SERIALIZED
requested_core,MN_RPCT_07,4219939,쿠크세이튼_군단장 시그니쳐 스킬_공격,27,Att_battle_28_10_start,action-4219939/stage-027/notify-008,PlayParticleEffect,0.0,2.3333001136779785,True,,ParticleSystem:FX_MN_RPCT_07_V.Par_V_RPCT_Bazooka_mesh_01,"{""schema"":""lostark.cef-play-particle-effect-header"",""version"":2,""enabled"":true,""sourceByteOffset"":47,""sourceByteValue"":1,""particleDataDecoded"":true,""sourceParticleSystem"":""ParticleSystem'FX_MN_RPCT_07_V.Par_V_RPCT_Bazooka_mesh_01'"",""attachment"":{""mode"":""FOLLOW_NAMED_ANCHORS"",""sourceAnchorNames"":[""Bip002-R-Hand""],""runtimeAnchors"":[{""sourceAnchorName"":""Bip002-R-Hand"",""runtimeAnchorSlotId"":""Bip002-R-Hand"",""runtimeBoneName"":"""",""socketLocalTransform"":{""position"":[0.0,0.0,0.0],""rotationDegrees"":[0.0,0.0,0.0],""scale"":[1.0,1.0,1.0]},""resolutionStatus"":""MISSING_SOURCE_SOCKET""}],""runtimeAnchorSlotIds"":[""Bip002-R-Hand""],""runtimeAnchorSlotId"":""Bip002-R-Hand"",""runtimeBoneName"":"""",""socketLocalTransform"":{""position"":[0.0,0.0,0.0],""rotationDegrees"":[0.0,0.0,0.0],""scale"":[1.0,1.0,1.0]},""runtimeResolutionStatus"":""MISSING_SOURCE_SOCKET"",""sourceSelectorByteOffset"":383},""localTransform"":{""sourcePositionUeUnits"":[0.0,0.0,0.0],""position"":[0.0,0.0,-0.0],""rotationDegrees"":[0.0,0.0,-0.0],""scale"":[0.30000001192092896,0.30000001192092896,0.30000001192092896]},""sourceTransformByteOffset"":405,""parameterOverridesDecoded"":true,""sourceParameterCountByteOffset"":497,""parameterOverrides"":[]}",1200448,91422,True,SOURCE_ASSET_EXPLICIT
requested_core,MN_RPCT_07,4219939,쿠크세이튼_군단장 시그니쳐 스킬_공격,27,Att_battle_28_10_start,action-4219939/stage-027/notify-009,AKEvent,0.0010000000474974513,2.3322999477386475,,,AkEvent:S_Mob_G_KoukuSatan1.G_KoukuSatan1_Attack23_ShotVox2,,1201049,91452,True,SOURCE_ASSET_EXPLICIT
requested_core,MN_RPCT_07,4219939,쿠크세이튼_군단장 시그니쳐 스킬_공격,27,Att_battle_28_10_start,action-4219939/stage-027/notify-010,AKEvent,0.0010000000474974513,1.2583450078964233,,,AkEvent:S_Mob_G_KoukuSatan1.G_KoukuSatan1_Attack03_Cast3,,1201262,91481,True,SOURCE_ASSET_EXPLICIT
requested_core,MN_RPCT_07,4219939,쿠크세이튼_군단장 시그니쳐 스킬_공격,27,Att_battle_28_10_start,action-4219939/stage-027/notify-011,AKEvent,1.0,1.333299994468689,,,AkEvent:S_Mob_G_KoukuSatan1.G_KoukuSatan1_Attack23_Cast3,,1201473,91510,True,SOURCE_ASSET_EXPLICIT
requested_core,MN_RPCT_07,4219939,쿠크세이튼_군단장 시그니쳐 스킬_공격,27,Att_battle_28_10_start,action-4219939/stage-027/notify-012,PlayParticleEffect,1.0653070211410522,0.0,True,,ParticleSystem:fx_mn_rpct_07_v.Par_V_RPCT_BallRead_Exp_01_LOC_INT,"{""schema"":""lostark.cef-play-particle-effect-header"",""version"":2,""enabled"":true,""sourceByteOffset"":47,""sourceByteValue"":1,""particleDataDecoded"":true,""sourceParticleSystem"":""ParticleSystem'fx_mn_rpct_07_v.Par_V_RPCT_BallRead_Exp_01_LOC_INT'"",""attachment"":{""mode"":""FOLLOW_NAMED_ANCHORS"",""sourceAnchorNames"":[""Bip002-R-Hand""],""runtimeAnchors"":[{""sourceAnchorName"":""Bip002-R-Hand"",""runtimeAnchorSlotId"":""Bip002-R-Hand"",""runtimeBoneName"":"""",""socketLocalTransform"":{""position"":[0.0,0.0,0.0],""rotationDegrees"":[0.0,0.0,0.0],""scale"":[1.0,1.0,1.0]},""resolutionStatus"":""MISSING_SOURCE_SOCKET""}],""runtimeAnchorSlotIds"":[""Bip002-R-Hand""],""runtimeAnchorSlotId"":""Bip002-R-Hand"",""runtimeBoneName"":"""",""socketLocalTransform"":{""position"":[0.0,0.0,0.0],""rotationDegrees"":[0.0,0.0,0.0],""scale"":[1.0,1.0,1.0]},""runtimeResolutionStatus"":""MISSING_SOURCE_SOCKET"",""sourceSelectorByteOffset"":397},""localTransform"":{""sourcePositionUeUnits"":[0.0,0.0,0.0],""position"":[0.0,0.0,-0.0],""rotationDegrees"":[0.0,0.0,-0.0],""scale"":[0.4000000059604645,0.4000000059604645,0.4000000059604645]},""sourceTransformByteOffset"":419,""parameterOverridesDecoded"":true,""sourceParameterCountByteOffset"":511,""parameterOverrides"":[]}",1201684,91539,True,SOURCE_ASSET_EXPLICIT
requested_core,MN_RPCT_07,4219939,쿠크세이튼_군단장 시그니쳐 스킬_공격,27,Att_battle_28_10_start,action-4219939/stage-027/notify-013,PlayParticleEffect,1.0967799425125122,0.0,True,,ParticleSystem:fx_mn_rpct_07_v.Par_V_RPCT_BallRead_Exp_01_LOC_INT,"{""schema"":""lostark.cef-play-particle-effect-header"",""version"":2,""enabled"":true,""sourceByteOffset"":47,""sourceByteValue"":1,""particleDataDecoded"":true,""sourceParticleSystem"":""ParticleSystem'fx_mn_rpct_07_v.Par_V_RPCT_BallRead_Exp_01_LOC_INT'"",""attachment"":{""mode"":""FOLLOW_NAMED_ANCHORS"",""sourceAnchorNames"":[""Bip002-R-Hand""],""runtimeAnchors"":[{""sourceAnchorName"":""Bip002-R-Hand"",""runtimeAnchorSlotId"":""Bip002-R-Hand"",""runtimeBoneName"":"""",""socketLocalTransform"":{""position"":[0.0,0.0,0.0],""rotationDegrees"":[0.0,0.0,0.0],""scale"":[1.0,1.0,1.0]},""resolutionStatus"":""MISSING_SOURCE_SOCKET""}],""runtimeAnchorSlotIds"":[""Bip002-R-Hand""],""runtimeAnchorSlotId"":""Bip002-R-Hand"",""runtimeBoneName"":"""",""socketLocalTransform"":{""position"":[0.0,0.0,0.0],""rotationDegrees"":[0.0,0.0,0.0],""scale"":[1.0,1.0,1.0]},""runtimeResolutionStatus"":""MISSING_SOURCE_SOCKET"",""sourceSelectorByteOffset"":397},""localTransform"":{""sourcePositionUeUnits"":[0.0,0.0,0.0],""position"":[0.0,0.0,-0.0],""rotationDegrees"":[0.0,0.0,-0.0],""scale"":[0.4000000059604645,0.4000000059604645,0.4000000059604645]},""sourceTransformByteOffset"":419,""parameterOverridesDecoded"":true,""sourceParameterCountByteOffset"":511,""parameterOverrides"":[]}",1202299,91570,True,SOURCE_ASSET_EXPLICIT
requested_core,MN_RPCT_07,4219939,쿠크세이튼_군단장 시그니쳐 스킬_공격,27,Att_battle_28_10_start,action-4219939/stage-027/notify-014,PlayParticleEffect,1.097085952758789,0.0,True,,ParticleSystem:fx_mn_rpct_07_v.Par_V_RPCT_signalShot_01_LOC_INT,"{""schema"":""lostark.cef-play-particle-effect-header"",""version"":2,""enabled"":true,""sourceByteOffset"":47,""sourceByteValue"":1,""particleDataDecoded"":true,""sourceParticleSystem"":""ParticleSystem'fx_mn_rpct_07_v.Par_V_RPCT_signalShot_01_LOC_INT'"",""attachment"":{""mode"":""FOLLOW_NAMED_ANCHORS"",""sourceAnchorNames"":[""Bip002-R-Hand""],""runtimeAnchors"":[{""sourceAnchorName"":""Bip002-R-Hand"",""runtimeAnchorSlotId"":""Bip002-R-Hand"",""runtimeBoneName"":"""",""socketLocalTransform"":{""position"":[0.0,0.0,0.0],""rotationDegrees"":[0.0,0.0,0.0],""scale"":[1.0,1.0,1.0]},""resolutionStatus"":""MISSING_SOURCE_SOCKET""}],""runtimeAnchorSlotIds"":[""Bip002-R-Hand""],""runtimeAnchorSlotId"":""Bip002-R-Hand"",""runtimeBoneName"":"""",""socketLocalTransform"":{""position"":[0.0,0.0,0.0],""rotationDegrees"":[0.0,0.0,0.0],""scale"":[1.0,1.0,1.0]},""runtimeResolutionStatus"":""MISSING_SOURCE_SOCKET"",""sourceSelectorByteOffset"":394},""localTransform"":{""sourcePositionUeUnits"":[0.0,0.0,50.0],""position"":[0.0,0.5,-0.0],""rotationDegrees"":[0.0,0.0,-0.0],""scale"":[1.0,1.0,1.0]},""sourceTransformByteOffset"":416,""parameterOverridesDecoded"":true,""sourceParameterCountByteOffset"":508,""parameterOverrides"":[{""sourceIndex"":0,""name"":""Color"",""sourceTypeCode"":3,""sourceRecordByteOffset"":512,""type"":""vector"",""vectorValue"":[1.0,1.0,1.0],""sourceValueByteOffset"":534}]}",1202914,91601,True,SOURCE_ASSET_EXPLICIT
requested_core,MN_RPCT_07,4219939,쿠크세이튼_군단장 시그니쳐 스킬_공격,27,Att_battle_28_10_start,action-4219939/stage-027/notify-015,PlayParticleEffect,1.097085952758789,0.0,True,,ParticleSystem:fx_mn_rpct_07_v.Par_V_RPCT_signalShot_01_LOC_INT,"{""schema"":""lostark.cef-play-particle-effect-header"",""version"":2,""enabled"":true,""sourceByteOffset"":47,""sourceByteValue"":1,""particleDataDecoded"":true,""sourceParticleSystem"":""ParticleSystem'fx_mn_rpct_07_v.Par_V_RPCT_signalShot_01_LOC_INT'"",""attachment"":{""mode"":""FOLLOW_NAMED_ANCHORS"",""sourceAnchorNames"":[""Bip002-R-Hand""],""runtimeAnchors"":[{""sourceAnchorName"":""Bip002-R-Hand"",""runtimeAnchorSlotId"":""Bip002-R-Hand"",""runtimeBoneName"":"""",""socketLocalTransform"":{""position"":[0.0,0.0,0.0],""rotationDegrees"":[0.0,0.0,0.0],""scale"":[1.0,1.0,1.0]},""resolutionStatus"":""MISSING_SOURCE_SOCKET""}],""runtimeAnchorSlotIds"":[""Bip002-R-Hand""],""runtimeAnchorSlotId"":""Bip002-R-Hand"",""runtimeBoneName"":"""",""socketLocalTransform"":{""position"":[0.0,0.0,0.0],""rotationDegrees"":[0.0,0.0,0.0],""scale"":[1.0,1.0,1.0]},""runtimeResolutionStatus"":""MISSING_SOURCE_SOCKET"",""sourceSelectorByteOffset"":394},""localTransform"":{""sourcePositionUeUnits"":[0.0,0.0,50.0],""position"":[0.0,0.5,-0.0],""rotationDegrees"":[0.0,0.0,-0.0],""scale"":[1.0,1.0,1.0]},""sourceTransformByteOffset"":416,""parameterOverridesDecoded"":true,""sourceParameterCountByteOffset"":508,""parameterOverrides"":[{""sourceIndex"":0,""name"":""Color"",""sourceTypeCode"":3,""sourceRecordByteOffset"":512,""type"":""vector"",""vectorValue"":[1.0,1.0,1.0],""sourceValueByteOffset"":534}]}",1203605,91633,True,SOURCE_ASSET_EXPLICIT
requested_core,MN_RPCT_07,4219939,쿠크세이튼_군단장 시그니쳐 스킬_공격,27,Att_battle_28_10_start,action-4219939/stage-027/notify-016,Effect,2.0,0.30000001192092896,,421991209,,,1204296,91665,True,TIMING_ONLY
requested_core,MN_RPCT_07,4219939,쿠크세이튼_군단장 시그니쳐 스킬_공격,27,Att_battle_28_10_start,action-4219939/stage-027/notify-017,Effect,2.0,0.30000001192092896,,421991209,,,1204446,91684,True,TIMING_ONLY
requested_core,MN_RPCT_07,4219939,쿠크세이튼_군단장 시그니쳐 스킬_공격,27,Att_battle_28_10_start,action-4219939/stage-027/notify-018,Effect,2.0,0.30000001192092896,,421991209,,,1204596,91703,True,TIMING_ONLY
requested_core,MN_RPCT_07,4219939,쿠크세이튼_군단장 시그니쳐 스킬_공격,27,Att_battle_28_10_start,action-4219939/stage-027/notify-019,Effect,2.0,0.30000001192092896,,421991209,,,1204746,91722,True,TIMING_ONLY
requested_core,MN_RPCT_07,4219939,쿠크세이튼_군단장 시그니쳐 스킬_공격,27,Att_battle_28_10_start,action-4219939/stage-027/notify-020,Effect,2.0,0.33329999446868896,,421991229,,,1204896,91741,True,TIMING_ONLY
requested_core,MN_RPCT_07,4219939,쿠크세이튼_군단장 시그니쳐 스킬_공격,27,Att_battle_28_10_start,action-4219939/stage-027/notify-021,MonsterMoveNextStage,2.2300000190734863,0.0,,,,,1205046,91760,True,TIMING_OR_STATE_ONLY
requested_core,MN_RPCT_07,4219939,쿠크세이튼_군단장 시그니쳐 스킬_공격,28,Att_battle_28_10_Loop,action-4219939/stage-028/notify-000,Anim,0.0,3.3333330154418945,,,,,1205466,91800,True,SOURCE_CLIP_EXPLICIT
requested_core,MN_RPCT_07,4219939,쿠크세이튼_군단장 시그니쳐 스킬_공격,28,Att_battle_28_10_Loop,action-4219939/stage-028/notify-001,Effect,0.0,0.30000001192092896,,421991207,,,1205768,91827,True,TIMING_ONLY
requested_core,MN_RPCT_07,4219939,쿠크세이튼_군단장 시그니쳐 스킬_공격,28,Att_battle_28_10_Loop,action-4219939/stage-028/notify-002,PlayParticleEffect,0.0,0.0,True,,ParticleSystem:fx_mn_rpct_07_v.Par_V_RPCT_Signature_01_1_LOC_INT,"{""schema"":""lostark.cef-play-particle-effect-header"",""version"":2,""enabled"":true,""sourceByteOffset"":47,""sourceByteValue"":1,""particleDataDecoded"":true,""sourceParticleSystem"":""ParticleSystem'fx_mn_rpct_07_v.Par_V_RPCT_Signature_01_1_LOC_INT'"",""attachment"":{""mode"":""FOLLOW_NAMED_ANCHORS"",""sourceAnchorNames"":[""B_WP_2""],""runtimeAnchors"":[{""sourceAnchorName"":""B_WP_2"",""runtimeAnchorSlotId"":""B_WP_2"",""runtimeBoneName"":""b_wp_2"",""socketLocalTransform"":{""position"":[0.0,0.0,0.0],""rotationDegrees"":[0.0,0.0,0.0],""scale"":[1.0,1.0,1.0]},""resolutionStatus"":""EXACT_SOURCE_BONE""}],""runtimeAnchorSlotIds"":[""B_WP_2""],""runtimeAnchorSlotId"":""B_WP_2"",""runtimeBoneName"":""b_wp_2"",""socketLocalTransform"":{""position"":[0.0,0.0,0.0],""rotationDegrees"":[0.0,0.0,0.0],""scale"":[1.0,1.0,1.0]},""runtimeResolutionStatus"":""EXACT_SOURCE_BONE"",""sourceSelectorByteOffset"":402},""localTransform"":{""sourcePositionUeUnits"":[150.0,0.0,50.0],""position"":[1.5,0.5,-0.0],""rotationDegrees"":[0.0,0.0,-0.0],""scale"":[3.0,3.0,3.0]},""sourceTransformByteOffset"":417,""parameterOverridesDecoded"":true,""sourceParameterCountByteOffset"":509,""parameterOverrides"":[{""sourceIndex"":0,""name"":""Color"",""sourceTypeCode"":3,""sourceRecordByteOffset"":513,""type"":""vector"",""vectorValue"":[1.0,1.0,1.0],""sourceValueByteOffset"":535},{""sourceIndex"":1,""name"":""Alpha"",""sourceTypeCode"":1,""sourceRecordByteOffset"":592,""type"":""scalar"",""scalarValue"":1.0,""sourceValueByteOffset"":606}]}",1205918,91846,True,SOURCE_ASSET_EXPLICIT
requested_core,MN_RPCT_07,4219939,쿠크세이튼_군단장 시그니쳐 스킬_공격,28,Att_battle_28_10_Loop,action-4219939/stage-028/notify-003,PlayParticleEffect,0.0,0.0,True,,ParticleSystem:fx_mn_rpct_07_v.Par_V_RPCT_Signature_01_1_LOC_INT,"{""schema"":""lostark.cef-play-particle-effect-header"",""version"":2,""enabled"":true,""sourceByteOffset"":47,""sourceByteValue"":1,""particleDataDecoded"":true,""sourceParticleSystem"":""ParticleSystem'fx_mn_rpct_07_v.Par_V_RPCT_Signature_01_1_LOC_INT'"",""attachment"":{""mode"":""FOLLOW_NAMED_ANCHORS"",""sourceAnchorNames"":[""B_WP_1""],""runtimeAnchors"":[{""sourceAnchorName"":""B_WP_1"",""runtimeAnchorSlotId"":""B_WP_1"",""runtimeBoneName"":""b_wp_1"",""socketLocalTransform"":{""position"":[0.0,0.0,0.0],""rotationDegrees"":[0.0,0.0,0.0],""scale"":[1.0,1.0,1.0]},""resolutionStatus"":""EXACT_SOURCE_BONE""}],""runtimeAnchorSlotIds"":[""B_WP_1""],""runtimeAnchorSlotId"":""B_WP_1"",""runtimeBoneName"":""b_wp_1"",""socketLocalTransform"":{""position"":[0.0,0.0,0.0],""rotationDegrees"":[0.0,0.0,0.0],""scale"":[1.0,1.0,1.0]},""runtimeResolutionStatus"":""EXACT_SOURCE_BONE"",""sourceSelectorByteOffset"":402},""localTransform"":{""sourcePositionUeUnits"":[150.0,0.0,50.0],""position"":[1.5,0.5,-0.0],""rotationDegrees"":[0.0,0.0,-0.0],""scale"":[3.0,3.0,3.0]},""sourceTransformByteOffset"":417,""parameterOverridesDecoded"":true,""sourceParameterCountByteOffset"":509,""parameterOverrides"":[{""sourceIndex"":0,""name"":""Color"",""sourceTypeCode"":3,""sourceRecordByteOffset"":513,""type"":""vector"",""vectorValue"":[1.0,1.0,1.0],""sourceValueByteOffset"":535},{""sourceIndex"":1,""name"":""Alpha"",""sourceTypeCode"":1,""sourceRecordByteOffset"":592,""type"":""scalar"",""scalarValue"":1.0,""sourceValueByteOffset"":606}]}",1206689,91879,True,SOURCE_ASSET_EXPLICIT
requested_core,MN_RPCT_07,4219939,쿠크세이튼_군단장 시그니쳐 스킬_공격,28,Att_battle_28_10_Loop,action-4219939/stage-028/notify-004,PlayParticleEffect,0.0,10.0,True,,ParticleSystem:FX_MN_RPCT_07_V.Par_V_RPCT_07_Bazooka_Loop,"{""schema"":""lostark.cef-play-particle-effect-header"",""version"":2,""enabled"":true,""sourceByteOffset"":47,""sourceByteValue"":1,""particleDataDecoded"":true,""sourceParticleSystem"":""ParticleSystem'FX_MN_RPCT_07_V.Par_V_RPCT_07_Bazooka_Loop'"",""attachment"":{""mode"":""FOLLOW_NAMED_ANCHORS"",""sourceAnchorNames"":[""B_WP_1""],""runtimeAnchors"":[{""sourceAnchorName"":""B_WP_1"",""runtimeAnchorSlotId"":""B_WP_1"",""runtimeBoneName"":""b_wp_1"",""socketLocalTransform"":{""position"":[0.0,0.0,0.0],""rotationDegrees"":[0.0,0.0,0.0],""scale"":[1.0,1.0,1.0]},""resolutionStatus"":""EXACT_SOURCE_BONE""}],""runtimeAnchorSlotIds"":[""B_WP_1""],""runtimeAnchorSlotId"":""B_WP_1"",""runtimeBoneName"":""b_wp_1"",""socketLocalTransform"":{""position"":[0.0,0.0,0.0],""rotationDegrees"":[0.0,0.0,0.0],""scale"":[1.0,1.0,1.0]},""runtimeResolutionStatus"":""EXACT_SOURCE_BONE"",""sourceSelectorByteOffset"":392},""localTransform"":{""sourcePositionUeUnits"":[0.0,0.0,0.0],""position"":[0.0,0.0,-0.0],""rotationDegrees"":[0.0,0.0,-0.0],""scale"":[1.0,1.0,1.0]},""sourceTransformByteOffset"":407,""parameterOverridesDecoded"":true,""sourceParameterCountByteOffset"":499,""parameterOverrides"":[]}",1207460,91912,True,SOURCE_ASSET_EXPLICIT
requested_core,MN_RPCT_07,4219939,쿠크세이튼_군단장 시그니쳐 스킬_공격,28,Att_battle_28_10_Loop,action-4219939/stage-028/notify-005,PlayParticleEffect,0.0,0.0,True,,ParticleSystem:FX_CM_02.Light.Par_MP_Light_01,"{""schema"":""lostark.cef-play-particle-effect-header"",""version"":2,""enabled"":true,""sourceByteOffset"":47,""sourceByteValue"":1,""particleDataDecoded"":true,""sourceParticleSystem"":""ParticleSystem'FX_CM_02.Light.Par_MP_Light_01'"",""attachment"":{""mode"":""SNAPSHOT_ROOT"",""sourceAnchorNames"":[],""runtimeAnchors"":[],""runtimeAnchorSlotIds"":[],""runtimeAnchorSlotId"":""root"",""runtimeBoneName"":"""",""socketLocalTransform"":{""position"":[0.0,0.0,0.0],""rotationDegrees"":[0.0,0.0,0.0],""scale"":[1.0,1.0,1.0]},""runtimeResolutionStatus"":""EXACT_ROOT_SNAPSHOT"",""sourceSelectorByteOffset"":null},""localTransform"":{""sourcePositionUeUnits"":[50.0,0.0,50.0],""position"":[0.5,0.5,-0.0],""rotationDegrees"":[0.0,0.0,-0.0],""scale"":[3.0,3.0,3.0]},""sourceTransformByteOffset"":389,""parameterOverridesDecoded"":true,""sourceParameterCountByteOffset"":477,""parameterOverrides"":[{""sourceIndex"":0,""name"":""Spawn"",""sourceTypeCode"":1,""sourceRecordByteOffset"":481,""type"":""scalar"",""scalarValue"":0.0,""sourceValueByteOffset"":495},{""sourceIndex"":1,""name"":""Lifetime"",""sourceTypeCode"":1,""sourceRecordByteOffset"":560,""type"":""scalar"",""scalarValue"":0.10000000149011612,""sourceValueByteOffset"":577},{""sourceIndex"":2,""name"":""Size"",""sourceTypeCode"":3,""sourceRecordByteOffset"":642,""type"":""vector"",""vectorValue"":[200.0,0.0,0.0],""sourceValueByteOffset"":663},{""sourceIndex"":3,""name"":""Color"",""sourceTypeCode"":3,""sourceRecordByteOffset"":720,""type"":""vector"",""vectorValue"":[3.0,2.0,1.0],""sourceValueByteOffset"":742},{""sourceIndex"":4,""name"":""Alpha"",""sourceTypeCode"":1,""sourceRecordByteOffset"":799,""type"":""scalar"",""scalarValue"":1.0,""sourceValueByteOffset"":813}]}",1208063,91943,True,SOURCE_ASSET_EXPLICIT
requested_core,MN_RPCT_07,4219939,쿠크세이튼_군단장 시그니쳐 스킬_공격,28,Att_battle_28_10_Loop,action-4219939/stage-028/notify-006,PlayParticleEffect,0.0,10.0,True,,ParticleSystem:FX_MN_RPCT_07_V.Par_V_RPCT_Bazooka_mesh_01,"{""schema"":""lostark.cef-play-particle-effect-header"",""version"":2,""enabled"":true,""sourceByteOffset"":47,""sourceByteValue"":1,""particleDataDecoded"":true,""sourceParticleSystem"":""ParticleSystem'FX_MN_RPCT_07_V.Par_V_RPCT_Bazooka_mesh_01'"",""attachment"":{""mode"":""FOLLOW_NAMED_ANCHORS"",""sourceAnchorNames"":[""Bip002-R-Hand""],""runtimeAnchors"":[{""sourceAnchorName"":""Bip002-R-Hand"",""runtimeAnchorSlotId"":""Bip002-R-Hand"",""runtimeBoneName"":"""",""socketLocalTransform"":{""position"":[0.0,0.0,0.0],""rotationDegrees"":[0.0,0.0,0.0],""scale"":[1.0,1.0,1.0]},""resolutionStatus"":""MISSING_SOURCE_SOCKET""}],""runtimeAnchorSlotIds"":[""Bip002-R-Hand""],""runtimeAnchorSlotId"":""Bip002-R-Hand"",""runtimeBoneName"":"""",""socketLocalTransform"":{""position"":[0.0,0.0,0.0],""rotationDegrees"":[0.0,0.0,0.0],""scale"":[1.0,1.0,1.0]},""runtimeResolutionStatus"":""MISSING_SOURCE_SOCKET"",""sourceSelectorByteOffset"":383},""localTransform"":{""sourcePositionUeUnits"":[0.0,0.0,0.0],""position"":[0.0,0.0,-0.0],""rotationDegrees"":[0.0,0.0,-0.0],""scale"":[0.30000001192092896,0.30000001192092896,0.30000001192092896]},""sourceTransformByteOffset"":405,""parameterOverridesDecoded"":true,""sourceParameterCountByteOffset"":497,""parameterOverrides"":[]}",1209041,91978,True,SOURCE_ASSET_EXPLICIT
requested_core,MN_RPCT_07,4219939,쿠크세이튼_군단장 시그니쳐 스킬_공격,28,Att_battle_28_10_Loop,action-4219939/stage-028/notify-007,Effect,0.0,0.5,,421991223,,,1209642,92008,True,TIMING_ONLY
requested_core,MN_RPCT_07,4219939,쿠크세이튼_군단장 시그니쳐 스킬_공격,28,Att_battle_28_10_Loop,action-4219939/stage-028/notify-008,AKEvent,0.0010000000474974513,9.99899959564209,,,AkEvent:S_Mob_G_KoukuSatan1.G_KoukuSatan1_Attack23_Shot4,,1209792,92027,True,SOURCE_ASSET_EXPLICIT
requested_core,MN_RPCT_07,4219939,쿠크세이튼_군단장 시그니쳐 스킬_공격,28,Att_battle_28_10_Loop,action-4219939/stage-028/notify-009,PlayParticleEffect,0.0034209999721497297,9.99657917022705,True,,ParticleSystem:FX_MN_RPCT_07_V.Par_V_RPCT_07_Bazooka_Loop,"{""schema"":""lostark.cef-play-particle-effect-header"",""version"":2,""enabled"":true,""sourceByteOffset"":47,""sourceByteValue"":1,""particleDataDecoded"":true,""sourceParticleSystem"":""ParticleSystem'FX_MN_RPCT_07_V.Par_V_RPCT_07_Bazooka_Loop'"",""attachment"":{""mode"":""FOLLOW_NAMED_ANCHORS"",""sourceAnchorNames"":[""B_WP_2""],""runtimeAnchors"":[{""sourceAnchorName"":""B_WP_2"",""runtimeAnchorSlotId"":""B_WP_2"",""runtimeBoneName"":""b_wp_2"",""socketLocalTransform"":{""position"":[0.0,0.0,0.0],""rotationDegrees"":[0.0,0.0,0.0],""scale"":[1.0,1.0,1.0]},""resolutionStatus"":""EXACT_SOURCE_BONE""}],""runtimeAnchorSlotIds"":[""B_WP_2""],""runtimeAnchorSlotId"":""B_WP_2"",""runtimeBoneName"":""b_wp_2"",""socketLocalTransform"":{""position"":[0.0,0.0,0.0],""rotationDegrees"":[0.0,0.0,0.0],""scale"":[1.0,1.0,1.0]},""runtimeResolutionStatus"":""EXACT_SOURCE_BONE"",""sourceSelectorByteOffset"":392},""localTransform"":{""sourcePositionUeUnits"":[0.0,0.0,0.0],""position"":[0.0,0.0,-0.0],""rotationDegrees"":[0.0,0.0,-0.0],""scale"":[1.0,1.0,1.0]},""sourceTransformByteOffset"":407,""parameterOverridesDecoded"":true,""sourceParameterCountByteOffset"":499,""parameterOverrides"":[]}",1210003,92056,True,SOURCE_ASSET_EXPLICIT
requested_core,MN_RPCT_07,4219939,쿠크세이튼_군단장 시그니쳐 스킬_공격,28,Att_battle_28_10_Loop,action-4219939/stage-028/notify-010,AKEvent,1.0,2.2750110626220703,,,AkEvent:S_Mob_G_KoukuSatan1.G_KoukuSatan1_Attack23_Cast3,,1210606,92087,True,SOURCE_ASSET_EXPLICIT
requested_core,MN_RPCT_07,4219939,쿠크세이튼_군단장 시그니쳐 스킬_공격,28,Att_battle_28_10_Loop,action-4219939/stage-028/notify-011,PawnMaterialParam,1.0654710531234741,0.0,,,,,1210817,92116,True,SOURCE_PARAMETERS_SERIALIZED
requested_core,MN_RPCT_07,4219939,쿠크세이튼_군단장 시그니쳐 스킬_공격,28,Att_battle_28_10_Loop,action-4219939/stage-028/notify-012,PlayParticleEffect,1.0967799425125122,0.0,True,,ParticleSystem:fx_mn_rpct_07_v.Par_V_RPCT_BallRead_Exp_01_LOC_INT,"{""schema"":""lostark.cef-play-particle-effect-header"",""version"":2,""enabled"":true,""sourceByteOffset"":47,""sourceByteValue"":1,""particleDataDecoded"":true,""sourceParticleSystem"":""ParticleSystem'fx_mn_rpct_07_v.Par_V_RPCT_BallRead_Exp_01_LOC_INT'"",""attachment"":{""mode"":""FOLLOW_NAMED_ANCHORS"",""sourceAnchorNames"":[""Bip002-R-Hand""],""runtimeAnchors"":[{""sourceAnchorName"":""Bip002-R-Hand"",""runtimeAnchorSlotId"":""Bip002-R-Hand"",""runtimeBoneName"":"""",""socketLocalTransform"":{""position"":[0.0,0.0,0.0],""rotationDegrees"":[0.0,0.0,0.0],""scale"":[1.0,1.0,1.0]},""resolutionStatus"":""MISSING_SOURCE_SOCKET""}],""runtimeAnchorSlotIds"":[""Bip002-R-Hand""],""runtimeAnchorSlotId"":""Bip002-R-Hand"",""runtimeBoneName"":"""",""socketLocalTransform"":{""position"":[0.0,0.0,0.0],""rotationDegrees"":[0.0,0.0,0.0],""scale"":[1.0,1.0,1.0]},""runtimeResolutionStatus"":""MISSING_SOURCE_SOCKET"",""sourceSelectorByteOffset"":397},""localTransform"":{""sourcePositionUeUnits"":[0.0,0.0,0.0],""position"":[0.0,0.0,-0.0],""rotationDegrees"":[0.0,0.0,-0.0],""scale"":[0.4000000059604645,0.4000000059604645,0.4000000059604645]},""sourceTransformByteOffset"":419,""parameterOverridesDecoded"":true,""sourceParameterCountByteOffset"":511,""parameterOverrides"":[]}",1211245,92139,True,SOURCE_ASSET_EXPLICIT
requested_core,MN_RPCT_07,4219939,쿠크세이튼_군단장 시그니쳐 스킬_공격,28,Att_battle_28_10_Loop,action-4219939/stage-028/notify-013,PlayParticleEffect,1.097085952758789,0.0,True,,ParticleSystem:fx_mn_rpct_07_v.Par_V_RPCT_signalShot_01_LOC_INT,"{""schema"":""lostark.cef-play-particle-effect-header"",""version"":2,""enabled"":true,""sourceByteOffset"":47,""sourceByteValue"":1,""particleDataDecoded"":true,""sourceParticleSystem"":""ParticleSystem'fx_mn_rpct_07_v.Par_V_RPCT_signalShot_01_LOC_INT'"",""attachment"":{""mode"":""FOLLOW_NAMED_ANCHORS"",""sourceAnchorNames"":[""Bip002-R-Hand""],""runtimeAnchors"":[{""sourceAnchorName"":""Bip002-R-Hand"",""runtimeAnchorSlotId"":""Bip002-R-Hand"",""runtimeBoneName"":"""",""socketLocalTransform"":{""position"":[0.0,0.0,0.0],""rotationDegrees"":[0.0,0.0,0.0],""scale"":[1.0,1.0,1.0]},""resolutionStatus"":""MISSING_SOURCE_SOCKET""}],""runtimeAnchorSlotIds"":[""Bip002-R-Hand""],""runtimeAnchorSlotId"":""Bip002-R-Hand"",""runtimeBoneName"":"""",""socketLocalTransform"":{""position"":[0.0,0.0,0.0],""rotationDegrees"":[0.0,0.0,0.0],""scale"":[1.0,1.0,1.0]},""runtimeResolutionStatus"":""MISSING_SOURCE_SOCKET"",""sourceSelectorByteOffset"":394},""localTransform"":{""sourcePositionUeUnits"":[0.0,0.0,50.0],""position"":[0.0,0.5,-0.0],""rotationDegrees"":[0.0,0.0,-0.0],""scale"":[1.0,1.0,1.0]},""sourceTransformByteOffset"":416,""parameterOverridesDecoded"":true,""sourceParameterCountByteOffset"":508,""parameterOverrides"":[{""sourceIndex"":0,""name"":""Color"",""sourceTypeCode"":3,""sourceRecordByteOffset"":512,""type"":""vector"",""vectorValue"":[1.0,1.0,1.0],""sourceValueByteOffset"":534}]}",1211860,92170,True,SOURCE_ASSET_EXPLICIT
requested_core,MN_RPCT_07,4219939,쿠크세이튼_군단장 시그니쳐 스킬_공격,28,Att_battle_28_10_Loop,action-4219939/stage-028/notify-014,Effect,1.4041450023651123,0.5,,421991244,,,1212551,92202,True,TIMING_ONLY
requested_core,MN_RPCT_07,4219939,쿠크세이튼_군단장 시그니쳐 스킬_공격,28,Att_battle_28_10_Loop,action-4219939/stage-028/notify-015,Effect,3.739388942718506,0.5012949705123901,,421991244,,,1212701,92221,True,TIMING_ONLY
requested_core,MN_RPCT_07,4219939,쿠크세이튼_군단장 시그니쳐 스킬_공격,28,Att_battle_28_10_Loop,action-4219939/stage-028/notify-016,Effect,4.0,0.5,,421996301,,,1212851,92240,True,TIMING_ONLY
requested_core,MN_RPCT_07,4219939,쿠크세이튼_군단장 시그니쳐 스킬_공격,28,Att_battle_28_10_Loop,action-4219939/stage-028/notify-017,Effect,6.0,0.5,,421996302,,,1213001,92259,True,TIMING_ONLY
requested_core,MN_RPCT_07,4219939,쿠크세이튼_군단장 시그니쳐 스킬_공격,28,Att_battle_28_10_Loop,action-4219939/stage-028/notify-018,Effect,6.822289943695068,0.5012949705123901,,421991244,,,1213151,92278,True,TIMING_ONLY
requested_core,MN_RPCT_07,4219939,쿠크세이튼_군단장 시그니쳐 스킬_공격,28,Att_battle_28_10_Loop,action-4219939/stage-028/notify-019,MonsterMoveNextStage,10.0,0.0,,,,,1213301,92297,True,TIMING_OR_STATE_ONLY
requested_core,MN_RPCT_07,4219939,쿠크세이튼_군단장 시그니쳐 스킬_공격,29,Att_battle_28_10_End,action-4219939/stage-029/notify-000,Anim,0.0,1.1333329677581787,,,,,1213761,92337,True,SOURCE_CLIP_EXPLICIT
requested_core,MN_RPCT_07,4219939,쿠크세이튼_군단장 시그니쳐 스킬_공격,29,Att_battle_28_10_End,action-4219939/stage-029/notify-001,EmitTriggerSignal,0.0,0.0,,,,,1214061,92364,True,TIMING_OR_STATE_ONLY
requested_core,MN_RPCT_07,4219939,쿠크세이튼_군단장 시그니쳐 스킬_공격,29,Att_battle_28_10_End,action-4219939/stage-029/notify-002,AKEvent,0.8999999761581421,0.23330000042915344,,,AkEvent:S_Mob_G_KoukuSatan1.G_KoukuSatan1_Attack03_Cast2,,1214171,92386,True,SOURCE_ASSET_EXPLICIT
requested_core,MN_RPCT_07,4219939,쿠크세이튼_군단장 시그니쳐 스킬_공격,29,Att_battle_28_10_End,action-4219939/stage-029/notify-003,HidePawn,1.0,0.03658600151538849,,,,,1214382,92415,True,SOURCE_PARAMETERS_SERIALIZED
requested_core,MN_RPCT_07,4219939,쿠크세이튼_군단장 시그니쳐 스킬_공격,29,Att_battle_28_10_End,action-4219939/stage-029/notify-004,PlayParticleEffect,1.0,0.0,True,,ParticleSystem:fx_mn_rpct_07_v.Par_V_RPCT_BallRead_Exp_01_LOC_INT,"{""schema"":""lostark.cef-play-particle-effect-header"",""version"":2,""enabled"":true,""sourceByteOffset"":47,""sourceByteValue"":1,""particleDataDecoded"":true,""sourceParticleSystem"":""ParticleSystem'fx_mn_rpct_07_v.Par_V_RPCT_BallRead_Exp_01_LOC_INT'"",""attachment"":{""mode"":""FOLLOW_NAMED_ANCHORS"",""sourceAnchorNames"":[""FX_buff_01""],""runtimeAnchors"":[{""sourceAnchorName"":""FX_buff_01"",""runtimeAnchorSlotId"":""FX_buff_01"",""runtimeBoneName"":"""",""socketLocalTransform"":{""position"":[0.0,0.0,0.0],""rotationDegrees"":[0.0,0.0,0.0],""scale"":[1.0,1.0,1.0]},""resolutionStatus"":""MISSING_SOURCE_SOCKET""}],""runtimeAnchorSlotIds"":[""FX_buff_01""],""runtimeAnchorSlotId"":""FX_buff_01"",""runtimeBoneName"":"""",""socketLocalTransform"":{""position"":[0.0,0.0,0.0],""rotationDegrees"":[0.0,0.0,0.0],""scale"":[1.0,1.0,1.0]},""runtimeResolutionStatus"":""MISSING_SOURCE_SOCKET"",""sourceSelectorByteOffset"":416},""localTransform"":{""sourcePositionUeUnits"":[0.0,0.0,0.0],""position"":[0.0,0.0,-0.0],""rotationDegrees"":[0.0,0.0,-0.0],""scale"":[1.2000000476837158,1.2000000476837158,1.2000000476837158]},""sourceTransformByteOffset"":435,""parameterOverridesDecoded"":true,""sourceParameterCountByteOffset"":523,""parameterOverrides"":[]}",1214523,92437,True,SOURCE_ASSET_EXPLICIT
requested_core,MN_RPCT_07,4219939,쿠크세이튼_군단장 시그니쳐 스킬_공격,29,Att_battle_28_10_End,action-4219939/stage-029/notify-005,PlayParticleEffect,1.0,0.0,True,,ParticleSystem:FX_CM_02.Light.Par_MP_Light_05_L,"{""schema"":""lostark.cef-play-particle-effect-header"",""version"":2,""enabled"":true,""sourceByteOffset"":47,""sourceByteValue"":1,""particleDataDecoded"":true,""sourceParticleSystem"":""ParticleSystem'FX_CM_02.Light.Par_MP_Light_05_L'"",""attachment"":{""mode"":""SNAPSHOT_ROOT"",""sourceAnchorNames"":[],""runtimeAnchors"":[],""runtimeAnchorSlotIds"":[],""runtimeAnchorSlotId"":""root"",""runtimeBoneName"":"""",""socketLocalTransform"":{""position"":[0.0,0.0,0.0],""rotationDegrees"":[0.0,0.0,0.0],""scale"":[1.0,1.0,1.0]},""runtimeResolutionStatus"":""EXACT_ROOT_SNAPSHOT"",""sourceSelectorByteOffset"":null},""localTransform"":{""sourcePositionUeUnits"":[0.0,0.0,150.0],""position"":[0.0,1.5,-0.0],""rotationDegrees"":[0.0,0.0,-0.0],""scale"":[1.0,1.0,1.0]},""sourceTransformByteOffset"":408,""parameterOverridesDecoded"":true,""sourceParameterCountByteOffset"":496,""parameterOverrides"":[{""sourceIndex"":0,""name"":""Spawn"",""sourceTypeCode"":1,""sourceRecordByteOffset"":500,""type"":""scalar"",""scalarValue"":0.0,""sourceValueByteOffset"":514},{""sourceIndex"":1,""name"":""Lifetime"",""sourceTypeCode"":1,""sourceRecordByteOffset"":579,""type"":""scalar"",""scalarValue"":0.800000011920929,""sourceValueByteOffset"":596},{""sourceIndex"":2,""name"":""Location"",""sourceTypeCode"":3,""sourceRecordByteOffset"":661,""type"":""vector"",""vectorValue"":[1.0,1.0,1.0],""sourceValueByteOffset"":686},{""sourceIndex"":3,""name"":""Size"",""sourceTypeCode"":3,""sourceRecordByteOffset"":743,""type"":""vector"",""vectorValue"":[450.0,100.0,100.0],""sourceValueByteOffset"":764},{""sourceIndex"":4,""name"":""Color"",""sourceTypeCode"":3,""sourceRecordByteOffset"":821,""type"":""vector"",""vectorValue"":[3.0,1.0,1.0],""sourceValueByteOffset"":843},{""sourceIndex"":5,""name"":""Alpha"",""sourceTypeCode"":1,""sourceRecordByteOffset"":900,""type"":""scalar"",""scalarValue"":1.5,""sourceValueByteOffset"":914}]}",1215150,92467,True,SOURCE_ASSET_EXPLICIT
requested_core,MN_RPCT_07,4219939,쿠크세이튼_군단장 시그니쳐 스킬_공격,29,Att_battle_28_10_End,action-4219939/stage-029/notify-006,ViewShake,1.0,0.0,,,,,1216229,92503,True,SOURCE_PARAMETERS_SERIALIZED
requested_core,MN_RPCT_07,4219939,쿠크세이튼_군단장 시그니쳐 스킬_공격,29,Att_battle_28_10_End,action-4219939/stage-029/notify-007,Effect,1.0099999904632568,0.0,,41600004,,,1216511,92527,True,TIMING_ONLY
requested_core,MN_RPCT_07,4219939,쿠크세이튼_군단장 시그니쳐 스킬_공격,29,Att_battle_28_10_End,action-4219939/stage-029/notify-008,Effect,1.0099999904632568,0.0,,41600006,,,1216661,92546,True,TIMING_ONLY
requested_core,MN_RPCT_07,4219939,쿠크세이튼_군단장 시그니쳐 스킬_공격,29,Att_battle_28_10_End,action-4219939/stage-029/notify-009,MonsterMoveNextStage,1.0299999713897705,0.0,,,,,1216811,92568,True,TIMING_OR_STATE_ONLY
requested_core,MN_RPCT_07,4219939,쿠크세이튼_군단장 시그니쳐 스킬_공격,30,Att_battle_28_11,action-4219939/stage-030/notify-000,Anim,0.0,2.4000000953674316,,,,,1217183,92608,True,SOURCE_CLIP_EXPLICIT
requested_core,MN_RPCT_07,4219939,쿠크세이튼_군단장 시그니쳐 스킬_공격,30,Att_battle_28_11,action-4219939/stage-030/notify-001,Effect,0.0,0.10000000149011612,,421981204,,,1217475,92635,True,TIMING_ONLY
requested_core,MN_RPCT_07,4219939,쿠크세이튼_군단장 시그니쳐 스킬_공격,30,Att_battle_28_11,action-4219939/stage-030/notify-002,Effect,0.0,0.20000000298023224,,41600005,,,1217625,92654,True,TIMING_ONLY
requested_core,MN_RPCT_07,4219939,쿠크세이튼_군단장 시그니쳐 스킬_공격,30,Att_battle_28_11,action-4219939/stage-030/notify-003,Effect,0.0,0.20000000298023224,,41600007,,,1217775,92673,True,TIMING_ONLY
requested_core,MN_RPCT_07,4219939,쿠크세이튼_군단장 시그니쳐 스킬_공격,30,Att_battle_28_11,action-4219939/stage-030/notify-004,Effect,1.0,0.5,,421991847,,,1217925,92692,True,TIMING_ONLY
requested_core,MN_RPCT_07,4219939,쿠크세이튼_군단장 시그니쳐 스킬_공격,30,Att_battle_28_11,action-4219939/stage-030/notify-005,AKEvent,2.200000047683716,0.20000000298023224,,,AkEvent:S_Mob_G_KoukuSatan1.G_KoukuSatan1_Attack03_Cast3,,1218075,92711,True,SOURCE_ASSET_EXPLICIT
requested_core,MN_RPCT_07,4219939,쿠크세이튼_군단장 시그니쳐 스킬_공격,30,Att_battle_28_11,action-4219939/stage-030/notify-006,AKEvent,2.200000047683716,0.20000000298023224,,,AkEvent:S_Mob_G_KoukuSatan1.G_KoukuSatan1_Attack23_ShotVox3,,1218286,92740,True,SOURCE_ASSET_EXPLICIT
requested_core,MN_RPCT_07,4219939,쿠크세이튼_군단장 시그니쳐 스킬_공격,30,Att_battle_28_11,action-4219939/stage-030/notify-007,PlayParticleEffect,2.3051021099090576,0.0,True,,ParticleSystem:fx_mn_rpct_07_v.Par_V_RPCT_BallRead_Exp_01_LOC_INT,"{""schema"":""lostark.cef-play-particle-effect-header"",""version"":2,""enabled"":true,""sourceByteOffset"":47,""sourceByteValue"":1,""particleDataDecoded"":true,""sourceParticleSystem"":""ParticleSystem'fx_mn_rpct_07_v.Par_V_RPCT_BallRead_Exp_01_LOC_INT'"",""attachment"":{""mode"":""FOLLOW_NAMED_ANCHORS"",""sourceAnchorNames"":[""FX_buff_01""],""runtimeAnchors"":[{""sourceAnchorName"":""FX_buff_01"",""runtimeAnchorSlotId"":""FX_buff_01"",""runtimeBoneName"":"""",""socketLocalTransform"":{""position"":[0.0,0.0,0.0],""rotationDegrees"":[0.0,0.0,0.0],""scale"":[1.0,1.0,1.0]},""resolutionStatus"":""MISSING_SOURCE_SOCKET""}],""runtimeAnchorSlotIds"":[""FX_buff_01""],""runtimeAnchorSlotId"":""FX_buff_01"",""runtimeBoneName"":"""",""socketLocalTransform"":{""position"":[0.0,0.0,0.0],""rotationDegrees"":[0.0,0.0,0.0],""scale"":[1.0,1.0,1.0]},""runtimeResolutionStatus"":""MISSING_SOURCE_SOCKET"",""sourceSelectorByteOffset"":395},""localTransform"":{""sourcePositionUeUnits"":[0.0,0.0,0.0],""position"":[0.0,0.0,-0.0],""rotationDegrees"":[0.0,0.0,-0.0],""scale"":[1.2000000476837158,1.2000000476837158,1.2000000476837158]},""sourceTransformByteOffset"":414,""parameterOverridesDecoded"":true,""sourceParameterCountByteOffset"":502,""parameterOverrides"":[]}",1218499,92769,True,SOURCE_ASSET_EXPLICIT
requested_core,MN_RPCT_07,4219939,쿠크세이튼_군단장 시그니쳐 스킬_공격,30,Att_battle_28_11,action-4219939/stage-030/notify-008,ViewShake,2.3051021099090576,0.0,,,,,1219105,92799,True,SOURCE_PARAMETERS_SERIALIZED
requested_core,MN_RPCT_07,4219939,쿠크세이튼_군단장 시그니쳐 스킬_공격,30,Att_battle_28_11,action-4219939/stage-030/notify-009,HidePawn,2.3051021099090576,0.0,,,,,1219366,92823,True,SOURCE_PARAMETERS_SERIALIZED
requested_core,MN_RPCT_07,4219939,쿠크세이튼_군단장 시그니쳐 스킬_공격,30,Att_battle_28_11,action-4219939/stage-030/notify-010,PlayParticleEffect,2.3067009449005127,0.0,True,,ParticleSystem:FX_CM_02.Light.Par_MP_Light_05_L,"{""schema"":""lostark.cef-play-particle-effect-header"",""version"":2,""enabled"":true,""sourceByteOffset"":47,""sourceByteValue"":1,""particleDataDecoded"":true,""sourceParticleSystem"":""ParticleSystem'FX_CM_02.Light.Par_MP_Light_05_L'"",""attachment"":{""mode"":""SNAPSHOT_ROOT"",""sourceAnchorNames"":[],""runtimeAnchors"":[],""runtimeAnchorSlotIds"":[],""runtimeAnchorSlotId"":""root"",""runtimeBoneName"":"""",""socketLocalTransform"":{""position"":[0.0,0.0,0.0],""rotationDegrees"":[0.0,0.0,0.0],""scale"":[1.0,1.0,1.0]},""runtimeResolutionStatus"":""EXACT_ROOT_SNAPSHOT"",""sourceSelectorByteOffset"":null},""localTransform"":{""sourcePositionUeUnits"":[0.0,0.0,150.0],""position"":[0.0,1.5,-0.0],""rotationDegrees"":[0.0,0.0,-0.0],""scale"":[1.0,1.0,1.0]},""sourceTransformByteOffset"":387,""parameterOverridesDecoded"":true,""sourceParameterCountByteOffset"":475,""parameterOverrides"":[{""sourceIndex"":0,""name"":""Spawn"",""sourceTypeCode"":1,""sourceRecordByteOffset"":479,""type"":""scalar"",""scalarValue"":0.0,""sourceValueByteOffset"":493},{""sourceIndex"":1,""name"":""Lifetime"",""sourceTypeCode"":1,""sourceRecordByteOffset"":558,""type"":""scalar"",""scalarValue"":0.800000011920929,""sourceValueByteOffset"":575},{""sourceIndex"":2,""name"":""Location"",""sourceTypeCode"":3,""sourceRecordByteOffset"":640,""type"":""vector"",""vectorValue"":[1.0,1.0,1.0],""sourceValueByteOffset"":665},{""sourceIndex"":3,""name"":""Size"",""sourceTypeCode"":3,""sourceRecordByteOffset"":722,""type"":""vector"",""vectorValue"":[450.0,100.0,100.0],""sourceValueByteOffset"":743},{""sourceIndex"":4,""name"":""Color"",""sourceTypeCode"":3,""sourceRecordByteOffset"":800,""type"":""vector"",""vectorValue"":[3.0,1.0,1.0],""sourceValueByteOffset"":822},{""sourceIndex"":5,""name"":""Alpha"",""sourceTypeCode"":1,""sourceRecordByteOffset"":879,""type"":""scalar"",""scalarValue"":1.5,""sourceValueByteOffset"":893}]}",1219486,92845,True,SOURCE_ASSET_EXPLICIT
requested_core,MN_RPCT_07,4219939,쿠크세이튼_군단장 시그니쳐 스킬_공격,31,Att_Battle_28_05_End,action-4219939/stage-031/notify-000,Anim,0.0,1.399999976158142,,,,,1220864,92902,True,SOURCE_CLIP_EXPLICIT
requested_core,MN_RPCT_07,4219939,쿠크세이튼_군단장 시그니쳐 스킬_공격,31,Att_Battle_28_05_End,action-4219939/stage-031/notify-001,LookTarget,0.0,0.20000000298023224,,,,,1221164,92929,True,TIMING_OR_STATE_ONLY
requested_core,MN_RPCT_07,4219939,쿠크세이튼_군단장 시그니쳐 스킬_공격,31,Att_Battle_28_05_End,action-4219939/stage-031/notify-002,PlayParticleEffect,0.0,1.399999976158142,True,,ParticleSystem:FX_MN_RPCT_07_V.Par_V_RPCT_07_Bazooka_Loop,"{""schema"":""lostark.cef-play-particle-effect-header"",""version"":2,""enabled"":true,""sourceByteOffset"":47,""sourceByteValue"":1,""particleDataDecoded"":true,""sourceParticleSystem"":""ParticleSystem'FX_MN_RPCT_07_V.Par_V_RPCT_07_Bazooka_Loop'"",""attachment"":{""mode"":""FOLLOW_NAMED_ANCHORS"",""sourceAnchorNames"":[""B_WP_1""],""runtimeAnchors"":[{""sourceAnchorName"":""B_WP_1"",""runtimeAnchorSlotId"":""B_WP_1"",""runtimeBoneName"":""b_wp_1"",""socketLocalTransform"":{""position"":[0.0,0.0,0.0],""rotationDegrees"":[0.0,0.0,0.0],""scale"":[1.0,1.0,1.0]},""resolutionStatus"":""EXACT_SOURCE_BONE""}],""runtimeAnchorSlotIds"":[""B_WP_1""],""runtimeAnchorSlotId"":""B_WP_1"",""runtimeBoneName"":""b_wp_1"",""socketLocalTransform"":{""position"":[0.0,0.0,0.0],""rotationDegrees"":[0.0,0.0,0.0],""scale"":[1.0,1.0,1.0]},""runtimeResolutionStatus"":""EXACT_SOURCE_BONE"",""sourceSelectorByteOffset"":388},""localTransform"":{""sourcePositionUeUnits"":[0.0,0.0,0.0],""position"":[0.0,0.0,-0.0],""rotationDegrees"":[0.0,0.0,-0.0],""scale"":[1.0,1.0,1.0]},""sourceTransformByteOffset"":403,""parameterOverridesDecoded"":true,""sourceParameterCountByteOffset"":495,""parameterOverrides"":[]}",1221266,92948,True,SOURCE_ASSET_EXPLICIT
requested_core,MN_RPCT_07,4219939,쿠크세이튼_군단장 시그니쳐 스킬_공격,31,Att_Battle_28_05_End,action-4219939/stage-031/notify-003,PlayParticleEffect,0.0034119999036192894,1.3965879678726196,True,,ParticleSystem:FX_MN_RPCT_07_V.Par_V_RPCT_07_Bazooka_Loop,"{""schema"":""lostark.cef-play-particle-effect-header"",""version"":2,""enabled"":true,""sourceByteOffset"":47,""sourceByteValue"":1,""particleDataDecoded"":true,""sourceParticleSystem"":""ParticleSystem'FX_MN_RPCT_07_V.Par_V_RPCT_07_Bazooka_Loop'"",""attachment"":{""mode"":""FOLLOW_NAMED_ANCHORS"",""sourceAnchorNames"":[""B_WP_2""],""runtimeAnchors"":[{""sourceAnchorName"":""B_WP_2"",""runtimeAnchorSlotId"":""B_WP_2"",""runtimeBoneName"":""b_wp_2"",""socketLocalTransform"":{""position"":[0.0,0.0,0.0],""rotationDegrees"":[0.0,0.0,0.0],""scale"":[1.0,1.0,1.0]},""resolutionStatus"":""EXACT_SOURCE_BONE""}],""runtimeAnchorSlotIds"":[""B_WP_2""],""runtimeAnchorSlotId"":""B_WP_2"",""runtimeBoneName"":""b_wp_2"",""socketLocalTransform"":{""position"":[0.0,0.0,0.0],""rotationDegrees"":[0.0,0.0,0.0],""scale"":[1.0,1.0,1.0]},""runtimeResolutionStatus"":""EXACT_SOURCE_BONE"",""sourceSelectorByteOffset"":388},""localTransform"":{""sourcePositionUeUnits"":[0.0,0.0,0.0],""position"":[0.0,0.0,-0.0],""rotationDegrees"":[0.0,0.0,-0.0],""scale"":[1.0,1.0,1.0]},""sourceTransformByteOffset"":403,""parameterOverridesDecoded"":true,""sourceParameterCountByteOffset"":495,""parameterOverrides"":[]}",1221865,92979,True,SOURCE_ASSET_EXPLICIT
requested_core,MN_RPCT_07,4219939,쿠크세이튼_군단장 시그니쳐 스킬_공격,31,Att_Battle_28_05_End,action-4219939/stage-031/notify-004,AKEvent,0.20000000298023224,1.2000000476837158,,,AkEvent:S_Mob_G_KoukuSatan1.G_KoukuSatan1_Attack23_Cast2,,1222464,93010,True,SOURCE_ASSET_EXPLICIT
requested_core,MN_RPCT_07,4219939,쿠크세이튼_군단장 시그니쳐 스킬_공격,31,Att_Battle_28_05_End,action-4219939/stage-031/notify-005,Effect,1.100000023841858,0.10000000149011612,,421991219,,,1222675,93039,True,TIMING_ONLY
requested_core,MN_RPCT_07,4219939,쿠크세이튼_군단장 시그니쳐 스킬_공격,31,Att_Battle_28_05_End,action-4219939/stage-031/notify-006,MonsterMoveNextStage,1.2999999523162842,0.0,,,,,1222825,93058,True,TIMING_OR_STATE_ONLY
requested_core,MN_RPCT_07,4219939,쿠크세이튼_군단장 시그니쳐 스킬_공격,31,Att_Battle_28_05_End,action-4219939/stage-031/notify-007,PlayParticleEffect,1.3796579837799072,0.0,False,,ParticleSystem:fx_mn_rpct_07_v.Par_V_RPCT_BallRead_Exp_01_LOC_INT,"{""schema"":""lostark.cef-play-particle-effect-header"",""version"":2,""enabled"":false,""sourceByteOffset"":47,""sourceByteValue"":0,""particleDataDecoded"":true,""sourceParticleSystem"":""ParticleSystem'fx_mn_rpct_07_v.Par_V_RPCT_BallRead_Exp_01_LOC_INT'"",""attachment"":{""mode"":""FOLLOW_NAMED_ANCHORS"",""sourceAnchorNames"":[""FX_L_Hand_01"",""FX_R_Hand_01""],""runtimeAnchors"":[{""sourceAnchorName"":""FX_L_Hand_01"",""runtimeAnchorSlotId"":""FX_L_Hand_01"",""runtimeBoneName"":"""",""socketLocalTransform"":{""position"":[0.0,0.0,0.0],""rotationDegrees"":[0.0,0.0,0.0],""scale"":[1.0,1.0,1.0]},""resolutionStatus"":""MISSING_SOURCE_SOCKET""},{""sourceAnchorName"":""FX_R_Hand_01"",""runtimeAnchorSlotId"":""FX_R_Hand_01"",""runtimeBoneName"":"""",""socketLocalTransform"":{""position"":[0.0,0.0,0.0],""rotationDegrees"":[0.0,0.0,0.0],""scale"":[1.0,1.0,1.0]},""resolutionStatus"":""MISSING_SOURCE_SOCKET""}],""runtimeAnchorSlotIds"":[""FX_L_Hand_01"",""FX_R_Hand_01""],""runtimeAnchorSlotId"":""FX_L_Hand_01"",""runtimeBoneName"":"""",""socketLocalTransform"":{""position"":[0.0,0.0,0.0],""rotationDegrees"":[0.0,0.0,0.0],""scale"":[1.0,1.0,1.0]},""runtimeResolutionStatus"":""MISSING_SOURCE_SOCKET"",""sourceSelectorByteOffset"":401},""localTransform"":{""sourcePositionUeUnits"":[0.0,0.0,0.0],""position"":[0.0,0.0,-0.0],""rotationDegrees"":[0.0,0.0,-0.0],""scale"":[1.0,1.0,1.0]},""sourceTransformByteOffset"":439,""parameterOverridesDecoded"":true,""sourceParameterCountByteOffset"":527,""parameterOverrides"":[]}",1222925,93077,True,SOURCE_ASSET_EXPLICIT
requested_core,MN_RPCT_07,4219939,쿠크세이튼_군단장 시그니쳐 스킬_공격,32,Att_battle_28_08,action-4219939/stage-032/notify-000,Anim,0.0,4.8333330154418945,,,,,1223776,93130,True,SOURCE_CLIP_EXPLICIT
requested_core,MN_RPCT_07,4219939,쿠크세이튼_군단장 시그니쳐 스킬_공격,32,Att_battle_28_08,action-4219939/stage-032/notify-001,PlayParticleEffect,0.0,4.7509307861328125,True,,ParticleSystem:FX_MN_RPCT_07_V.Par_V_RPCT_07_Bazooka_Loop,"{""schema"":""lostark.cef-play-particle-effect-header"",""version"":2,""enabled"":true,""sourceByteOffset"":47,""sourceByteValue"":1,""particleDataDecoded"":true,""sourceParticleSystem"":""ParticleSystem'FX_MN_RPCT_07_V.Par_V_RPCT_07_Bazooka_Loop'"",""attachment"":{""mode"":""FOLLOW_NAMED_ANCHORS"",""sourceAnchorNames"":[""B_WP_1""],""runtimeAnchors"":[{""sourceAnchorName"":""B_WP_1"",""runtimeAnchorSlotId"":""B_WP_1"",""runtimeBoneName"":""b_wp_1"",""socketLocalTransform"":{""position"":[0.0,0.0,0.0],""rotationDegrees"":[0.0,0.0,0.0],""scale"":[1.0,1.0,1.0]},""resolutionStatus"":""EXACT_SOURCE_BONE""}],""runtimeAnchorSlotIds"":[""B_WP_1""],""runtimeAnchorSlotId"":""B_WP_1"",""runtimeBoneName"":""b_wp_1"",""socketLocalTransform"":{""position"":[0.0,0.0,0.0],""rotationDegrees"":[0.0,0.0,0.0],""scale"":[1.0,1.0,1.0]},""runtimeResolutionStatus"":""EXACT_SOURCE_BONE"",""sourceSelectorByteOffset"":392},""localTransform"":{""sourcePositionUeUnits"":[0.0,0.0,0.0],""position"":[0.0,0.0,-0.0],""rotationDegrees"":[0.0,0.0,-0.0],""scale"":[1.0,1.0,1.0]},""sourceTransformByteOffset"":407,""parameterOverridesDecoded"":true,""sourceParameterCountByteOffset"":499,""parameterOverrides"":[]}",1224068,93157,True,SOURCE_ASSET_EXPLICIT
requested_core,MN_RPCT_07,4219939,쿠크세이튼_군단장 시그니쳐 스킬_공격,32,Att_battle_28_08,action-4219939/stage-032/notify-002,LookTarget,0.0,0.4000000059604645,,,,,1224671,93188,True,TIMING_OR_STATE_ONLY
requested_core,MN_RPCT_07,4219939,쿠크세이튼_군단장 시그니쳐 스킬_공격,32,Att_battle_28_08,action-4219939/stage-032/notify-003,PlayParticleEffect,0.0,1.5217020511627197,True,,ParticleSystem:fx_mn_rpct_07_v.Par_V_RPCT_Gun_shot_Decal_01_LOC_INT,"{""schema"":""lostark.cef-play-particle-effect-header"",""version"":2,""enabled"":true,""sourceByteOffset"":47,""sourceByteValue"":1,""particleDataDecoded"":true,""sourceParticleSystem"":""ParticleSystem'fx_mn_rpct_07_v.Par_V_RPCT_Gun_shot_Decal_01_LOC_INT'"",""attachment"":{""mode"":""FOLLOW_NAMED_ANCHORS"",""sourceAnchorNames"":[""B_Root""],""runtimeAnchors"":[{""sourceAnchorName"":""B_Root"",""runtimeAnchorSlotId"":""B_Root"",""runtimeBoneName"":""b_root"",""socketLocalTransform"":{""position"":[0.0,0.0,0.0],""rotationDegrees"":[0.0,0.0,0.0],""scale"":[1.0,1.0,1.0]},""resolutionStatus"":""EXACT_SOURCE_BONE""}],""runtimeAnchorSlotIds"":[""B_Root""],""runtimeAnchorSlotId"":""B_Root"",""runtimeBoneName"":""b_root"",""socketLocalTransform"":{""position"":[0.0,0.0,0.0],""rotationDegrees"":[0.0,0.0,0.0],""scale"":[1.0,1.0,1.0]},""runtimeResolutionStatus"":""EXACT_SOURCE_BONE"",""sourceSelectorByteOffset"":399},""localTransform"":{""sourcePositionUeUnits"":[0.0,0.0,0.0],""position"":[0.0,0.0,-0.0],""rotationDegrees"":[0.0,0.0,-0.0],""scale"":[1.0,1.0,1.0]},""sourceTransformByteOffset"":414,""parameterOverridesDecoded"":true,""sourceParameterCountByteOffset"":506,""parameterOverrides"":[]}",1224773,93207,True,SOURCE_ASSET_EXPLICIT
requested_core,MN_RPCT_07,4219939,쿠크세이튼_군단장 시그니쳐 스킬_공격,32,Att_battle_28_08,action-4219939/stage-032/notify-004,PlayParticleEffect,0.0034199999645352364,4.750452995300293,True,,ParticleSystem:FX_MN_RPCT_07_V.Par_V_RPCT_07_Bazooka_Loop,"{""schema"":""lostark.cef-play-particle-effect-header"",""version"":2,""enabled"":true,""sourceByteOffset"":47,""sourceByteValue"":1,""particleDataDecoded"":true,""sourceParticleSystem"":""ParticleSystem'FX_MN_RPCT_07_V.Par_V_RPCT_07_Bazooka_Loop'"",""attachment"":{""mode"":""FOLLOW_NAMED_ANCHORS"",""sourceAnchorNames"":[""B_WP_2""],""runtimeAnchors"":[{""sourceAnchorName"":""B_WP_2"",""runtimeAnchorSlotId"":""B_WP_2"",""runtimeBoneName"":""b_wp_2"",""socketLocalTransform"":{""position"":[0.0,0.0,0.0],""rotationDegrees"":[0.0,0.0,0.0],""scale"":[1.0,1.0,1.0]},""resolutionStatus"":""EXACT_SOURCE_BONE""}],""runtimeAnchorSlotIds"":[""B_WP_2""],""runtimeAnchorSlotId"":""B_WP_2"",""runtimeBoneName"":""b_wp_2"",""socketLocalTransform"":{""position"":[0.0,0.0,0.0],""rotationDegrees"":[0.0,0.0,0.0],""scale"":[1.0,1.0,1.0]},""runtimeResolutionStatus"":""EXACT_SOURCE_BONE"",""sourceSelectorByteOffset"":392},""localTransform"":{""sourcePositionUeUnits"":[0.0,0.0,0.0],""position"":[0.0,0.0,-0.0],""rotationDegrees"":[0.0,0.0,-0.0],""scale"":[1.0,1.0,1.0]},""sourceTransformByteOffset"":407,""parameterOverridesDecoded"":true,""sourceParameterCountByteOffset"":499,""parameterOverrides"":[]}",1225383,93238,True,SOURCE_ASSET_EXPLICIT
requested_core,MN_RPCT_07,4219939,쿠크세이튼_군단장 시그니쳐 스킬_공격,32,Att_battle_28_08,action-4219939/stage-032/notify-005,PlayParticleEffect,0.09128399938344955,4.742015838623047,True,,ParticleSystem:FX_MN_RPCT_07_V.Par_V_RPCT_Bazooka_mesh_01,"{""schema"":""lostark.cef-play-particle-effect-header"",""version"":2,""enabled"":true,""sourceByteOffset"":47,""sourceByteValue"":1,""particleDataDecoded"":true,""sourceParticleSystem"":""ParticleSystem'FX_MN_RPCT_07_V.Par_V_RPCT_Bazooka_mesh_01'"",""attachment"":{""mode"":""FOLLOW_NAMED_ANCHORS"",""sourceAnchorNames"":[""Bip002-R-Hand""],""runtimeAnchors"":[{""sourceAnchorName"":""Bip002-R-Hand"",""runtimeAnchorSlotId"":""Bip002-R-Hand"",""runtimeBoneName"":"""",""socketLocalTransform"":{""position"":[0.0,0.0,0.0],""rotationDegrees"":[0.0,0.0,0.0],""scale"":[1.0,1.0,1.0]},""resolutionStatus"":""MISSING_SOURCE_SOCKET""}],""runtimeAnchorSlotIds"":[""Bip002-R-Hand""],""runtimeAnchorSlotId"":""Bip002-R-Hand"",""runtimeBoneName"":"""",""socketLocalTransform"":{""position"":[0.0,0.0,0.0],""rotationDegrees"":[0.0,0.0,0.0],""scale"":[1.0,1.0,1.0]},""runtimeResolutionStatus"":""MISSING_SOURCE_SOCKET"",""sourceSelectorByteOffset"":383},""localTransform"":{""sourcePositionUeUnits"":[0.0,0.0,0.0],""position"":[0.0,0.0,-0.0],""rotationDegrees"":[0.0,0.0,-0.0],""scale"":[0.30000001192092896,0.30000001192092896,0.30000001192092896]},""sourceTransformByteOffset"":405,""parameterOverridesDecoded"":true,""sourceParameterCountByteOffset"":497,""parameterOverrides"":[]}",1225986,93269,True,SOURCE_ASSET_EXPLICIT
requested_core,MN_RPCT_07,4219939,쿠크세이튼_군단장 시그니쳐 스킬_공격,32,Att_battle_28_08,action-4219939/stage-032/notify-006,AKEvent,1.0,2.299999952316284,,,AkEvent:S_Mob_G_KoukuSatan1.G_KoukuSatan1_Attack23_Cast3,,1226587,93299,True,SOURCE_ASSET_EXPLICIT
requested_core,MN_RPCT_07,4219939,쿠크세이튼_군단장 시그니쳐 스킬_공격,32,Att_battle_28_08,action-4219939/stage-032/notify-007,PlayParticleEffect,1.0653070211410522,0.0,True,,ParticleSystem:fx_mn_rpct_07_v.Par_V_RPCT_BallRead_Exp_01_LOC_INT,"{""schema"":""lostark.cef-play-particle-effect-header"",""version"":2,""enabled"":true,""sourceByteOffset"":47,""sourceByteValue"":1,""particleDataDecoded"":true,""sourceParticleSystem"":""ParticleSystem'fx_mn_rpct_07_v.Par_V_RPCT_BallRead_Exp_01_LOC_INT'"",""attachment"":{""mode"":""FOLLOW_NAMED_ANCHORS"",""sourceAnchorNames"":[""Bip002-R-Hand""],""runtimeAnchors"":[{""sourceAnchorName"":""Bip002-R-Hand"",""runtimeAnchorSlotId"":""Bip002-R-Hand"",""runtimeBoneName"":"""",""socketLocalTransform"":{""position"":[0.0,0.0,0.0],""rotationDegrees"":[0.0,0.0,0.0],""scale"":[1.0,1.0,1.0]},""resolutionStatus"":""MISSING_SOURCE_SOCKET""}],""runtimeAnchorSlotIds"":[""Bip002-R-Hand""],""runtimeAnchorSlotId"":""Bip002-R-Hand"",""runtimeBoneName"":"""",""socketLocalTransform"":{""position"":[0.0,0.0,0.0],""rotationDegrees"":[0.0,0.0,0.0],""scale"":[1.0,1.0,1.0]},""runtimeResolutionStatus"":""MISSING_SOURCE_SOCKET"",""sourceSelectorByteOffset"":397},""localTransform"":{""sourcePositionUeUnits"":[0.0,0.0,0.0],""position"":[0.0,0.0,-0.0],""rotationDegrees"":[0.0,0.0,-0.0],""scale"":[0.4000000059604645,0.4000000059604645,0.4000000059604645]},""sourceTransformByteOffset"":419,""parameterOverridesDecoded"":true,""sourceParameterCountByteOffset"":511,""parameterOverrides"":[]}",1226798,93328,True,SOURCE_ASSET_EXPLICIT
requested_core,MN_RPCT_07,4219939,쿠크세이튼_군단장 시그니쳐 스킬_공격,32,Att_battle_28_08,action-4219939/stage-032/notify-008,PlayParticleEffect,1.097085952758789,0.0,True,,ParticleSystem:fx_mn_rpct_07_v.Par_V_RPCT_signalShot_01_LOC_INT,"{""schema"":""lostark.cef-play-particle-effect-header"",""version"":2,""enabled"":true,""sourceByteOffset"":47,""sourceByteValue"":1,""particleDataDecoded"":true,""sourceParticleSystem"":""ParticleSystem'fx_mn_rpct_07_v.Par_V_RPCT_signalShot_01_LOC_INT'"",""attachment"":{""mode"":""FOLLOW_NAMED_ANCHORS"",""sourceAnchorNames"":[""Bip002-R-Hand""],""runtimeAnchors"":[{""sourceAnchorName"":""Bip002-R-Hand"",""runtimeAnchorSlotId"":""Bip002-R-Hand"",""runtimeBoneName"":"""",""socketLocalTransform"":{""position"":[0.0,0.0,0.0],""rotationDegrees"":[0.0,0.0,0.0],""scale"":[1.0,1.0,1.0]},""resolutionStatus"":""MISSING_SOURCE_SOCKET""}],""runtimeAnchorSlotIds"":[""Bip002-R-Hand""],""runtimeAnchorSlotId"":""Bip002-R-Hand"",""runtimeBoneName"":"""",""socketLocalTransform"":{""position"":[0.0,0.0,0.0],""rotationDegrees"":[0.0,0.0,0.0],""scale"":[1.0,1.0,1.0]},""runtimeResolutionStatus"":""MISSING_SOURCE_SOCKET"",""sourceSelectorByteOffset"":394},""localTransform"":{""sourcePositionUeUnits"":[0.0,0.0,50.0],""position"":[0.0,0.5,-0.0],""rotationDegrees"":[0.0,0.0,-0.0],""scale"":[1.0,1.0,1.0]},""sourceTransformByteOffset"":416,""parameterOverridesDecoded"":true,""sourceParameterCountByteOffset"":508,""parameterOverrides"":[{""sourceIndex"":0,""name"":""Color"",""sourceTypeCode"":3,""sourceRecordByteOffset"":512,""type"":""vector"",""vectorValue"":[1.0,1.0,1.0],""sourceValueByteOffset"":534}]}",1227413,93359,True,SOURCE_ASSET_EXPLICIT
requested_core,MN_RPCT_07,4219939,쿠크세이튼_군단장 시그니쳐 스킬_공격,32,Att_battle_28_08,action-4219939/stage-032/notify-009,PlayParticleEffect,1.4728219509124756,0.0,True,,ParticleSystem:fx_mn_rpct_07_v.Par_V_RPCT_Signature_01_1_LOC_INT,"{""schema"":""lostark.cef-play-particle-effect-header"",""version"":2,""enabled"":true,""sourceByteOffset"":47,""sourceByteValue"":1,""particleDataDecoded"":true,""sourceParticleSystem"":""ParticleSystem'fx_mn_rpct_07_v.Par_V_RPCT_Signature_01_1_LOC_INT'"",""attachment"":{""mode"":""FOLLOW_NAMED_ANCHORS"",""sourceAnchorNames"":[""B_WP_1""],""runtimeAnchors"":[{""sourceAnchorName"":""B_WP_1"",""runtimeAnchorSlotId"":""B_WP_1"",""runtimeBoneName"":""b_wp_1"",""socketLocalTransform"":{""position"":[0.0,0.0,0.0],""rotationDegrees"":[0.0,0.0,0.0],""scale"":[1.0,1.0,1.0]},""resolutionStatus"":""EXACT_SOURCE_BONE""}],""runtimeAnchorSlotIds"":[""B_WP_1""],""runtimeAnchorSlotId"":""B_WP_1"",""runtimeBoneName"":""b_wp_1"",""socketLocalTransform"":{""position"":[0.0,0.0,0.0],""rotationDegrees"":[0.0,0.0,0.0],""scale"":[1.0,1.0,1.0]},""runtimeResolutionStatus"":""EXACT_SOURCE_BONE"",""sourceSelectorByteOffset"":402},""localTransform"":{""sourcePositionUeUnits"":[150.0,0.0,50.0],""position"":[1.5,0.5,-0.0],""rotationDegrees"":[0.0,0.0,-0.0],""scale"":[3.0,3.0,3.0]},""sourceTransformByteOffset"":417,""parameterOverridesDecoded"":true,""sourceParameterCountByteOffset"":509,""parameterOverrides"":[{""sourceIndex"":0,""name"":""Color"",""sourceTypeCode"":3,""sourceRecordByteOffset"":513,""type"":""vector"",""vectorValue"":[1.0,1.0,1.0],""sourceValueByteOffset"":535},{""sourceIndex"":1,""name"":""Alpha"",""sourceTypeCode"":1,""sourceRecordByteOffset"":592,""type"":""scalar"",""scalarValue"":1.0,""sourceValueByteOffset"":606}]}",1228104,93391,True,SOURCE_ASSET_EXPLICIT
requested_core,MN_RPCT_07,4219939,쿠크세이튼_군단장 시그니쳐 스킬_공격,32,Att_battle_28_08,action-4219939/stage-032/notify-010,PlayParticleEffect,1.4728219509124756,0.0,True,,ParticleSystem:FX_CM_02.Light.Par_MP_Light_01,"{""schema"":""lostark.cef-play-particle-effect-header"",""version"":2,""enabled"":true,""sourceByteOffset"":47,""sourceByteValue"":1,""particleDataDecoded"":true,""sourceParticleSystem"":""ParticleSystem'FX_CM_02.Light.Par_MP_Light_01'"",""attachment"":{""mode"":""SNAPSHOT_ROOT"",""sourceAnchorNames"":[],""runtimeAnchors"":[],""runtimeAnchorSlotIds"":[],""runtimeAnchorSlotId"":""root"",""runtimeBoneName"":"""",""socketLocalTransform"":{""position"":[0.0,0.0,0.0],""rotationDegrees"":[0.0,0.0,0.0],""scale"":[1.0,1.0,1.0]},""runtimeResolutionStatus"":""EXACT_ROOT_SNAPSHOT"",""sourceSelectorByteOffset"":null},""localTransform"":{""sourcePositionUeUnits"":[50.0,0.0,50.0],""position"":[0.5,0.5,-0.0],""rotationDegrees"":[0.0,0.0,-0.0],""scale"":[3.0,3.0,3.0]},""sourceTransformByteOffset"":389,""parameterOverridesDecoded"":true,""sourceParameterCountByteOffset"":477,""parameterOverrides"":[{""sourceIndex"":0,""name"":""Spawn"",""sourceTypeCode"":1,""sourceRecordByteOffset"":481,""type"":""scalar"",""scalarValue"":0.0,""sourceValueByteOffset"":495},{""sourceIndex"":1,""name"":""Lifetime"",""sourceTypeCode"":1,""sourceRecordByteOffset"":560,""type"":""scalar"",""scalarValue"":0.10000000149011612,""sourceValueByteOffset"":577},{""sourceIndex"":2,""name"":""Size"",""sourceTypeCode"":3,""sourceRecordByteOffset"":642,""type"":""vector"",""vectorValue"":[200.0,0.0,0.0],""sourceValueByteOffset"":663},{""sourceIndex"":3,""name"":""Color"",""sourceTypeCode"":3,""sourceRecordByteOffset"":720,""type"":""vector"",""vectorValue"":[3.0,2.0,1.0],""sourceValueByteOffset"":742},{""sourceIndex"":4,""name"":""Alpha"",""sourceTypeCode"":1,""sourceRecordByteOffset"":799,""type"":""scalar"",""scalarValue"":1.0,""sourceValueByteOffset"":813}]}",1228875,93424,True,SOURCE_ASSET_EXPLICIT
requested_core,MN_RPCT_07,4219939,쿠크세이튼_군단장 시그니쳐 스킬_공격,32,Att_battle_28_08,action-4219939/stage-032/notify-011,PlayParticleEffect,1.4792540073394775,0.0,True,,ParticleSystem:fx_mn_rpct_07_v.Par_V_RPCT_Signature_01_1_LOC_INT,"{""schema"":""lostark.cef-play-particle-effect-header"",""version"":2,""enabled"":true,""sourceByteOffset"":47,""sourceByteValue"":1,""particleDataDecoded"":true,""sourceParticleSystem"":""ParticleSystem'fx_mn_rpct_07_v.Par_V_RPCT_Signature_01_1_LOC_INT'"",""attachment"":{""mode"":""FOLLOW_NAMED_ANCHORS"",""sourceAnchorNames"":[""B_WP_2""],""runtimeAnchors"":[{""sourceAnchorName"":""B_WP_2"",""runtimeAnchorSlotId"":""B_WP_2"",""runtimeBoneName"":""b_wp_2"",""socketLocalTransform"":{""position"":[0.0,0.0,0.0],""rotationDegrees"":[0.0,0.0,0.0],""scale"":[1.0,1.0,1.0]},""resolutionStatus"":""EXACT_SOURCE_BONE""}],""runtimeAnchorSlotIds"":[""B_WP_2""],""runtimeAnchorSlotId"":""B_WP_2"",""runtimeBoneName"":""b_wp_2"",""socketLocalTransform"":{""position"":[0.0,0.0,0.0],""rotationDegrees"":[0.0,0.0,0.0],""scale"":[1.0,1.0,1.0]},""runtimeResolutionStatus"":""EXACT_SOURCE_BONE"",""sourceSelectorByteOffset"":402},""localTransform"":{""sourcePositionUeUnits"":[150.0,0.0,50.0],""position"":[1.5,0.5,-0.0],""rotationDegrees"":[0.0,0.0,-0.0],""scale"":[3.0,3.0,3.0]},""sourceTransformByteOffset"":417,""parameterOverridesDecoded"":true,""sourceParameterCountByteOffset"":509,""parameterOverrides"":[{""sourceIndex"":0,""name"":""Color"",""sourceTypeCode"":3,""sourceRecordByteOffset"":513,""type"":""vector"",""vectorValue"":[1.0,1.0,1.0],""sourceValueByteOffset"":535},{""sourceIndex"":1,""name"":""Alpha"",""sourceTypeCode"":1,""sourceRecordByteOffset"":592,""type"":""scalar"",""scalarValue"":1.0,""sourceValueByteOffset"":606}]}",1229853,93459,True,SOURCE_ASSET_EXPLICIT
requested_core,MN_RPCT_07,4219939,쿠크세이튼_군단장 시그니쳐 스킬_공격,32,Att_battle_28_08,action-4219939/stage-032/notify-012,AKEvent,1.4800000190734863,3.353300094604492,,,AkEvent:S_Mob_G_KoukuSatan1.G_KoukuSatan1_Attack23_Shot3,,1230624,93492,True,SOURCE_ASSET_EXPLICIT
requested_core,MN_RPCT_07,4219939,쿠크세이튼_군단장 시그니쳐 스킬_공격,32,Att_battle_28_08,action-4219939/stage-032/notify-013,Effect,1.5,0.30000001192092896,,421991211,,,1230835,93521,True,TIMING_ONLY
requested_core,MN_RPCT_07,4219939,쿠크세이튼_군단장 시그니쳐 스킬_공격,32,Att_battle_28_08,action-4219939/stage-032/notify-014,Effect,1.5,0.30000001192092896,,421991211,,,1230985,93540,True,TIMING_ONLY
requested_core,MN_RPCT_07,4219939,쿠크세이튼_군단장 시그니쳐 스킬_공격,32,Att_battle_28_08,action-4219939/stage-032/notify-015,Effect,1.7999999523162842,0.30000001192092896,,421991211,,,1231135,93559,True,TIMING_ONLY
requested_core,MN_RPCT_07,4219939,쿠크세이튼_군단장 시그니쳐 스킬_공격,32,Att_battle_28_08,action-4219939/stage-032/notify-016,Effect,1.7999999523162842,0.30000001192092896,,421991211,,,1231285,93578,True,TIMING_ONLY
requested_core,MN_RPCT_07,4219939,쿠크세이튼_군단장 시그니쳐 스킬_공격,32,Att_battle_28_08,action-4219939/stage-032/notify-017,Effect,2.0,0.10000000149011612,,421991217,,,1231435,93597,True,TIMING_ONLY
requested_core,MN_RPCT_07,4219939,쿠크세이튼_군단장 시그니쳐 스킬_공격,32,Att_battle_28_08,action-4219939/stage-032/notify-018,Effect,2.0999999046325684,0.30000001192092896,,421991211,,,1231585,93616,True,TIMING_ONLY
requested_core,MN_RPCT_07,4219939,쿠크세이튼_군단장 시그니쳐 스킬_공격,32,Att_battle_28_08,action-4219939/stage-032/notify-019,Effect,2.0999999046325684,0.30000001192092896,,421991211,,,1231735,93635,True,TIMING_ONLY
requested_core,MN_RPCT_07,4219939,쿠크세이튼_군단장 시그니쳐 스킬_공격,32,Att_battle_28_08,action-4219939/stage-032/notify-020,Effect,2.4000000953674316,0.30000001192092896,,421991211,,,1231885,93654,True,TIMING_ONLY
requested_core,MN_RPCT_07,4219939,쿠크세이튼_군단장 시그니쳐 스킬_공격,32,Att_battle_28_08,action-4219939/stage-032/notify-021,Effect,2.4000000953674316,0.30000001192092896,,421991211,,,1232035,93673,True,TIMING_ONLY
requested_core,MN_RPCT_07,4219939,쿠크세이튼_군단장 시그니쳐 스킬_공격,32,Att_battle_28_08,action-4219939/stage-032/notify-022,Effect,2.700000047683716,0.30000001192092896,,421991211,,,1232185,93692,True,TIMING_ONLY
requested_core,MN_RPCT_07,4219939,쿠크세이튼_군단장 시그니쳐 스킬_공격,32,Att_battle_28_08,action-4219939/stage-032/notify-023,Effect,2.700000047683716,0.30000001192092896,,421991211,,,1232335,93711,True,TIMING_ONLY
requested_core,MN_RPCT_07,4219939,쿠크세이튼_군단장 시그니쳐 스킬_공격,32,Att_battle_28_08,action-4219939/stage-032/notify-024,Effect,3.0,0.30000001192092896,,421991212,,,1232485,93730,True,TIMING_ONLY
requested_core,MN_RPCT_07,4219939,쿠크세이튼_군단장 시그니쳐 스킬_공격,32,Att_battle_28_08,action-4219939/stage-032/notify-025,AKEvent,3.5,1.333299994468689,,,AkEvent:S_Mob_G_KoukuSatan1.G_KoukuSatan1_Attack23_Cast2,,1232635,93749,True,SOURCE_ASSET_EXPLICIT
requested_core,MN_RPCT_07,4219939,쿠크세이튼_군단장 시그니쳐 스킬_공격,32,Att_battle_28_08,action-4219939/stage-032/notify-026,Effect,4.0,0.10000000149011612,,421991221,,,1232846,93778,True,TIMING_ONLY
requested_core,MN_RPCT_07,4219939,쿠크세이튼_군단장 시그니쳐 스킬_공격,32,Att_battle_28_08,action-4219939/stage-032/notify-027,MonsterMoveNextStageConditionProbability,4.730000019073486,0.0,,,,,1232996,93797,True,TIMING_OR_STATE_ONLY
requested_core,MN_RPCT_07,4219939,쿠크세이튼_군단장 시그니쳐 스킬_공격,32,Att_battle_28_08,action-4219939/stage-032/notify-028,PlayParticleEffect,4.7412848472595215,0.0,True,,ParticleSystem:FX_MN_RPCT_07_V.Par_V_RPCT_07_Bazooka_end,"{""schema"":""lostark.cef-play-particle-effect-header"",""version"":2,""enabled"":true,""sourceByteOffset"":47,""sourceByteValue"":1,""particleDataDecoded"":true,""sourceParticleSystem"":""ParticleSystem'FX_MN_RPCT_07_V.Par_V_RPCT_07_Bazooka_end'"",""attachment"":{""mode"":""FOLLOW_NAMED_ANCHORS"",""sourceAnchorNames"":[""B_WP_1""],""runtimeAnchors"":[{""sourceAnchorName"":""B_WP_1"",""runtimeAnchorSlotId"":""B_WP_1"",""runtimeBoneName"":""b_wp_1"",""socketLocalTransform"":{""position"":[0.0,0.0,0.0],""rotationDegrees"":[0.0,0.0,0.0],""scale"":[1.0,1.0,1.0]},""resolutionStatus"":""EXACT_SOURCE_BONE""}],""runtimeAnchorSlotIds"":[""B_WP_1""],""runtimeAnchorSlotId"":""B_WP_1"",""runtimeBoneName"":""b_wp_1"",""socketLocalTransform"":{""position"":[0.0,0.0,0.0],""rotationDegrees"":[0.0,0.0,0.0],""scale"":[1.0,1.0,1.0]},""runtimeResolutionStatus"":""EXACT_SOURCE_BONE"",""sourceSelectorByteOffset"":387},""localTransform"":{""sourcePositionUeUnits"":[0.0,0.0,0.0],""position"":[0.0,0.0,-0.0],""rotationDegrees"":[0.0,0.0,-0.0],""scale"":[1.0,1.0,1.0]},""sourceTransformByteOffset"":402,""parameterOverridesDecoded"":true,""sourceParameterCountByteOffset"":494,""parameterOverrides"":[]}",1233132,93816,True,SOURCE_ASSET_EXPLICIT
requested_core,MN_RPCT_07,4219939,쿠크세이튼_군단장 시그니쳐 스킬_공격,32,Att_battle_28_08,action-4219939/stage-032/notify-029,PlayParticleEffect,4.744496822357178,0.0,True,,ParticleSystem:FX_MN_RPCT_07_V.Par_V_RPCT_07_Bazooka_end,"{""schema"":""lostark.cef-play-particle-effect-header"",""version"":2,""enabled"":true,""sourceByteOffset"":47,""sourceByteValue"":1,""particleDataDecoded"":true,""sourceParticleSystem"":""ParticleSystem'FX_MN_RPCT_07_V.Par_V_RPCT_07_Bazooka_end'"",""attachment"":{""mode"":""FOLLOW_NAMED_ANCHORS"",""sourceAnchorNames"":[""B_WP_2""],""runtimeAnchors"":[{""sourceAnchorName"":""B_WP_2"",""runtimeAnchorSlotId"":""B_WP_2"",""runtimeBoneName"":""b_wp_2"",""socketLocalTransform"":{""position"":[0.0,0.0,0.0],""rotationDegrees"":[0.0,0.0,0.0],""scale"":[1.0,1.0,1.0]},""resolutionStatus"":""EXACT_SOURCE_BONE""}],""runtimeAnchorSlotIds"":[""B_WP_2""],""runtimeAnchorSlotId"":""B_WP_2"",""runtimeBoneName"":""b_wp_2"",""socketLocalTransform"":{""position"":[0.0,0.0,0.0],""rotationDegrees"":[0.0,0.0,0.0],""scale"":[1.0,1.0,1.0]},""runtimeResolutionStatus"":""EXACT_SOURCE_BONE"",""sourceSelectorByteOffset"":387},""localTransform"":{""sourcePositionUeUnits"":[0.0,0.0,0.0],""position"":[0.0,0.0,-0.0],""rotationDegrees"":[0.0,0.0,-0.0],""scale"":[1.0,1.0,1.0]},""sourceTransformByteOffset"":402,""parameterOverridesDecoded"":true,""sourceParameterCountByteOffset"":494,""parameterOverrides"":[]}",1233730,93847,True,SOURCE_ASSET_EXPLICIT
requested_core,MN_RPCT_07,4219939,쿠크세이튼_군단장 시그니쳐 스킬_공격,33,Att_battle_28_08,action-4219939/stage-033/notify-000,Anim,0.0,4.8333330154418945,,,,,1234548,93899,True,SOURCE_CLIP_EXPLICIT
requested_core,MN_RPCT_07,4219939,쿠크세이튼_군단장 시그니쳐 스킬_공격,33,Att_battle_28_08,action-4219939/stage-033/notify-001,PlayParticleEffect,0.0,4.8333001136779785,True,,ParticleSystem:FX_MN_RPCT_07_V.Par_V_RPCT_07_Bazooka_Loop,"{""schema"":""lostark.cef-play-particle-effect-header"",""version"":2,""enabled"":true,""sourceByteOffset"":47,""sourceByteValue"":1,""particleDataDecoded"":true,""sourceParticleSystem"":""ParticleSystem'FX_MN_RPCT_07_V.Par_V_RPCT_07_Bazooka_Loop'"",""attachment"":{""mode"":""FOLLOW_NAMED_ANCHORS"",""sourceAnchorNames"":[""B_WP_1""],""runtimeAnchors"":[{""sourceAnchorName"":""B_WP_1"",""runtimeAnchorSlotId"":""B_WP_1"",""runtimeBoneName"":""b_wp_1"",""socketLocalTransform"":{""position"":[0.0,0.0,0.0],""rotationDegrees"":[0.0,0.0,0.0],""scale"":[1.0,1.0,1.0]},""resolutionStatus"":""EXACT_SOURCE_BONE""}],""runtimeAnchorSlotIds"":[""B_WP_1""],""runtimeAnchorSlotId"":""B_WP_1"",""runtimeBoneName"":""b_wp_1"",""socketLocalTransform"":{""position"":[0.0,0.0,0.0],""rotationDegrees"":[0.0,0.0,0.0],""scale"":[1.0,1.0,1.0]},""runtimeResolutionStatus"":""EXACT_SOURCE_BONE"",""sourceSelectorByteOffset"":392},""localTransform"":{""sourcePositionUeUnits"":[0.0,0.0,0.0],""position"":[0.0,0.0,-0.0],""rotationDegrees"":[0.0,0.0,-0.0],""scale"":[1.0,1.0,1.0]},""sourceTransformByteOffset"":407,""parameterOverridesDecoded"":true,""sourceParameterCountByteOffset"":499,""parameterOverrides"":[]}",1234840,93926,True,SOURCE_ASSET_EXPLICIT
requested_core,MN_RPCT_07,4219939,쿠크세이튼_군단장 시그니쳐 스킬_공격,33,Att_battle_28_08,action-4219939/stage-033/notify-002,PlayParticleEffect,0.0,4.8333001136779785,True,,ParticleSystem:FX_MN_RPCT_07_V.Par_V_RPCT_07_Bazooka_Loop,"{""schema"":""lostark.cef-play-particle-effect-header"",""version"":2,""enabled"":true,""sourceByteOffset"":47,""sourceByteValue"":1,""particleDataDecoded"":true,""sourceParticleSystem"":""ParticleSystem'FX_MN_RPCT_07_V.Par_V_RPCT_07_Bazooka_Loop'"",""attachment"":{""mode"":""FOLLOW_NAMED_ANCHORS"",""sourceAnchorNames"":[""B_WP_2""],""runtimeAnchors"":[{""sourceAnchorName"":""B_WP_2"",""runtimeAnchorSlotId"":""B_WP_2"",""runtimeBoneName"":""b_wp_2"",""socketLocalTransform"":{""position"":[0.0,0.0,0.0],""rotationDegrees"":[0.0,0.0,0.0],""scale"":[1.0,1.0,1.0]},""resolutionStatus"":""EXACT_SOURCE_BONE""}],""runtimeAnchorSlotIds"":[""B_WP_2""],""runtimeAnchorSlotId"":""B_WP_2"",""runtimeBoneName"":""b_wp_2"",""socketLocalTransform"":{""position"":[0.0,0.0,0.0],""rotationDegrees"":[0.0,0.0,0.0],""scale"":[1.0,1.0,1.0]},""runtimeResolutionStatus"":""EXACT_SOURCE_BONE"",""sourceSelectorByteOffset"":392},""localTransform"":{""sourcePositionUeUnits"":[0.0,0.0,0.0],""position"":[0.0,0.0,-0.0],""rotationDegrees"":[0.0,0.0,-0.0],""scale"":[1.0,1.0,1.0]},""sourceTransformByteOffset"":407,""parameterOverridesDecoded"":true,""sourceParameterCountByteOffset"":499,""parameterOverrides"":[]}",1235443,93957,True,SOURCE_ASSET_EXPLICIT
requested_core,MN_RPCT_07,4219939,쿠크세이튼_군단장 시그니쳐 스킬_공격,33,Att_battle_28_08,action-4219939/stage-033/notify-003,PlayParticleEffect,0.0,1.5217020511627197,False,,ParticleSystem:fx_mn_rpct_07_v.Par_V_RPCT_Gun_shot_Decal_01_LOC_INT,"{""schema"":""lostark.cef-play-particle-effect-header"",""version"":2,""enabled"":false,""sourceByteOffset"":47,""sourceByteValue"":0,""particleDataDecoded"":true,""sourceParticleSystem"":""ParticleSystem'fx_mn_rpct_07_v.Par_V_RPCT_Gun_shot_Decal_01_LOC_INT'"",""attachment"":{""mode"":""FOLLOW_NAMED_ANCHORS"",""sourceAnchorNames"":[""B_Root""],""runtimeAnchors"":[{""sourceAnchorName"":""B_Root"",""runtimeAnchorSlotId"":""B_Root"",""runtimeBoneName"":""b_root"",""socketLocalTransform"":{""position"":[0.0,0.0,0.0],""rotationDegrees"":[0.0,0.0,0.0],""scale"":[1.0,1.0,1.0]},""resolutionStatus"":""EXACT_SOURCE_BONE""}],""runtimeAnchorSlotIds"":[""B_Root""],""runtimeAnchorSlotId"":""B_Root"",""runtimeBoneName"":""b_root"",""socketLocalTransform"":{""position"":[0.0,0.0,0.0],""rotationDegrees"":[0.0,0.0,0.0],""scale"":[1.0,1.0,1.0]},""runtimeResolutionStatus"":""EXACT_SOURCE_BONE"",""sourceSelectorByteOffset"":399},""localTransform"":{""sourcePositionUeUnits"":[0.0,0.0,0.0],""position"":[0.0,0.0,-0.0],""rotationDegrees"":[0.0,0.0,-0.0],""scale"":[1.0,1.0,1.0]},""sourceTransformByteOffset"":414,""parameterOverridesDecoded"":true,""sourceParameterCountByteOffset"":506,""parameterOverrides"":[]}",1236046,93988,True,SOURCE_ASSET_EXPLICIT
requested_core,MN_RPCT_07,4219939,쿠크세이튼_군단장 시그니쳐 스킬_공격,33,Att_battle_28_08,action-4219939/stage-033/notify-004,Effect,0.0,0.0,,421991241,,,1236656,94019,True,TIMING_ONLY
requested_core,MN_RPCT_07,4219939,쿠크세이튼_군단장 시그니쳐 스킬_공격,33,Att_battle_28_08,action-4219939/stage-033/notify-005,PlayParticleEffect,0.09128399938344955,4.742015838623047,False,,ParticleSystem:FX_MN_RPCT_07_V.Par_V_RPCT_Bazooka_mesh_01,"{""schema"":""lostark.cef-play-particle-effect-header"",""version"":2,""enabled"":false,""sourceByteOffset"":47,""sourceByteValue"":0,""particleDataDecoded"":true,""sourceParticleSystem"":""ParticleSystem'FX_MN_RPCT_07_V.Par_V_RPCT_Bazooka_mesh_01'"",""attachment"":{""mode"":""FOLLOW_NAMED_ANCHORS"",""sourceAnchorNames"":[""Bip002-R-Hand""],""runtimeAnchors"":[{""sourceAnchorName"":""Bip002-R-Hand"",""runtimeAnchorSlotId"":""Bip002-R-Hand"",""runtimeBoneName"":"""",""socketLocalTransform"":{""position"":[0.0,0.0,0.0],""rotationDegrees"":[0.0,0.0,0.0],""scale"":[1.0,1.0,1.0]},""resolutionStatus"":""MISSING_SOURCE_SOCKET""}],""runtimeAnchorSlotIds"":[""Bip002-R-Hand""],""runtimeAnchorSlotId"":""Bip002-R-Hand"",""runtimeBoneName"":"""",""socketLocalTransform"":{""position"":[0.0,0.0,0.0],""rotationDegrees"":[0.0,0.0,0.0],""scale"":[1.0,1.0,1.0]},""runtimeResolutionStatus"":""MISSING_SOURCE_SOCKET"",""sourceSelectorByteOffset"":383},""localTransform"":{""sourcePositionUeUnits"":[0.0,0.0,0.0],""position"":[0.0,0.0,-0.0],""rotationDegrees"":[0.0,0.0,-0.0],""scale"":[0.30000001192092896,0.30000001192092896,0.30000001192092896]},""sourceTransformByteOffset"":405,""parameterOverridesDecoded"":true,""sourceParameterCountByteOffset"":497,""parameterOverrides"":[]}",1236806,94038,True,SOURCE_ASSET_EXPLICIT
requested_core,MN_RPCT_07,4219939,쿠크세이튼_군단장 시그니쳐 스킬_공격,33,Att_battle_28_08,action-4219939/stage-033/notify-006,MonsterMoveNextStageConditionChangeTarget,1.0,0.0,,,,,1237407,94068,True,TIMING_OR_STATE_ONLY
requested_core,MN_RPCT_07,4219939,쿠크세이튼_군단장 시그니쳐 스킬_공격,33,Att_battle_28_08,action-4219939/stage-033/notify-007,PlayParticleEffect,1.0653070211410522,0.0,True,,ParticleSystem:fx_mn_rpct_07_v.Par_V_RPCT_BallRead_Exp_01_LOC_INT,"{""schema"":""lostark.cef-play-particle-effect-header"",""version"":2,""enabled"":true,""sourceByteOffset"":47,""sourceByteValue"":1,""particleDataDecoded"":true,""sourceParticleSystem"":""ParticleSystem'fx_mn_rpct_07_v.Par_V_RPCT_BallRead_Exp_01_LOC_INT'"",""attachment"":{""mode"":""FOLLOW_NAMED_ANCHORS"",""sourceAnchorNames"":[""Bip002-R-Hand""],""runtimeAnchors"":[{""sourceAnchorName"":""Bip002-R-Hand"",""runtimeAnchorSlotId"":""Bip002-R-Hand"",""runtimeBoneName"":"""",""socketLocalTransform"":{""position"":[0.0,0.0,0.0],""rotationDegrees"":[0.0,0.0,0.0],""scale"":[1.0,1.0,1.0]},""resolutionStatus"":""MISSING_SOURCE_SOCKET""}],""runtimeAnchorSlotIds"":[""Bip002-R-Hand""],""runtimeAnchorSlotId"":""Bip002-R-Hand"",""runtimeBoneName"":"""",""socketLocalTransform"":{""position"":[0.0,0.0,0.0],""rotationDegrees"":[0.0,0.0,0.0],""scale"":[1.0,1.0,1.0]},""runtimeResolutionStatus"":""MISSING_SOURCE_SOCKET"",""sourceSelectorByteOffset"":397},""localTransform"":{""sourcePositionUeUnits"":[0.0,0.0,0.0],""position"":[0.0,0.0,-0.0],""rotationDegrees"":[0.0,0.0,-0.0],""scale"":[0.4000000059604645,0.4000000059604645,0.4000000059604645]},""sourceTransformByteOffset"":419,""parameterOverridesDecoded"":true,""sourceParameterCountByteOffset"":511,""parameterOverrides"":[]}",1237580,94087,True,SOURCE_ASSET_EXPLICIT
requested_core,MN_RPCT_07,4219939,쿠크세이튼_군단장 시그니쳐 스킬_공격,33,Att_battle_28_08,action-4219939/stage-033/notify-008,PawnMaterialParam,1.0654710531234741,0.0,,,,,1238195,94118,True,SOURCE_PARAMETERS_SERIALIZED
requested_core,MN_RPCT_07,4219939,쿠크세이튼_군단장 시그니쳐 스킬_공격,33,Att_battle_28_08,action-4219939/stage-033/notify-009,PlayParticleEffect,1.097085952758789,0.0,True,,ParticleSystem:fx_mn_rpct_07_v.Par_V_RPCT_signalShot_01_LOC_INT,"{""schema"":""lostark.cef-play-particle-effect-header"",""version"":2,""enabled"":true,""sourceByteOffset"":47,""sourceByteValue"":1,""particleDataDecoded"":true,""sourceParticleSystem"":""ParticleSystem'fx_mn_rpct_07_v.Par_V_RPCT_signalShot_01_LOC_INT'"",""attachment"":{""mode"":""FOLLOW_NAMED_ANCHORS"",""sourceAnchorNames"":[""Bip002-R-Hand""],""runtimeAnchors"":[{""sourceAnchorName"":""Bip002-R-Hand"",""runtimeAnchorSlotId"":""Bip002-R-Hand"",""runtimeBoneName"":"""",""socketLocalTransform"":{""position"":[0.0,0.0,0.0],""rotationDegrees"":[0.0,0.0,0.0],""scale"":[1.0,1.0,1.0]},""resolutionStatus"":""MISSING_SOURCE_SOCKET""}],""runtimeAnchorSlotIds"":[""Bip002-R-Hand""],""runtimeAnchorSlotId"":""Bip002-R-Hand"",""runtimeBoneName"":"""",""socketLocalTransform"":{""position"":[0.0,0.0,0.0],""rotationDegrees"":[0.0,0.0,0.0],""scale"":[1.0,1.0,1.0]},""runtimeResolutionStatus"":""MISSING_SOURCE_SOCKET"",""sourceSelectorByteOffset"":394},""localTransform"":{""sourcePositionUeUnits"":[0.0,0.0,50.0],""position"":[0.0,0.5,-0.0],""rotationDegrees"":[0.0,0.0,-0.0],""scale"":[1.0,1.0,1.0]},""sourceTransformByteOffset"":416,""parameterOverridesDecoded"":true,""sourceParameterCountByteOffset"":508,""parameterOverrides"":[{""sourceIndex"":0,""name"":""Color"",""sourceTypeCode"":3,""sourceRecordByteOffset"":512,""type"":""vector"",""vectorValue"":[1.0,1.0,1.0],""sourceValueByteOffset"":534}]}",1238623,94141,True,SOURCE_ASSET_EXPLICIT
requested_core,MN_RPCT_07,4219939,쿠크세이튼_군단장 시그니쳐 스킬_공격,33,Att_battle_28_08,action-4219939/stage-033/notify-010,PlayParticleEffect,1.5039130449295044,0.0,True,,ParticleSystem:fx_mn_rpct_07_v.Par_V_RPCT_Signature_01_1_LOC_INT,"{""schema"":""lostark.cef-play-particle-effect-header"",""version"":2,""enabled"":true,""sourceByteOffset"":47,""sourceByteValue"":1,""particleDataDecoded"":true,""sourceParticleSystem"":""ParticleSystem'fx_mn_rpct_07_v.Par_V_RPCT_Signature_01_1_LOC_INT'"",""attachment"":{""mode"":""FOLLOW_NAMED_ANCHORS"",""sourceAnchorNames"":[""B_WP_2""],""runtimeAnchors"":[{""sourceAnchorName"":""B_WP_2"",""runtimeAnchorSlotId"":""B_WP_2"",""runtimeBoneName"":""b_wp_2"",""socketLocalTransform"":{""position"":[0.0,0.0,0.0],""rotationDegrees"":[0.0,0.0,0.0],""scale"":[1.0,1.0,1.0]},""resolutionStatus"":""EXACT_SOURCE_BONE""}],""runtimeAnchorSlotIds"":[""B_WP_2""],""runtimeAnchorSlotId"":""B_WP_2"",""runtimeBoneName"":""b_wp_2"",""socketLocalTransform"":{""position"":[0.0,0.0,0.0],""rotationDegrees"":[0.0,0.0,0.0],""scale"":[1.0,1.0,1.0]},""runtimeResolutionStatus"":""EXACT_SOURCE_BONE"",""sourceSelectorByteOffset"":402},""localTransform"":{""sourcePositionUeUnits"":[150.0,0.0,50.0],""position"":[1.5,0.5,-0.0],""rotationDegrees"":[0.0,0.0,-0.0],""scale"":[3.0,3.0,3.0]},""sourceTransformByteOffset"":417,""parameterOverridesDecoded"":true,""sourceParameterCountByteOffset"":509,""parameterOverrides"":[{""sourceIndex"":0,""name"":""Color"",""sourceTypeCode"":3,""sourceRecordByteOffset"":513,""type"":""vector"",""vectorValue"":[1.0,1.0,1.0],""sourceValueByteOffset"":535},{""sourceIndex"":1,""name"":""Alpha"",""sourceTypeCode"":1,""sourceRecordByteOffset"":592,""type"":""scalar"",""scalarValue"":1.0,""sourceValueByteOffset"":606}]}",1239314,94173,True,SOURCE_ASSET_EXPLICIT
requested_core,MN_RPCT_07,4219939,쿠크세이튼_군단장 시그니쳐 스킬_공격,33,Att_battle_28_08,action-4219939/stage-033/notify-011,PlayParticleEffect,1.5050239562988281,0.0,True,,ParticleSystem:fx_mn_rpct_07_v.Par_V_RPCT_Signature_01_1_LOC_INT,"{""schema"":""lostark.cef-play-particle-effect-header"",""version"":2,""enabled"":true,""sourceByteOffset"":47,""sourceByteValue"":1,""particleDataDecoded"":true,""sourceParticleSystem"":""ParticleSystem'fx_mn_rpct_07_v.Par_V_RPCT_Signature_01_1_LOC_INT'"",""attachment"":{""mode"":""FOLLOW_NAMED_ANCHORS"",""sourceAnchorNames"":[""B_WP_1""],""runtimeAnchors"":[{""sourceAnchorName"":""B_WP_1"",""runtimeAnchorSlotId"":""B_WP_1"",""runtimeBoneName"":""b_wp_1"",""socketLocalTransform"":{""position"":[0.0,0.0,0.0],""rotationDegrees"":[0.0,0.0,0.0],""scale"":[1.0,1.0,1.0]},""resolutionStatus"":""EXACT_SOURCE_BONE""}],""runtimeAnchorSlotIds"":[""B_WP_1""],""runtimeAnchorSlotId"":""B_WP_1"",""runtimeBoneName"":""b_wp_1"",""socketLocalTransform"":{""position"":[0.0,0.0,0.0],""rotationDegrees"":[0.0,0.0,0.0],""scale"":[1.0,1.0,1.0]},""runtimeResolutionStatus"":""EXACT_SOURCE_BONE"",""sourceSelectorByteOffset"":402},""localTransform"":{""sourcePositionUeUnits"":[150.0,0.0,50.0],""position"":[1.5,0.5,-0.0],""rotationDegrees"":[0.0,0.0,-0.0],""scale"":[3.0,3.0,3.0]},""sourceTransformByteOffset"":417,""parameterOverridesDecoded"":true,""sourceParameterCountByteOffset"":509,""parameterOverrides"":[{""sourceIndex"":0,""name"":""Color"",""sourceTypeCode"":3,""sourceRecordByteOffset"":513,""type"":""vector"",""vectorValue"":[1.0,1.0,1.0],""sourceValueByteOffset"":535},{""sourceIndex"":1,""name"":""Alpha"",""sourceTypeCode"":1,""sourceRecordByteOffset"":592,""type"":""scalar"",""scalarValue"":1.0,""sourceValueByteOffset"":606}]}",1240085,94206,True,SOURCE_ASSET_EXPLICIT
requested_core,MN_RPCT_07,4219939,쿠크세이튼_군단장 시그니쳐 스킬_공격,33,Att_battle_28_08,action-4219939/stage-033/notify-012,PlayParticleEffect,1.5206660032272339,0.0,True,,ParticleSystem:FX_CM_02.Light.Par_MP_Light_01,"{""schema"":""lostark.cef-play-particle-effect-header"",""version"":2,""enabled"":true,""sourceByteOffset"":47,""sourceByteValue"":1,""particleDataDecoded"":true,""sourceParticleSystem"":""ParticleSystem'FX_CM_02.Light.Par_MP_Light_01'"",""attachment"":{""mode"":""SNAPSHOT_ROOT"",""sourceAnchorNames"":[],""runtimeAnchors"":[],""runtimeAnchorSlotIds"":[],""runtimeAnchorSlotId"":""root"",""runtimeBoneName"":"""",""socketLocalTransform"":{""position"":[0.0,0.0,0.0],""rotationDegrees"":[0.0,0.0,0.0],""scale"":[1.0,1.0,1.0]},""runtimeResolutionStatus"":""EXACT_ROOT_SNAPSHOT"",""sourceSelectorByteOffset"":null},""localTransform"":{""sourcePositionUeUnits"":[50.0,0.0,50.0],""position"":[0.5,0.5,-0.0],""rotationDegrees"":[0.0,0.0,-0.0],""scale"":[3.0,3.0,3.0]},""sourceTransformByteOffset"":389,""parameterOverridesDecoded"":true,""sourceParameterCountByteOffset"":477,""parameterOverrides"":[{""sourceIndex"":0,""name"":""Spawn"",""sourceTypeCode"":1,""sourceRecordByteOffset"":481,""type"":""scalar"",""scalarValue"":0.0,""sourceValueByteOffset"":495},{""sourceIndex"":1,""name"":""Lifetime"",""sourceTypeCode"":1,""sourceRecordByteOffset"":560,""type"":""scalar"",""scalarValue"":0.10000000149011612,""sourceValueByteOffset"":577},{""sourceIndex"":2,""name"":""Size"",""sourceTypeCode"":3,""sourceRecordByteOffset"":642,""type"":""vector"",""vectorValue"":[200.0,0.0,0.0],""sourceValueByteOffset"":663},{""sourceIndex"":3,""name"":""Color"",""sourceTypeCode"":3,""sourceRecordByteOffset"":720,""type"":""vector"",""vectorValue"":[3.0,2.0,1.0],""sourceValueByteOffset"":742},{""sourceIndex"":4,""name"":""Alpha"",""sourceTypeCode"":1,""sourceRecordByteOffset"":799,""type"":""scalar"",""scalarValue"":1.0,""sourceValueByteOffset"":813}]}",1240856,94239,True,SOURCE_ASSET_EXPLICIT
confirmed_rehearsal_presentation_relation,MN_RPCT_07,4219985,쿠크세이튼_군단장 시그니쳐 스킬_공격_리허설,0,Att_Battle_28_05_Start,action-4219985/stage-000/notify-000,Anim,0.0,0.9333329796791077,,,,,2113673,163941,True,SOURCE_CLIP_EXPLICIT
confirmed_rehearsal_presentation_relation,MN_RPCT_07,4219985,쿠크세이튼_군단장 시그니쳐 스킬_공격_리허설,0,Att_Battle_28_05_Start,action-4219985/stage-000/notify-001,LookTarget,0.0,0.20000000298023224,,,,,2113977,163968,True,TIMING_OR_STATE_ONLY
confirmed_rehearsal_presentation_relation,MN_RPCT_07,4219985,쿠크세이튼_군단장 시그니쳐 스킬_공격_리허설,0,Att_Battle_28_05_Start,action-4219985/stage-000/notify-002,PlayParticleEffect,0.0,0.0,False,,ParticleSystem:fx_mn_rpct_07_v.Par_V_RPCT_Signature_01_1_LOC_INT,"{""schema"":""lostark.cef-play-particle-effect-header"",""version"":2,""enabled"":false,""sourceByteOffset"":47,""sourceByteValue"":0,""particleDataDecoded"":true,""sourceParticleSystem"":""ParticleSystem'fx_mn_rpct_07_v.Par_V_RPCT_Signature_01_1_LOC_INT'"",""attachment"":{""mode"":""FOLLOW_NAMED_ANCHORS"",""sourceAnchorNames"":[""B_WP_2""],""runtimeAnchors"":[{""sourceAnchorName"":""B_WP_2"",""runtimeAnchorSlotId"":""B_WP_2"",""runtimeBoneName"":""b_wp_2"",""socketLocalTransform"":{""position"":[0.0,0.0,0.0],""rotationDegrees"":[0.0,0.0,0.0],""scale"":[1.0,1.0,1.0]},""resolutionStatus"":""EXACT_SOURCE_BONE""}],""runtimeAnchorSlotIds"":[""B_WP_2""],""runtimeAnchorSlotId"":""B_WP_2"",""runtimeBoneName"":""b_wp_2"",""socketLocalTransform"":{""position"":[0.0,0.0,0.0],""rotationDegrees"":[0.0,0.0,0.0],""scale"":[1.0,1.0,1.0]},""runtimeResolutionStatus"":""EXACT_SOURCE_BONE"",""sourceSelectorByteOffset"":402},""localTransform"":{""sourcePositionUeUnits"":[150.0,0.0,50.0],""position"":[1.5,0.5,-0.0],""rotationDegrees"":[0.0,0.0,-0.0],""scale"":[3.0,3.0,3.0]},""sourceTransformByteOffset"":417,""parameterOverridesDecoded"":true,""sourceParameterCountByteOffset"":509,""parameterOverrides"":[{""sourceIndex"":0,""name"":""Color"",""sourceTypeCode"":3,""sourceRecordByteOffset"":513,""type"":""vector"",""vectorValue"":[1.0,1.0,1.0],""sourceValueByteOffset"":535},{""sourceIndex"":1,""name"":""Alpha"",""sourceTypeCode"":1,""sourceRecordByteOffset"":592,""type"":""scalar"",""scalarValue"":1.0,""sourceValueByteOffset"":606}]}",2114079,163987,True,SOURCE_ASSET_EXPLICIT
confirmed_rehearsal_presentation_relation,MN_RPCT_07,4219985,쿠크세이튼_군단장 시그니쳐 스킬_공격_리허설,0,Att_Battle_28_05_Start,action-4219985/stage-000/notify-003,PlayParticleEffect,0.0,0.0,False,,ParticleSystem:fx_mn_rpct_07_v.Par_V_RPCT_Signature_01_1_LOC_INT,"{""schema"":""lostark.cef-play-particle-effect-header"",""version"":2,""enabled"":false,""sourceByteOffset"":47,""sourceByteValue"":0,""particleDataDecoded"":true,""sourceParticleSystem"":""ParticleSystem'fx_mn_rpct_07_v.Par_V_RPCT_Signature_01_1_LOC_INT'"",""attachment"":{""mode"":""FOLLOW_NAMED_ANCHORS"",""sourceAnchorNames"":[""B_WP_1""],""runtimeAnchors"":[{""sourceAnchorName"":""B_WP_1"",""runtimeAnchorSlotId"":""B_WP_1"",""runtimeBoneName"":""b_wp_1"",""socketLocalTransform"":{""position"":[0.0,0.0,0.0],""rotationDegrees"":[0.0,0.0,0.0],""scale"":[1.0,1.0,1.0]},""resolutionStatus"":""EXACT_SOURCE_BONE""}],""runtimeAnchorSlotIds"":[""B_WP_1""],""runtimeAnchorSlotId"":""B_WP_1"",""runtimeBoneName"":""b_wp_1"",""socketLocalTransform"":{""position"":[0.0,0.0,0.0],""rotationDegrees"":[0.0,0.0,0.0],""scale"":[1.0,1.0,1.0]},""runtimeResolutionStatus"":""EXACT_SOURCE_BONE"",""sourceSelectorByteOffset"":402},""localTransform"":{""sourcePositionUeUnits"":[150.0,0.0,50.0],""position"":[1.5,0.5,-0.0],""rotationDegrees"":[0.0,0.0,-0.0],""scale"":[3.0,3.0,3.0]},""sourceTransformByteOffset"":417,""parameterOverridesDecoded"":true,""sourceParameterCountByteOffset"":509,""parameterOverrides"":[{""sourceIndex"":0,""name"":""Color"",""sourceTypeCode"":3,""sourceRecordByteOffset"":513,""type"":""vector"",""vectorValue"":[1.0,1.0,1.0],""sourceValueByteOffset"":535},{""sourceIndex"":1,""name"":""Alpha"",""sourceTypeCode"":1,""sourceRecordByteOffset"":592,""type"":""scalar"",""scalarValue"":1.0,""sourceValueByteOffset"":606}]}",2114850,164020,True,SOURCE_ASSET_EXPLICIT
confirmed_rehearsal_presentation_relation,MN_RPCT_07,4219985,쿠크세이튼_군단장 시그니쳐 스킬_공격_리허설,0,Att_Battle_28_05_Start,action-4219985/stage-000/notify-004,PlayParticleEffect,0.0,0.9333000183105469,True,,ParticleSystem:FX_MN_RPCT_07_V.Par_V_RPCT_07_Bazooka_Loop,"{""schema"":""lostark.cef-play-particle-effect-header"",""version"":2,""enabled"":true,""sourceByteOffset"":47,""sourceByteValue"":1,""particleDataDecoded"":true,""sourceParticleSystem"":""ParticleSystem'FX_MN_RPCT_07_V.Par_V_RPCT_07_Bazooka_Loop'"",""attachment"":{""mode"":""FOLLOW_NAMED_ANCHORS"",""sourceAnchorNames"":[""B_WP_1""],""runtimeAnchors"":[{""sourceAnchorName"":""B_WP_1"",""runtimeAnchorSlotId"":""B_WP_1"",""runtimeBoneName"":""b_wp_1"",""socketLocalTransform"":{""position"":[0.0,0.0,0.0],""rotationDegrees"":[0.0,0.0,0.0],""scale"":[1.0,1.0,1.0]},""resolutionStatus"":""EXACT_SOURCE_BONE""}],""runtimeAnchorSlotIds"":[""B_WP_1""],""runtimeAnchorSlotId"":""B_WP_1"",""runtimeBoneName"":""b_wp_1"",""socketLocalTransform"":{""position"":[0.0,0.0,0.0],""rotationDegrees"":[0.0,0.0,0.0],""scale"":[1.0,1.0,1.0]},""runtimeResolutionStatus"":""EXACT_SOURCE_BONE"",""sourceSelectorByteOffset"":392},""localTransform"":{""sourcePositionUeUnits"":[0.0,0.0,0.0],""position"":[0.0,0.0,-0.0],""rotationDegrees"":[0.0,0.0,-0.0],""scale"":[1.0,1.0,1.0]},""sourceTransformByteOffset"":407,""parameterOverridesDecoded"":true,""sourceParameterCountByteOffset"":499,""parameterOverrides"":[]}",2115621,164053,True,SOURCE_ASSET_EXPLICIT
confirmed_rehearsal_presentation_relation,MN_RPCT_07,4219985,쿠크세이튼_군단장 시그니쳐 스킬_공격_리허설,0,Att_Battle_28_05_Start,action-4219985/stage-000/notify-005,Effect,0.0,0.10000000149011612,,421981203,,,2116224,164084,True,TIMING_ONLY
confirmed_rehearsal_presentation_relation,MN_RPCT_07,4219985,쿠크세이튼_군단장 시그니쳐 스킬_공격_리허설,0,Att_Battle_28_05_Start,action-4219985/stage-000/notify-006,AKEvent,0.0,0.9333000183105469,,,AkEvent:S_Mob_G_KoukuSatan1.G_KoukuSatan1_Attack23_Cast1,,2116374,164103,True,SOURCE_ASSET_EXPLICIT
confirmed_rehearsal_presentation_relation,MN_RPCT_07,4219985,쿠크세이튼_군단장 시그니쳐 스킬_공격_리허설,0,Att_Battle_28_05_Start,action-4219985/stage-000/notify-007,PlayParticleEffect,0.0,0.833299994468689,False,,ParticleSystem:FX_MN_RPCT_07_V.Par_V_RPCT_07_Bazooka,"{""schema"":""lostark.cef-play-particle-effect-header"",""version"":2,""enabled"":false,""sourceByteOffset"":47,""sourceByteValue"":0,""particleDataDecoded"":true,""sourceParticleSystem"":""ParticleSystem'FX_MN_RPCT_07_V.Par_V_RPCT_07_Bazooka'"",""attachment"":{""mode"":""FOLLOW_NAMED_ANCHORS"",""sourceAnchorNames"":[""B_WP_1""],""runtimeAnchors"":[{""sourceAnchorName"":""B_WP_1"",""runtimeAnchorSlotId"":""B_WP_1"",""runtimeBoneName"":""b_wp_1"",""socketLocalTransform"":{""position"":[0.0,0.0,0.0],""rotationDegrees"":[0.0,0.0,0.0],""scale"":[1.0,1.0,1.0]},""resolutionStatus"":""EXACT_SOURCE_BONE""}],""runtimeAnchorSlotIds"":[""B_WP_1""],""runtimeAnchorSlotId"":""B_WP_1"",""runtimeBoneName"":""b_wp_1"",""socketLocalTransform"":{""position"":[0.0,0.0,0.0],""rotationDegrees"":[0.0,0.0,0.0],""scale"":[1.0,1.0,1.0]},""runtimeResolutionStatus"":""EXACT_SOURCE_BONE"",""sourceSelectorByteOffset"":386},""localTransform"":{""sourcePositionUeUnits"":[0.0,0.0,0.0],""position"":[0.0,0.0,-0.0],""rotationDegrees"":[0.0,0.0,-0.0],""scale"":[1.0,1.0,1.0]},""sourceTransformByteOffset"":401,""parameterOverridesDecoded"":true,""sourceParameterCountByteOffset"":489,""parameterOverrides"":[]}",2116585,164132,True,SOURCE_ASSET_EXPLICIT
confirmed_rehearsal_presentation_relation,MN_RPCT_07,4219985,쿠크세이튼_군단장 시그니쳐 스킬_공격_리허설,0,Att_Battle_28_05_Start,action-4219985/stage-000/notify-008,HidePawn,0.0,0.9333000183105469,,,,,2117178,164163,True,SOURCE_PARAMETERS_SERIALIZED
confirmed_rehearsal_presentation_relation,MN_RPCT_07,4219985,쿠크세이튼_군단장 시그니쳐 스킬_공격_리허설,0,Att_Battle_28_05_Start,action-4219985/stage-000/notify-009,AKEvent,0.0010000000474974513,0.9322999715805054,,,AkEvent:S_Mob_G_KoukuSatan1.G_KoukuSatan1_Attack23_ShotVox1,,2117306,164185,True,SOURCE_ASSET_EXPLICIT
confirmed_rehearsal_presentation_relation,MN_RPCT_07,4219985,쿠크세이튼_군단장 시그니쳐 스킬_공격_리허설,0,Att_Battle_28_05_Start,action-4219985/stage-000/notify-010,PlayParticleEffect,0.0034080001059919596,0.9298920035362244,True,,ParticleSystem:FX_MN_RPCT_07_V.Par_V_RPCT_07_Bazooka_Loop,"{""schema"":""lostark.cef-play-particle-effect-header"",""version"":2,""enabled"":true,""sourceByteOffset"":47,""sourceByteValue"":1,""particleDataDecoded"":true,""sourceParticleSystem"":""ParticleSystem'FX_MN_RPCT_07_V.Par_V_RPCT_07_Bazooka_Loop'"",""attachment"":{""mode"":""FOLLOW_NAMED_ANCHORS"",""sourceAnchorNames"":[""B_WP_2""],""runtimeAnchors"":[{""sourceAnchorName"":""B_WP_2"",""runtimeAnchorSlotId"":""B_WP_2"",""runtimeBoneName"":""b_wp_2"",""socketLocalTransform"":{""position"":[0.0,0.0,0.0],""rotationDegrees"":[0.0,0.0,0.0],""scale"":[1.0,1.0,1.0]},""resolutionStatus"":""EXACT_SOURCE_BONE""}],""runtimeAnchorSlotIds"":[""B_WP_2""],""runtimeAnchorSlotId"":""B_WP_2"",""runtimeBoneName"":""b_wp_2"",""socketLocalTransform"":{""position"":[0.0,0.0,0.0],""rotationDegrees"":[0.0,0.0,0.0],""scale"":[1.0,1.0,1.0]},""runtimeResolutionStatus"":""EXACT_SOURCE_BONE"",""sourceSelectorByteOffset"":392},""localTransform"":{""sourcePositionUeUnits"":[0.0,0.0,0.0],""position"":[0.0,0.0,-0.0],""rotationDegrees"":[0.0,0.0,-0.0],""scale"":[1.0,1.0,1.0]},""sourceTransformByteOffset"":407,""parameterOverridesDecoded"":true,""sourceParameterCountByteOffset"":499,""parameterOverrides"":[]}",2117519,164214,True,SOURCE_ASSET_EXPLICIT
confirmed_rehearsal_presentation_relation,MN_RPCT_07,4219985,쿠크세이튼_군단장 시그니쳐 스킬_공격_리허설,0,Att_Battle_28_05_Start,action-4219985/stage-000/notify-011,Effect,0.6000000238418579,0.0,,421991217,,,2118122,164245,True,TIMING_ONLY
confirmed_rehearsal_presentation_relation,MN_RPCT_07,4219985,쿠크세이튼_군단장 시그니쳐 스킬_공격_리허설,0,Att_Battle_28_05_Start,action-4219985/stage-000/notify-012,Effect,0.6000000238418579,0.0,,421991221,,,2118272,164264,True,TIMING_ONLY
confirmed_rehearsal_presentation_relation,MN_RPCT_07,4219985,쿠크세이튼_군단장 시그니쳐 스킬_공격_리허설,0,Att_Battle_28_05_Start,action-4219985/stage-000/notify-013,Effect,0.699999988079071,0.0,,421991215,,,2118422,164283,True,TIMING_ONLY
confirmed_rehearsal_presentation_relation,MN_RPCT_07,4219985,쿠크세이튼_군단장 시그니쳐 스킬_공격_리허설,0,Att_Battle_28_05_Start,action-4219985/stage-000/notify-014,PlayParticleEffect,0.833299994468689,0.0,False,,ParticleSystem:fx_mn_rpct_07_v.Par_V_RPCT_BallRead_Exp_01_LOC_INT,"{""schema"":""lostark.cef-play-particle-effect-header"",""version"":2,""enabled"":false,""sourceByteOffset"":47,""sourceByteValue"":0,""particleDataDecoded"":true,""sourceParticleSystem"":""ParticleSystem'fx_mn_rpct_07_v.Par_V_RPCT_BallRead_Exp_01_LOC_INT'"",""attachment"":{""mode"":""FOLLOW_NAMED_ANCHORS"",""sourceAnchorNames"":[""FX_L_Hand_01"",""FX_R_Hand_01""],""runtimeAnchors"":[{""sourceAnchorName"":""FX_L_Hand_01"",""runtimeAnchorSlotId"":""FX_L_Hand_01"",""runtimeBoneName"":"""",""socketLocalTransform"":{""position"":[0.0,0.0,0.0],""rotationDegrees"":[0.0,0.0,0.0],""scale"":[1.0,1.0,1.0]},""resolutionStatus"":""MISSING_SOURCE_SOCKET""},{""sourceAnchorName"":""FX_R_Hand_01"",""runtimeAnchorSlotId"":""FX_R_Hand_01"",""runtimeBoneName"":"""",""socketLocalTransform"":{""position"":[0.0,0.0,0.0],""rotationDegrees"":[0.0,0.0,0.0],""scale"":[1.0,1.0,1.0]},""resolutionStatus"":""MISSING_SOURCE_SOCKET""}],""runtimeAnchorSlotIds"":[""FX_L_Hand_01"",""FX_R_Hand_01""],""runtimeAnchorSlotId"":""FX_L_Hand_01"",""runtimeBoneName"":"""",""socketLocalTransform"":{""position"":[0.0,0.0,0.0],""rotationDegrees"":[0.0,0.0,0.0],""scale"":[1.0,1.0,1.0]},""runtimeResolutionStatus"":""MISSING_SOURCE_SOCKET"",""sourceSelectorByteOffset"":401},""localTransform"":{""sourcePositionUeUnits"":[0.0,0.0,0.0],""position"":[0.0,0.0,-0.0],""rotationDegrees"":[0.0,0.0,-0.0],""scale"":[1.0,1.0,1.0]},""sourceTransformByteOffset"":439,""parameterOverridesDecoded"":true,""sourceParameterCountByteOffset"":527,""parameterOverrides"":[]}",2118572,164302,True,SOURCE_ASSET_EXPLICIT
confirmed_rehearsal_presentation_relation,MN_RPCT_07,4219985,쿠크세이튼_군단장 시그니쳐 스킬_공격_리허설,0,Att_Battle_28_05_Start,action-4219985/stage-000/notify-015,MonsterMoveNextStageConditionProbability,0.833299994468689,0.0,,,,,2119203,164334,True,TIMING_OR_STATE_ONLY
confirmed_rehearsal_presentation_relation,MN_RPCT_07,4219985,쿠크세이튼_군단장 시그니쳐 스킬_공격_리허설,1,Att_Battle_28_05_Loop_A,action-4219985/stage-001/notify-000,Anim,0.0,3.1666669845581055,,,,,2119559,164374,True,SOURCE_CLIP_EXPLICIT
confirmed_rehearsal_presentation_relation,MN_RPCT_07,4219985,쿠크세이튼_군단장 시그니쳐 스킬_공격_리허설,1,Att_Battle_28_05_Loop_A,action-4219985/stage-001/notify-001,PlayParticleEffect,0.0,0.0,True,,ParticleSystem:fx_mn_rpct_07_v.Par_V_RPCT_Signature_01_1_LOC_INT,"{""schema"":""lostark.cef-play-particle-effect-header"",""version"":2,""enabled"":true,""sourceByteOffset"":47,""sourceByteValue"":1,""particleDataDecoded"":true,""sourceParticleSystem"":""ParticleSystem'fx_mn_rpct_07_v.Par_V_RPCT_Signature_01_1_LOC_INT'"",""attachment"":{""mode"":""FOLLOW_NAMED_ANCHORS"",""sourceAnchorNames"":[""B_WP_2""],""runtimeAnchors"":[{""sourceAnchorName"":""B_WP_2"",""runtimeAnchorSlotId"":""B_WP_2"",""runtimeBoneName"":""b_wp_2"",""socketLocalTransform"":{""position"":[0.0,0.0,0.0],""rotationDegrees"":[0.0,0.0,0.0],""scale"":[1.0,1.0,1.0]},""resolutionStatus"":""EXACT_SOURCE_BONE""}],""runtimeAnchorSlotIds"":[""B_WP_2""],""runtimeAnchorSlotId"":""B_WP_2"",""runtimeBoneName"":""b_wp_2"",""socketLocalTransform"":{""position"":[0.0,0.0,0.0],""rotationDegrees"":[0.0,0.0,0.0],""scale"":[1.0,1.0,1.0]},""runtimeResolutionStatus"":""EXACT_SOURCE_BONE"",""sourceSelectorByteOffset"":402},""localTransform"":{""sourcePositionUeUnits"":[150.0,0.0,50.0],""position"":[1.5,0.5,-0.0],""rotationDegrees"":[0.0,0.0,-0.0],""scale"":[3.0,3.0,3.0]},""sourceTransformByteOffset"":417,""parameterOverridesDecoded"":true,""sourceParameterCountByteOffset"":509,""parameterOverrides"":[{""sourceIndex"":0,""name"":""Color"",""sourceTypeCode"":3,""sourceRecordByteOffset"":513,""type"":""vector"",""vectorValue"":[1.0,1.0,1.0],""sourceValueByteOffset"":535},{""sourceIndex"":1,""name"":""Alpha"",""sourceTypeCode"":1,""sourceRecordByteOffset"":592,""type"":""scalar"",""scalarValue"":1.0,""sourceValueByteOffset"":606}]}",2119865,164401,True,SOURCE_ASSET_EXPLICIT
confirmed_rehearsal_presentation_relation,MN_RPCT_07,4219985,쿠크세이튼_군단장 시그니쳐 스킬_공격_리허설,1,Att_Battle_28_05_Loop_A,action-4219985/stage-001/notify-002,PlayParticleEffect,0.0,0.0,True,,ParticleSystem:fx_mn_rpct_07_v.Par_V_RPCT_Signature_01_1_LOC_INT,"{""schema"":""lostark.cef-play-particle-effect-header"",""version"":2,""enabled"":true,""sourceByteOffset"":47,""sourceByteValue"":1,""particleDataDecoded"":true,""sourceParticleSystem"":""ParticleSystem'fx_mn_rpct_07_v.Par_V_RPCT_Signature_01_1_LOC_INT'"",""attachment"":{""mode"":""FOLLOW_NAMED_ANCHORS"",""sourceAnchorNames"":[""B_WP_1""],""runtimeAnchors"":[{""sourceAnchorName"":""B_WP_1"",""runtimeAnchorSlotId"":""B_WP_1"",""runtimeBoneName"":""b_wp_1"",""socketLocalTransform"":{""position"":[0.0,0.0,0.0],""rotationDegrees"":[0.0,0.0,0.0],""scale"":[1.0,1.0,1.0]},""resolutionStatus"":""EXACT_SOURCE_BONE""}],""runtimeAnchorSlotIds"":[""B_WP_1""],""runtimeAnchorSlotId"":""B_WP_1"",""runtimeBoneName"":""b_wp_1"",""socketLocalTransform"":{""position"":[0.0,0.0,0.0],""rotationDegrees"":[0.0,0.0,0.0],""scale"":[1.0,1.0,1.0]},""runtimeResolutionStatus"":""EXACT_SOURCE_BONE"",""sourceSelectorByteOffset"":402},""localTransform"":{""sourcePositionUeUnits"":[150.0,0.0,50.0],""position"":[1.5,0.5,-0.0],""rotationDegrees"":[0.0,0.0,-0.0],""scale"":[3.0,3.0,3.0]},""sourceTransformByteOffset"":417,""parameterOverridesDecoded"":true,""sourceParameterCountByteOffset"":509,""parameterOverrides"":[{""sourceIndex"":0,""name"":""Color"",""sourceTypeCode"":3,""sourceRecordByteOffset"":513,""type"":""vector"",""vectorValue"":[1.0,1.0,1.0],""sourceValueByteOffset"":535},{""sourceIndex"":1,""name"":""Alpha"",""sourceTypeCode"":1,""sourceRecordByteOffset"":592,""type"":""scalar"",""scalarValue"":1.0,""sourceValueByteOffset"":606}]}",2120636,164434,True,SOURCE_ASSET_EXPLICIT
confirmed_rehearsal_presentation_relation,MN_RPCT_07,4219985,쿠크세이튼_군단장 시그니쳐 스킬_공격_리허설,1,Att_Battle_28_05_Loop_A,action-4219985/stage-001/notify-003,PlayParticleEffect,0.0,3.166599988937378,True,,ParticleSystem:FX_MN_RPCT_07_V.Par_V_RPCT_07_Bazooka_Loop,"{""schema"":""lostark.cef-play-particle-effect-header"",""version"":2,""enabled"":true,""sourceByteOffset"":47,""sourceByteValue"":1,""particleDataDecoded"":true,""sourceParticleSystem"":""ParticleSystem'FX_MN_RPCT_07_V.Par_V_RPCT_07_Bazooka_Loop'"",""attachment"":{""mode"":""FOLLOW_NAMED_ANCHORS"",""sourceAnchorNames"":[""B_WP_1""],""runtimeAnchors"":[{""sourceAnchorName"":""B_WP_1"",""runtimeAnchorSlotId"":""B_WP_1"",""runtimeBoneName"":""b_wp_1"",""socketLocalTransform"":{""position"":[0.0,0.0,0.0],""rotationDegrees"":[0.0,0.0,0.0],""scale"":[1.0,1.0,1.0]},""resolutionStatus"":""EXACT_SOURCE_BONE""}],""runtimeAnchorSlotIds"":[""B_WP_1""],""runtimeAnchorSlotId"":""B_WP_1"",""runtimeBoneName"":""b_wp_1"",""socketLocalTransform"":{""position"":[0.0,0.0,0.0],""rotationDegrees"":[0.0,0.0,0.0],""scale"":[1.0,1.0,1.0]},""runtimeResolutionStatus"":""EXACT_SOURCE_BONE"",""sourceSelectorByteOffset"":392},""localTransform"":{""sourcePositionUeUnits"":[0.0,0.0,0.0],""position"":[0.0,0.0,-0.0],""rotationDegrees"":[0.0,0.0,-0.0],""scale"":[1.0,1.0,1.0]},""sourceTransformByteOffset"":407,""parameterOverridesDecoded"":true,""sourceParameterCountByteOffset"":499,""parameterOverrides"":[]}",2121407,164467,True,SOURCE_ASSET_EXPLICIT
confirmed_rehearsal_presentation_relation,MN_RPCT_07,4219985,쿠크세이튼_군단장 시그니쳐 스킬_공격_리허설,1,Att_Battle_28_05_Loop_A,action-4219985/stage-001/notify-004,PlayParticleEffect,0.0,0.0,True,,ParticleSystem:FX_CM_02.Light.Par_MP_Light_01,"{""schema"":""lostark.cef-play-particle-effect-header"",""version"":2,""enabled"":true,""sourceByteOffset"":47,""sourceByteValue"":1,""particleDataDecoded"":true,""sourceParticleSystem"":""ParticleSystem'FX_CM_02.Light.Par_MP_Light_01'"",""attachment"":{""mode"":""SNAPSHOT_ROOT"",""sourceAnchorNames"":[],""runtimeAnchors"":[],""runtimeAnchorSlotIds"":[],""runtimeAnchorSlotId"":""root"",""runtimeBoneName"":"""",""socketLocalTransform"":{""position"":[0.0,0.0,0.0],""rotationDegrees"":[0.0,0.0,0.0],""scale"":[1.0,1.0,1.0]},""runtimeResolutionStatus"":""EXACT_ROOT_SNAPSHOT"",""sourceSelectorByteOffset"":null},""localTransform"":{""sourcePositionUeUnits"":[50.0,0.0,50.0],""position"":[0.5,0.5,-0.0],""rotationDegrees"":[0.0,0.0,-0.0],""scale"":[3.0,3.0,3.0]},""sourceTransformByteOffset"":389,""parameterOverridesDecoded"":true,""sourceParameterCountByteOffset"":477,""parameterOverrides"":[{""sourceIndex"":0,""name"":""Spawn"",""sourceTypeCode"":1,""sourceRecordByteOffset"":481,""type"":""scalar"",""scalarValue"":0.0,""sourceValueByteOffset"":495},{""sourceIndex"":1,""name"":""Lifetime"",""sourceTypeCode"":1,""sourceRecordByteOffset"":560,""type"":""scalar"",""scalarValue"":0.10000000149011612,""sourceValueByteOffset"":577},{""sourceIndex"":2,""name"":""Size"",""sourceTypeCode"":3,""sourceRecordByteOffset"":642,""type"":""vector"",""vectorValue"":[200.0,0.0,0.0],""sourceValueByteOffset"":663},{""sourceIndex"":3,""name"":""Color"",""sourceTypeCode"":3,""sourceRecordByteOffset"":720,""type"":""vector"",""vectorValue"":[3.0,2.0,1.0],""sourceValueByteOffset"":742},{""sourceIndex"":4,""name"":""Alpha"",""sourceTypeCode"":1,""sourceRecordByteOffset"":799,""type"":""scalar"",""scalarValue"":1.0,""sourceValueByteOffset"":813}]}",2122010,164498,True,SOURCE_ASSET_EXPLICIT
confirmed_rehearsal_presentation_relation,MN_RPCT_07,4219985,쿠크세이튼_군단장 시그니쳐 스킬_공격_리허설,1,Att_Battle_28_05_Loop_A,action-4219985/stage-001/notify-005,Effect,0.0,0.30000001192092896,,421991212,,,2122988,164533,True,TIMING_ONLY
confirmed_rehearsal_presentation_relation,MN_RPCT_07,4219985,쿠크세이튼_군단장 시그니쳐 스킬_공격_리허설,1,Att_Battle_28_05_Loop_A,action-4219985/stage-001/notify-006,AKEvent,0.0010000000474974513,3.165600061416626,,,AkEvent:S_Mob_G_KoukuSatan1.G_KoukuSatan1_Attack23_Shot1,,2123138,164552,True,SOURCE_ASSET_EXPLICIT
confirmed_rehearsal_presentation_relation,MN_RPCT_07,4219985,쿠크세이튼_군단장 시그니쳐 스킬_공격_리허설,1,Att_Battle_28_05_Loop_A,action-4219985/stage-001/notify-007,PlayParticleEffect,0.0034119999036192894,3.1631879806518555,True,,ParticleSystem:FX_MN_RPCT_07_V.Par_V_RPCT_07_Bazooka_Loop,"{""schema"":""lostark.cef-play-particle-effect-header"",""version"":2,""enabled"":true,""sourceByteOffset"":47,""sourceByteValue"":1,""particleDataDecoded"":true,""sourceParticleSystem"":""ParticleSystem'FX_MN_RPCT_07_V.Par_V_RPCT_07_Bazooka_Loop'"",""attachment"":{""mode"":""FOLLOW_NAMED_ANCHORS"",""sourceAnchorNames"":[""B_WP_2""],""runtimeAnchors"":[{""sourceAnchorName"":""B_WP_2"",""runtimeAnchorSlotId"":""B_WP_2"",""runtimeBoneName"":""b_wp_2"",""socketLocalTransform"":{""position"":[0.0,0.0,0.0],""rotationDegrees"":[0.0,0.0,0.0],""scale"":[1.0,1.0,1.0]},""resolutionStatus"":""EXACT_SOURCE_BONE""}],""runtimeAnchorSlotIds"":[""B_WP_2""],""runtimeAnchorSlotId"":""B_WP_2"",""runtimeBoneName"":""b_wp_2"",""socketLocalTransform"":{""position"":[0.0,0.0,0.0],""rotationDegrees"":[0.0,0.0,0.0],""scale"":[1.0,1.0,1.0]},""runtimeResolutionStatus"":""EXACT_SOURCE_BONE"",""sourceSelectorByteOffset"":392},""localTransform"":{""sourcePositionUeUnits"":[0.0,0.0,0.0],""position"":[0.0,0.0,-0.0],""rotationDegrees"":[0.0,0.0,-0.0],""scale"":[1.0,1.0,1.0]},""sourceTransformByteOffset"":407,""parameterOverridesDecoded"":true,""sourceParameterCountByteOffset"":499,""parameterOverrides"":[]}",2123349,164581,True,SOURCE_ASSET_EXPLICIT
confirmed_rehearsal_presentation_relation,MN_RPCT_07,4219985,쿠크세이튼_군단장 시그니쳐 스킬_공격_리허설,1,Att_Battle_28_05_Loop_A,action-4219985/stage-001/notify-008,PlayParticleEffect,0.09128399938344955,3.0753159523010254,True,,ParticleSystem:FX_MN_RPCT_07_V.Par_V_RPCT_Bazooka_mesh_01,"{""schema"":""lostark.cef-play-particle-effect-header"",""version"":2,""enabled"":true,""sourceByteOffset"":47,""sourceByteValue"":1,""particleDataDecoded"":true,""sourceParticleSystem"":""ParticleSystem'FX_MN_RPCT_07_V.Par_V_RPCT_Bazooka_mesh_01'"",""attachment"":{""mode"":""FOLLOW_NAMED_ANCHORS"",""sourceAnchorNames"":[""Bip002-R-Hand""],""runtimeAnchors"":[{""sourceAnchorName"":""Bip002-R-Hand"",""runtimeAnchorSlotId"":""Bip002-R-Hand"",""runtimeBoneName"":"""",""socketLocalTransform"":{""position"":[0.0,0.0,0.0],""rotationDegrees"":[0.0,0.0,0.0],""scale"":[1.0,1.0,1.0]},""resolutionStatus"":""MISSING_SOURCE_SOCKET""}],""runtimeAnchorSlotIds"":[""Bip002-R-Hand""],""runtimeAnchorSlotId"":""Bip002-R-Hand"",""runtimeBoneName"":"""",""socketLocalTransform"":{""position"":[0.0,0.0,0.0],""rotationDegrees"":[0.0,0.0,0.0],""scale"":[1.0,1.0,1.0]},""runtimeResolutionStatus"":""MISSING_SOURCE_SOCKET"",""sourceSelectorByteOffset"":383},""localTransform"":{""sourcePositionUeUnits"":[0.0,0.0,0.0],""position"":[0.0,0.0,-0.0],""rotationDegrees"":[0.0,0.0,-0.0],""scale"":[0.30000001192092896,0.30000001192092896,0.30000001192092896]},""sourceTransformByteOffset"":405,""parameterOverridesDecoded"":true,""sourceParameterCountByteOffset"":497,""parameterOverrides"":[]}",2123952,164612,True,SOURCE_ASSET_EXPLICIT
confirmed_rehearsal_presentation_relation,MN_RPCT_07,4219985,쿠크세이튼_군단장 시그니쳐 스킬_공격_리허설,1,Att_Battle_28_05_Loop_A,action-4219985/stage-001/notify-009,Effect,0.30000001192092896,0.30000001192092896,,421991212,,,2124553,164642,True,TIMING_ONLY
confirmed_rehearsal_presentation_relation,MN_RPCT_07,4219985,쿠크세이튼_군단장 시그니쳐 스킬_공격_리허설,1,Att_Battle_28_05_Loop_A,action-4219985/stage-001/notify-010,Effect,0.6000000238418579,0.30000001192092896,,421991212,,,2124703,164661,True,TIMING_ONLY
confirmed_rehearsal_presentation_relation,MN_RPCT_07,4219985,쿠크세이튼_군단장 시그니쳐 스킬_공격_리허설,1,Att_Battle_28_05_Loop_A,action-4219985/stage-001/notify-011,Effect,0.8999999761581421,0.30000001192092896,,421991212,,,2124853,164680,True,TIMING_ONLY
confirmed_rehearsal_presentation_relation,MN_RPCT_07,4219985,쿠크세이튼_군단장 시그니쳐 스킬_공격_리허설,1,Att_Battle_28_05_Loop_A,action-4219985/stage-001/notify-012,AKEvent,1.0,2.166599988937378,,,AkEvent:S_Mob_G_KoukuSatan1.G_KoukuSatan1_Attack23_Cast3,,2125003,164699,True,SOURCE_ASSET_EXPLICIT
confirmed_rehearsal_presentation_relation,MN_RPCT_07,4219985,쿠크세이튼_군단장 시그니쳐 스킬_공격_리허설,1,Att_Battle_28_05_Loop_A,action-4219985/stage-001/notify-013,PlayParticleEffect,1.0653070211410522,0.0,True,,ParticleSystem:fx_mn_rpct_07_v.Par_V_RPCT_BallRead_Exp_01_LOC_INT,"{""schema"":""lostark.cef-play-particle-effect-header"",""version"":2,""enabled"":true,""sourceByteOffset"":47,""sourceByteValue"":1,""particleDataDecoded"":true,""sourceParticleSystem"":""ParticleSystem'fx_mn_rpct_07_v.Par_V_RPCT_BallRead_Exp_01_LOC_INT'"",""attachment"":{""mode"":""FOLLOW_NAMED_ANCHORS"",""sourceAnchorNames"":[""Bip002-R-Hand""],""runtimeAnchors"":[{""sourceAnchorName"":""Bip002-R-Hand"",""runtimeAnchorSlotId"":""Bip002-R-Hand"",""runtimeBoneName"":"""",""socketLocalTransform"":{""position"":[0.0,0.0,0.0],""rotationDegrees"":[0.0,0.0,0.0],""scale"":[1.0,1.0,1.0]},""resolutionStatus"":""MISSING_SOURCE_SOCKET""}],""runtimeAnchorSlotIds"":[""Bip002-R-Hand""],""runtimeAnchorSlotId"":""Bip002-R-Hand"",""runtimeBoneName"":"""",""socketLocalTransform"":{""position"":[0.0,0.0,0.0],""rotationDegrees"":[0.0,0.0,0.0],""scale"":[1.0,1.0,1.0]},""runtimeResolutionStatus"":""MISSING_SOURCE_SOCKET"",""sourceSelectorByteOffset"":397},""localTransform"":{""sourcePositionUeUnits"":[0.0,0.0,0.0],""position"":[0.0,0.0,-0.0],""rotationDegrees"":[0.0,0.0,-0.0],""scale"":[0.4000000059604645,0.4000000059604645,0.4000000059604645]},""sourceTransformByteOffset"":419,""parameterOverridesDecoded"":true,""sourceParameterCountByteOffset"":511,""parameterOverrides"":[]}",2125214,164728,True,SOURCE_ASSET_EXPLICIT
confirmed_rehearsal_presentation_relation,MN_RPCT_07,4219985,쿠크세이튼_군단장 시그니쳐 스킬_공격_리허설,1,Att_Battle_28_05_Loop_A,action-4219985/stage-001/notify-014,PawnMaterialParam,1.0654710531234741,0.0,,,,,2125829,164759,True,SOURCE_PARAMETERS_SERIALIZED
confirmed_rehearsal_presentation_relation,MN_RPCT_07,4219985,쿠크세이튼_군단장 시그니쳐 스킬_공격_리허설,1,Att_Battle_28_05_Loop_A,action-4219985/stage-001/notify-015,PlayParticleEffect,1.097085952758789,0.0,True,,ParticleSystem:fx_mn_rpct_07_v.Par_V_RPCT_signalShot_01_LOC_INT,"{""schema"":""lostark.cef-play-particle-effect-header"",""version"":2,""enabled"":true,""sourceByteOffset"":47,""sourceByteValue"":1,""particleDataDecoded"":true,""sourceParticleSystem"":""ParticleSystem'fx_mn_rpct_07_v.Par_V_RPCT_signalShot_01_LOC_INT'"",""attachment"":{""mode"":""FOLLOW_NAMED_ANCHORS"",""sourceAnchorNames"":[""Bip002-R-Hand""],""runtimeAnchors"":[{""sourceAnchorName"":""Bip002-R-Hand"",""runtimeAnchorSlotId"":""Bip002-R-Hand"",""runtimeBoneName"":"""",""socketLocalTransform"":{""position"":[0.0,0.0,0.0],""rotationDegrees"":[0.0,0.0,0.0],""scale"":[1.0,1.0,1.0]},""resolutionStatus"":""MISSING_SOURCE_SOCKET""}],""runtimeAnchorSlotIds"":[""Bip002-R-Hand""],""runtimeAnchorSlotId"":""Bip002-R-Hand"",""runtimeBoneName"":"""",""socketLocalTransform"":{""position"":[0.0,0.0,0.0],""rotationDegrees"":[0.0,0.0,0.0],""scale"":[1.0,1.0,1.0]},""runtimeResolutionStatus"":""MISSING_SOURCE_SOCKET"",""sourceSelectorByteOffset"":394},""localTransform"":{""sourcePositionUeUnits"":[0.0,0.0,50.0],""position"":[0.0,0.5,-0.0],""rotationDegrees"":[0.0,0.0,-0.0],""scale"":[1.0,1.0,1.0]},""sourceTransformByteOffset"":416,""parameterOverridesDecoded"":true,""sourceParameterCountByteOffset"":508,""parameterOverrides"":[{""sourceIndex"":0,""name"":""Color"",""sourceTypeCode"":3,""sourceRecordByteOffset"":512,""type"":""vector"",""vectorValue"":[1.0,1.0,1.0],""sourceValueByteOffset"":534}]}",2126257,164782,True,SOURCE_ASSET_EXPLICIT
confirmed_rehearsal_presentation_relation,MN_RPCT_07,4219985,쿠크세이튼_군단장 시그니쳐 스킬_공격_리허설,1,Att_Battle_28_05_Loop_A,action-4219985/stage-001/notify-016,Effect,1.2000000476837158,0.30000001192092896,,421991212,,,2126948,164814,True,TIMING_ONLY
confirmed_rehearsal_presentation_relation,MN_RPCT_07,4219985,쿠크세이튼_군단장 시그니쳐 스킬_공격_리허설,1,Att_Battle_28_05_Loop_A,action-4219985/stage-001/notify-017,Effect,1.5,0.30000001192092896,,421991212,,,2127098,164833,True,TIMING_ONLY
confirmed_rehearsal_presentation_relation,MN_RPCT_07,4219985,쿠크세이튼_군단장 시그니쳐 스킬_공격_리허설,1,Att_Battle_28_05_Loop_A,action-4219985/stage-001/notify-018,Effect,1.7999999523162842,0.30000001192092896,,421991212,,,2127248,164852,True,TIMING_ONLY
confirmed_rehearsal_presentation_relation,MN_RPCT_07,4219985,쿠크세이튼_군단장 시그니쳐 스킬_공격_리허설,1,Att_Battle_28_05_Loop_A,action-4219985/stage-001/notify-019,Effect,2.0,0.10000000149011612,,421991217,,,2127398,164871,True,TIMING_ONLY
confirmed_rehearsal_presentation_relation,MN_RPCT_07,4219985,쿠크세이튼_군단장 시그니쳐 스킬_공격_리허설,1,Att_Battle_28_05_Loop_A,action-4219985/stage-001/notify-020,Effect,2.0999999046325684,0.30000001192092896,,421991212,,,2127548,164890,True,TIMING_ONLY
confirmed_rehearsal_presentation_relation,MN_RPCT_07,4219985,쿠크세이튼_군단장 시그니쳐 스킬_공격_리허설,1,Att_Battle_28_05_Loop_A,action-4219985/stage-001/notify-021,Effect,2.4000000953674316,0.30000001192092896,,421991212,,,2127698,164909,True,TIMING_ONLY
confirmed_rehearsal_presentation_relation,MN_RPCT_07,4219985,쿠크세이튼_군단장 시그니쳐 스킬_공격_리허설,1,Att_Battle_28_05_Loop_A,action-4219985/stage-001/notify-022,Effect,2.700000047683716,0.30000001192092896,,421991212,,,2127848,164928,True,TIMING_ONLY
confirmed_rehearsal_presentation_relation,MN_RPCT_07,4219985,쿠크세이튼_군단장 시그니쳐 스킬_공격_리허설,1,Att_Battle_28_05_Loop_A,action-4219985/stage-001/notify-023,MonsterMoveNextStage,3.059999942779541,0.0,,,,,2127998,164947,True,TIMING_OR_STATE_ONLY
confirmed_rehearsal_presentation_relation,MN_RPCT_07,4219985,쿠크세이튼_군단장 시그니쳐 스킬_공격_리허설,2,Att_Battle_28_05_Loop_B,action-4219985/stage-002/notify-000,Anim,0.0,3.1666669845581055,,,,,2128846,164987,True,SOURCE_CLIP_EXPLICIT
confirmed_rehearsal_presentation_relation,MN_RPCT_07,4219985,쿠크세이튼_군단장 시그니쳐 스킬_공격_리허설,2,Att_Battle_28_05_Loop_B,action-4219985/stage-002/notify-001,PlayParticleEffect,0.0,0.0,True,,ParticleSystem:fx_mn_rpct_07_v.Par_V_RPCT_Signature_01_1_LOC_INT,"{""schema"":""lostark.cef-play-particle-effect-header"",""version"":2,""enabled"":true,""sourceByteOffset"":47,""sourceByteValue"":1,""particleDataDecoded"":true,""sourceParticleSystem"":""ParticleSystem'fx_mn_rpct_07_v.Par_V_RPCT_Signature_01_1_LOC_INT'"",""attachment"":{""mode"":""FOLLOW_NAMED_ANCHORS"",""sourceAnchorNames"":[""B_WP_2""],""runtimeAnchors"":[{""sourceAnchorName"":""B_WP_2"",""runtimeAnchorSlotId"":""B_WP_2"",""runtimeBoneName"":""b_wp_2"",""socketLocalTransform"":{""position"":[0.0,0.0,0.0],""rotationDegrees"":[0.0,0.0,0.0],""scale"":[1.0,1.0,1.0]},""resolutionStatus"":""EXACT_SOURCE_BONE""}],""runtimeAnchorSlotIds"":[""B_WP_2""],""runtimeAnchorSlotId"":""B_WP_2"",""runtimeBoneName"":""b_wp_2"",""socketLocalTransform"":{""position"":[0.0,0.0,0.0],""rotationDegrees"":[0.0,0.0,0.0],""scale"":[1.0,1.0,1.0]},""runtimeResolutionStatus"":""EXACT_SOURCE_BONE"",""sourceSelectorByteOffset"":402},""localTransform"":{""sourcePositionUeUnits"":[150.0,0.0,50.0],""position"":[1.5,0.5,-0.0],""rotationDegrees"":[0.0,0.0,-0.0],""scale"":[3.0,3.0,3.0]},""sourceTransformByteOffset"":417,""parameterOverridesDecoded"":true,""sourceParameterCountByteOffset"":509,""parameterOverrides"":[{""sourceIndex"":0,""name"":""Color"",""sourceTypeCode"":3,""sourceRecordByteOffset"":513,""type"":""vector"",""vectorValue"":[1.0,1.0,1.0],""sourceValueByteOffset"":535},{""sourceIndex"":1,""name"":""Alpha"",""sourceTypeCode"":1,""sourceRecordByteOffset"":592,""type"":""scalar"",""scalarValue"":1.0,""sourceValueByteOffset"":606}]}",2129152,165014,True,SOURCE_ASSET_EXPLICIT
confirmed_rehearsal_presentation_relation,MN_RPCT_07,4219985,쿠크세이튼_군단장 시그니쳐 스킬_공격_리허설,2,Att_Battle_28_05_Loop_B,action-4219985/stage-002/notify-002,PlayParticleEffect,0.0,0.0,True,,ParticleSystem:fx_mn_rpct_07_v.Par_V_RPCT_Signature_01_1_LOC_INT,"{""schema"":""lostark.cef-play-particle-effect-header"",""version"":2,""enabled"":true,""sourceByteOffset"":47,""sourceByteValue"":1,""particleDataDecoded"":true,""sourceParticleSystem"":""ParticleSystem'fx_mn_rpct_07_v.Par_V_RPCT_Signature_01_1_LOC_INT'"",""attachment"":{""mode"":""FOLLOW_NAMED_ANCHORS"",""sourceAnchorNames"":[""B_WP_1""],""runtimeAnchors"":[{""sourceAnchorName"":""B_WP_1"",""runtimeAnchorSlotId"":""B_WP_1"",""runtimeBoneName"":""b_wp_1"",""socketLocalTransform"":{""position"":[0.0,0.0,0.0],""rotationDegrees"":[0.0,0.0,0.0],""scale"":[1.0,1.0,1.0]},""resolutionStatus"":""EXACT_SOURCE_BONE""}],""runtimeAnchorSlotIds"":[""B_WP_1""],""runtimeAnchorSlotId"":""B_WP_1"",""runtimeBoneName"":""b_wp_1"",""socketLocalTransform"":{""position"":[0.0,0.0,0.0],""rotationDegrees"":[0.0,0.0,0.0],""scale"":[1.0,1.0,1.0]},""runtimeResolutionStatus"":""EXACT_SOURCE_BONE"",""sourceSelectorByteOffset"":402},""localTransform"":{""sourcePositionUeUnits"":[150.0,0.0,50.0],""position"":[1.5,0.5,-0.0],""rotationDegrees"":[0.0,0.0,-0.0],""scale"":[3.0,3.0,3.0]},""sourceTransformByteOffset"":417,""parameterOverridesDecoded"":true,""sourceParameterCountByteOffset"":509,""parameterOverrides"":[{""sourceIndex"":0,""name"":""Color"",""sourceTypeCode"":3,""sourceRecordByteOffset"":513,""type"":""vector"",""vectorValue"":[1.0,1.0,1.0],""sourceValueByteOffset"":535},{""sourceIndex"":1,""name"":""Alpha"",""sourceTypeCode"":1,""sourceRecordByteOffset"":592,""type"":""scalar"",""scalarValue"":1.0,""sourceValueByteOffset"":606}]}",2129923,165047,True,SOURCE_ASSET_EXPLICIT
confirmed_rehearsal_presentation_relation,MN_RPCT_07,4219985,쿠크세이튼_군단장 시그니쳐 스킬_공격_리허설,2,Att_Battle_28_05_Loop_B,action-4219985/stage-002/notify-003,PlayParticleEffect,0.0,3.200000047683716,True,,ParticleSystem:FX_MN_RPCT_07_V.Par_V_RPCT_07_Bazooka_Loop,"{""schema"":""lostark.cef-play-particle-effect-header"",""version"":2,""enabled"":true,""sourceByteOffset"":47,""sourceByteValue"":1,""particleDataDecoded"":true,""sourceParticleSystem"":""ParticleSystem'FX_MN_RPCT_07_V.Par_V_RPCT_07_Bazooka_Loop'"",""attachment"":{""mode"":""FOLLOW_NAMED_ANCHORS"",""sourceAnchorNames"":[""B_WP_1""],""runtimeAnchors"":[{""sourceAnchorName"":""B_WP_1"",""runtimeAnchorSlotId"":""B_WP_1"",""runtimeBoneName"":""b_wp_1"",""socketLocalTransform"":{""position"":[0.0,0.0,0.0],""rotationDegrees"":[0.0,0.0,0.0],""scale"":[1.0,1.0,1.0]},""resolutionStatus"":""EXACT_SOURCE_BONE""}],""runtimeAnchorSlotIds"":[""B_WP_1""],""runtimeAnchorSlotId"":""B_WP_1"",""runtimeBoneName"":""b_wp_1"",""socketLocalTransform"":{""position"":[0.0,0.0,0.0],""rotationDegrees"":[0.0,0.0,0.0],""scale"":[1.0,1.0,1.0]},""runtimeResolutionStatus"":""EXACT_SOURCE_BONE"",""sourceSelectorByteOffset"":392},""localTransform"":{""sourcePositionUeUnits"":[0.0,0.0,0.0],""position"":[0.0,0.0,-0.0],""rotationDegrees"":[0.0,0.0,-0.0],""scale"":[1.0,1.0,1.0]},""sourceTransformByteOffset"":407,""parameterOverridesDecoded"":true,""sourceParameterCountByteOffset"":499,""parameterOverrides"":[]}",2130694,165080,True,SOURCE_ASSET_EXPLICIT
confirmed_rehearsal_presentation_relation,MN_RPCT_07,4219985,쿠크세이튼_군단장 시그니쳐 스킬_공격_리허설,2,Att_Battle_28_05_Loop_B,action-4219985/stage-002/notify-004,PlayParticleEffect,0.0,0.0,True,,ParticleSystem:FX_CM_02.Light.Par_MP_Light_01,"{""schema"":""lostark.cef-play-particle-effect-header"",""version"":2,""enabled"":true,""sourceByteOffset"":47,""sourceByteValue"":1,""particleDataDecoded"":true,""sourceParticleSystem"":""ParticleSystem'FX_CM_02.Light.Par_MP_Light_01'"",""attachment"":{""mode"":""SNAPSHOT_ROOT"",""sourceAnchorNames"":[],""runtimeAnchors"":[],""runtimeAnchorSlotIds"":[],""runtimeAnchorSlotId"":""root"",""runtimeBoneName"":"""",""socketLocalTransform"":{""position"":[0.0,0.0,0.0],""rotationDegrees"":[0.0,0.0,0.0],""scale"":[1.0,1.0,1.0]},""runtimeResolutionStatus"":""EXACT_ROOT_SNAPSHOT"",""sourceSelectorByteOffset"":null},""localTransform"":{""sourcePositionUeUnits"":[50.0,0.0,50.0],""position"":[0.5,0.5,-0.0],""rotationDegrees"":[0.0,0.0,-0.0],""scale"":[3.0,3.0,3.0]},""sourceTransformByteOffset"":389,""parameterOverridesDecoded"":true,""sourceParameterCountByteOffset"":477,""parameterOverrides"":[{""sourceIndex"":0,""name"":""Spawn"",""sourceTypeCode"":1,""sourceRecordByteOffset"":481,""type"":""scalar"",""scalarValue"":0.0,""sourceValueByteOffset"":495},{""sourceIndex"":1,""name"":""Lifetime"",""sourceTypeCode"":1,""sourceRecordByteOffset"":560,""type"":""scalar"",""scalarValue"":0.10000000149011612,""sourceValueByteOffset"":577},{""sourceIndex"":2,""name"":""Size"",""sourceTypeCode"":3,""sourceRecordByteOffset"":642,""type"":""vector"",""vectorValue"":[200.0,0.0,0.0],""sourceValueByteOffset"":663},{""sourceIndex"":3,""name"":""Color"",""sourceTypeCode"":3,""sourceRecordByteOffset"":720,""type"":""vector"",""vectorValue"":[3.0,2.0,1.0],""sourceValueByteOffset"":742},{""sourceIndex"":4,""name"":""Alpha"",""sourceTypeCode"":1,""sourceRecordByteOffset"":799,""type"":""scalar"",""scalarValue"":1.0,""sourceValueByteOffset"":813}]}",2131297,165111,True,SOURCE_ASSET_EXPLICIT
confirmed_rehearsal_presentation_relation,MN_RPCT_07,4219985,쿠크세이튼_군단장 시그니쳐 스킬_공격_리허설,2,Att_Battle_28_05_Loop_B,action-4219985/stage-002/notify-005,Effect,0.0,0.30000001192092896,,421991212,,,2132275,165146,True,TIMING_ONLY
confirmed_rehearsal_presentation_relation,MN_RPCT_07,4219985,쿠크세이튼_군단장 시그니쳐 스킬_공격_리허설,2,Att_Battle_28_05_Loop_B,action-4219985/stage-002/notify-006,AKEvent,0.0010000000474974513,3.1989998817443848,,,AkEvent:S_Mob_G_KoukuSatan1.G_KoukuSatan1_Attack23_Shot1,,2132425,165165,True,SOURCE_ASSET_EXPLICIT
confirmed_rehearsal_presentation_relation,MN_RPCT_07,4219985,쿠크세이튼_군단장 시그니쳐 스킬_공격_리허설,2,Att_Battle_28_05_Loop_B,action-4219985/stage-002/notify-007,PlayParticleEffect,0.0034119999036192894,3.1965880393981934,True,,ParticleSystem:FX_MN_RPCT_07_V.Par_V_RPCT_07_Bazooka_Loop,"{""schema"":""lostark.cef-play-particle-effect-header"",""version"":2,""enabled"":true,""sourceByteOffset"":47,""sourceByteValue"":1,""particleDataDecoded"":true,""sourceParticleSystem"":""ParticleSystem'FX_MN_RPCT_07_V.Par_V_RPCT_07_Bazooka_Loop'"",""attachment"":{""mode"":""FOLLOW_NAMED_ANCHORS"",""sourceAnchorNames"":[""B_WP_2""],""runtimeAnchors"":[{""sourceAnchorName"":""B_WP_2"",""runtimeAnchorSlotId"":""B_WP_2"",""runtimeBoneName"":""b_wp_2"",""socketLocalTransform"":{""position"":[0.0,0.0,0.0],""rotationDegrees"":[0.0,0.0,0.0],""scale"":[1.0,1.0,1.0]},""resolutionStatus"":""EXACT_SOURCE_BONE""}],""runtimeAnchorSlotIds"":[""B_WP_2""],""runtimeAnchorSlotId"":""B_WP_2"",""runtimeBoneName"":""b_wp_2"",""socketLocalTransform"":{""position"":[0.0,0.0,0.0],""rotationDegrees"":[0.0,0.0,0.0],""scale"":[1.0,1.0,1.0]},""runtimeResolutionStatus"":""EXACT_SOURCE_BONE"",""sourceSelectorByteOffset"":392},""localTransform"":{""sourcePositionUeUnits"":[0.0,0.0,0.0],""position"":[0.0,0.0,-0.0],""rotationDegrees"":[0.0,0.0,-0.0],""scale"":[1.0,1.0,1.0]},""sourceTransformByteOffset"":407,""parameterOverridesDecoded"":true,""sourceParameterCountByteOffset"":499,""parameterOverrides"":[]}",2132636,165194,True,SOURCE_ASSET_EXPLICIT
confirmed_rehearsal_presentation_relation,MN_RPCT_07,4219985,쿠크세이튼_군단장 시그니쳐 스킬_공격_리허설,2,Att_Battle_28_05_Loop_B,action-4219985/stage-002/notify-008,PlayParticleEffect,0.09128399938344955,3.1087160110473633,True,,ParticleSystem:FX_MN_RPCT_07_V.Par_V_RPCT_Bazooka_mesh_01,"{""schema"":""lostark.cef-play-particle-effect-header"",""version"":2,""enabled"":true,""sourceByteOffset"":47,""sourceByteValue"":1,""particleDataDecoded"":true,""sourceParticleSystem"":""ParticleSystem'FX_MN_RPCT_07_V.Par_V_RPCT_Bazooka_mesh_01'"",""attachment"":{""mode"":""FOLLOW_NAMED_ANCHORS"",""sourceAnchorNames"":[""Bip002-R-Hand""],""runtimeAnchors"":[{""sourceAnchorName"":""Bip002-R-Hand"",""runtimeAnchorSlotId"":""Bip002-R-Hand"",""runtimeBoneName"":"""",""socketLocalTransform"":{""position"":[0.0,0.0,0.0],""rotationDegrees"":[0.0,0.0,0.0],""scale"":[1.0,1.0,1.0]},""resolutionStatus"":""MISSING_SOURCE_SOCKET""}],""runtimeAnchorSlotIds"":[""Bip002-R-Hand""],""runtimeAnchorSlotId"":""Bip002-R-Hand"",""runtimeBoneName"":"""",""socketLocalTransform"":{""position"":[0.0,0.0,0.0],""rotationDegrees"":[0.0,0.0,0.0],""scale"":[1.0,1.0,1.0]},""runtimeResolutionStatus"":""MISSING_SOURCE_SOCKET"",""sourceSelectorByteOffset"":383},""localTransform"":{""sourcePositionUeUnits"":[0.0,0.0,0.0],""position"":[0.0,0.0,-0.0],""rotationDegrees"":[0.0,0.0,-0.0],""scale"":[0.30000001192092896,0.30000001192092896,0.30000001192092896]},""sourceTransformByteOffset"":405,""parameterOverridesDecoded"":true,""sourceParameterCountByteOffset"":497,""parameterOverrides"":[]}",2133239,165225,True,SOURCE_ASSET_EXPLICIT
confirmed_rehearsal_presentation_relation,MN_RPCT_07,4219985,쿠크세이튼_군단장 시그니쳐 스킬_공격_리허설,2,Att_Battle_28_05_Loop_B,action-4219985/stage-002/notify-009,Effect,0.30000001192092896,0.30000001192092896,,421991212,,,2133840,165255,True,TIMING_ONLY
confirmed_rehearsal_presentation_relation,MN_RPCT_07,4219985,쿠크세이튼_군단장 시그니쳐 스킬_공격_리허설,2,Att_Battle_28_05_Loop_B,action-4219985/stage-002/notify-010,Effect,0.6000000238418579,0.30000001192092896,,421991212,,,2133990,165274,True,TIMING_ONLY
confirmed_rehearsal_presentation_relation,MN_RPCT_07,4219985,쿠크세이튼_군단장 시그니쳐 스킬_공격_리허설,2,Att_Battle_28_05_Loop_B,action-4219985/stage-002/notify-011,Effect,0.8999999761581421,0.30000001192092896,,421991212,,,2134140,165293,True,TIMING_ONLY
confirmed_rehearsal_presentation_relation,MN_RPCT_07,4219985,쿠크세이튼_군단장 시그니쳐 스킬_공격_리허설,2,Att_Battle_28_05_Loop_B,action-4219985/stage-002/notify-012,AKEvent,1.0,2.200000047683716,,,AkEvent:S_Mob_G_KoukuSatan1.G_KoukuSatan1_Attack23_Cast3,,2134290,165312,True,SOURCE_ASSET_EXPLICIT
confirmed_rehearsal_presentation_relation,MN_RPCT_07,4219985,쿠크세이튼_군단장 시그니쳐 스킬_공격_리허설,2,Att_Battle_28_05_Loop_B,action-4219985/stage-002/notify-013,PlayParticleEffect,1.0653070211410522,0.0,True,,ParticleSystem:fx_mn_rpct_07_v.Par_V_RPCT_BallRead_Exp_01_LOC_INT,"{""schema"":""lostark.cef-play-particle-effect-header"",""version"":2,""enabled"":true,""sourceByteOffset"":47,""sourceByteValue"":1,""particleDataDecoded"":true,""sourceParticleSystem"":""ParticleSystem'fx_mn_rpct_07_v.Par_V_RPCT_BallRead_Exp_01_LOC_INT'"",""attachment"":{""mode"":""FOLLOW_NAMED_ANCHORS"",""sourceAnchorNames"":[""Bip002-R-Hand""],""runtimeAnchors"":[{""sourceAnchorName"":""Bip002-R-Hand"",""runtimeAnchorSlotId"":""Bip002-R-Hand"",""runtimeBoneName"":"""",""socketLocalTransform"":{""position"":[0.0,0.0,0.0],""rotationDegrees"":[0.0,0.0,0.0],""scale"":[1.0,1.0,1.0]},""resolutionStatus"":""MISSING_SOURCE_SOCKET""}],""runtimeAnchorSlotIds"":[""Bip002-R-Hand""],""runtimeAnchorSlotId"":""Bip002-R-Hand"",""runtimeBoneName"":"""",""socketLocalTransform"":{""position"":[0.0,0.0,0.0],""rotationDegrees"":[0.0,0.0,0.0],""scale"":[1.0,1.0,1.0]},""runtimeResolutionStatus"":""MISSING_SOURCE_SOCKET"",""sourceSelectorByteOffset"":397},""localTransform"":{""sourcePositionUeUnits"":[0.0,0.0,0.0],""position"":[0.0,0.0,-0.0],""rotationDegrees"":[0.0,0.0,-0.0],""scale"":[0.4000000059604645,0.4000000059604645,0.4000000059604645]},""sourceTransformByteOffset"":419,""parameterOverridesDecoded"":true,""sourceParameterCountByteOffset"":511,""parameterOverrides"":[]}",2134501,165341,True,SOURCE_ASSET_EXPLICIT
confirmed_rehearsal_presentation_relation,MN_RPCT_07,4219985,쿠크세이튼_군단장 시그니쳐 스킬_공격_리허설,2,Att_Battle_28_05_Loop_B,action-4219985/stage-002/notify-014,PawnMaterialParam,1.0654710531234741,0.0,,,,,2135116,165372,True,SOURCE_PARAMETERS_SERIALIZED
confirmed_rehearsal_presentation_relation,MN_RPCT_07,4219985,쿠크세이튼_군단장 시그니쳐 스킬_공격_리허설,2,Att_Battle_28_05_Loop_B,action-4219985/stage-002/notify-015,PlayParticleEffect,1.097085952758789,0.0,True,,ParticleSystem:fx_mn_rpct_07_v.Par_V_RPCT_signalShot_01_LOC_INT,"{""schema"":""lostark.cef-play-particle-effect-header"",""version"":2,""enabled"":true,""sourceByteOffset"":47,""sourceByteValue"":1,""particleDataDecoded"":true,""sourceParticleSystem"":""ParticleSystem'fx_mn_rpct_07_v.Par_V_RPCT_signalShot_01_LOC_INT'"",""attachment"":{""mode"":""FOLLOW_NAMED_ANCHORS"",""sourceAnchorNames"":[""Bip002-R-Hand""],""runtimeAnchors"":[{""sourceAnchorName"":""Bip002-R-Hand"",""runtimeAnchorSlotId"":""Bip002-R-Hand"",""runtimeBoneName"":"""",""socketLocalTransform"":{""position"":[0.0,0.0,0.0],""rotationDegrees"":[0.0,0.0,0.0],""scale"":[1.0,1.0,1.0]},""resolutionStatus"":""MISSING_SOURCE_SOCKET""}],""runtimeAnchorSlotIds"":[""Bip002-R-Hand""],""runtimeAnchorSlotId"":""Bip002-R-Hand"",""runtimeBoneName"":"""",""socketLocalTransform"":{""position"":[0.0,0.0,0.0],""rotationDegrees"":[0.0,0.0,0.0],""scale"":[1.0,1.0,1.0]},""runtimeResolutionStatus"":""MISSING_SOURCE_SOCKET"",""sourceSelectorByteOffset"":394},""localTransform"":{""sourcePositionUeUnits"":[0.0,0.0,50.0],""position"":[0.0,0.5,-0.0],""rotationDegrees"":[0.0,0.0,-0.0],""scale"":[1.0,1.0,1.0]},""sourceTransformByteOffset"":416,""parameterOverridesDecoded"":true,""sourceParameterCountByteOffset"":508,""parameterOverrides"":[{""sourceIndex"":0,""name"":""Color"",""sourceTypeCode"":3,""sourceRecordByteOffset"":512,""type"":""vector"",""vectorValue"":[1.0,1.0,1.0],""sourceValueByteOffset"":534}]}",2135544,165395,True,SOURCE_ASSET_EXPLICIT
confirmed_rehearsal_presentation_relation,MN_RPCT_07,4219985,쿠크세이튼_군단장 시그니쳐 스킬_공격_리허설,2,Att_Battle_28_05_Loop_B,action-4219985/stage-002/notify-016,Effect,1.2000000476837158,0.30000001192092896,,421991212,,,2136235,165427,True,TIMING_ONLY
confirmed_rehearsal_presentation_relation,MN_RPCT_07,4219985,쿠크세이튼_군단장 시그니쳐 스킬_공격_리허설,2,Att_Battle_28_05_Loop_B,action-4219985/stage-002/notify-017,Effect,1.5,0.30000001192092896,,421991212,,,2136385,165446,True,TIMING_ONLY
confirmed_rehearsal_presentation_relation,MN_RPCT_07,4219985,쿠크세이튼_군단장 시그니쳐 스킬_공격_리허설,2,Att_Battle_28_05_Loop_B,action-4219985/stage-002/notify-018,Effect,1.7999999523162842,0.30000001192092896,,421991212,,,2136535,165465,True,TIMING_ONLY
confirmed_rehearsal_presentation_relation,MN_RPCT_07,4219985,쿠크세이튼_군단장 시그니쳐 스킬_공격_리허설,2,Att_Battle_28_05_Loop_B,action-4219985/stage-002/notify-019,Effect,2.0,0.10000000149011612,,421991217,,,2136685,165484,True,TIMING_ONLY
confirmed_rehearsal_presentation_relation,MN_RPCT_07,4219985,쿠크세이튼_군단장 시그니쳐 스킬_공격_리허설,2,Att_Battle_28_05_Loop_B,action-4219985/stage-002/notify-020,Effect,2.0999999046325684,0.30000001192092896,,421991212,,,2136835,165503,True,TIMING_ONLY
confirmed_rehearsal_presentation_relation,MN_RPCT_07,4219985,쿠크세이튼_군단장 시그니쳐 스킬_공격_리허설,2,Att_Battle_28_05_Loop_B,action-4219985/stage-002/notify-021,Effect,2.4000000953674316,0.30000001192092896,,421991212,,,2136985,165522,True,TIMING_ONLY
confirmed_rehearsal_presentation_relation,MN_RPCT_07,4219985,쿠크세이튼_군단장 시그니쳐 스킬_공격_리허설,2,Att_Battle_28_05_Loop_B,action-4219985/stage-002/notify-022,Effect,2.700000047683716,0.30000001192092896,,421991212,,,2137135,165541,True,TIMING_ONLY
confirmed_rehearsal_presentation_relation,MN_RPCT_07,4219985,쿠크세이튼_군단장 시그니쳐 스킬_공격_리허설,2,Att_Battle_28_05_Loop_B,action-4219985/stage-002/notify-023,MonsterMoveNextStage,3.200000047683716,0.0,,,,,2137285,165560,True,TIMING_OR_STATE_ONLY
confirmed_rehearsal_presentation_relation,MN_RPCT_07,4219985,쿠크세이튼_군단장 시그니쳐 스킬_공격_리허설,3,Att_Battle_28_06,action-4219985/stage-003/notify-000,Anim,0.0,9.733333587646484,,,,,2138133,165600,True,SOURCE_CLIP_EXPLICIT
confirmed_rehearsal_presentation_relation,MN_RPCT_07,4219985,쿠크세이튼_군단장 시그니쳐 스킬_공격_리허설,3,Att_Battle_28_06,action-4219985/stage-003/notify-001,PlayParticleEffect,0.0,0.0,True,,ParticleSystem:fx_mn_rpct_07_v.Par_V_RPCT_Signature_01_1_LOC_INT,"{""schema"":""lostark.cef-play-particle-effect-header"",""version"":2,""enabled"":true,""sourceByteOffset"":47,""sourceByteValue"":1,""particleDataDecoded"":true,""sourceParticleSystem"":""ParticleSystem'fx_mn_rpct_07_v.Par_V_RPCT_Signature_01_1_LOC_INT'"",""attachment"":{""mode"":""FOLLOW_NAMED_ANCHORS"",""sourceAnchorNames"":[""B_WP_2""],""runtimeAnchors"":[{""sourceAnchorName"":""B_WP_2"",""runtimeAnchorSlotId"":""B_WP_2"",""runtimeBoneName"":""b_wp_2"",""socketLocalTransform"":{""position"":[0.0,0.0,0.0],""rotationDegrees"":[0.0,0.0,0.0],""scale"":[1.0,1.0,1.0]},""resolutionStatus"":""EXACT_SOURCE_BONE""}],""runtimeAnchorSlotIds"":[""B_WP_2""],""runtimeAnchorSlotId"":""B_WP_2"",""runtimeBoneName"":""b_wp_2"",""socketLocalTransform"":{""position"":[0.0,0.0,0.0],""rotationDegrees"":[0.0,0.0,0.0],""scale"":[1.0,1.0,1.0]},""runtimeResolutionStatus"":""EXACT_SOURCE_BONE"",""sourceSelectorByteOffset"":402},""localTransform"":{""sourcePositionUeUnits"":[150.0,0.0,50.0],""position"":[1.5,0.5,-0.0],""rotationDegrees"":[0.0,0.0,-0.0],""scale"":[3.0,3.0,3.0]},""sourceTransformByteOffset"":417,""parameterOverridesDecoded"":true,""sourceParameterCountByteOffset"":509,""parameterOverrides"":[{""sourceIndex"":0,""name"":""Color"",""sourceTypeCode"":3,""sourceRecordByteOffset"":513,""type"":""vector"",""vectorValue"":[1.0,1.0,1.0],""sourceValueByteOffset"":535},{""sourceIndex"":1,""name"":""Alpha"",""sourceTypeCode"":1,""sourceRecordByteOffset"":592,""type"":""scalar"",""scalarValue"":1.0,""sourceValueByteOffset"":606}]}",2138425,165627,True,SOURCE_ASSET_EXPLICIT
confirmed_rehearsal_presentation_relation,MN_RPCT_07,4219985,쿠크세이튼_군단장 시그니쳐 스킬_공격_리허설,3,Att_Battle_28_06,action-4219985/stage-003/notify-002,PlayParticleEffect,0.0,0.0,True,,ParticleSystem:fx_mn_rpct_07_v.Par_V_RPCT_Signature_01_1_LOC_INT,"{""schema"":""lostark.cef-play-particle-effect-header"",""version"":2,""enabled"":true,""sourceByteOffset"":47,""sourceByteValue"":1,""particleDataDecoded"":true,""sourceParticleSystem"":""ParticleSystem'fx_mn_rpct_07_v.Par_V_RPCT_Signature_01_1_LOC_INT'"",""attachment"":{""mode"":""FOLLOW_NAMED_ANCHORS"",""sourceAnchorNames"":[""B_WP_1""],""runtimeAnchors"":[{""sourceAnchorName"":""B_WP_1"",""runtimeAnchorSlotId"":""B_WP_1"",""runtimeBoneName"":""b_wp_1"",""socketLocalTransform"":{""position"":[0.0,0.0,0.0],""rotationDegrees"":[0.0,0.0,0.0],""scale"":[1.0,1.0,1.0]},""resolutionStatus"":""EXACT_SOURCE_BONE""}],""runtimeAnchorSlotIds"":[""B_WP_1""],""runtimeAnchorSlotId"":""B_WP_1"",""runtimeBoneName"":""b_wp_1"",""socketLocalTransform"":{""position"":[0.0,0.0,0.0],""rotationDegrees"":[0.0,0.0,0.0],""scale"":[1.0,1.0,1.0]},""runtimeResolutionStatus"":""EXACT_SOURCE_BONE"",""sourceSelectorByteOffset"":402},""localTransform"":{""sourcePositionUeUnits"":[150.0,0.0,50.0],""position"":[1.5,0.5,-0.0],""rotationDegrees"":[0.0,0.0,-0.0],""scale"":[3.0,3.0,3.0]},""sourceTransformByteOffset"":417,""parameterOverridesDecoded"":true,""sourceParameterCountByteOffset"":509,""parameterOverrides"":[{""sourceIndex"":0,""name"":""Color"",""sourceTypeCode"":3,""sourceRecordByteOffset"":513,""type"":""vector"",""vectorValue"":[1.0,1.0,1.0],""sourceValueByteOffset"":535},{""sourceIndex"":1,""name"":""Alpha"",""sourceTypeCode"":1,""sourceRecordByteOffset"":592,""type"":""scalar"",""scalarValue"":1.0,""sourceValueByteOffset"":606}]}",2139196,165660,True,SOURCE_ASSET_EXPLICIT
confirmed_rehearsal_presentation_relation,MN_RPCT_07,4219985,쿠크세이튼_군단장 시그니쳐 스킬_공격_리허설,3,Att_Battle_28_06,action-4219985/stage-003/notify-003,PlayParticleEffect,0.0,9.73330020904541,True,,ParticleSystem:FX_MN_RPCT_07_V.Par_V_RPCT_07_Bazooka_Loop,"{""schema"":""lostark.cef-play-particle-effect-header"",""version"":2,""enabled"":true,""sourceByteOffset"":47,""sourceByteValue"":1,""particleDataDecoded"":true,""sourceParticleSystem"":""ParticleSystem'FX_MN_RPCT_07_V.Par_V_RPCT_07_Bazooka_Loop'"",""attachment"":{""mode"":""FOLLOW_NAMED_ANCHORS"",""sourceAnchorNames"":[""B_WP_1""],""runtimeAnchors"":[{""sourceAnchorName"":""B_WP_1"",""runtimeAnchorSlotId"":""B_WP_1"",""runtimeBoneName"":""b_wp_1"",""socketLocalTransform"":{""position"":[0.0,0.0,0.0],""rotationDegrees"":[0.0,0.0,0.0],""scale"":[1.0,1.0,1.0]},""resolutionStatus"":""EXACT_SOURCE_BONE""}],""runtimeAnchorSlotIds"":[""B_WP_1""],""runtimeAnchorSlotId"":""B_WP_1"",""runtimeBoneName"":""b_wp_1"",""socketLocalTransform"":{""position"":[0.0,0.0,0.0],""rotationDegrees"":[0.0,0.0,0.0],""scale"":[1.0,1.0,1.0]},""runtimeResolutionStatus"":""EXACT_SOURCE_BONE"",""sourceSelectorByteOffset"":392},""localTransform"":{""sourcePositionUeUnits"":[0.0,0.0,0.0],""position"":[0.0,0.0,-0.0],""rotationDegrees"":[0.0,0.0,-0.0],""scale"":[1.0,1.0,1.0]},""sourceTransformByteOffset"":407,""parameterOverridesDecoded"":true,""sourceParameterCountByteOffset"":499,""parameterOverrides"":[]}",2139967,165693,True,SOURCE_ASSET_EXPLICIT
confirmed_rehearsal_presentation_relation,MN_RPCT_07,4219985,쿠크세이튼_군단장 시그니쳐 스킬_공격_리허설,3,Att_Battle_28_06,action-4219985/stage-003/notify-004,PlayParticleEffect,0.0,0.0,True,,ParticleSystem:FX_CM_02.Light.Par_MP_Light_01,"{""schema"":""lostark.cef-play-particle-effect-header"",""version"":2,""enabled"":true,""sourceByteOffset"":47,""sourceByteValue"":1,""particleDataDecoded"":true,""sourceParticleSystem"":""ParticleSystem'FX_CM_02.Light.Par_MP_Light_01'"",""attachment"":{""mode"":""SNAPSHOT_ROOT"",""sourceAnchorNames"":[],""runtimeAnchors"":[],""runtimeAnchorSlotIds"":[],""runtimeAnchorSlotId"":""root"",""runtimeBoneName"":"""",""socketLocalTransform"":{""position"":[0.0,0.0,0.0],""rotationDegrees"":[0.0,0.0,0.0],""scale"":[1.0,1.0,1.0]},""runtimeResolutionStatus"":""EXACT_ROOT_SNAPSHOT"",""sourceSelectorByteOffset"":null},""localTransform"":{""sourcePositionUeUnits"":[50.0,0.0,50.0],""position"":[0.5,0.5,-0.0],""rotationDegrees"":[0.0,0.0,-0.0],""scale"":[3.0,3.0,3.0]},""sourceTransformByteOffset"":389,""parameterOverridesDecoded"":true,""sourceParameterCountByteOffset"":477,""parameterOverrides"":[{""sourceIndex"":0,""name"":""Spawn"",""sourceTypeCode"":1,""sourceRecordByteOffset"":481,""type"":""scalar"",""scalarValue"":0.0,""sourceValueByteOffset"":495},{""sourceIndex"":1,""name"":""Lifetime"",""sourceTypeCode"":1,""sourceRecordByteOffset"":560,""type"":""scalar"",""scalarValue"":0.10000000149011612,""sourceValueByteOffset"":577},{""sourceIndex"":2,""name"":""Size"",""sourceTypeCode"":3,""sourceRecordByteOffset"":642,""type"":""vector"",""vectorValue"":[200.0,0.0,0.0],""sourceValueByteOffset"":663},{""sourceIndex"":3,""name"":""Color"",""sourceTypeCode"":3,""sourceRecordByteOffset"":720,""type"":""vector"",""vectorValue"":[3.0,2.0,1.0],""sourceValueByteOffset"":742},{""sourceIndex"":4,""name"":""Alpha"",""sourceTypeCode"":1,""sourceRecordByteOffset"":799,""type"":""scalar"",""scalarValue"":1.0,""sourceValueByteOffset"":813}]}",2140570,165724,True,SOURCE_ASSET_EXPLICIT
confirmed_rehearsal_presentation_relation,MN_RPCT_07,4219985,쿠크세이튼_군단장 시그니쳐 스킬_공격_리허설,3,Att_Battle_28_06,action-4219985/stage-003/notify-005,AKEvent,0.0010000000474974513,9.591655731201172,,,AkEvent:S_Mob_G_KoukuSatan1.G_KoukuSatan1_Attack23_Shot2,,2141548,165759,True,SOURCE_ASSET_EXPLICIT
confirmed_rehearsal_presentation_relation,MN_RPCT_07,4219985,쿠크세이튼_군단장 시그니쳐 스킬_공격_리허설,3,Att_Battle_28_06,action-4219985/stage-003/notify-006,PlayParticleEffect,0.003415999934077263,9.729884147644043,True,,ParticleSystem:FX_MN_RPCT_07_V.Par_V_RPCT_07_Bazooka_Loop,"{""schema"":""lostark.cef-play-particle-effect-header"",""version"":2,""enabled"":true,""sourceByteOffset"":47,""sourceByteValue"":1,""particleDataDecoded"":true,""sourceParticleSystem"":""ParticleSystem'FX_MN_RPCT_07_V.Par_V_RPCT_07_Bazooka_Loop'"",""attachment"":{""mode"":""FOLLOW_NAMED_ANCHORS"",""sourceAnchorNames"":[""B_WP_2""],""runtimeAnchors"":[{""sourceAnchorName"":""B_WP_2"",""runtimeAnchorSlotId"":""B_WP_2"",""runtimeBoneName"":""b_wp_2"",""socketLocalTransform"":{""position"":[0.0,0.0,0.0],""rotationDegrees"":[0.0,0.0,0.0],""scale"":[1.0,1.0,1.0]},""resolutionStatus"":""EXACT_SOURCE_BONE""}],""runtimeAnchorSlotIds"":[""B_WP_2""],""runtimeAnchorSlotId"":""B_WP_2"",""runtimeBoneName"":""b_wp_2"",""socketLocalTransform"":{""position"":[0.0,0.0,0.0],""rotationDegrees"":[0.0,0.0,0.0],""scale"":[1.0,1.0,1.0]},""runtimeResolutionStatus"":""EXACT_SOURCE_BONE"",""sourceSelectorByteOffset"":392},""localTransform"":{""sourcePositionUeUnits"":[0.0,0.0,0.0],""position"":[0.0,0.0,-0.0],""rotationDegrees"":[0.0,0.0,-0.0],""scale"":[1.0,1.0,1.0]},""sourceTransformByteOffset"":407,""parameterOverridesDecoded"":true,""sourceParameterCountByteOffset"":499,""parameterOverrides"":[]}",2141759,165788,True,SOURCE_ASSET_EXPLICIT
confirmed_rehearsal_presentation_relation,MN_RPCT_07,4219985,쿠크세이튼_군단장 시그니쳐 스킬_공격_리허설,3,Att_Battle_28_06,action-4219985/stage-003/notify-007,PlayParticleEffect,0.09128399938344955,9.64201545715332,True,,ParticleSystem:FX_MN_RPCT_07_V.Par_V_RPCT_Bazooka_mesh_01,"{""schema"":""lostark.cef-play-particle-effect-header"",""version"":2,""enabled"":true,""sourceByteOffset"":47,""sourceByteValue"":1,""particleDataDecoded"":true,""sourceParticleSystem"":""ParticleSystem'FX_MN_RPCT_07_V.Par_V_RPCT_Bazooka_mesh_01'"",""attachment"":{""mode"":""FOLLOW_NAMED_ANCHORS"",""sourceAnchorNames"":[""Bip002-R-Hand""],""runtimeAnchors"":[{""sourceAnchorName"":""Bip002-R-Hand"",""runtimeAnchorSlotId"":""Bip002-R-Hand"",""runtimeBoneName"":"""",""socketLocalTransform"":{""position"":[0.0,0.0,0.0],""rotationDegrees"":[0.0,0.0,0.0],""scale"":[1.0,1.0,1.0]},""resolutionStatus"":""MISSING_SOURCE_SOCKET""}],""runtimeAnchorSlotIds"":[""Bip002-R-Hand""],""runtimeAnchorSlotId"":""Bip002-R-Hand"",""runtimeBoneName"":"""",""socketLocalTransform"":{""position"":[0.0,0.0,0.0],""rotationDegrees"":[0.0,0.0,0.0],""scale"":[1.0,1.0,1.0]},""runtimeResolutionStatus"":""MISSING_SOURCE_SOCKET"",""sourceSelectorByteOffset"":390},""localTransform"":{""sourcePositionUeUnits"":[0.0,0.0,0.0],""position"":[0.0,0.0,-0.0],""rotationDegrees"":[0.0,0.0,-0.0],""scale"":[0.30000001192092896,0.30000001192092896,0.30000001192092896]},""sourceTransformByteOffset"":412,""parameterOverridesDecoded"":true,""sourceParameterCountByteOffset"":504,""parameterOverrides"":[]}",2142362,165819,True,SOURCE_ASSET_EXPLICIT
confirmed_rehearsal_presentation_relation,MN_RPCT_07,4219985,쿠크세이튼_군단장 시그니쳐 스킬_공격_리허설,3,Att_Battle_28_06,action-4219985/stage-003/notify-008,Effect,0.20000000298023224,0.30000001192092896,,421991211,,,2142970,165849,True,TIMING_ONLY
confirmed_rehearsal_presentation_relation,MN_RPCT_07,4219985,쿠크세이튼_군단장 시그니쳐 스킬_공격_리허설,3,Att_Battle_28_06,action-4219985/stage-003/notify-009,Effect,0.20000000298023224,0.30000001192092896,,421991211,,,2143120,165868,True,TIMING_ONLY
confirmed_rehearsal_presentation_relation,MN_RPCT_07,4219985,쿠크세이튼_군단장 시그니쳐 스킬_공격_리허설,3,Att_Battle_28_06,action-4219985/stage-003/notify-010,Effect,0.5,0.30000001192092896,,421991211,,,2143270,165887,True,TIMING_ONLY
confirmed_rehearsal_presentation_relation,MN_RPCT_07,4219985,쿠크세이튼_군단장 시그니쳐 스킬_공격_리허설,3,Att_Battle_28_06,action-4219985/stage-003/notify-011,Effect,0.5,0.30000001192092896,,421991211,,,2143420,165906,True,TIMING_ONLY
confirmed_rehearsal_presentation_relation,MN_RPCT_07,4219985,쿠크세이튼_군단장 시그니쳐 스킬_공격_리허설,3,Att_Battle_28_06,action-4219985/stage-003/notify-012,Effect,0.800000011920929,0.30000001192092896,,421991211,,,2143570,165925,True,TIMING_ONLY
confirmed_rehearsal_presentation_relation,MN_RPCT_07,4219985,쿠크세이튼_군단장 시그니쳐 스킬_공격_리허설,3,Att_Battle_28_06,action-4219985/stage-003/notify-013,Effect,0.800000011920929,0.30000001192092896,,421991211,,,2143720,165944,True,TIMING_ONLY
confirmed_rehearsal_presentation_relation,MN_RPCT_07,4219985,쿠크세이튼_군단장 시그니쳐 스킬_공격_리허설,3,Att_Battle_28_06,action-4219985/stage-003/notify-014,AKEvent,1.0,2.274988889694214,,,AkEvent:S_Mob_G_KoukuSatan1.G_KoukuSatan1_Attack23_Cast3,,2143870,165963,True,SOURCE_ASSET_EXPLICIT
confirmed_rehearsal_presentation_relation,MN_RPCT_07,4219985,쿠크세이튼_군단장 시그니쳐 스킬_공격_리허설,3,Att_Battle_28_06,action-4219985/stage-003/notify-015,PlayParticleEffect,1.0653070211410522,0.0,True,,ParticleSystem:fx_mn_rpct_07_v.Par_V_RPCT_BallRead_Exp_01_LOC_INT,"{""schema"":""lostark.cef-play-particle-effect-header"",""version"":2,""enabled"":true,""sourceByteOffset"":47,""sourceByteValue"":1,""particleDataDecoded"":true,""sourceParticleSystem"":""ParticleSystem'fx_mn_rpct_07_v.Par_V_RPCT_BallRead_Exp_01_LOC_INT'"",""attachment"":{""mode"":""FOLLOW_NAMED_ANCHORS"",""sourceAnchorNames"":[""Bip002-R-Hand""],""runtimeAnchors"":[{""sourceAnchorName"":""Bip002-R-Hand"",""runtimeAnchorSlotId"":""Bip002-R-Hand"",""runtimeBoneName"":"""",""socketLocalTransform"":{""position"":[0.0,0.0,0.0],""rotationDegrees"":[0.0,0.0,0.0],""scale"":[1.0,1.0,1.0]},""resolutionStatus"":""MISSING_SOURCE_SOCKET""}],""runtimeAnchorSlotIds"":[""Bip002-R-Hand""],""runtimeAnchorSlotId"":""Bip002-R-Hand"",""runtimeBoneName"":"""",""socketLocalTransform"":{""position"":[0.0,0.0,0.0],""rotationDegrees"":[0.0,0.0,0.0],""scale"":[1.0,1.0,1.0]},""runtimeResolutionStatus"":""MISSING_SOURCE_SOCKET"",""sourceSelectorByteOffset"":404},""localTransform"":{""sourcePositionUeUnits"":[0.0,0.0,0.0],""position"":[0.0,0.0,-0.0],""rotationDegrees"":[0.0,0.0,-0.0],""scale"":[0.4000000059604645,0.4000000059604645,0.4000000059604645]},""sourceTransformByteOffset"":426,""parameterOverridesDecoded"":true,""sourceParameterCountByteOffset"":518,""parameterOverrides"":[]}",2144081,165992,True,SOURCE_ASSET_EXPLICIT
confirmed_rehearsal_presentation_relation,MN_RPCT_07,4219985,쿠크세이튼_군단장 시그니쳐 스킬_공격_리허설,3,Att_Battle_28_06,action-4219985/stage-003/notify-016,PawnMaterialParam,1.0654710531234741,0.0,,,,,2144703,166023,True,SOURCE_PARAMETERS_SERIALIZED
confirmed_rehearsal_presentation_relation,MN_RPCT_07,4219985,쿠크세이튼_군단장 시그니쳐 스킬_공격_리허설,3,Att_Battle_28_06,action-4219985/stage-003/notify-017,PlayParticleEffect,1.097085952758789,0.0,True,,ParticleSystem:fx_mn_rpct_07_v.Par_V_RPCT_signalShot_01_LOC_INT,"{""schema"":""lostark.cef-play-particle-effect-header"",""version"":2,""enabled"":true,""sourceByteOffset"":47,""sourceByteValue"":1,""particleDataDecoded"":true,""sourceParticleSystem"":""ParticleSystem'fx_mn_rpct_07_v.Par_V_RPCT_signalShot_01_LOC_INT'"",""attachment"":{""mode"":""FOLLOW_NAMED_ANCHORS"",""sourceAnchorNames"":[""Bip002-R-Hand""],""runtimeAnchors"":[{""sourceAnchorName"":""Bip002-R-Hand"",""runtimeAnchorSlotId"":""Bip002-R-Hand"",""runtimeBoneName"":"""",""socketLocalTransform"":{""position"":[0.0,0.0,0.0],""rotationDegrees"":[0.0,0.0,0.0],""scale"":[1.0,1.0,1.0]},""resolutionStatus"":""MISSING_SOURCE_SOCKET""}],""runtimeAnchorSlotIds"":[""Bip002-R-Hand""],""runtimeAnchorSlotId"":""Bip002-R-Hand"",""runtimeBoneName"":"""",""socketLocalTransform"":{""position"":[0.0,0.0,0.0],""rotationDegrees"":[0.0,0.0,0.0],""scale"":[1.0,1.0,1.0]},""runtimeResolutionStatus"":""MISSING_SOURCE_SOCKET"",""sourceSelectorByteOffset"":401},""localTransform"":{""sourcePositionUeUnits"":[0.0,0.0,50.0],""position"":[0.0,0.5,-0.0],""rotationDegrees"":[0.0,0.0,-0.0],""scale"":[1.0,1.0,1.0]},""sourceTransformByteOffset"":423,""parameterOverridesDecoded"":true,""sourceParameterCountByteOffset"":515,""parameterOverrides"":[{""sourceIndex"":0,""name"":""Color"",""sourceTypeCode"":3,""sourceRecordByteOffset"":519,""type"":""vector"",""vectorValue"":[1.0,1.0,1.0],""sourceValueByteOffset"":541}]}",2145138,166046,True,SOURCE_ASSET_EXPLICIT
confirmed_rehearsal_presentation_relation,MN_RPCT_07,4219985,쿠크세이튼_군단장 시그니쳐 스킬_공격_리허설,3,Att_Battle_28_06,action-4219985/stage-003/notify-018,Effect,1.100000023841858,0.30000001192092896,,421991211,,,2145836,166078,True,TIMING_ONLY
confirmed_rehearsal_presentation_relation,MN_RPCT_07,4219985,쿠크세이튼_군단장 시그니쳐 스킬_공격_리허설,3,Att_Battle_28_06,action-4219985/stage-003/notify-019,Effect,1.100000023841858,0.30000001192092896,,421991211,,,2145986,166097,True,TIMING_ONLY
confirmed_rehearsal_presentation_relation,MN_RPCT_07,4219985,쿠크세이튼_군단장 시그니쳐 스킬_공격_리허설,3,Att_Battle_28_06,action-4219985/stage-003/notify-020,Effect,1.2999999523162842,0.10000000149011612,,421991221,,,2146136,166116,True,TIMING_ONLY
confirmed_rehearsal_presentation_relation,MN_RPCT_07,4219985,쿠크세이튼_군단장 시그니쳐 스킬_공격_리허설,3,Att_Battle_28_06,action-4219985/stage-003/notify-021,Effect,1.399999976158142,0.30000001192092896,,421991211,,,2146286,166135,True,TIMING_ONLY
confirmed_rehearsal_presentation_relation,MN_RPCT_07,4219985,쿠크세이튼_군단장 시그니쳐 스킬_공격_리허설,3,Att_Battle_28_06,action-4219985/stage-003/notify-022,Effect,1.399999976158142,0.30000001192092896,,421991211,,,2146436,166154,True,TIMING_ONLY
confirmed_rehearsal_presentation_relation,MN_RPCT_07,4219985,쿠크세이튼_군단장 시그니쳐 스킬_공격_리허설,3,Att_Battle_28_06,action-4219985/stage-003/notify-023,Effect,1.7000000476837158,0.30000001192092896,,421991211,,,2146586,166173,True,TIMING_ONLY
confirmed_rehearsal_presentation_relation,MN_RPCT_07,4219985,쿠크세이튼_군단장 시그니쳐 스킬_공격_리허설,3,Att_Battle_28_06,action-4219985/stage-003/notify-024,Effect,1.7000000476837158,0.30000001192092896,,421991211,,,2146736,166192,True,TIMING_ONLY
confirmed_rehearsal_presentation_relation,MN_RPCT_07,4219985,쿠크세이튼_군단장 시그니쳐 스킬_공격_리허설,3,Att_Battle_28_06,action-4219985/stage-003/notify-025,Effect,2.0,0.30000001192092896,,421991211,,,2146886,166211,True,TIMING_ONLY
confirmed_rehearsal_presentation_relation,MN_RPCT_07,4219985,쿠크세이튼_군단장 시그니쳐 스킬_공격_리허설,3,Att_Battle_28_06,action-4219985/stage-003/notify-026,Effect,2.0,0.30000001192092896,,421991211,,,2147036,166230,True,TIMING_ONLY
confirmed_rehearsal_presentation_relation,MN_RPCT_07,4219985,쿠크세이튼_군단장 시그니쳐 스킬_공격_리허설,3,Att_Battle_28_06,action-4219985/stage-003/notify-027,Effect,2.299999952316284,0.30000001192092896,,421991211,,,2147186,166249,True,TIMING_ONLY
confirmed_rehearsal_presentation_relation,MN_RPCT_07,4219985,쿠크세이튼_군단장 시그니쳐 스킬_공격_리허설,3,Att_Battle_28_06,action-4219985/stage-003/notify-028,Effect,2.299999952316284,0.30000001192092896,,421991211,,,2147336,166268,True,TIMING_ONLY
confirmed_rehearsal_presentation_relation,MN_RPCT_07,4219985,쿠크세이튼_군단장 시그니쳐 스킬_공격_리허설,3,Att_Battle_28_06,action-4219985/stage-003/notify-029,Effect,2.5999999046325684,0.30000001192092896,,421991211,,,2147486,166287,True,TIMING_ONLY
confirmed_rehearsal_presentation_relation,MN_RPCT_07,4219985,쿠크세이튼_군단장 시그니쳐 스킬_공격_리허설,3,Att_Battle_28_06,action-4219985/stage-003/notify-030,Effect,2.5999999046325684,0.30000001192092896,,421991211,,,2147636,166306,True,TIMING_ONLY
confirmed_rehearsal_presentation_relation,MN_RPCT_07,4219985,쿠크세이튼_군단장 시그니쳐 스킬_공격_리허설,3,Att_Battle_28_06,action-4219985/stage-003/notify-031,Effect,2.9000000953674316,0.30000001192092896,,421991211,,,2147786,166325,True,TIMING_ONLY
confirmed_rehearsal_presentation_relation,MN_RPCT_07,4219985,쿠크세이튼_군단장 시그니쳐 스킬_공격_리허설,3,Att_Battle_28_06,action-4219985/stage-003/notify-032,Effect,2.9000000953674316,0.30000001192092896,,421991211,,,2147936,166344,True,TIMING_ONLY
confirmed_rehearsal_presentation_relation,MN_RPCT_07,4219985,쿠크세이튼_군단장 시그니쳐 스킬_공격_리허설,3,Att_Battle_28_06,action-4219985/stage-003/notify-033,Effect,3.200000047683716,0.30000001192092896,,421991211,,,2148086,166363,True,TIMING_ONLY
confirmed_rehearsal_presentation_relation,MN_RPCT_07,4219985,쿠크세이튼_군단장 시그니쳐 스킬_공격_리허설,3,Att_Battle_28_06,action-4219985/stage-003/notify-034,Effect,3.200000047683716,0.30000001192092896,,421991211,,,2148236,166382,True,TIMING_ONLY
confirmed_rehearsal_presentation_relation,MN_RPCT_07,4219985,쿠크세이튼_군단장 시그니쳐 스킬_공격_리허설,3,Att_Battle_28_06,action-4219985/stage-003/notify-035,Effect,3.5,0.30000001192092896,,421991211,,,2148386,166401,True,TIMING_ONLY
confirmed_rehearsal_presentation_relation,MN_RPCT_07,4219985,쿠크세이튼_군단장 시그니쳐 스킬_공격_리허설,3,Att_Battle_28_06,action-4219985/stage-003/notify-036,Effect,3.5,0.30000001192092896,,421991211,,,2148536,166420,True,TIMING_ONLY
confirmed_rehearsal_presentation_relation,MN_RPCT_07,4219985,쿠크세이튼_군단장 시그니쳐 스킬_공격_리허설,3,Att_Battle_28_06,action-4219985/stage-003/notify-037,Effect,3.5,0.30000001192092896,,421991215,,,2148686,166439,True,TIMING_ONLY
confirmed_rehearsal_presentation_relation,MN_RPCT_07,4219985,쿠크세이튼_군단장 시그니쳐 스킬_공격_리허설,3,Att_Battle_28_06,action-4219985/stage-003/notify-038,Effect,3.5,0.30000001192092896,,421991215,,,2148836,166458,True,TIMING_ONLY
confirmed_rehearsal_presentation_relation,MN_RPCT_07,4219985,쿠크세이튼_군단장 시그니쳐 스킬_공격_리허설,3,Att_Battle_28_06,action-4219985/stage-003/notify-039,Effect,3.799999952316284,0.30000001192092896,,421991211,,,2148986,166477,True,TIMING_ONLY
confirmed_rehearsal_presentation_relation,MN_RPCT_07,4219985,쿠크세이튼_군단장 시그니쳐 스킬_공격_리허설,3,Att_Battle_28_06,action-4219985/stage-003/notify-040,Effect,3.799999952316284,0.30000001192092896,,421991211,,,2149136,166496,True,TIMING_ONLY
confirmed_rehearsal_presentation_relation,MN_RPCT_07,4219985,쿠크세이튼_군단장 시그니쳐 스킬_공격_리허설,3,Att_Battle_28_06,action-4219985/stage-003/notify-041,Effect,4.099999904632568,0.30000001192092896,,421991211,,,2149286,166515,True,TIMING_ONLY
confirmed_rehearsal_presentation_relation,MN_RPCT_07,4219985,쿠크세이튼_군단장 시그니쳐 스킬_공격_리허설,3,Att_Battle_28_06,action-4219985/stage-003/notify-042,Effect,4.099999904632568,0.30000001192092896,,421991211,,,2149436,166534,True,TIMING_ONLY
confirmed_rehearsal_presentation_relation,MN_RPCT_07,4219985,쿠크세이튼_군단장 시그니쳐 스킬_공격_리허설,3,Att_Battle_28_06,action-4219985/stage-003/notify-043,Effect,4.400000095367432,0.4000000059604645,,421991211,,,2149586,166553,True,TIMING_ONLY
confirmed_rehearsal_presentation_relation,MN_RPCT_07,4219985,쿠크세이튼_군단장 시그니쳐 스킬_공격_리허설,3,Att_Battle_28_06,action-4219985/stage-003/notify-044,Effect,4.400000095367432,0.4000000059604645,,421991211,,,2149736,166572,True,TIMING_ONLY
confirmed_rehearsal_presentation_relation,MN_RPCT_07,4219985,쿠크세이튼_군단장 시그니쳐 스킬_공격_리허설,3,Att_Battle_28_06,action-4219985/stage-003/notify-045,Effect,4.800000190734863,0.30000001192092896,,421991211,,,2149886,166591,True,TIMING_ONLY
confirmed_rehearsal_presentation_relation,MN_RPCT_07,4219985,쿠크세이튼_군단장 시그니쳐 스킬_공격_리허설,3,Att_Battle_28_06,action-4219985/stage-003/notify-046,Effect,4.800000190734863,0.30000001192092896,,421991211,,,2150036,166610,True,TIMING_ONLY
confirmed_rehearsal_presentation_relation,MN_RPCT_07,4219985,쿠크세이튼_군단장 시그니쳐 스킬_공격_리허설,3,Att_Battle_28_06,action-4219985/stage-003/notify-047,Effect,5.099999904632568,0.30000001192092896,,421991211,,,2150186,166629,True,TIMING_ONLY
confirmed_rehearsal_presentation_relation,MN_RPCT_07,4219985,쿠크세이튼_군단장 시그니쳐 스킬_공격_리허설,3,Att_Battle_28_06,action-4219985/stage-003/notify-048,Effect,5.099999904632568,0.30000001192092896,,421991211,,,2150336,166648,True,TIMING_ONLY
confirmed_rehearsal_presentation_relation,MN_RPCT_07,4219985,쿠크세이튼_군단장 시그니쳐 스킬_공격_리허설,3,Att_Battle_28_06,action-4219985/stage-003/notify-049,Effect,5.400000095367432,0.30000001192092896,,421991211,,,2150486,166667,True,TIMING_ONLY
confirmed_rehearsal_presentation_relation,MN_RPCT_07,4219985,쿠크세이튼_군단장 시그니쳐 스킬_공격_리허설,3,Att_Battle_28_06,action-4219985/stage-003/notify-050,Effect,5.400000095367432,0.30000001192092896,,421991211,,,2150636,166686,True,TIMING_ONLY
confirmed_rehearsal_presentation_relation,MN_RPCT_07,4219985,쿠크세이튼_군단장 시그니쳐 스킬_공격_리허설,3,Att_Battle_28_06,action-4219985/stage-003/notify-051,Effect,5.699999809265137,0.30000001192092896,,421991211,,,2150786,166705,True,TIMING_ONLY
confirmed_rehearsal_presentation_relation,MN_RPCT_07,4219985,쿠크세이튼_군단장 시그니쳐 스킬_공격_리허설,3,Att_Battle_28_06,action-4219985/stage-003/notify-052,Effect,5.699999809265137,0.30000001192092896,,421991211,,,2150936,166724,True,TIMING_ONLY
confirmed_rehearsal_presentation_relation,MN_RPCT_07,4219985,쿠크세이튼_군단장 시그니쳐 스킬_공격_리허설,3,Att_Battle_28_06,action-4219985/stage-003/notify-053,Effect,5.800000190734863,0.10000000149011612,,421991219,,,2151086,166743,True,TIMING_ONLY
confirmed_rehearsal_presentation_relation,MN_RPCT_07,4219985,쿠크세이튼_군단장 시그니쳐 스킬_공격_리허설,3,Att_Battle_28_06,action-4219985/stage-003/notify-054,Effect,6.0,0.30000001192092896,,421991211,,,2151236,166762,True,TIMING_ONLY
confirmed_rehearsal_presentation_relation,MN_RPCT_07,4219985,쿠크세이튼_군단장 시그니쳐 스킬_공격_리허설,3,Att_Battle_28_06,action-4219985/stage-003/notify-055,Effect,6.0,0.30000001192092896,,421991211,,,2151386,166781,True,TIMING_ONLY
confirmed_rehearsal_presentation_relation,MN_RPCT_07,4219985,쿠크세이튼_군단장 시그니쳐 스킬_공격_리허설,3,Att_Battle_28_06,action-4219985/stage-003/notify-056,Effect,6.300000190734863,0.30000001192092896,,421991211,,,2151536,166800,True,TIMING_ONLY
confirmed_rehearsal_presentation_relation,MN_RPCT_07,4219985,쿠크세이튼_군단장 시그니쳐 스킬_공격_리허설,3,Att_Battle_28_06,action-4219985/stage-003/notify-057,Effect,6.300000190734863,0.30000001192092896,,421991211,,,2151686,166819,True,TIMING_ONLY
confirmed_rehearsal_presentation_relation,MN_RPCT_07,4219985,쿠크세이튼_군단장 시그니쳐 스킬_공격_리허설,3,Att_Battle_28_06,action-4219985/stage-003/notify-058,Effect,6.599999904632568,0.20000000298023224,,421991211,,,2151836,166838,True,TIMING_ONLY
confirmed_rehearsal_presentation_relation,MN_RPCT_07,4219985,쿠크세이튼_군단장 시그니쳐 스킬_공격_리허설,3,Att_Battle_28_06,action-4219985/stage-003/notify-059,Effect,6.599999904632568,0.20000000298023224,,421991211,,,2151986,166857,True,TIMING_ONLY
confirmed_rehearsal_presentation_relation,MN_RPCT_07,4219985,쿠크세이튼_군단장 시그니쳐 스킬_공격_리허설,3,Att_Battle_28_06,action-4219985/stage-003/notify-060,Effect,6.630000114440918,0.0,,421991241,,,2152136,166876,True,TIMING_ONLY
confirmed_rehearsal_presentation_relation,MN_RPCT_07,4219985,쿠크세이튼_군단장 시그니쳐 스킬_공격_리허설,3,Att_Battle_28_06,action-4219985/stage-003/notify-061,Effect,6.800000190734863,0.20000000298023224,,421991211,,,2152286,166895,True,TIMING_ONLY
confirmed_rehearsal_presentation_relation,MN_RPCT_07,4219985,쿠크세이튼_군단장 시그니쳐 스킬_공격_리허설,3,Att_Battle_28_06,action-4219985/stage-003/notify-062,Effect,6.800000190734863,0.20000000298023224,,421991211,,,2152436,166914,True,TIMING_ONLY
confirmed_rehearsal_presentation_relation,MN_RPCT_07,4219985,쿠크세이튼_군단장 시그니쳐 스킬_공격_리허설,3,Att_Battle_28_06,action-4219985/stage-003/notify-063,Effect,7.0,0.20000000298023224,,421991211,,,2152586,166933,True,TIMING_ONLY
confirmed_rehearsal_presentation_relation,MN_RPCT_07,4219985,쿠크세이튼_군단장 시그니쳐 스킬_공격_리허설,3,Att_Battle_28_06,action-4219985/stage-003/notify-064,Effect,7.0,0.20000000298023224,,421991211,,,2152736,166952,True,TIMING_ONLY
confirmed_rehearsal_presentation_relation,MN_RPCT_07,4219985,쿠크세이튼_군단장 시그니쳐 스킬_공격_리허설,3,Att_Battle_28_06,action-4219985/stage-003/notify-065,Effect,7.199999809265137,0.20000000298023224,,421991211,,,2152886,166971,True,TIMING_ONLY
confirmed_rehearsal_presentation_relation,MN_RPCT_07,4219985,쿠크세이튼_군단장 시그니쳐 스킬_공격_리허설,3,Att_Battle_28_06,action-4219985/stage-003/notify-066,Effect,7.199999809265137,0.20000000298023224,,421991211,,,2153036,166990,True,TIMING_ONLY
confirmed_rehearsal_presentation_relation,MN_RPCT_07,4219985,쿠크세이튼_군단장 시그니쳐 스킬_공격_리허설,3,Att_Battle_28_06,action-4219985/stage-003/notify-067,Effect,7.400000095367432,0.20000000298023224,,421991211,,,2153186,167009,True,TIMING_ONLY
confirmed_rehearsal_presentation_relation,MN_RPCT_07,4219985,쿠크세이튼_군단장 시그니쳐 스킬_공격_리허설,3,Att_Battle_28_06,action-4219985/stage-003/notify-068,Effect,7.400000095367432,0.20000000298023224,,421991211,,,2153336,167028,True,TIMING_ONLY
confirmed_rehearsal_presentation_relation,MN_RPCT_07,4219985,쿠크세이튼_군단장 시그니쳐 스킬_공격_리허설,3,Att_Battle_28_06,action-4219985/stage-003/notify-069,Effect,7.599999904632568,0.20000000298023224,,421991211,,,2153486,167047,True,TIMING_ONLY
confirmed_rehearsal_presentation_relation,MN_RPCT_07,4219985,쿠크세이튼_군단장 시그니쳐 스킬_공격_리허설,3,Att_Battle_28_06,action-4219985/stage-003/notify-070,Effect,7.599999904632568,0.20000000298023224,,421991211,,,2153636,167066,True,TIMING_ONLY
confirmed_rehearsal_presentation_relation,MN_RPCT_07,4219985,쿠크세이튼_군단장 시그니쳐 스킬_공격_리허설,3,Att_Battle_28_06,action-4219985/stage-003/notify-071,Effect,7.800000190734863,0.20000000298023224,,421991211,,,2153786,167085,True,TIMING_ONLY
confirmed_rehearsal_presentation_relation,MN_RPCT_07,4219985,쿠크세이튼_군단장 시그니쳐 스킬_공격_리허설,3,Att_Battle_28_06,action-4219985/stage-003/notify-072,Effect,7.800000190734863,0.20000000298023224,,421991211,,,2153936,167104,True,TIMING_ONLY
confirmed_rehearsal_presentation_relation,MN_RPCT_07,4219985,쿠크세이튼_군단장 시그니쳐 스킬_공격_리허설,3,Att_Battle_28_06,action-4219985/stage-003/notify-073,AKEvent,8.390000343322754,1.3432999849319458,,,AkEvent:S_Mob_G_KoukuSatan1.G_KoukuSatan1_Attack23_Cast2,,2154086,167123,True,SOURCE_ASSET_EXPLICIT
confirmed_rehearsal_presentation_relation,MN_RPCT_07,4219985,쿠크세이튼_군단장 시그니쳐 스킬_공격_리허설,3,Att_Battle_28_06,action-4219985/stage-003/notify-074,MonsterMoveNextStage,9.630000114440918,0.0,,,,,2154297,167152,True,TIMING_OR_STATE_ONLY
confirmed_rehearsal_presentation_relation,MN_RPCT_07,4219985,쿠크세이튼_군단장 시그니쳐 스킬_공격_리허설,4,Att_battle_28_07,action-4219985/stage-004/notify-000,Anim,0.0,9.733333587646484,,,,,2156201,167192,True,SOURCE_CLIP_EXPLICIT
confirmed_rehearsal_presentation_relation,MN_RPCT_07,4219985,쿠크세이튼_군단장 시그니쳐 스킬_공격_리허설,4,Att_battle_28_07,action-4219985/stage-004/notify-001,PlayParticleEffect,0.0,0.0,True,,ParticleSystem:fx_mn_rpct_07_v.Par_V_RPCT_Signature_01_1_LOC_INT,"{""schema"":""lostark.cef-play-particle-effect-header"",""version"":2,""enabled"":true,""sourceByteOffset"":47,""sourceByteValue"":1,""particleDataDecoded"":true,""sourceParticleSystem"":""ParticleSystem'fx_mn_rpct_07_v.Par_V_RPCT_Signature_01_1_LOC_INT'"",""attachment"":{""mode"":""FOLLOW_NAMED_ANCHORS"",""sourceAnchorNames"":[""B_WP_2""],""runtimeAnchors"":[{""sourceAnchorName"":""B_WP_2"",""runtimeAnchorSlotId"":""B_WP_2"",""runtimeBoneName"":""b_wp_2"",""socketLocalTransform"":{""position"":[0.0,0.0,0.0],""rotationDegrees"":[0.0,0.0,0.0],""scale"":[1.0,1.0,1.0]},""resolutionStatus"":""EXACT_SOURCE_BONE""}],""runtimeAnchorSlotIds"":[""B_WP_2""],""runtimeAnchorSlotId"":""B_WP_2"",""runtimeBoneName"":""b_wp_2"",""socketLocalTransform"":{""position"":[0.0,0.0,0.0],""rotationDegrees"":[0.0,0.0,0.0],""scale"":[1.0,1.0,1.0]},""runtimeResolutionStatus"":""EXACT_SOURCE_BONE"",""sourceSelectorByteOffset"":402},""localTransform"":{""sourcePositionUeUnits"":[150.0,0.0,50.0],""position"":[1.5,0.5,-0.0],""rotationDegrees"":[0.0,0.0,-0.0],""scale"":[3.0,3.0,3.0]},""sourceTransformByteOffset"":417,""parameterOverridesDecoded"":true,""sourceParameterCountByteOffset"":509,""parameterOverrides"":[{""sourceIndex"":0,""name"":""Color"",""sourceTypeCode"":3,""sourceRecordByteOffset"":513,""type"":""vector"",""vectorValue"":[1.0,1.0,1.0],""sourceValueByteOffset"":535},{""sourceIndex"":1,""name"":""Alpha"",""sourceTypeCode"":1,""sourceRecordByteOffset"":592,""type"":""scalar"",""scalarValue"":1.0,""sourceValueByteOffset"":606}]}",2156493,167219,True,SOURCE_ASSET_EXPLICIT
confirmed_rehearsal_presentation_relation,MN_RPCT_07,4219985,쿠크세이튼_군단장 시그니쳐 스킬_공격_리허설,4,Att_battle_28_07,action-4219985/stage-004/notify-002,PlayParticleEffect,0.0,0.0,True,,ParticleSystem:fx_mn_rpct_07_v.Par_V_RPCT_Signature_01_1_LOC_INT,"{""schema"":""lostark.cef-play-particle-effect-header"",""version"":2,""enabled"":true,""sourceByteOffset"":47,""sourceByteValue"":1,""particleDataDecoded"":true,""sourceParticleSystem"":""ParticleSystem'fx_mn_rpct_07_v.Par_V_RPCT_Signature_01_1_LOC_INT'"",""attachment"":{""mode"":""FOLLOW_NAMED_ANCHORS"",""sourceAnchorNames"":[""B_WP_1""],""runtimeAnchors"":[{""sourceAnchorName"":""B_WP_1"",""runtimeAnchorSlotId"":""B_WP_1"",""runtimeBoneName"":""b_wp_1"",""socketLocalTransform"":{""position"":[0.0,0.0,0.0],""rotationDegrees"":[0.0,0.0,0.0],""scale"":[1.0,1.0,1.0]},""resolutionStatus"":""EXACT_SOURCE_BONE""}],""runtimeAnchorSlotIds"":[""B_WP_1""],""runtimeAnchorSlotId"":""B_WP_1"",""runtimeBoneName"":""b_wp_1"",""socketLocalTransform"":{""position"":[0.0,0.0,0.0],""rotationDegrees"":[0.0,0.0,0.0],""scale"":[1.0,1.0,1.0]},""runtimeResolutionStatus"":""EXACT_SOURCE_BONE"",""sourceSelectorByteOffset"":402},""localTransform"":{""sourcePositionUeUnits"":[150.0,0.0,50.0],""position"":[1.5,0.5,-0.0],""rotationDegrees"":[0.0,0.0,-0.0],""scale"":[3.0,3.0,3.0]},""sourceTransformByteOffset"":417,""parameterOverridesDecoded"":true,""sourceParameterCountByteOffset"":509,""parameterOverrides"":[{""sourceIndex"":0,""name"":""Color"",""sourceTypeCode"":3,""sourceRecordByteOffset"":513,""type"":""vector"",""vectorValue"":[1.0,1.0,1.0],""sourceValueByteOffset"":535},{""sourceIndex"":1,""name"":""Alpha"",""sourceTypeCode"":1,""sourceRecordByteOffset"":592,""type"":""scalar"",""scalarValue"":1.0,""sourceValueByteOffset"":606}]}",2157264,167252,True,SOURCE_ASSET_EXPLICIT
confirmed_rehearsal_presentation_relation,MN_RPCT_07,4219985,쿠크세이튼_군단장 시그니쳐 스킬_공격_리허설,4,Att_battle_28_07,action-4219985/stage-004/notify-003,PlayParticleEffect,0.0,9.73330020904541,True,,ParticleSystem:FX_MN_RPCT_07_V.Par_V_RPCT_07_Bazooka_Loop,"{""schema"":""lostark.cef-play-particle-effect-header"",""version"":2,""enabled"":true,""sourceByteOffset"":47,""sourceByteValue"":1,""particleDataDecoded"":true,""sourceParticleSystem"":""ParticleSystem'FX_MN_RPCT_07_V.Par_V_RPCT_07_Bazooka_Loop'"",""attachment"":{""mode"":""FOLLOW_NAMED_ANCHORS"",""sourceAnchorNames"":[""B_WP_1""],""runtimeAnchors"":[{""sourceAnchorName"":""B_WP_1"",""runtimeAnchorSlotId"":""B_WP_1"",""runtimeBoneName"":""b_wp_1"",""socketLocalTransform"":{""position"":[0.0,0.0,0.0],""rotationDegrees"":[0.0,0.0,0.0],""scale"":[1.0,1.0,1.0]},""resolutionStatus"":""EXACT_SOURCE_BONE""}],""runtimeAnchorSlotIds"":[""B_WP_1""],""runtimeAnchorSlotId"":""B_WP_1"",""runtimeBoneName"":""b_wp_1"",""socketLocalTransform"":{""position"":[0.0,0.0,0.0],""rotationDegrees"":[0.0,0.0,0.0],""scale"":[1.0,1.0,1.0]},""runtimeResolutionStatus"":""EXACT_SOURCE_BONE"",""sourceSelectorByteOffset"":392},""localTransform"":{""sourcePositionUeUnits"":[0.0,0.0,0.0],""position"":[0.0,0.0,-0.0],""rotationDegrees"":[0.0,0.0,-0.0],""scale"":[1.0,1.0,1.0]},""sourceTransformByteOffset"":407,""parameterOverridesDecoded"":true,""sourceParameterCountByteOffset"":499,""parameterOverrides"":[]}",2158035,167285,True,SOURCE_ASSET_EXPLICIT
confirmed_rehearsal_presentation_relation,MN_RPCT_07,4219985,쿠크세이튼_군단장 시그니쳐 스킬_공격_리허설,4,Att_battle_28_07,action-4219985/stage-004/notify-004,PlayParticleEffect,0.0,0.0,True,,ParticleSystem:FX_CM_02.Light.Par_MP_Light_01,"{""schema"":""lostark.cef-play-particle-effect-header"",""version"":2,""enabled"":true,""sourceByteOffset"":47,""sourceByteValue"":1,""particleDataDecoded"":true,""sourceParticleSystem"":""ParticleSystem'FX_CM_02.Light.Par_MP_Light_01'"",""attachment"":{""mode"":""SNAPSHOT_ROOT"",""sourceAnchorNames"":[],""runtimeAnchors"":[],""runtimeAnchorSlotIds"":[],""runtimeAnchorSlotId"":""root"",""runtimeBoneName"":"""",""socketLocalTransform"":{""position"":[0.0,0.0,0.0],""rotationDegrees"":[0.0,0.0,0.0],""scale"":[1.0,1.0,1.0]},""runtimeResolutionStatus"":""EXACT_ROOT_SNAPSHOT"",""sourceSelectorByteOffset"":null},""localTransform"":{""sourcePositionUeUnits"":[50.0,0.0,50.0],""position"":[0.5,0.5,-0.0],""rotationDegrees"":[0.0,0.0,-0.0],""scale"":[3.0,3.0,3.0]},""sourceTransformByteOffset"":389,""parameterOverridesDecoded"":true,""sourceParameterCountByteOffset"":477,""parameterOverrides"":[{""sourceIndex"":0,""name"":""Spawn"",""sourceTypeCode"":1,""sourceRecordByteOffset"":481,""type"":""scalar"",""scalarValue"":0.0,""sourceValueByteOffset"":495},{""sourceIndex"":1,""name"":""Lifetime"",""sourceTypeCode"":1,""sourceRecordByteOffset"":560,""type"":""scalar"",""scalarValue"":0.10000000149011612,""sourceValueByteOffset"":577},{""sourceIndex"":2,""name"":""Size"",""sourceTypeCode"":3,""sourceRecordByteOffset"":642,""type"":""vector"",""vectorValue"":[200.0,0.0,0.0],""sourceValueByteOffset"":663},{""sourceIndex"":3,""name"":""Color"",""sourceTypeCode"":3,""sourceRecordByteOffset"":720,""type"":""vector"",""vectorValue"":[3.0,2.0,1.0],""sourceValueByteOffset"":742},{""sourceIndex"":4,""name"":""Alpha"",""sourceTypeCode"":1,""sourceRecordByteOffset"":799,""type"":""scalar"",""scalarValue"":1.0,""sourceValueByteOffset"":813}]}",2158638,167316,True,SOURCE_ASSET_EXPLICIT
confirmed_rehearsal_presentation_relation,MN_RPCT_07,4219985,쿠크세이튼_군단장 시그니쳐 스킬_공격_리허설,4,Att_battle_28_07,action-4219985/stage-004/notify-005,AKEvent,0.0010000000474974513,9.591655731201172,,,AkEvent:S_Mob_G_KoukuSatan1.G_KoukuSatan1_Attack23_Shot2,,2159616,167351,True,SOURCE_ASSET_EXPLICIT
confirmed_rehearsal_presentation_relation,MN_RPCT_07,4219985,쿠크세이튼_군단장 시그니쳐 스킬_공격_리허설,4,Att_battle_28_07,action-4219985/stage-004/notify-006,PlayParticleEffect,0.003415999934077263,9.729884147644043,True,,ParticleSystem:FX_MN_RPCT_07_V.Par_V_RPCT_07_Bazooka_Loop,"{""schema"":""lostark.cef-play-particle-effect-header"",""version"":2,""enabled"":true,""sourceByteOffset"":47,""sourceByteValue"":1,""particleDataDecoded"":true,""sourceParticleSystem"":""ParticleSystem'FX_MN_RPCT_07_V.Par_V_RPCT_07_Bazooka_Loop'"",""attachment"":{""mode"":""FOLLOW_NAMED_ANCHORS"",""sourceAnchorNames"":[""B_WP_2""],""runtimeAnchors"":[{""sourceAnchorName"":""B_WP_2"",""runtimeAnchorSlotId"":""B_WP_2"",""runtimeBoneName"":""b_wp_2"",""socketLocalTransform"":{""position"":[0.0,0.0,0.0],""rotationDegrees"":[0.0,0.0,0.0],""scale"":[1.0,1.0,1.0]},""resolutionStatus"":""EXACT_SOURCE_BONE""}],""runtimeAnchorSlotIds"":[""B_WP_2""],""runtimeAnchorSlotId"":""B_WP_2"",""runtimeBoneName"":""b_wp_2"",""socketLocalTransform"":{""position"":[0.0,0.0,0.0],""rotationDegrees"":[0.0,0.0,0.0],""scale"":[1.0,1.0,1.0]},""runtimeResolutionStatus"":""EXACT_SOURCE_BONE"",""sourceSelectorByteOffset"":392},""localTransform"":{""sourcePositionUeUnits"":[0.0,0.0,0.0],""position"":[0.0,0.0,-0.0],""rotationDegrees"":[0.0,0.0,-0.0],""scale"":[1.0,1.0,1.0]},""sourceTransformByteOffset"":407,""parameterOverridesDecoded"":true,""sourceParameterCountByteOffset"":499,""parameterOverrides"":[]}",2159827,167380,True,SOURCE_ASSET_EXPLICIT
confirmed_rehearsal_presentation_relation,MN_RPCT_07,4219985,쿠크세이튼_군단장 시그니쳐 스킬_공격_리허설,4,Att_battle_28_07,action-4219985/stage-004/notify-007,PlayParticleEffect,0.09128399938344955,9.64201545715332,True,,ParticleSystem:FX_MN_RPCT_07_V.Par_V_RPCT_Bazooka_mesh_01,"{""schema"":""lostark.cef-play-particle-effect-header"",""version"":2,""enabled"":true,""sourceByteOffset"":47,""sourceByteValue"":1,""particleDataDecoded"":true,""sourceParticleSystem"":""ParticleSystem'FX_MN_RPCT_07_V.Par_V_RPCT_Bazooka_mesh_01'"",""attachment"":{""mode"":""FOLLOW_NAMED_ANCHORS"",""sourceAnchorNames"":[""Bip002-R-Hand""],""runtimeAnchors"":[{""sourceAnchorName"":""Bip002-R-Hand"",""runtimeAnchorSlotId"":""Bip002-R-Hand"",""runtimeBoneName"":"""",""socketLocalTransform"":{""position"":[0.0,0.0,0.0],""rotationDegrees"":[0.0,0.0,0.0],""scale"":[1.0,1.0,1.0]},""resolutionStatus"":""MISSING_SOURCE_SOCKET""}],""runtimeAnchorSlotIds"":[""Bip002-R-Hand""],""runtimeAnchorSlotId"":""Bip002-R-Hand"",""runtimeBoneName"":"""",""socketLocalTransform"":{""position"":[0.0,0.0,0.0],""rotationDegrees"":[0.0,0.0,0.0],""scale"":[1.0,1.0,1.0]},""runtimeResolutionStatus"":""MISSING_SOURCE_SOCKET"",""sourceSelectorByteOffset"":383},""localTransform"":{""sourcePositionUeUnits"":[0.0,0.0,0.0],""position"":[0.0,0.0,-0.0],""rotationDegrees"":[0.0,0.0,-0.0],""scale"":[0.30000001192092896,0.30000001192092896,0.30000001192092896]},""sourceTransformByteOffset"":405,""parameterOverridesDecoded"":true,""sourceParameterCountByteOffset"":497,""parameterOverrides"":[]}",2160430,167411,True,SOURCE_ASSET_EXPLICIT
confirmed_rehearsal_presentation_relation,MN_RPCT_07,4219985,쿠크세이튼_군단장 시그니쳐 스킬_공격_리허설,4,Att_battle_28_07,action-4219985/stage-004/notify-008,Effect,0.20000000298023224,0.30000001192092896,,421991211,,,2161031,167441,True,TIMING_ONLY
confirmed_rehearsal_presentation_relation,MN_RPCT_07,4219985,쿠크세이튼_군단장 시그니쳐 스킬_공격_리허설,4,Att_battle_28_07,action-4219985/stage-004/notify-009,Effect,0.20000000298023224,0.30000001192092896,,421991211,,,2161181,167460,True,TIMING_ONLY
confirmed_rehearsal_presentation_relation,MN_RPCT_07,4219985,쿠크세이튼_군단장 시그니쳐 스킬_공격_리허설,4,Att_battle_28_07,action-4219985/stage-004/notify-010,Effect,0.5,0.30000001192092896,,421991211,,,2161331,167479,True,TIMING_ONLY
confirmed_rehearsal_presentation_relation,MN_RPCT_07,4219985,쿠크세이튼_군단장 시그니쳐 스킬_공격_리허설,4,Att_battle_28_07,action-4219985/stage-004/notify-011,Effect,0.5,0.30000001192092896,,421991211,,,2161481,167498,True,TIMING_ONLY
confirmed_rehearsal_presentation_relation,MN_RPCT_07,4219985,쿠크세이튼_군단장 시그니쳐 스킬_공격_리허설,4,Att_battle_28_07,action-4219985/stage-004/notify-012,Effect,0.800000011920929,0.30000001192092896,,421991211,,,2161631,167517,True,TIMING_ONLY
confirmed_rehearsal_presentation_relation,MN_RPCT_07,4219985,쿠크세이튼_군단장 시그니쳐 스킬_공격_리허설,4,Att_battle_28_07,action-4219985/stage-004/notify-013,Effect,0.800000011920929,0.30000001192092896,,421991211,,,2161781,167536,True,TIMING_ONLY
confirmed_rehearsal_presentation_relation,MN_RPCT_07,4219985,쿠크세이튼_군단장 시그니쳐 스킬_공격_리허설,4,Att_battle_28_07,action-4219985/stage-004/notify-014,AKEvent,1.0,2.2750110626220703,,,AkEvent:S_Mob_G_KoukuSatan1.G_KoukuSatan1_Attack23_Cast3,,2161931,167555,True,SOURCE_ASSET_EXPLICIT
confirmed_rehearsal_presentation_relation,MN_RPCT_07,4219985,쿠크세이튼_군단장 시그니쳐 스킬_공격_리허설,4,Att_battle_28_07,action-4219985/stage-004/notify-015,PlayParticleEffect,1.0653070211410522,0.0,True,,ParticleSystem:fx_mn_rpct_07_v.Par_V_RPCT_BallRead_Exp_01_LOC_INT,"{""schema"":""lostark.cef-play-particle-effect-header"",""version"":2,""enabled"":true,""sourceByteOffset"":47,""sourceByteValue"":1,""particleDataDecoded"":true,""sourceParticleSystem"":""ParticleSystem'fx_mn_rpct_07_v.Par_V_RPCT_BallRead_Exp_01_LOC_INT'"",""attachment"":{""mode"":""FOLLOW_NAMED_ANCHORS"",""sourceAnchorNames"":[""Bip002-R-Hand""],""runtimeAnchors"":[{""sourceAnchorName"":""Bip002-R-Hand"",""runtimeAnchorSlotId"":""Bip002-R-Hand"",""runtimeBoneName"":"""",""socketLocalTransform"":{""position"":[0.0,0.0,0.0],""rotationDegrees"":[0.0,0.0,0.0],""scale"":[1.0,1.0,1.0]},""resolutionStatus"":""MISSING_SOURCE_SOCKET""}],""runtimeAnchorSlotIds"":[""Bip002-R-Hand""],""runtimeAnchorSlotId"":""Bip002-R-Hand"",""runtimeBoneName"":"""",""socketLocalTransform"":{""position"":[0.0,0.0,0.0],""rotationDegrees"":[0.0,0.0,0.0],""scale"":[1.0,1.0,1.0]},""runtimeResolutionStatus"":""MISSING_SOURCE_SOCKET"",""sourceSelectorByteOffset"":397},""localTransform"":{""sourcePositionUeUnits"":[0.0,0.0,0.0],""position"":[0.0,0.0,-0.0],""rotationDegrees"":[0.0,0.0,-0.0],""scale"":[0.4000000059604645,0.4000000059604645,0.4000000059604645]},""sourceTransformByteOffset"":419,""parameterOverridesDecoded"":true,""sourceParameterCountByteOffset"":511,""parameterOverrides"":[]}",2162142,167584,True,SOURCE_ASSET_EXPLICIT
confirmed_rehearsal_presentation_relation,MN_RPCT_07,4219985,쿠크세이튼_군단장 시그니쳐 스킬_공격_리허설,4,Att_battle_28_07,action-4219985/stage-004/notify-016,PawnMaterialParam,1.0654710531234741,0.0,,,,,2162757,167615,True,SOURCE_PARAMETERS_SERIALIZED
confirmed_rehearsal_presentation_relation,MN_RPCT_07,4219985,쿠크세이튼_군단장 시그니쳐 스킬_공격_리허설,4,Att_battle_28_07,action-4219985/stage-004/notify-017,PlayParticleEffect,1.097085952758789,0.0,True,,ParticleSystem:fx_mn_rpct_07_v.Par_V_RPCT_signalShot_01_LOC_INT,"{""schema"":""lostark.cef-play-particle-effect-header"",""version"":2,""enabled"":true,""sourceByteOffset"":47,""sourceByteValue"":1,""particleDataDecoded"":true,""sourceParticleSystem"":""ParticleSystem'fx_mn_rpct_07_v.Par_V_RPCT_signalShot_01_LOC_INT'"",""attachment"":{""mode"":""FOLLOW_NAMED_ANCHORS"",""sourceAnchorNames"":[""Bip002-R-Hand""],""runtimeAnchors"":[{""sourceAnchorName"":""Bip002-R-Hand"",""runtimeAnchorSlotId"":""Bip002-R-Hand"",""runtimeBoneName"":"""",""socketLocalTransform"":{""position"":[0.0,0.0,0.0],""rotationDegrees"":[0.0,0.0,0.0],""scale"":[1.0,1.0,1.0]},""resolutionStatus"":""MISSING_SOURCE_SOCKET""}],""runtimeAnchorSlotIds"":[""Bip002-R-Hand""],""runtimeAnchorSlotId"":""Bip002-R-Hand"",""runtimeBoneName"":"""",""socketLocalTransform"":{""position"":[0.0,0.0,0.0],""rotationDegrees"":[0.0,0.0,0.0],""scale"":[1.0,1.0,1.0]},""runtimeResolutionStatus"":""MISSING_SOURCE_SOCKET"",""sourceSelectorByteOffset"":394},""localTransform"":{""sourcePositionUeUnits"":[0.0,0.0,50.0],""position"":[0.0,0.5,-0.0],""rotationDegrees"":[0.0,0.0,-0.0],""scale"":[1.0,1.0,1.0]},""sourceTransformByteOffset"":416,""parameterOverridesDecoded"":true,""sourceParameterCountByteOffset"":508,""parameterOverrides"":[{""sourceIndex"":0,""name"":""Color"",""sourceTypeCode"":3,""sourceRecordByteOffset"":512,""type"":""vector"",""vectorValue"":[1.0,1.0,1.0],""sourceValueByteOffset"":534}]}",2163185,167638,True,SOURCE_ASSET_EXPLICIT
confirmed_rehearsal_presentation_relation,MN_RPCT_07,4219985,쿠크세이튼_군단장 시그니쳐 스킬_공격_리허설,4,Att_battle_28_07,action-4219985/stage-004/notify-018,Effect,1.100000023841858,0.30000001192092896,,421991211,,,2163876,167670,True,TIMING_ONLY
confirmed_rehearsal_presentation_relation,MN_RPCT_07,4219985,쿠크세이튼_군단장 시그니쳐 스킬_공격_리허설,4,Att_battle_28_07,action-4219985/stage-004/notify-019,Effect,1.100000023841858,0.30000001192092896,,421991211,,,2164026,167689,True,TIMING_ONLY
confirmed_rehearsal_presentation_relation,MN_RPCT_07,4219985,쿠크세이튼_군단장 시그니쳐 스킬_공격_리허설,4,Att_battle_28_07,action-4219985/stage-004/notify-020,Effect,1.2999999523162842,0.10000000149011612,,421991221,,,2164176,167708,True,TIMING_ONLY
confirmed_rehearsal_presentation_relation,MN_RPCT_07,4219985,쿠크세이튼_군단장 시그니쳐 스킬_공격_리허설,4,Att_battle_28_07,action-4219985/stage-004/notify-021,Effect,1.399999976158142,0.30000001192092896,,421991211,,,2164326,167727,True,TIMING_ONLY
confirmed_rehearsal_presentation_relation,MN_RPCT_07,4219985,쿠크세이튼_군단장 시그니쳐 스킬_공격_리허설,4,Att_battle_28_07,action-4219985/stage-004/notify-022,Effect,1.399999976158142,0.30000001192092896,,421991211,,,2164476,167746,True,TIMING_ONLY
confirmed_rehearsal_presentation_relation,MN_RPCT_07,4219985,쿠크세이튼_군단장 시그니쳐 스킬_공격_리허설,4,Att_battle_28_07,action-4219985/stage-004/notify-023,Effect,1.7000000476837158,0.30000001192092896,,421991211,,,2164626,167765,True,TIMING_ONLY
confirmed_rehearsal_presentation_relation,MN_RPCT_07,4219985,쿠크세이튼_군단장 시그니쳐 스킬_공격_리허설,4,Att_battle_28_07,action-4219985/stage-004/notify-024,Effect,1.7000000476837158,0.30000001192092896,,421991211,,,2164776,167784,True,TIMING_ONLY
confirmed_rehearsal_presentation_relation,MN_RPCT_07,4219985,쿠크세이튼_군단장 시그니쳐 스킬_공격_리허설,4,Att_battle_28_07,action-4219985/stage-004/notify-025,Effect,2.0,0.30000001192092896,,421991211,,,2164926,167803,True,TIMING_ONLY
confirmed_rehearsal_presentation_relation,MN_RPCT_07,4219985,쿠크세이튼_군단장 시그니쳐 스킬_공격_리허설,4,Att_battle_28_07,action-4219985/stage-004/notify-026,Effect,2.0,0.30000001192092896,,421991211,,,2165076,167822,True,TIMING_ONLY
confirmed_rehearsal_presentation_relation,MN_RPCT_07,4219985,쿠크세이튼_군단장 시그니쳐 스킬_공격_리허설,4,Att_battle_28_07,action-4219985/stage-004/notify-027,Effect,2.299999952316284,0.30000001192092896,,421991211,,,2165226,167841,True,TIMING_ONLY
confirmed_rehearsal_presentation_relation,MN_RPCT_07,4219985,쿠크세이튼_군단장 시그니쳐 스킬_공격_리허설,4,Att_battle_28_07,action-4219985/stage-004/notify-028,Effect,2.299999952316284,0.30000001192092896,,421991211,,,2165376,167860,True,TIMING_ONLY
confirmed_rehearsal_presentation_relation,MN_RPCT_07,4219985,쿠크세이튼_군단장 시그니쳐 스킬_공격_리허설,4,Att_battle_28_07,action-4219985/stage-004/notify-029,Effect,2.5999999046325684,0.30000001192092896,,421991211,,,2165526,167879,True,TIMING_ONLY
confirmed_rehearsal_presentation_relation,MN_RPCT_07,4219985,쿠크세이튼_군단장 시그니쳐 스킬_공격_리허설,4,Att_battle_28_07,action-4219985/stage-004/notify-030,Effect,2.5999999046325684,0.30000001192092896,,421991211,,,2165676,167898,True,TIMING_ONLY
confirmed_rehearsal_presentation_relation,MN_RPCT_07,4219985,쿠크세이튼_군단장 시그니쳐 스킬_공격_리허설,4,Att_battle_28_07,action-4219985/stage-004/notify-031,Effect,2.9000000953674316,0.30000001192092896,,421991211,,,2165826,167917,True,TIMING_ONLY
confirmed_rehearsal_presentation_relation,MN_RPCT_07,4219985,쿠크세이튼_군단장 시그니쳐 스킬_공격_리허설,4,Att_battle_28_07,action-4219985/stage-004/notify-032,Effect,2.9000000953674316,0.30000001192092896,,421991211,,,2165976,167936,True,TIMING_ONLY
confirmed_rehearsal_presentation_relation,MN_RPCT_07,4219985,쿠크세이튼_군단장 시그니쳐 스킬_공격_리허설,4,Att_battle_28_07,action-4219985/stage-004/notify-033,Effect,3.200000047683716,0.30000001192092896,,421991211,,,2166126,167955,True,TIMING_ONLY
confirmed_rehearsal_presentation_relation,MN_RPCT_07,4219985,쿠크세이튼_군단장 시그니쳐 스킬_공격_리허설,4,Att_battle_28_07,action-4219985/stage-004/notify-034,Effect,3.200000047683716,0.30000001192092896,,421991211,,,2166276,167974,True,TIMING_ONLY
confirmed_rehearsal_presentation_relation,MN_RPCT_07,4219985,쿠크세이튼_군단장 시그니쳐 스킬_공격_리허설,4,Att_battle_28_07,action-4219985/stage-004/notify-035,Effect,3.5,0.30000001192092896,,421991211,,,2166426,167993,True,TIMING_ONLY
confirmed_rehearsal_presentation_relation,MN_RPCT_07,4219985,쿠크세이튼_군단장 시그니쳐 스킬_공격_리허설,4,Att_battle_28_07,action-4219985/stage-004/notify-036,Effect,3.5,0.30000001192092896,,421991211,,,2166576,168012,True,TIMING_ONLY
confirmed_rehearsal_presentation_relation,MN_RPCT_07,4219985,쿠크세이튼_군단장 시그니쳐 스킬_공격_리허설,4,Att_battle_28_07,action-4219985/stage-004/notify-037,Effect,3.5,0.30000001192092896,,421991215,,,2166726,168031,True,TIMING_ONLY
confirmed_rehearsal_presentation_relation,MN_RPCT_07,4219985,쿠크세이튼_군단장 시그니쳐 스킬_공격_리허설,4,Att_battle_28_07,action-4219985/stage-004/notify-038,Effect,3.5,0.30000001192092896,,421991215,,,2166876,168050,True,TIMING_ONLY
confirmed_rehearsal_presentation_relation,MN_RPCT_07,4219985,쿠크세이튼_군단장 시그니쳐 스킬_공격_리허설,4,Att_battle_28_07,action-4219985/stage-004/notify-039,Effect,3.799999952316284,0.30000001192092896,,421991211,,,2167026,168069,True,TIMING_ONLY
confirmed_rehearsal_presentation_relation,MN_RPCT_07,4219985,쿠크세이튼_군단장 시그니쳐 스킬_공격_리허설,4,Att_battle_28_07,action-4219985/stage-004/notify-040,Effect,3.799999952316284,0.30000001192092896,,421991211,,,2167176,168088,True,TIMING_ONLY
confirmed_rehearsal_presentation_relation,MN_RPCT_07,4219985,쿠크세이튼_군단장 시그니쳐 스킬_공격_리허설,4,Att_battle_28_07,action-4219985/stage-004/notify-041,Effect,4.099999904632568,0.30000001192092896,,421991211,,,2167326,168107,True,TIMING_ONLY
confirmed_rehearsal_presentation_relation,MN_RPCT_07,4219985,쿠크세이튼_군단장 시그니쳐 스킬_공격_리허설,4,Att_battle_28_07,action-4219985/stage-004/notify-042,Effect,4.099999904632568,0.30000001192092896,,421991211,,,2167476,168126,True,TIMING_ONLY
confirmed_rehearsal_presentation_relation,MN_RPCT_07,4219985,쿠크세이튼_군단장 시그니쳐 스킬_공격_리허설,4,Att_battle_28_07,action-4219985/stage-004/notify-043,Effect,4.400000095367432,0.30000001192092896,,421991211,,,2167626,168145,True,TIMING_ONLY
confirmed_rehearsal_presentation_relation,MN_RPCT_07,4219985,쿠크세이튼_군단장 시그니쳐 스킬_공격_리허설,4,Att_battle_28_07,action-4219985/stage-004/notify-044,Effect,4.400000095367432,0.30000001192092896,,421991211,,,2167776,168164,True,TIMING_ONLY
confirmed_rehearsal_presentation_relation,MN_RPCT_07,4219985,쿠크세이튼_군단장 시그니쳐 스킬_공격_리허설,4,Att_battle_28_07,action-4219985/stage-004/notify-045,Effect,4.800000190734863,0.30000001192092896,,421991211,,,2167926,168183,True,TIMING_ONLY
confirmed_rehearsal_presentation_relation,MN_RPCT_07,4219985,쿠크세이튼_군단장 시그니쳐 스킬_공격_리허설,4,Att_battle_28_07,action-4219985/stage-004/notify-046,Effect,4.800000190734863,0.30000001192092896,,421991211,,,2168076,168202,True,TIMING_ONLY
confirmed_rehearsal_presentation_relation,MN_RPCT_07,4219985,쿠크세이튼_군단장 시그니쳐 스킬_공격_리허설,4,Att_battle_28_07,action-4219985/stage-004/notify-047,Effect,5.099999904632568,0.30000001192092896,,421991211,,,2168226,168221,True,TIMING_ONLY
confirmed_rehearsal_presentation_relation,MN_RPCT_07,4219985,쿠크세이튼_군단장 시그니쳐 스킬_공격_리허설,4,Att_battle_28_07,action-4219985/stage-004/notify-048,Effect,5.099999904632568,0.30000001192092896,,421991211,,,2168376,168240,True,TIMING_ONLY
confirmed_rehearsal_presentation_relation,MN_RPCT_07,4219985,쿠크세이튼_군단장 시그니쳐 스킬_공격_리허설,4,Att_battle_28_07,action-4219985/stage-004/notify-049,Effect,5.400000095367432,0.30000001192092896,,421991211,,,2168526,168259,True,TIMING_ONLY
confirmed_rehearsal_presentation_relation,MN_RPCT_07,4219985,쿠크세이튼_군단장 시그니쳐 스킬_공격_리허설,4,Att_battle_28_07,action-4219985/stage-004/notify-050,Effect,5.400000095367432,0.30000001192092896,,421991211,,,2168676,168278,True,TIMING_ONLY
confirmed_rehearsal_presentation_relation,MN_RPCT_07,4219985,쿠크세이튼_군단장 시그니쳐 스킬_공격_리허설,4,Att_battle_28_07,action-4219985/stage-004/notify-051,Effect,5.599999904632568,0.30000001192092896,,421991211,,,2168826,168297,True,TIMING_ONLY
confirmed_rehearsal_presentation_relation,MN_RPCT_07,4219985,쿠크세이튼_군단장 시그니쳐 스킬_공격_리허설,4,Att_battle_28_07,action-4219985/stage-004/notify-052,Effect,5.599999904632568,0.30000001192092896,,421991211,,,2168976,168316,True,TIMING_ONLY
confirmed_rehearsal_presentation_relation,MN_RPCT_07,4219985,쿠크세이튼_군단장 시그니쳐 스킬_공격_리허설,4,Att_battle_28_07,action-4219985/stage-004/notify-053,Effect,5.800000190734863,0.30000001192092896,,421991211,,,2169126,168335,True,TIMING_ONLY
confirmed_rehearsal_presentation_relation,MN_RPCT_07,4219985,쿠크세이튼_군단장 시그니쳐 스킬_공격_리허설,4,Att_battle_28_07,action-4219985/stage-004/notify-054,Effect,5.800000190734863,0.30000001192092896,,421991211,,,2169276,168354,True,TIMING_ONLY
confirmed_rehearsal_presentation_relation,MN_RPCT_07,4219985,쿠크세이튼_군단장 시그니쳐 스킬_공격_리허설,4,Att_battle_28_07,action-4219985/stage-004/notify-055,Effect,5.800000190734863,0.10000000149011612,,421991219,,,2169426,168373,True,TIMING_ONLY
confirmed_rehearsal_presentation_relation,MN_RPCT_07,4219985,쿠크세이튼_군단장 시그니쳐 스킬_공격_리허설,4,Att_battle_28_07,action-4219985/stage-004/notify-056,Effect,6.0,0.30000001192092896,,421991211,,,2169576,168392,True,TIMING_ONLY
confirmed_rehearsal_presentation_relation,MN_RPCT_07,4219985,쿠크세이튼_군단장 시그니쳐 스킬_공격_리허설,4,Att_battle_28_07,action-4219985/stage-004/notify-057,Effect,6.0,0.30000001192092896,,421991211,,,2169726,168411,True,TIMING_ONLY
confirmed_rehearsal_presentation_relation,MN_RPCT_07,4219985,쿠크세이튼_군단장 시그니쳐 스킬_공격_리허설,4,Att_battle_28_07,action-4219985/stage-004/notify-058,Effect,6.199999809265137,0.30000001192092896,,421991211,,,2169876,168430,True,TIMING_ONLY
confirmed_rehearsal_presentation_relation,MN_RPCT_07,4219985,쿠크세이튼_군단장 시그니쳐 스킬_공격_리허설,4,Att_battle_28_07,action-4219985/stage-004/notify-059,Effect,6.199999809265137,0.30000001192092896,,421991211,,,2170026,168449,True,TIMING_ONLY
confirmed_rehearsal_presentation_relation,MN_RPCT_07,4219985,쿠크세이튼_군단장 시그니쳐 스킬_공격_리허설,4,Att_battle_28_07,action-4219985/stage-004/notify-060,Effect,6.5,0.4000000059604645,,421991211,,,2170176,168468,True,TIMING_ONLY
confirmed_rehearsal_presentation_relation,MN_RPCT_07,4219985,쿠크세이튼_군단장 시그니쳐 스킬_공격_리허설,4,Att_battle_28_07,action-4219985/stage-004/notify-061,Effect,6.5,0.4000000059604645,,421991211,,,2170326,168487,True,TIMING_ONLY
confirmed_rehearsal_presentation_relation,MN_RPCT_07,4219985,쿠크세이튼_군단장 시그니쳐 스킬_공격_리허설,4,Att_battle_28_07,action-4219985/stage-004/notify-062,Effect,6.630000114440918,0.0,,421991243,,,2170476,168506,True,TIMING_ONLY
confirmed_rehearsal_presentation_relation,MN_RPCT_07,4219985,쿠크세이튼_군단장 시그니쳐 스킬_공격_리허설,4,Att_battle_28_07,action-4219985/stage-004/notify-063,Effect,6.900000095367432,0.30000001192092896,,421991211,,,2170626,168525,True,TIMING_ONLY
confirmed_rehearsal_presentation_relation,MN_RPCT_07,4219985,쿠크세이튼_군단장 시그니쳐 스킬_공격_리허설,4,Att_battle_28_07,action-4219985/stage-004/notify-064,Effect,6.900000095367432,0.30000001192092896,,421991211,,,2170776,168544,True,TIMING_ONLY
confirmed_rehearsal_presentation_relation,MN_RPCT_07,4219985,쿠크세이튼_군단장 시그니쳐 스킬_공격_리허설,4,Att_battle_28_07,action-4219985/stage-004/notify-065,Effect,7.199999809265137,0.30000001192092896,,421991211,,,2170926,168563,True,TIMING_ONLY
confirmed_rehearsal_presentation_relation,MN_RPCT_07,4219985,쿠크세이튼_군단장 시그니쳐 스킬_공격_리허설,4,Att_battle_28_07,action-4219985/stage-004/notify-066,Effect,7.199999809265137,0.30000001192092896,,421991211,,,2171076,168582,True,TIMING_ONLY
confirmed_rehearsal_presentation_relation,MN_RPCT_07,4219985,쿠크세이튼_군단장 시그니쳐 스킬_공격_리허설,4,Att_battle_28_07,action-4219985/stage-004/notify-067,Effect,7.5,0.30000001192092896,,421991211,,,2171226,168601,True,TIMING_ONLY
confirmed_rehearsal_presentation_relation,MN_RPCT_07,4219985,쿠크세이튼_군단장 시그니쳐 스킬_공격_리허설,4,Att_battle_28_07,action-4219985/stage-004/notify-068,Effect,7.5,0.30000001192092896,,421991211,,,2171376,168620,True,TIMING_ONLY
confirmed_rehearsal_presentation_relation,MN_RPCT_07,4219985,쿠크세이튼_군단장 시그니쳐 스킬_공격_리허설,4,Att_battle_28_07,action-4219985/stage-004/notify-069,Effect,7.800000190734863,0.30000001192092896,,421991211,,,2171526,168639,True,TIMING_ONLY
confirmed_rehearsal_presentation_relation,MN_RPCT_07,4219985,쿠크세이튼_군단장 시그니쳐 스킬_공격_리허설,4,Att_battle_28_07,action-4219985/stage-004/notify-070,Effect,7.800000190734863,0.30000001192092896,,421991211,,,2171676,168658,True,TIMING_ONLY
confirmed_rehearsal_presentation_relation,MN_RPCT_07,4219985,쿠크세이튼_군단장 시그니쳐 스킬_공격_리허설,4,Att_battle_28_07,action-4219985/stage-004/notify-071,Effect,8.100000381469727,0.30000001192092896,,421991211,,,2171826,168677,True,TIMING_ONLY
confirmed_rehearsal_presentation_relation,MN_RPCT_07,4219985,쿠크세이튼_군단장 시그니쳐 스킬_공격_리허설,4,Att_battle_28_07,action-4219985/stage-004/notify-072,Effect,8.100000381469727,0.30000001192092896,,421991211,,,2171976,168696,True,TIMING_ONLY
confirmed_rehearsal_presentation_relation,MN_RPCT_07,4219985,쿠크세이튼_군단장 시그니쳐 스킬_공격_리허설,4,Att_battle_28_07,action-4219985/stage-004/notify-073,AKEvent,8.390000343322754,1.3432999849319458,,,AkEvent:S_Mob_G_KoukuSatan1.G_KoukuSatan1_Attack23_Cast2,,2172126,168715,True,SOURCE_ASSET_EXPLICIT
confirmed_rehearsal_presentation_relation,MN_RPCT_07,4219985,쿠크세이튼_군단장 시그니쳐 스킬_공격_리허설,4,Att_battle_28_07,action-4219985/stage-004/notify-074,MonsterMoveNextStage,9.630000114440918,0.0,,,,,2172337,168744,True,TIMING_OR_STATE_ONLY
confirmed_rehearsal_presentation_relation,MN_RPCT_07,4219985,쿠크세이튼_군단장 시그니쳐 스킬_공격_리허설,5,Att_battle_28_08,action-4219985/stage-005/notify-000,Anim,0.0,4.8333330154418945,,,,,2174241,168784,True,SOURCE_CLIP_EXPLICIT
confirmed_rehearsal_presentation_relation,MN_RPCT_07,4219985,쿠크세이튼_군단장 시그니쳐 스킬_공격_리허설,5,Att_battle_28_08,action-4219985/stage-005/notify-001,PlayParticleEffect,0.0,4.8333001136779785,True,,ParticleSystem:FX_MN_RPCT_07_V.Par_V_RPCT_07_Bazooka_Loop,"{""schema"":""lostark.cef-play-particle-effect-header"",""version"":2,""enabled"":true,""sourceByteOffset"":47,""sourceByteValue"":1,""particleDataDecoded"":true,""sourceParticleSystem"":""ParticleSystem'FX_MN_RPCT_07_V.Par_V_RPCT_07_Bazooka_Loop'"",""attachment"":{""mode"":""FOLLOW_NAMED_ANCHORS"",""sourceAnchorNames"":[""B_WP_1""],""runtimeAnchors"":[{""sourceAnchorName"":""B_WP_1"",""runtimeAnchorSlotId"":""B_WP_1"",""runtimeBoneName"":""b_wp_1"",""socketLocalTransform"":{""position"":[0.0,0.0,0.0],""rotationDegrees"":[0.0,0.0,0.0],""scale"":[1.0,1.0,1.0]},""resolutionStatus"":""EXACT_SOURCE_BONE""}],""runtimeAnchorSlotIds"":[""B_WP_1""],""runtimeAnchorSlotId"":""B_WP_1"",""runtimeBoneName"":""b_wp_1"",""socketLocalTransform"":{""position"":[0.0,0.0,0.0],""rotationDegrees"":[0.0,0.0,0.0],""scale"":[1.0,1.0,1.0]},""runtimeResolutionStatus"":""EXACT_SOURCE_BONE"",""sourceSelectorByteOffset"":392},""localTransform"":{""sourcePositionUeUnits"":[0.0,0.0,0.0],""position"":[0.0,0.0,-0.0],""rotationDegrees"":[0.0,0.0,-0.0],""scale"":[1.0,1.0,1.0]},""sourceTransformByteOffset"":407,""parameterOverridesDecoded"":true,""sourceParameterCountByteOffset"":499,""parameterOverrides"":[]}",2174533,168811,True,SOURCE_ASSET_EXPLICIT
confirmed_rehearsal_presentation_relation,MN_RPCT_07,4219985,쿠크세이튼_군단장 시그니쳐 스킬_공격_리허설,5,Att_battle_28_08,action-4219985/stage-005/notify-002,PlayParticleEffect,0.0,4.8333001136779785,True,,ParticleSystem:FX_MN_RPCT_07_V.Par_V_RPCT_07_Bazooka_Loop,"{""schema"":""lostark.cef-play-particle-effect-header"",""version"":2,""enabled"":true,""sourceByteOffset"":47,""sourceByteValue"":1,""particleDataDecoded"":true,""sourceParticleSystem"":""ParticleSystem'FX_MN_RPCT_07_V.Par_V_RPCT_07_Bazooka_Loop'"",""attachment"":{""mode"":""FOLLOW_NAMED_ANCHORS"",""sourceAnchorNames"":[""B_WP_2""],""runtimeAnchors"":[{""sourceAnchorName"":""B_WP_2"",""runtimeAnchorSlotId"":""B_WP_2"",""runtimeBoneName"":""b_wp_2"",""socketLocalTransform"":{""position"":[0.0,0.0,0.0],""rotationDegrees"":[0.0,0.0,0.0],""scale"":[1.0,1.0,1.0]},""resolutionStatus"":""EXACT_SOURCE_BONE""}],""runtimeAnchorSlotIds"":[""B_WP_2""],""runtimeAnchorSlotId"":""B_WP_2"",""runtimeBoneName"":""b_wp_2"",""socketLocalTransform"":{""position"":[0.0,0.0,0.0],""rotationDegrees"":[0.0,0.0,0.0],""scale"":[1.0,1.0,1.0]},""runtimeResolutionStatus"":""EXACT_SOURCE_BONE"",""sourceSelectorByteOffset"":392},""localTransform"":{""sourcePositionUeUnits"":[0.0,0.0,0.0],""position"":[0.0,0.0,-0.0],""rotationDegrees"":[0.0,0.0,-0.0],""scale"":[1.0,1.0,1.0]},""sourceTransformByteOffset"":407,""parameterOverridesDecoded"":true,""sourceParameterCountByteOffset"":499,""parameterOverrides"":[]}",2175136,168842,True,SOURCE_ASSET_EXPLICIT
confirmed_rehearsal_presentation_relation,MN_RPCT_07,4219985,쿠크세이튼_군단장 시그니쳐 스킬_공격_리허설,5,Att_battle_28_08,action-4219985/stage-005/notify-003,LookTarget,0.0,0.699999988079071,,,,,2175739,168873,True,TIMING_OR_STATE_ONLY
confirmed_rehearsal_presentation_relation,MN_RPCT_07,4219985,쿠크세이튼_군단장 시그니쳐 스킬_공격_리허설,5,Att_battle_28_08,action-4219985/stage-005/notify-004,PlayParticleEffect,0.0,1.5217020511627197,True,,ParticleSystem:fx_mn_rpct_07_v.Par_V_RPCT_Gun_shot_Decal_01_LOC_INT,"{""schema"":""lostark.cef-play-particle-effect-header"",""version"":2,""enabled"":true,""sourceByteOffset"":47,""sourceByteValue"":1,""particleDataDecoded"":true,""sourceParticleSystem"":""ParticleSystem'fx_mn_rpct_07_v.Par_V_RPCT_Gun_shot_Decal_01_LOC_INT'"",""attachment"":{""mode"":""FOLLOW_NAMED_ANCHORS"",""sourceAnchorNames"":[""B_Root""],""runtimeAnchors"":[{""sourceAnchorName"":""B_Root"",""runtimeAnchorSlotId"":""B_Root"",""runtimeBoneName"":""b_root"",""socketLocalTransform"":{""position"":[0.0,0.0,0.0],""rotationDegrees"":[0.0,0.0,0.0],""scale"":[1.0,1.0,1.0]},""resolutionStatus"":""EXACT_SOURCE_BONE""}],""runtimeAnchorSlotIds"":[""B_Root""],""runtimeAnchorSlotId"":""B_Root"",""runtimeBoneName"":""b_root"",""socketLocalTransform"":{""position"":[0.0,0.0,0.0],""rotationDegrees"":[0.0,0.0,0.0],""scale"":[1.0,1.0,1.0]},""runtimeResolutionStatus"":""EXACT_SOURCE_BONE"",""sourceSelectorByteOffset"":399},""localTransform"":{""sourcePositionUeUnits"":[0.0,0.0,0.0],""position"":[0.0,0.0,-0.0],""rotationDegrees"":[0.0,0.0,-0.0],""scale"":[1.0,1.0,1.0]},""sourceTransformByteOffset"":414,""parameterOverridesDecoded"":true,""sourceParameterCountByteOffset"":506,""parameterOverrides"":[]}",2175841,168892,True,SOURCE_ASSET_EXPLICIT
confirmed_rehearsal_presentation_relation,MN_RPCT_07,4219985,쿠크세이튼_군단장 시그니쳐 스킬_공격_리허설,5,Att_battle_28_08,action-4219985/stage-005/notify-005,PlayParticleEffect,0.09128399938344955,4.742015838623047,True,,ParticleSystem:FX_MN_RPCT_07_V.Par_V_RPCT_Bazooka_mesh_01,"{""schema"":""lostark.cef-play-particle-effect-header"",""version"":2,""enabled"":true,""sourceByteOffset"":47,""sourceByteValue"":1,""particleDataDecoded"":true,""sourceParticleSystem"":""ParticleSystem'FX_MN_RPCT_07_V.Par_V_RPCT_Bazooka_mesh_01'"",""attachment"":{""mode"":""FOLLOW_NAMED_ANCHORS"",""sourceAnchorNames"":[""Bip002-R-Hand""],""runtimeAnchors"":[{""sourceAnchorName"":""Bip002-R-Hand"",""runtimeAnchorSlotId"":""Bip002-R-Hand"",""runtimeBoneName"":"""",""socketLocalTransform"":{""position"":[0.0,0.0,0.0],""rotationDegrees"":[0.0,0.0,0.0],""scale"":[1.0,1.0,1.0]},""resolutionStatus"":""MISSING_SOURCE_SOCKET""}],""runtimeAnchorSlotIds"":[""Bip002-R-Hand""],""runtimeAnchorSlotId"":""Bip002-R-Hand"",""runtimeBoneName"":"""",""socketLocalTransform"":{""position"":[0.0,0.0,0.0],""rotationDegrees"":[0.0,0.0,0.0],""scale"":[1.0,1.0,1.0]},""runtimeResolutionStatus"":""MISSING_SOURCE_SOCKET"",""sourceSelectorByteOffset"":383},""localTransform"":{""sourcePositionUeUnits"":[0.0,0.0,0.0],""position"":[0.0,0.0,-0.0],""rotationDegrees"":[0.0,0.0,-0.0],""scale"":[0.30000001192092896,0.30000001192092896,0.30000001192092896]},""sourceTransformByteOffset"":405,""parameterOverridesDecoded"":true,""sourceParameterCountByteOffset"":497,""parameterOverrides"":[]}",2176451,168923,True,SOURCE_ASSET_EXPLICIT
confirmed_rehearsal_presentation_relation,MN_RPCT_07,4219985,쿠크세이튼_군단장 시그니쳐 스킬_공격_리허설,5,Att_battle_28_08,action-4219985/stage-005/notify-006,Effect,0.5,0.10000000149011612,,421991235,,,2177052,168953,True,TIMING_ONLY
confirmed_rehearsal_presentation_relation,MN_RPCT_07,4219985,쿠크세이튼_군단장 시그니쳐 스킬_공격_리허설,5,Att_battle_28_08,action-4219985/stage-005/notify-007,Effect,0.5,0.10000000149011612,,421991236,,,2177202,168972,True,TIMING_ONLY
confirmed_rehearsal_presentation_relation,MN_RPCT_07,4219985,쿠크세이튼_군단장 시그니쳐 스킬_공격_리허설,5,Att_battle_28_08,action-4219985/stage-005/notify-008,AKEvent,1.0,2.2750110626220703,,,AkEvent:S_Mob_G_KoukuSatan1.G_KoukuSatan1_Attack23_Cast3,,2177352,168991,True,SOURCE_ASSET_EXPLICIT
confirmed_rehearsal_presentation_relation,MN_RPCT_07,4219985,쿠크세이튼_군단장 시그니쳐 스킬_공격_리허설,5,Att_battle_28_08,action-4219985/stage-005/notify-009,PlayParticleEffect,1.0653070211410522,0.0,True,,ParticleSystem:fx_mn_rpct_07_v.Par_V_RPCT_BallRead_Exp_01_LOC_INT,"{""schema"":""lostark.cef-play-particle-effect-header"",""version"":2,""enabled"":true,""sourceByteOffset"":47,""sourceByteValue"":1,""particleDataDecoded"":true,""sourceParticleSystem"":""ParticleSystem'fx_mn_rpct_07_v.Par_V_RPCT_BallRead_Exp_01_LOC_INT'"",""attachment"":{""mode"":""FOLLOW_NAMED_ANCHORS"",""sourceAnchorNames"":[""Bip002-R-Hand""],""runtimeAnchors"":[{""sourceAnchorName"":""Bip002-R-Hand"",""runtimeAnchorSlotId"":""Bip002-R-Hand"",""runtimeBoneName"":"""",""socketLocalTransform"":{""position"":[0.0,0.0,0.0],""rotationDegrees"":[0.0,0.0,0.0],""scale"":[1.0,1.0,1.0]},""resolutionStatus"":""MISSING_SOURCE_SOCKET""}],""runtimeAnchorSlotIds"":[""Bip002-R-Hand""],""runtimeAnchorSlotId"":""Bip002-R-Hand"",""runtimeBoneName"":"""",""socketLocalTransform"":{""position"":[0.0,0.0,0.0],""rotationDegrees"":[0.0,0.0,0.0],""scale"":[1.0,1.0,1.0]},""runtimeResolutionStatus"":""MISSING_SOURCE_SOCKET"",""sourceSelectorByteOffset"":397},""localTransform"":{""sourcePositionUeUnits"":[0.0,0.0,0.0],""position"":[0.0,0.0,-0.0],""rotationDegrees"":[0.0,0.0,-0.0],""scale"":[0.4000000059604645,0.4000000059604645,0.4000000059604645]},""sourceTransformByteOffset"":419,""parameterOverridesDecoded"":true,""sourceParameterCountByteOffset"":511,""parameterOverrides"":[]}",2177563,169020,True,SOURCE_ASSET_EXPLICIT
confirmed_rehearsal_presentation_relation,MN_RPCT_07,4219985,쿠크세이튼_군단장 시그니쳐 스킬_공격_리허설,5,Att_battle_28_08,action-4219985/stage-005/notify-010,PawnMaterialParam,1.0654710531234741,0.0,,,,,2178178,169051,True,SOURCE_PARAMETERS_SERIALIZED
confirmed_rehearsal_presentation_relation,MN_RPCT_07,4219985,쿠크세이튼_군단장 시그니쳐 스킬_공격_리허설,5,Att_battle_28_08,action-4219985/stage-005/notify-011,PlayParticleEffect,1.097085952758789,0.0,True,,ParticleSystem:fx_mn_rpct_07_v.Par_V_RPCT_signalShot_01_LOC_INT,"{""schema"":""lostark.cef-play-particle-effect-header"",""version"":2,""enabled"":true,""sourceByteOffset"":47,""sourceByteValue"":1,""particleDataDecoded"":true,""sourceParticleSystem"":""ParticleSystem'fx_mn_rpct_07_v.Par_V_RPCT_signalShot_01_LOC_INT'"",""attachment"":{""mode"":""FOLLOW_NAMED_ANCHORS"",""sourceAnchorNames"":[""Bip002-R-Hand""],""runtimeAnchors"":[{""sourceAnchorName"":""Bip002-R-Hand"",""runtimeAnchorSlotId"":""Bip002-R-Hand"",""runtimeBoneName"":"""",""socketLocalTransform"":{""position"":[0.0,0.0,0.0],""rotationDegrees"":[0.0,0.0,0.0],""scale"":[1.0,1.0,1.0]},""resolutionStatus"":""MISSING_SOURCE_SOCKET""}],""runtimeAnchorSlotIds"":[""Bip002-R-Hand""],""runtimeAnchorSlotId"":""Bip002-R-Hand"",""runtimeBoneName"":"""",""socketLocalTransform"":{""position"":[0.0,0.0,0.0],""rotationDegrees"":[0.0,0.0,0.0],""scale"":[1.0,1.0,1.0]},""runtimeResolutionStatus"":""MISSING_SOURCE_SOCKET"",""sourceSelectorByteOffset"":394},""localTransform"":{""sourcePositionUeUnits"":[0.0,0.0,50.0],""position"":[0.0,0.5,-0.0],""rotationDegrees"":[0.0,0.0,-0.0],""scale"":[1.0,1.0,1.0]},""sourceTransformByteOffset"":416,""parameterOverridesDecoded"":true,""sourceParameterCountByteOffset"":508,""parameterOverrides"":[{""sourceIndex"":0,""name"":""Color"",""sourceTypeCode"":3,""sourceRecordByteOffset"":512,""type"":""vector"",""vectorValue"":[1.0,1.0,1.0],""sourceValueByteOffset"":534}]}",2178606,169074,True,SOURCE_ASSET_EXPLICIT
confirmed_rehearsal_presentation_relation,MN_RPCT_07,4219985,쿠크세이튼_군단장 시그니쳐 스킬_공격_리허설,5,Att_battle_28_08,action-4219985/stage-005/notify-012,AKEvent,1.4800000190734863,3.353300094604492,,,AkEvent:S_Mob_G_KoukuSatan1.G_KoukuSatan1_Attack23_Shot3,,2179297,169106,True,SOURCE_ASSET_EXPLICIT
confirmed_rehearsal_presentation_relation,MN_RPCT_07,4219985,쿠크세이튼_군단장 시그니쳐 스킬_공격_리허설,5,Att_battle_28_08,action-4219985/stage-005/notify-013,Effect,1.5,0.30000001192092896,,421991211,,,2179508,169135,True,TIMING_ONLY
confirmed_rehearsal_presentation_relation,MN_RPCT_07,4219985,쿠크세이튼_군단장 시그니쳐 스킬_공격_리허설,5,Att_battle_28_08,action-4219985/stage-005/notify-014,Effect,1.5,0.30000001192092896,,421991211,,,2179658,169154,True,TIMING_ONLY
confirmed_rehearsal_presentation_relation,MN_RPCT_07,4219985,쿠크세이튼_군단장 시그니쳐 스킬_공격_리허설,5,Att_battle_28_08,action-4219985/stage-005/notify-015,PlayParticleEffect,1.5039130449295044,0.0,True,,ParticleSystem:fx_mn_rpct_07_v.Par_V_RPCT_Signature_01_1_LOC_INT,"{""schema"":""lostark.cef-play-particle-effect-header"",""version"":2,""enabled"":true,""sourceByteOffset"":47,""sourceByteValue"":1,""particleDataDecoded"":true,""sourceParticleSystem"":""ParticleSystem'fx_mn_rpct_07_v.Par_V_RPCT_Signature_01_1_LOC_INT'"",""attachment"":{""mode"":""FOLLOW_NAMED_ANCHORS"",""sourceAnchorNames"":[""B_WP_2""],""runtimeAnchors"":[{""sourceAnchorName"":""B_WP_2"",""runtimeAnchorSlotId"":""B_WP_2"",""runtimeBoneName"":""b_wp_2"",""socketLocalTransform"":{""position"":[0.0,0.0,0.0],""rotationDegrees"":[0.0,0.0,0.0],""scale"":[1.0,1.0,1.0]},""resolutionStatus"":""EXACT_SOURCE_BONE""}],""runtimeAnchorSlotIds"":[""B_WP_2""],""runtimeAnchorSlotId"":""B_WP_2"",""runtimeBoneName"":""b_wp_2"",""socketLocalTransform"":{""position"":[0.0,0.0,0.0],""rotationDegrees"":[0.0,0.0,0.0],""scale"":[1.0,1.0,1.0]},""runtimeResolutionStatus"":""EXACT_SOURCE_BONE"",""sourceSelectorByteOffset"":402},""localTransform"":{""sourcePositionUeUnits"":[150.0,0.0,50.0],""position"":[1.5,0.5,-0.0],""rotationDegrees"":[0.0,0.0,-0.0],""scale"":[3.0,3.0,3.0]},""sourceTransformByteOffset"":417,""parameterOverridesDecoded"":true,""sourceParameterCountByteOffset"":509,""parameterOverrides"":[{""sourceIndex"":0,""name"":""Color"",""sourceTypeCode"":3,""sourceRecordByteOffset"":513,""type"":""vector"",""vectorValue"":[1.0,1.0,1.0],""sourceValueByteOffset"":535},{""sourceIndex"":1,""name"":""Alpha"",""sourceTypeCode"":1,""sourceRecordByteOffset"":592,""type"":""scalar"",""scalarValue"":1.0,""sourceValueByteOffset"":606}]}",2179808,169173,True,SOURCE_ASSET_EXPLICIT
confirmed_rehearsal_presentation_relation,MN_RPCT_07,4219985,쿠크세이튼_군단장 시그니쳐 스킬_공격_리허설,5,Att_battle_28_08,action-4219985/stage-005/notify-016,PlayParticleEffect,1.5050239562988281,0.0,True,,ParticleSystem:fx_mn_rpct_07_v.Par_V_RPCT_Signature_01_1_LOC_INT,"{""schema"":""lostark.cef-play-particle-effect-header"",""version"":2,""enabled"":true,""sourceByteOffset"":47,""sourceByteValue"":1,""particleDataDecoded"":true,""sourceParticleSystem"":""ParticleSystem'fx_mn_rpct_07_v.Par_V_RPCT_Signature_01_1_LOC_INT'"",""attachment"":{""mode"":""FOLLOW_NAMED_ANCHORS"",""sourceAnchorNames"":[""B_WP_1""],""runtimeAnchors"":[{""sourceAnchorName"":""B_WP_1"",""runtimeAnchorSlotId"":""B_WP_1"",""runtimeBoneName"":""b_wp_1"",""socketLocalTransform"":{""position"":[0.0,0.0,0.0],""rotationDegrees"":[0.0,0.0,0.0],""scale"":[1.0,1.0,1.0]},""resolutionStatus"":""EXACT_SOURCE_BONE""}],""runtimeAnchorSlotIds"":[""B_WP_1""],""runtimeAnchorSlotId"":""B_WP_1"",""runtimeBoneName"":""b_wp_1"",""socketLocalTransform"":{""position"":[0.0,0.0,0.0],""rotationDegrees"":[0.0,0.0,0.0],""scale"":[1.0,1.0,1.0]},""runtimeResolutionStatus"":""EXACT_SOURCE_BONE"",""sourceSelectorByteOffset"":402},""localTransform"":{""sourcePositionUeUnits"":[150.0,0.0,50.0],""position"":[1.5,0.5,-0.0],""rotationDegrees"":[0.0,0.0,-0.0],""scale"":[3.0,3.0,3.0]},""sourceTransformByteOffset"":417,""parameterOverridesDecoded"":true,""sourceParameterCountByteOffset"":509,""parameterOverrides"":[{""sourceIndex"":0,""name"":""Color"",""sourceTypeCode"":3,""sourceRecordByteOffset"":513,""type"":""vector"",""vectorValue"":[1.0,1.0,1.0],""sourceValueByteOffset"":535},{""sourceIndex"":1,""name"":""Alpha"",""sourceTypeCode"":1,""sourceRecordByteOffset"":592,""type"":""scalar"",""scalarValue"":1.0,""sourceValueByteOffset"":606}]}",2180579,169206,True,SOURCE_ASSET_EXPLICIT
confirmed_rehearsal_presentation_relation,MN_RPCT_07,4219985,쿠크세이튼_군단장 시그니쳐 스킬_공격_리허설,5,Att_battle_28_08,action-4219985/stage-005/notify-017,PlayParticleEffect,1.5206660032272339,0.0,True,,ParticleSystem:FX_CM_02.Light.Par_MP_Light_01,"{""schema"":""lostark.cef-play-particle-effect-header"",""version"":2,""enabled"":true,""sourceByteOffset"":47,""sourceByteValue"":1,""particleDataDecoded"":true,""sourceParticleSystem"":""ParticleSystem'FX_CM_02.Light.Par_MP_Light_01'"",""attachment"":{""mode"":""SNAPSHOT_ROOT"",""sourceAnchorNames"":[],""runtimeAnchors"":[],""runtimeAnchorSlotIds"":[],""runtimeAnchorSlotId"":""root"",""runtimeBoneName"":"""",""socketLocalTransform"":{""position"":[0.0,0.0,0.0],""rotationDegrees"":[0.0,0.0,0.0],""scale"":[1.0,1.0,1.0]},""runtimeResolutionStatus"":""EXACT_ROOT_SNAPSHOT"",""sourceSelectorByteOffset"":null},""localTransform"":{""sourcePositionUeUnits"":[50.0,0.0,50.0],""position"":[0.5,0.5,-0.0],""rotationDegrees"":[0.0,0.0,-0.0],""scale"":[3.0,3.0,3.0]},""sourceTransformByteOffset"":389,""parameterOverridesDecoded"":true,""sourceParameterCountByteOffset"":477,""parameterOverrides"":[{""sourceIndex"":0,""name"":""Spawn"",""sourceTypeCode"":1,""sourceRecordByteOffset"":481,""type"":""scalar"",""scalarValue"":0.0,""sourceValueByteOffset"":495},{""sourceIndex"":1,""name"":""Lifetime"",""sourceTypeCode"":1,""sourceRecordByteOffset"":560,""type"":""scalar"",""scalarValue"":0.10000000149011612,""sourceValueByteOffset"":577},{""sourceIndex"":2,""name"":""Size"",""sourceTypeCode"":3,""sourceRecordByteOffset"":642,""type"":""vector"",""vectorValue"":[200.0,0.0,0.0],""sourceValueByteOffset"":663},{""sourceIndex"":3,""name"":""Color"",""sourceTypeCode"":3,""sourceRecordByteOffset"":720,""type"":""vector"",""vectorValue"":[3.0,2.0,1.0],""sourceValueByteOffset"":742},{""sourceIndex"":4,""name"":""Alpha"",""sourceTypeCode"":1,""sourceRecordByteOffset"":799,""type"":""scalar"",""scalarValue"":1.0,""sourceValueByteOffset"":813}]}",2181350,169239,True,SOURCE_ASSET_EXPLICIT
confirmed_rehearsal_presentation_relation,MN_RPCT_07,4219985,쿠크세이튼_군단장 시그니쳐 스킬_공격_리허설,5,Att_battle_28_08,action-4219985/stage-005/notify-018,Effect,1.7999999523162842,0.30000001192092896,,421991211,,,2182328,169274,True,TIMING_ONLY
confirmed_rehearsal_presentation_relation,MN_RPCT_07,4219985,쿠크세이튼_군단장 시그니쳐 스킬_공격_리허설,5,Att_battle_28_08,action-4219985/stage-005/notify-019,Effect,1.7999999523162842,0.30000001192092896,,421991211,,,2182478,169293,True,TIMING_ONLY
confirmed_rehearsal_presentation_relation,MN_RPCT_07,4219985,쿠크세이튼_군단장 시그니쳐 스킬_공격_리허설,5,Att_battle_28_08,action-4219985/stage-005/notify-020,Effect,1.7999999523162842,0.30000001192092896,,421991237,,,2182628,169312,True,TIMING_ONLY
confirmed_rehearsal_presentation_relation,MN_RPCT_07,4219985,쿠크세이튼_군단장 시그니쳐 스킬_공격_리허설,5,Att_battle_28_08,action-4219985/stage-005/notify-021,Effect,2.0999999046325684,0.30000001192092896,,421991238,,,2182778,169331,True,TIMING_ONLY
confirmed_rehearsal_presentation_relation,MN_RPCT_07,4219985,쿠크세이튼_군단장 시그니쳐 스킬_공격_리허설,5,Att_battle_28_08,action-4219985/stage-005/notify-022,Effect,2.0999999046325684,0.30000001192092896,,421991239,,,2182928,169350,True,TIMING_ONLY
confirmed_rehearsal_presentation_relation,MN_RPCT_07,4219985,쿠크세이튼_군단장 시그니쳐 스킬_공격_리허설,5,Att_battle_28_08,action-4219985/stage-005/notify-023,Effect,2.0999999046325684,0.30000001192092896,,421991211,,,2183078,169369,True,TIMING_ONLY
confirmed_rehearsal_presentation_relation,MN_RPCT_07,4219985,쿠크세이튼_군단장 시그니쳐 스킬_공격_리허설,5,Att_battle_28_08,action-4219985/stage-005/notify-024,Effect,2.0999999046325684,0.30000001192092896,,421991211,,,2183228,169388,True,TIMING_ONLY
confirmed_rehearsal_presentation_relation,MN_RPCT_07,4219985,쿠크세이튼_군단장 시그니쳐 스킬_공격_리허설,5,Att_battle_28_08,action-4219985/stage-005/notify-025,Effect,2.4000000953674316,0.30000001192092896,,421991237,,,2183378,169407,True,TIMING_ONLY
confirmed_rehearsal_presentation_relation,MN_RPCT_07,4219985,쿠크세이튼_군단장 시그니쳐 스킬_공격_리허설,5,Att_battle_28_08,action-4219985/stage-005/notify-026,Effect,2.4000000953674316,0.30000001192092896,,421991211,,,2183528,169426,True,TIMING_ONLY
confirmed_rehearsal_presentation_relation,MN_RPCT_07,4219985,쿠크세이튼_군단장 시그니쳐 스킬_공격_리허설,5,Att_battle_28_08,action-4219985/stage-005/notify-027,Effect,2.4000000953674316,0.30000001192092896,,421991211,,,2183678,169445,True,TIMING_ONLY
confirmed_rehearsal_presentation_relation,MN_RPCT_07,4219985,쿠크세이튼_군단장 시그니쳐 스킬_공격_리허설,5,Att_battle_28_08,action-4219985/stage-005/notify-028,Effect,2.700000047683716,0.30000001192092896,,421991211,,,2183828,169464,True,TIMING_ONLY
confirmed_rehearsal_presentation_relation,MN_RPCT_07,4219985,쿠크세이튼_군단장 시그니쳐 스킬_공격_리허설,5,Att_battle_28_08,action-4219985/stage-005/notify-029,Effect,2.700000047683716,0.30000001192092896,,421991211,,,2183978,169483,True,TIMING_ONLY
confirmed_rehearsal_presentation_relation,MN_RPCT_07,4219985,쿠크세이튼_군단장 시그니쳐 스킬_공격_리허설,5,Att_battle_28_08,action-4219985/stage-005/notify-030,Effect,3.0,0.30000001192092896,,421991237,,,2184128,169502,True,TIMING_ONLY
confirmed_rehearsal_presentation_relation,MN_RPCT_07,4219985,쿠크세이튼_군단장 시그니쳐 스킬_공격_리허설,5,Att_battle_28_08,action-4219985/stage-005/notify-031,Effect,3.0,0.30000001192092896,,421991212,,,2184278,169521,True,TIMING_ONLY
confirmed_rehearsal_presentation_relation,MN_RPCT_07,4219985,쿠크세이튼_군단장 시그니쳐 스킬_공격_리허설,5,Att_battle_28_08,action-4219985/stage-005/notify-032,Effect,3.200000047683716,0.0,,421991242,,,2184428,169540,True,TIMING_ONLY
confirmed_rehearsal_presentation_relation,MN_RPCT_07,4219985,쿠크세이튼_군단장 시그니쳐 스킬_공격_리허설,5,Att_battle_28_08,action-4219985/stage-005/notify-033,AKEvent,3.5,1.333299994468689,,,AkEvent:S_Mob_G_KoukuSatan1.G_KoukuSatan1_Attack23_Cast2,,2184578,169559,True,SOURCE_ASSET_EXPLICIT
confirmed_rehearsal_presentation_relation,MN_RPCT_07,4219985,쿠크세이튼_군단장 시그니쳐 스킬_공격_리허설,5,Att_battle_28_08,action-4219985/stage-005/notify-034,MonsterMoveNextStage,4.730000019073486,0.0,,,,,2184789,169588,True,TIMING_OR_STATE_ONLY
confirmed_rehearsal_presentation_relation,MN_RPCT_07,4219985,쿠크세이튼_군단장 시그니쳐 스킬_공격_리허설,6,Att_battle_28_09,action-4219985/stage-006/notify-000,Anim,0.0,2.233333110809326,,,,,2185109,169628,True,SOURCE_CLIP_EXPLICIT
confirmed_rehearsal_presentation_relation,MN_RPCT_07,4219985,쿠크세이튼_군단장 시그니쳐 스킬_공격_리허설,6,Att_battle_28_09,action-4219985/stage-006/notify-001,PlayParticleEffect,0.0,0.0,True,,ParticleSystem:fx_mn_rpct_07_v.Par_V_RPCT_Signature_01_1_LOC_INT,"{""schema"":""lostark.cef-play-particle-effect-header"",""version"":2,""enabled"":true,""sourceByteOffset"":47,""sourceByteValue"":1,""particleDataDecoded"":true,""sourceParticleSystem"":""ParticleSystem'fx_mn_rpct_07_v.Par_V_RPCT_Signature_01_1_LOC_INT'"",""attachment"":{""mode"":""FOLLOW_NAMED_ANCHORS"",""sourceAnchorNames"":[""B_WP_2""],""runtimeAnchors"":[{""sourceAnchorName"":""B_WP_2"",""runtimeAnchorSlotId"":""B_WP_2"",""runtimeBoneName"":""b_wp_2"",""socketLocalTransform"":{""position"":[0.0,0.0,0.0],""rotationDegrees"":[0.0,0.0,0.0],""scale"":[1.0,1.0,1.0]},""resolutionStatus"":""EXACT_SOURCE_BONE""}],""runtimeAnchorSlotIds"":[""B_WP_2""],""runtimeAnchorSlotId"":""B_WP_2"",""runtimeBoneName"":""b_wp_2"",""socketLocalTransform"":{""position"":[0.0,0.0,0.0],""rotationDegrees"":[0.0,0.0,0.0],""scale"":[1.0,1.0,1.0]},""runtimeResolutionStatus"":""EXACT_SOURCE_BONE"",""sourceSelectorByteOffset"":402},""localTransform"":{""sourcePositionUeUnits"":[150.0,0.0,50.0],""position"":[1.5,0.5,-0.0],""rotationDegrees"":[0.0,0.0,-0.0],""scale"":[3.0,3.0,3.0]},""sourceTransformByteOffset"":417,""parameterOverridesDecoded"":true,""sourceParameterCountByteOffset"":509,""parameterOverrides"":[{""sourceIndex"":0,""name"":""Color"",""sourceTypeCode"":3,""sourceRecordByteOffset"":513,""type"":""vector"",""vectorValue"":[1.0,1.0,1.0],""sourceValueByteOffset"":535},{""sourceIndex"":1,""name"":""Alpha"",""sourceTypeCode"":1,""sourceRecordByteOffset"":592,""type"":""scalar"",""scalarValue"":1.0,""sourceValueByteOffset"":606}]}",2185401,169655,True,SOURCE_ASSET_EXPLICIT
confirmed_rehearsal_presentation_relation,MN_RPCT_07,4219985,쿠크세이튼_군단장 시그니쳐 스킬_공격_리허설,6,Att_battle_28_09,action-4219985/stage-006/notify-002,PlayParticleEffect,0.0,0.0,True,,ParticleSystem:fx_mn_rpct_07_v.Par_V_RPCT_Signature_01_1_LOC_INT,"{""schema"":""lostark.cef-play-particle-effect-header"",""version"":2,""enabled"":true,""sourceByteOffset"":47,""sourceByteValue"":1,""particleDataDecoded"":true,""sourceParticleSystem"":""ParticleSystem'fx_mn_rpct_07_v.Par_V_RPCT_Signature_01_1_LOC_INT'"",""attachment"":{""mode"":""FOLLOW_NAMED_ANCHORS"",""sourceAnchorNames"":[""B_WP_1""],""runtimeAnchors"":[{""sourceAnchorName"":""B_WP_1"",""runtimeAnchorSlotId"":""B_WP_1"",""runtimeBoneName"":""b_wp_1"",""socketLocalTransform"":{""position"":[0.0,0.0,0.0],""rotationDegrees"":[0.0,0.0,0.0],""scale"":[1.0,1.0,1.0]},""resolutionStatus"":""EXACT_SOURCE_BONE""}],""runtimeAnchorSlotIds"":[""B_WP_1""],""runtimeAnchorSlotId"":""B_WP_1"",""runtimeBoneName"":""b_wp_1"",""socketLocalTransform"":{""position"":[0.0,0.0,0.0],""rotationDegrees"":[0.0,0.0,0.0],""scale"":[1.0,1.0,1.0]},""runtimeResolutionStatus"":""EXACT_SOURCE_BONE"",""sourceSelectorByteOffset"":402},""localTransform"":{""sourcePositionUeUnits"":[150.0,0.0,50.0],""position"":[1.5,0.5,-0.0],""rotationDegrees"":[0.0,0.0,-0.0],""scale"":[3.0,3.0,3.0]},""sourceTransformByteOffset"":417,""parameterOverridesDecoded"":true,""sourceParameterCountByteOffset"":509,""parameterOverrides"":[{""sourceIndex"":0,""name"":""Color"",""sourceTypeCode"":3,""sourceRecordByteOffset"":513,""type"":""vector"",""vectorValue"":[1.0,1.0,1.0],""sourceValueByteOffset"":535},{""sourceIndex"":1,""name"":""Alpha"",""sourceTypeCode"":1,""sourceRecordByteOffset"":592,""type"":""scalar"",""scalarValue"":1.0,""sourceValueByteOffset"":606}]}",2186172,169688,True,SOURCE_ASSET_EXPLICIT
confirmed_rehearsal_presentation_relation,MN_RPCT_07,4219985,쿠크세이튼_군단장 시그니쳐 스킬_공격_리허설,6,Att_battle_28_09,action-4219985/stage-006/notify-003,PlayParticleEffect,0.0,1.691236972808838,True,,ParticleSystem:FX_MN_RPCT_07_V.Par_V_RPCT_07_Bazooka_Loop,"{""schema"":""lostark.cef-play-particle-effect-header"",""version"":2,""enabled"":true,""sourceByteOffset"":47,""sourceByteValue"":1,""particleDataDecoded"":true,""sourceParticleSystem"":""ParticleSystem'FX_MN_RPCT_07_V.Par_V_RPCT_07_Bazooka_Loop'"",""attachment"":{""mode"":""FOLLOW_NAMED_ANCHORS"",""sourceAnchorNames"":[""B_WP_1""],""runtimeAnchors"":[{""sourceAnchorName"":""B_WP_1"",""runtimeAnchorSlotId"":""B_WP_1"",""runtimeBoneName"":""b_wp_1"",""socketLocalTransform"":{""position"":[0.0,0.0,0.0],""rotationDegrees"":[0.0,0.0,0.0],""scale"":[1.0,1.0,1.0]},""resolutionStatus"":""EXACT_SOURCE_BONE""}],""runtimeAnchorSlotIds"":[""B_WP_1""],""runtimeAnchorSlotId"":""B_WP_1"",""runtimeBoneName"":""b_wp_1"",""socketLocalTransform"":{""position"":[0.0,0.0,0.0],""rotationDegrees"":[0.0,0.0,0.0],""scale"":[1.0,1.0,1.0]},""runtimeResolutionStatus"":""EXACT_SOURCE_BONE"",""sourceSelectorByteOffset"":392},""localTransform"":{""sourcePositionUeUnits"":[0.0,0.0,0.0],""position"":[0.0,0.0,-0.0],""rotationDegrees"":[0.0,0.0,-0.0],""scale"":[1.0,1.0,1.0]},""sourceTransformByteOffset"":407,""parameterOverridesDecoded"":true,""sourceParameterCountByteOffset"":499,""parameterOverrides"":[]}",2186943,169721,True,SOURCE_ASSET_EXPLICIT
confirmed_rehearsal_presentation_relation,MN_RPCT_07,4219985,쿠크세이튼_군단장 시그니쳐 스킬_공격_리허설,6,Att_battle_28_09,action-4219985/stage-006/notify-004,PlayParticleEffect,0.0,0.0,True,,ParticleSystem:FX_CM_02.Light.Par_MP_Light_01,"{""schema"":""lostark.cef-play-particle-effect-header"",""version"":2,""enabled"":true,""sourceByteOffset"":47,""sourceByteValue"":1,""particleDataDecoded"":true,""sourceParticleSystem"":""ParticleSystem'FX_CM_02.Light.Par_MP_Light_01'"",""attachment"":{""mode"":""SNAPSHOT_ROOT"",""sourceAnchorNames"":[],""runtimeAnchors"":[],""runtimeAnchorSlotIds"":[],""runtimeAnchorSlotId"":""root"",""runtimeBoneName"":"""",""socketLocalTransform"":{""position"":[0.0,0.0,0.0],""rotationDegrees"":[0.0,0.0,0.0],""scale"":[1.0,1.0,1.0]},""runtimeResolutionStatus"":""EXACT_ROOT_SNAPSHOT"",""sourceSelectorByteOffset"":null},""localTransform"":{""sourcePositionUeUnits"":[50.0,0.0,50.0],""position"":[0.5,0.5,-0.0],""rotationDegrees"":[0.0,0.0,-0.0],""scale"":[3.0,3.0,3.0]},""sourceTransformByteOffset"":389,""parameterOverridesDecoded"":true,""sourceParameterCountByteOffset"":477,""parameterOverrides"":[{""sourceIndex"":0,""name"":""Spawn"",""sourceTypeCode"":1,""sourceRecordByteOffset"":481,""type"":""scalar"",""scalarValue"":0.0,""sourceValueByteOffset"":495},{""sourceIndex"":1,""name"":""Lifetime"",""sourceTypeCode"":1,""sourceRecordByteOffset"":560,""type"":""scalar"",""scalarValue"":0.10000000149011612,""sourceValueByteOffset"":577},{""sourceIndex"":2,""name"":""Size"",""sourceTypeCode"":3,""sourceRecordByteOffset"":642,""type"":""vector"",""vectorValue"":[200.0,0.0,0.0],""sourceValueByteOffset"":663},{""sourceIndex"":3,""name"":""Color"",""sourceTypeCode"":3,""sourceRecordByteOffset"":720,""type"":""vector"",""vectorValue"":[3.0,2.0,1.0],""sourceValueByteOffset"":742},{""sourceIndex"":4,""name"":""Alpha"",""sourceTypeCode"":1,""sourceRecordByteOffset"":799,""type"":""scalar"",""scalarValue"":1.0,""sourceValueByteOffset"":813}]}",2187546,169752,True,SOURCE_ASSET_EXPLICIT
confirmed_rehearsal_presentation_relation,MN_RPCT_07,4219985,쿠크세이튼_군단장 시그니쳐 스킬_공격_리허설,6,Att_battle_28_09,action-4219985/stage-006/notify-005,HidePawn,0.0,2.233299970626831,,,,,2188524,169787,True,SOURCE_PARAMETERS_SERIALIZED
confirmed_rehearsal_presentation_relation,MN_RPCT_07,4219985,쿠크세이튼_군단장 시그니쳐 스킬_공격_리허설,6,Att_battle_28_09,action-4219985/stage-006/notify-006,PlayParticleEffect,0.0,2.233299970626831,True,,ParticleSystem:FX_MN_RPCT_07_V.Par_V_RPCT_Bazooka_mesh_01,"{""schema"":""lostark.cef-play-particle-effect-header"",""version"":2,""enabled"":true,""sourceByteOffset"":47,""sourceByteValue"":1,""particleDataDecoded"":true,""sourceParticleSystem"":""ParticleSystem'FX_MN_RPCT_07_V.Par_V_RPCT_Bazooka_mesh_01'"",""attachment"":{""mode"":""FOLLOW_NAMED_ANCHORS"",""sourceAnchorNames"":[""Bip002-R-Hand""],""runtimeAnchors"":[{""sourceAnchorName"":""Bip002-R-Hand"",""runtimeAnchorSlotId"":""Bip002-R-Hand"",""runtimeBoneName"":"""",""socketLocalTransform"":{""position"":[0.0,0.0,0.0],""rotationDegrees"":[0.0,0.0,0.0],""scale"":[1.0,1.0,1.0]},""resolutionStatus"":""MISSING_SOURCE_SOCKET""}],""runtimeAnchorSlotIds"":[""Bip002-R-Hand""],""runtimeAnchorSlotId"":""Bip002-R-Hand"",""runtimeBoneName"":"""",""socketLocalTransform"":{""position"":[0.0,0.0,0.0],""rotationDegrees"":[0.0,0.0,0.0],""scale"":[1.0,1.0,1.0]},""runtimeResolutionStatus"":""MISSING_SOURCE_SOCKET"",""sourceSelectorByteOffset"":383},""localTransform"":{""sourcePositionUeUnits"":[0.0,0.0,0.0],""position"":[0.0,0.0,-0.0],""rotationDegrees"":[0.0,0.0,-0.0],""scale"":[0.30000001192092896,0.30000001192092896,0.30000001192092896]},""sourceTransformByteOffset"":405,""parameterOverridesDecoded"":true,""sourceParameterCountByteOffset"":497,""parameterOverrides"":[]}",2188656,169809,True,SOURCE_ASSET_EXPLICIT
confirmed_rehearsal_presentation_relation,MN_RPCT_07,4219985,쿠크세이튼_군단장 시그니쳐 스킬_공격_리허설,6,Att_battle_28_09,action-4219985/stage-006/notify-007,AKEvent,0.0010000000474974513,2.232300043106079,,,AkEvent:S_Mob_G_KoukuSatan1.G_KoukuSatan1_Attack23_Shot3,,2189257,169839,True,SOURCE_ASSET_EXPLICIT
confirmed_rehearsal_presentation_relation,MN_RPCT_07,4219985,쿠크세이튼_군단장 시그니쳐 스킬_공격_리허설,6,Att_battle_28_09,action-4219985/stage-006/notify-008,PlayParticleEffect,0.0034209999721497297,1.7066069841384888,True,,ParticleSystem:FX_MN_RPCT_07_V.Par_V_RPCT_07_Bazooka_Loop,"{""schema"":""lostark.cef-play-particle-effect-header"",""version"":2,""enabled"":true,""sourceByteOffset"":47,""sourceByteValue"":1,""particleDataDecoded"":true,""sourceParticleSystem"":""ParticleSystem'FX_MN_RPCT_07_V.Par_V_RPCT_07_Bazooka_Loop'"",""attachment"":{""mode"":""FOLLOW_NAMED_ANCHORS"",""sourceAnchorNames"":[""B_WP_2""],""runtimeAnchors"":[{""sourceAnchorName"":""B_WP_2"",""runtimeAnchorSlotId"":""B_WP_2"",""runtimeBoneName"":""b_wp_2"",""socketLocalTransform"":{""position"":[0.0,0.0,0.0],""rotationDegrees"":[0.0,0.0,0.0],""scale"":[1.0,1.0,1.0]},""resolutionStatus"":""EXACT_SOURCE_BONE""}],""runtimeAnchorSlotIds"":[""B_WP_2""],""runtimeAnchorSlotId"":""B_WP_2"",""runtimeBoneName"":""b_wp_2"",""socketLocalTransform"":{""position"":[0.0,0.0,0.0],""rotationDegrees"":[0.0,0.0,0.0],""scale"":[1.0,1.0,1.0]},""runtimeResolutionStatus"":""EXACT_SOURCE_BONE"",""sourceSelectorByteOffset"":392},""localTransform"":{""sourcePositionUeUnits"":[0.0,0.0,0.0],""position"":[0.0,0.0,-0.0],""rotationDegrees"":[0.0,0.0,-0.0],""scale"":[1.0,1.0,1.0]},""sourceTransformByteOffset"":407,""parameterOverridesDecoded"":true,""sourceParameterCountByteOffset"":499,""parameterOverrides"":[]}",2189468,169868,True,SOURCE_ASSET_EXPLICIT
confirmed_rehearsal_presentation_relation,MN_RPCT_07,4219985,쿠크세이튼_군단장 시그니쳐 스킬_공격_리허설,6,Att_battle_28_09,action-4219985/stage-006/notify-009,AKEvent,1.0,1.233299970626831,,,AkEvent:S_Mob_G_KoukuSatan1.G_KoukuSatan1_Attack23_Cast3,,2190071,169899,True,SOURCE_ASSET_EXPLICIT
confirmed_rehearsal_presentation_relation,MN_RPCT_07,4219985,쿠크세이튼_군단장 시그니쳐 스킬_공격_리허설,6,Att_battle_28_09,action-4219985/stage-006/notify-010,PlayParticleEffect,1.0653070211410522,0.0,True,,ParticleSystem:fx_mn_rpct_07_v.Par_V_RPCT_BallRead_Exp_01_LOC_INT,"{""schema"":""lostark.cef-play-particle-effect-header"",""version"":2,""enabled"":true,""sourceByteOffset"":47,""sourceByteValue"":1,""particleDataDecoded"":true,""sourceParticleSystem"":""ParticleSystem'fx_mn_rpct_07_v.Par_V_RPCT_BallRead_Exp_01_LOC_INT'"",""attachment"":{""mode"":""FOLLOW_NAMED_ANCHORS"",""sourceAnchorNames"":[""Bip002-R-Hand""],""runtimeAnchors"":[{""sourceAnchorName"":""Bip002-R-Hand"",""runtimeAnchorSlotId"":""Bip002-R-Hand"",""runtimeBoneName"":"""",""socketLocalTransform"":{""position"":[0.0,0.0,0.0],""rotationDegrees"":[0.0,0.0,0.0],""scale"":[1.0,1.0,1.0]},""resolutionStatus"":""MISSING_SOURCE_SOCKET""}],""runtimeAnchorSlotIds"":[""Bip002-R-Hand""],""runtimeAnchorSlotId"":""Bip002-R-Hand"",""runtimeBoneName"":"""",""socketLocalTransform"":{""position"":[0.0,0.0,0.0],""rotationDegrees"":[0.0,0.0,0.0],""scale"":[1.0,1.0,1.0]},""runtimeResolutionStatus"":""MISSING_SOURCE_SOCKET"",""sourceSelectorByteOffset"":397},""localTransform"":{""sourcePositionUeUnits"":[0.0,0.0,0.0],""position"":[0.0,0.0,-0.0],""rotationDegrees"":[0.0,0.0,-0.0],""scale"":[0.4000000059604645,0.4000000059604645,0.4000000059604645]},""sourceTransformByteOffset"":419,""parameterOverridesDecoded"":true,""sourceParameterCountByteOffset"":511,""parameterOverrides"":[]}",2190282,169928,True,SOURCE_ASSET_EXPLICIT
confirmed_rehearsal_presentation_relation,MN_RPCT_07,4219985,쿠크세이튼_군단장 시그니쳐 스킬_공격_리허설,6,Att_battle_28_09,action-4219985/stage-006/notify-011,PawnMaterialParam,1.0654710531234741,0.0,,,,,2190897,169959,True,SOURCE_PARAMETERS_SERIALIZED
confirmed_rehearsal_presentation_relation,MN_RPCT_07,4219985,쿠크세이튼_군단장 시그니쳐 스킬_공격_리허설,6,Att_battle_28_09,action-4219985/stage-006/notify-012,PlayParticleEffect,1.097085952758789,0.0,True,,ParticleSystem:fx_mn_rpct_07_v.Par_V_RPCT_signalShot_01_LOC_INT,"{""schema"":""lostark.cef-play-particle-effect-header"",""version"":2,""enabled"":true,""sourceByteOffset"":47,""sourceByteValue"":1,""particleDataDecoded"":true,""sourceParticleSystem"":""ParticleSystem'fx_mn_rpct_07_v.Par_V_RPCT_signalShot_01_LOC_INT'"",""attachment"":{""mode"":""FOLLOW_NAMED_ANCHORS"",""sourceAnchorNames"":[""Bip002-R-Hand""],""runtimeAnchors"":[{""sourceAnchorName"":""Bip002-R-Hand"",""runtimeAnchorSlotId"":""Bip002-R-Hand"",""runtimeBoneName"":"""",""socketLocalTransform"":{""position"":[0.0,0.0,0.0],""rotationDegrees"":[0.0,0.0,0.0],""scale"":[1.0,1.0,1.0]},""resolutionStatus"":""MISSING_SOURCE_SOCKET""}],""runtimeAnchorSlotIds"":[""Bip002-R-Hand""],""runtimeAnchorSlotId"":""Bip002-R-Hand"",""runtimeBoneName"":"""",""socketLocalTransform"":{""position"":[0.0,0.0,0.0],""rotationDegrees"":[0.0,0.0,0.0],""scale"":[1.0,1.0,1.0]},""runtimeResolutionStatus"":""MISSING_SOURCE_SOCKET"",""sourceSelectorByteOffset"":394},""localTransform"":{""sourcePositionUeUnits"":[0.0,0.0,50.0],""position"":[0.0,0.5,-0.0],""rotationDegrees"":[0.0,0.0,-0.0],""scale"":[1.0,1.0,1.0]},""sourceTransformByteOffset"":416,""parameterOverridesDecoded"":true,""sourceParameterCountByteOffset"":508,""parameterOverrides"":[{""sourceIndex"":0,""name"":""Color"",""sourceTypeCode"":3,""sourceRecordByteOffset"":512,""type"":""vector"",""vectorValue"":[1.0,1.0,1.0],""sourceValueByteOffset"":534}]}",2191325,169982,True,SOURCE_ASSET_EXPLICIT
confirmed_rehearsal_presentation_relation,MN_RPCT_07,4219985,쿠크세이튼_군단장 시그니쳐 스킬_공격_리허설,6,Att_battle_28_09,action-4219985/stage-006/notify-013,AKEvent,1.7699999809265137,0.4632999897003174,,,AkEvent:S_Mob_G_KoukuSatan1.G_KoukuSatan1_Attack03_Cast2,,2192016,170014,True,SOURCE_ASSET_EXPLICIT
confirmed_rehearsal_presentation_relation,MN_RPCT_07,4219985,쿠크세이튼_군단장 시그니쳐 스킬_공격_리허설,6,Att_battle_28_09,action-4219985/stage-006/notify-014,HidePawn,1.8046770095825195,0.4286229908466339,,,,,2192227,170043,True,SOURCE_PARAMETERS_SERIALIZED
confirmed_rehearsal_presentation_relation,MN_RPCT_07,4219985,쿠크세이튼_군단장 시그니쳐 스킬_공격_리허설,6,Att_battle_28_09,action-4219985/stage-006/notify-015,ViewShake,1.8096239566802979,0.0,,,,,2192347,170065,True,SOURCE_PARAMETERS_SERIALIZED
confirmed_rehearsal_presentation_relation,MN_RPCT_07,4219985,쿠크세이튼_군단장 시그니쳐 스킬_공격_리허설,6,Att_battle_28_09,action-4219985/stage-006/notify-016,PlayParticleEffect,1.8112080097198486,0.0,True,,ParticleSystem:FX_CM_02.Light.Par_MP_Light_05_L,"{""schema"":""lostark.cef-play-particle-effect-header"",""version"":2,""enabled"":true,""sourceByteOffset"":47,""sourceByteValue"":1,""particleDataDecoded"":true,""sourceParticleSystem"":""ParticleSystem'FX_CM_02.Light.Par_MP_Light_05_L'"",""attachment"":{""mode"":""SNAPSHOT_ROOT"",""sourceAnchorNames"":[],""runtimeAnchors"":[],""runtimeAnchorSlotIds"":[],""runtimeAnchorSlotId"":""root"",""runtimeBoneName"":"""",""socketLocalTransform"":{""position"":[0.0,0.0,0.0],""rotationDegrees"":[0.0,0.0,0.0],""scale"":[1.0,1.0,1.0]},""runtimeResolutionStatus"":""EXACT_ROOT_SNAPSHOT"",""sourceSelectorByteOffset"":null},""localTransform"":{""sourcePositionUeUnits"":[0.0,0.0,150.0],""position"":[0.0,1.5,-0.0],""rotationDegrees"":[0.0,0.0,-0.0],""scale"":[1.0,1.0,1.0]},""sourceTransformByteOffset"":387,""parameterOverridesDecoded"":true,""sourceParameterCountByteOffset"":475,""parameterOverrides"":[{""sourceIndex"":0,""name"":""Spawn"",""sourceTypeCode"":1,""sourceRecordByteOffset"":479,""type"":""scalar"",""scalarValue"":0.0,""sourceValueByteOffset"":493},{""sourceIndex"":1,""name"":""Lifetime"",""sourceTypeCode"":1,""sourceRecordByteOffset"":558,""type"":""scalar"",""scalarValue"":0.800000011920929,""sourceValueByteOffset"":575},{""sourceIndex"":2,""name"":""Location"",""sourceTypeCode"":3,""sourceRecordByteOffset"":640,""type"":""vector"",""vectorValue"":[1.0,1.0,1.0],""sourceValueByteOffset"":665},{""sourceIndex"":3,""name"":""Size"",""sourceTypeCode"":3,""sourceRecordByteOffset"":722,""type"":""vector"",""vectorValue"":[450.0,100.0,100.0],""sourceValueByteOffset"":743},{""sourceIndex"":4,""name"":""Color"",""sourceTypeCode"":3,""sourceRecordByteOffset"":800,""type"":""vector"",""vectorValue"":[3.0,1.0,1.0],""sourceValueByteOffset"":822},{""sourceIndex"":5,""name"":""Alpha"",""sourceTypeCode"":1,""sourceRecordByteOffset"":879,""type"":""scalar"",""scalarValue"":1.5,""sourceValueByteOffset"":893}]}",2192608,170089,True,SOURCE_ASSET_EXPLICIT
confirmed_rehearsal_presentation_relation,MN_RPCT_07,4219985,쿠크세이튼_군단장 시그니쳐 스킬_공격_리허설,6,Att_battle_28_09,action-4219985/stage-006/notify-017,PlayParticleEffect,1.811830997467041,0.0,True,,ParticleSystem:fx_mn_rpct_07_v.Par_V_RPCT_BallRead_Exp_01_LOC_INT,"{""schema"":""lostark.cef-play-particle-effect-header"",""version"":2,""enabled"":true,""sourceByteOffset"":47,""sourceByteValue"":1,""particleDataDecoded"":true,""sourceParticleSystem"":""ParticleSystem'fx_mn_rpct_07_v.Par_V_RPCT_BallRead_Exp_01_LOC_INT'"",""attachment"":{""mode"":""FOLLOW_NAMED_ANCHORS"",""sourceAnchorNames"":[""FX_buff_01""],""runtimeAnchors"":[{""sourceAnchorName"":""FX_buff_01"",""runtimeAnchorSlotId"":""FX_buff_01"",""runtimeBoneName"":"""",""socketLocalTransform"":{""position"":[0.0,0.0,0.0],""rotationDegrees"":[0.0,0.0,0.0],""scale"":[1.0,1.0,1.0]},""resolutionStatus"":""MISSING_SOURCE_SOCKET""}],""runtimeAnchorSlotIds"":[""FX_buff_01""],""runtimeAnchorSlotId"":""FX_buff_01"",""runtimeBoneName"":"""",""socketLocalTransform"":{""position"":[0.0,0.0,0.0],""rotationDegrees"":[0.0,0.0,0.0],""scale"":[1.0,1.0,1.0]},""runtimeResolutionStatus"":""MISSING_SOURCE_SOCKET"",""sourceSelectorByteOffset"":395},""localTransform"":{""sourcePositionUeUnits"":[0.0,0.0,0.0],""position"":[0.0,0.0,-0.0],""rotationDegrees"":[0.0,0.0,-0.0],""scale"":[1.2000000476837158,1.2000000476837158,1.2000000476837158]},""sourceTransformByteOffset"":414,""parameterOverridesDecoded"":true,""sourceParameterCountByteOffset"":502,""parameterOverrides"":[]}",2193666,170125,True,SOURCE_ASSET_EXPLICIT
confirmed_rehearsal_presentation_relation,MN_RPCT_07,4219985,쿠크세이튼_군단장 시그니쳐 스킬_공격_리허설,6,Att_battle_28_09,action-4219985/stage-006/notify-018,Effect,1.899999976158142,0.20000000298023224,,41600004,,,2194272,170155,True,TIMING_ONLY
confirmed_rehearsal_presentation_relation,MN_RPCT_07,4219985,쿠크세이튼_군단장 시그니쳐 스킬_공격_리허설,6,Att_battle_28_09,action-4219985/stage-006/notify-019,Effect,1.899999976158142,0.20000000298023224,,41600006,,,2194422,170174,True,TIMING_ONLY
confirmed_rehearsal_presentation_relation,MN_RPCT_07,4219985,쿠크세이튼_군단장 시그니쳐 스킬_공격_리허설,6,Att_battle_28_09,action-4219985/stage-006/notify-020,MonsterMoveNextStage,2.130000114440918,0.0,,,,,2194572,170196,True,TIMING_OR_STATE_ONLY
confirmed_rehearsal_presentation_relation,MN_RPCT_07,4219985,쿠크세이튼_군단장 시그니쳐 스킬_공격_리허설,7,Att_Battle_24_03,action-4219985/stage-007/notify-000,Anim,0.0,1.0,,,,,2194988,170236,True,SOURCE_CLIP_EXPLICIT
confirmed_rehearsal_presentation_relation,MN_RPCT_07,4219985,쿠크세이튼_군단장 시그니쳐 스킬_공격_리허설,7,Att_Battle_24_03,action-4219985/stage-007/notify-001,PlayParticleEffect,0.0,3.0,True,,ParticleSystem:FX_MN_RPCT_07_V.Par_V_RPCT_Bazooka_mesh_01,"{""schema"":""lostark.cef-play-particle-effect-header"",""version"":2,""enabled"":true,""sourceByteOffset"":47,""sourceByteValue"":1,""particleDataDecoded"":true,""sourceParticleSystem"":""ParticleSystem'FX_MN_RPCT_07_V.Par_V_RPCT_Bazooka_mesh_01'"",""attachment"":{""mode"":""FOLLOW_NAMED_ANCHORS"",""sourceAnchorNames"":[""Bip002-R-Hand""],""runtimeAnchors"":[{""sourceAnchorName"":""Bip002-R-Hand"",""runtimeAnchorSlotId"":""Bip002-R-Hand"",""runtimeBoneName"":"""",""socketLocalTransform"":{""position"":[0.0,0.0,0.0],""rotationDegrees"":[0.0,0.0,0.0],""scale"":[1.0,1.0,1.0]},""resolutionStatus"":""MISSING_SOURCE_SOCKET""}],""runtimeAnchorSlotIds"":[""Bip002-R-Hand""],""runtimeAnchorSlotId"":""Bip002-R-Hand"",""runtimeBoneName"":"""",""socketLocalTransform"":{""position"":[0.0,0.0,0.0],""rotationDegrees"":[0.0,0.0,0.0],""scale"":[1.0,1.0,1.0]},""runtimeResolutionStatus"":""MISSING_SOURCE_SOCKET"",""sourceSelectorByteOffset"":411},""localTransform"":{""sourcePositionUeUnits"":[0.0,0.0,0.0],""position"":[0.0,0.0,-0.0],""rotationDegrees"":[0.0,0.0,-0.0],""scale"":[0.30000001192092896,0.30000001192092896,0.30000001192092896]},""sourceTransformByteOffset"":433,""parameterOverridesDecoded"":true,""sourceParameterCountByteOffset"":525,""parameterOverrides"":[]}",2195280,170263,True,SOURCE_ASSET_EXPLICIT
confirmed_rehearsal_presentation_relation,MN_RPCT_07,4219985,쿠크세이튼_군단장 시그니쳐 스킬_공격_리허설,7,Att_Battle_24_03,action-4219985/stage-007/notify-002,PlayParticleEffect,1.0653070211410522,0.0,True,,ParticleSystem:fx_mn_rpct_07_v.Par_V_RPCT_BallRead_Exp_01_LOC_INT,"{""schema"":""lostark.cef-play-particle-effect-header"",""version"":2,""enabled"":true,""sourceByteOffset"":47,""sourceByteValue"":1,""particleDataDecoded"":true,""sourceParticleSystem"":""ParticleSystem'fx_mn_rpct_07_v.Par_V_RPCT_BallRead_Exp_01_LOC_INT'"",""attachment"":{""mode"":""FOLLOW_NAMED_ANCHORS"",""sourceAnchorNames"":[""Bip002-R-Hand""],""runtimeAnchors"":[{""sourceAnchorName"":""Bip002-R-Hand"",""runtimeAnchorSlotId"":""Bip002-R-Hand"",""runtimeBoneName"":"""",""socketLocalTransform"":{""position"":[0.0,0.0,0.0],""rotationDegrees"":[0.0,0.0,0.0],""scale"":[1.0,1.0,1.0]},""resolutionStatus"":""MISSING_SOURCE_SOCKET""}],""runtimeAnchorSlotIds"":[""Bip002-R-Hand""],""runtimeAnchorSlotId"":""Bip002-R-Hand"",""runtimeBoneName"":"""",""socketLocalTransform"":{""position"":[0.0,0.0,0.0],""rotationDegrees"":[0.0,0.0,0.0],""scale"":[1.0,1.0,1.0]},""runtimeResolutionStatus"":""MISSING_SOURCE_SOCKET"",""sourceSelectorByteOffset"":425},""localTransform"":{""sourcePositionUeUnits"":[0.0,0.0,0.0],""position"":[0.0,0.0,-0.0],""rotationDegrees"":[0.0,0.0,-0.0],""scale"":[0.4000000059604645,0.4000000059604645,0.4000000059604645]},""sourceTransformByteOffset"":447,""parameterOverridesDecoded"":true,""sourceParameterCountByteOffset"":539,""parameterOverrides"":[]}",2195909,170293,True,SOURCE_ASSET_EXPLICIT
confirmed_rehearsal_presentation_relation,MN_RPCT_07,4219985,쿠크세이튼_군단장 시그니쳐 스킬_공격_리허설,7,Att_Battle_24_03,action-4219985/stage-007/notify-003,PawnMaterialParam,1.0654710531234741,0.0,,,,,2196552,170324,True,SOURCE_PARAMETERS_SERIALIZED
confirmed_rehearsal_presentation_relation,MN_RPCT_07,4219985,쿠크세이튼_군단장 시그니쳐 스킬_공격_리허설,7,Att_Battle_24_03,action-4219985/stage-007/notify-004,PlayParticleEffect,1.097085952758789,0.0,True,,ParticleSystem:fx_mn_rpct_07_v.Par_V_RPCT_signalShot_01_LOC_INT,"{""schema"":""lostark.cef-play-particle-effect-header"",""version"":2,""enabled"":true,""sourceByteOffset"":47,""sourceByteValue"":1,""particleDataDecoded"":true,""sourceParticleSystem"":""ParticleSystem'fx_mn_rpct_07_v.Par_V_RPCT_signalShot_01_LOC_INT'"",""attachment"":{""mode"":""FOLLOW_NAMED_ANCHORS"",""sourceAnchorNames"":[""Bip002-R-Hand""],""runtimeAnchors"":[{""sourceAnchorName"":""Bip002-R-Hand"",""runtimeAnchorSlotId"":""Bip002-R-Hand"",""runtimeBoneName"":"""",""socketLocalTransform"":{""position"":[0.0,0.0,0.0],""rotationDegrees"":[0.0,0.0,0.0],""scale"":[1.0,1.0,1.0]},""resolutionStatus"":""MISSING_SOURCE_SOCKET""}],""runtimeAnchorSlotIds"":[""Bip002-R-Hand""],""runtimeAnchorSlotId"":""Bip002-R-Hand"",""runtimeBoneName"":"""",""socketLocalTransform"":{""position"":[0.0,0.0,0.0],""rotationDegrees"":[0.0,0.0,0.0],""scale"":[1.0,1.0,1.0]},""runtimeResolutionStatus"":""MISSING_SOURCE_SOCKET"",""sourceSelectorByteOffset"":422},""localTransform"":{""sourcePositionUeUnits"":[0.0,0.0,50.0],""position"":[0.0,0.5,-0.0],""rotationDegrees"":[0.0,0.0,-0.0],""scale"":[1.0,1.0,1.0]},""sourceTransformByteOffset"":444,""parameterOverridesDecoded"":true,""sourceParameterCountByteOffset"":536,""parameterOverrides"":[{""sourceIndex"":0,""name"":""Color"",""sourceTypeCode"":3,""sourceRecordByteOffset"":540,""type"":""vector"",""vectorValue"":[1.0,1.0,1.0],""sourceValueByteOffset"":562}]}",2197008,170347,True,SOURCE_ASSET_EXPLICIT
confirmed_rehearsal_presentation_relation,MN_RPCT_07,4219985,쿠크세이튼_군단장 시그니쳐 스킬_공격_리허설,7,Att_Battle_24_03,action-4219985/stage-007/notify-005,MonsterMoveNextStage,3.0,0.0,,,,,2197727,170379,True,TIMING_OR_STATE_ONLY
confirmed_rehearsal_presentation_relation,MN_RPCT_07,4219985,쿠크세이튼_군단장 시그니쳐 스킬_공격_리허설,8,Att_battle_28_10_start,action-4219985/stage-008/notify-000,Anim,0.0,2.3333330154418945,,,,,2198047,170419,True,SOURCE_CLIP_EXPLICIT
confirmed_rehearsal_presentation_relation,MN_RPCT_07,4219985,쿠크세이튼_군단장 시그니쳐 스킬_공격_리허설,8,Att_battle_28_10_start,action-4219985/stage-008/notify-001,Effect,0.0,0.10000000149011612,,421991213,,,2198351,170446,True,TIMING_ONLY
confirmed_rehearsal_presentation_relation,MN_RPCT_07,4219985,쿠크세이튼_군단장 시그니쳐 스킬_공격_리허설,8,Att_battle_28_10_start,action-4219985/stage-008/notify-002,Effect,0.0,0.20000000298023224,,41600005,,,2198501,170465,True,TIMING_ONLY
confirmed_rehearsal_presentation_relation,MN_RPCT_07,4219985,쿠크세이튼_군단장 시그니쳐 스킬_공격_리허설,8,Att_battle_28_10_start,action-4219985/stage-008/notify-003,Effect,0.0,0.20000000298023224,,41600007,,,2198651,170484,True,TIMING_ONLY
confirmed_rehearsal_presentation_relation,MN_RPCT_07,4219985,쿠크세이튼_군단장 시그니쳐 스킬_공격_리허설,8,Att_battle_28_10_start,action-4219985/stage-008/notify-004,PlayParticleEffect,0.0,0.0,True,,ParticleSystem:FX_CM_02.Light.Par_MP_Light_05_L,"{""schema"":""lostark.cef-play-particle-effect-header"",""version"":2,""enabled"":true,""sourceByteOffset"":47,""sourceByteValue"":1,""particleDataDecoded"":true,""sourceParticleSystem"":""ParticleSystem'FX_CM_02.Light.Par_MP_Light_05_L'"",""attachment"":{""mode"":""SNAPSHOT_ROOT"",""sourceAnchorNames"":[],""runtimeAnchors"":[],""runtimeAnchorSlotIds"":[],""runtimeAnchorSlotId"":""root"",""runtimeBoneName"":"""",""socketLocalTransform"":{""position"":[0.0,0.0,0.0],""rotationDegrees"":[0.0,0.0,0.0],""scale"":[1.0,1.0,1.0]},""runtimeResolutionStatus"":""EXACT_ROOT_SNAPSHOT"",""sourceSelectorByteOffset"":null},""localTransform"":{""sourcePositionUeUnits"":[0.0,0.0,150.0],""position"":[0.0,1.5,-0.0],""rotationDegrees"":[0.0,0.0,-0.0],""scale"":[1.0,1.0,1.0]},""sourceTransformByteOffset"":387,""parameterOverridesDecoded"":true,""sourceParameterCountByteOffset"":475,""parameterOverrides"":[{""sourceIndex"":0,""name"":""Spawn"",""sourceTypeCode"":1,""sourceRecordByteOffset"":479,""type"":""scalar"",""scalarValue"":0.0,""sourceValueByteOffset"":493},{""sourceIndex"":1,""name"":""Lifetime"",""sourceTypeCode"":1,""sourceRecordByteOffset"":558,""type"":""scalar"",""scalarValue"":0.800000011920929,""sourceValueByteOffset"":575},{""sourceIndex"":2,""name"":""Location"",""sourceTypeCode"":3,""sourceRecordByteOffset"":640,""type"":""vector"",""vectorValue"":[1.0,1.0,1.0],""sourceValueByteOffset"":665},{""sourceIndex"":3,""name"":""Size"",""sourceTypeCode"":3,""sourceRecordByteOffset"":722,""type"":""vector"",""vectorValue"":[450.0,100.0,100.0],""sourceValueByteOffset"":743},{""sourceIndex"":4,""name"":""Color"",""sourceTypeCode"":3,""sourceRecordByteOffset"":800,""type"":""vector"",""vectorValue"":[3.0,1.0,1.0],""sourceValueByteOffset"":822},{""sourceIndex"":5,""name"":""Alpha"",""sourceTypeCode"":1,""sourceRecordByteOffset"":879,""type"":""scalar"",""scalarValue"":1.5,""sourceValueByteOffset"":893}]}",2198801,170503,True,SOURCE_ASSET_EXPLICIT
confirmed_rehearsal_presentation_relation,MN_RPCT_07,4219985,쿠크세이튼_군단장 시그니쳐 스킬_공격_리허설,8,Att_battle_28_10_start,action-4219985/stage-008/notify-005,PlayParticleEffect,0.0,0.0,True,,ParticleSystem:fx_mn_rpct_07_v.Par_V_RPCT_BallRead_Exp_01_LOC_INT,"{""schema"":""lostark.cef-play-particle-effect-header"",""version"":2,""enabled"":true,""sourceByteOffset"":47,""sourceByteValue"":1,""particleDataDecoded"":true,""sourceParticleSystem"":""ParticleSystem'fx_mn_rpct_07_v.Par_V_RPCT_BallRead_Exp_01_LOC_INT'"",""attachment"":{""mode"":""FOLLOW_NAMED_ANCHORS"",""sourceAnchorNames"":[""FX_buff_01""],""runtimeAnchors"":[{""sourceAnchorName"":""FX_buff_01"",""runtimeAnchorSlotId"":""FX_buff_01"",""runtimeBoneName"":"""",""socketLocalTransform"":{""position"":[0.0,0.0,0.0],""rotationDegrees"":[0.0,0.0,0.0],""scale"":[1.0,1.0,1.0]},""resolutionStatus"":""MISSING_SOURCE_SOCKET""}],""runtimeAnchorSlotIds"":[""FX_buff_01""],""runtimeAnchorSlotId"":""FX_buff_01"",""runtimeBoneName"":"""",""socketLocalTransform"":{""position"":[0.0,0.0,0.0],""rotationDegrees"":[0.0,0.0,0.0],""scale"":[1.0,1.0,1.0]},""runtimeResolutionStatus"":""MISSING_SOURCE_SOCKET"",""sourceSelectorByteOffset"":395},""localTransform"":{""sourcePositionUeUnits"":[0.0,0.0,65.0],""position"":[0.0,0.65,-0.0],""rotationDegrees"":[0.0,0.0,-0.0],""scale"":[1.2000000476837158,1.2000000476837158,1.2000000476837158]},""sourceTransformByteOffset"":414,""parameterOverridesDecoded"":true,""sourceParameterCountByteOffset"":502,""parameterOverrides"":[]}",2199859,170539,True,SOURCE_ASSET_EXPLICIT
confirmed_rehearsal_presentation_relation,MN_RPCT_07,4219985,쿠크세이튼_군단장 시그니쳐 스킬_공격_리허설,8,Att_battle_28_10_start,action-4219985/stage-008/notify-006,ViewShake,0.0,0.0,,,,,2200465,170569,True,SOURCE_PARAMETERS_SERIALIZED
confirmed_rehearsal_presentation_relation,MN_RPCT_07,4219985,쿠크세이튼_군단장 시그니쳐 스킬_공격_리허설,8,Att_battle_28_10_start,action-4219985/stage-008/notify-007,HidePawn,0.0,0.0,,,,,2200726,170593,True,SOURCE_PARAMETERS_SERIALIZED
confirmed_rehearsal_presentation_relation,MN_RPCT_07,4219985,쿠크세이튼_군단장 시그니쳐 스킬_공격_리허설,8,Att_battle_28_10_start,action-4219985/stage-008/notify-008,PlayParticleEffect,0.0,2.3333001136779785,True,,ParticleSystem:FX_MN_RPCT_07_V.Par_V_RPCT_Bazooka_mesh_01,"{""schema"":""lostark.cef-play-particle-effect-header"",""version"":2,""enabled"":true,""sourceByteOffset"":47,""sourceByteValue"":1,""particleDataDecoded"":true,""sourceParticleSystem"":""ParticleSystem'FX_MN_RPCT_07_V.Par_V_RPCT_Bazooka_mesh_01'"",""attachment"":{""mode"":""FOLLOW_NAMED_ANCHORS"",""sourceAnchorNames"":[""Bip002-R-Hand""],""runtimeAnchors"":[{""sourceAnchorName"":""Bip002-R-Hand"",""runtimeAnchorSlotId"":""Bip002-R-Hand"",""runtimeBoneName"":"""",""socketLocalTransform"":{""position"":[0.0,0.0,0.0],""rotationDegrees"":[0.0,0.0,0.0],""scale"":[1.0,1.0,1.0]},""resolutionStatus"":""MISSING_SOURCE_SOCKET""}],""runtimeAnchorSlotIds"":[""Bip002-R-Hand""],""runtimeAnchorSlotId"":""Bip002-R-Hand"",""runtimeBoneName"":"""",""socketLocalTransform"":{""position"":[0.0,0.0,0.0],""rotationDegrees"":[0.0,0.0,0.0],""scale"":[1.0,1.0,1.0]},""runtimeResolutionStatus"":""MISSING_SOURCE_SOCKET"",""sourceSelectorByteOffset"":383},""localTransform"":{""sourcePositionUeUnits"":[0.0,0.0,0.0],""position"":[0.0,0.0,-0.0],""rotationDegrees"":[0.0,0.0,-0.0],""scale"":[0.30000001192092896,0.30000001192092896,0.30000001192092896]},""sourceTransformByteOffset"":405,""parameterOverridesDecoded"":true,""sourceParameterCountByteOffset"":497,""parameterOverrides"":[]}",2200846,170615,True,SOURCE_ASSET_EXPLICIT
confirmed_rehearsal_presentation_relation,MN_RPCT_07,4219985,쿠크세이튼_군단장 시그니쳐 스킬_공격_리허설,8,Att_battle_28_10_start,action-4219985/stage-008/notify-009,AKEvent,0.0010000000474974513,2.3322999477386475,,,AkEvent:S_Mob_G_KoukuSatan1.G_KoukuSatan1_Attack23_ShotVox2,,2201447,170645,True,SOURCE_ASSET_EXPLICIT
confirmed_rehearsal_presentation_relation,MN_RPCT_07,4219985,쿠크세이튼_군단장 시그니쳐 스킬_공격_리허설,8,Att_battle_28_10_start,action-4219985/stage-008/notify-010,AKEvent,0.0010000000474974513,1.2583450078964233,,,AkEvent:S_Mob_G_KoukuSatan1.G_KoukuSatan1_Attack03_Cast3,,2201660,170674,True,SOURCE_ASSET_EXPLICIT
confirmed_rehearsal_presentation_relation,MN_RPCT_07,4219985,쿠크세이튼_군단장 시그니쳐 스킬_공격_리허설,8,Att_battle_28_10_start,action-4219985/stage-008/notify-011,AKEvent,1.0,1.333299994468689,,,AkEvent:S_Mob_G_KoukuSatan1.G_KoukuSatan1_Attack23_Cast3,,2201871,170703,True,SOURCE_ASSET_EXPLICIT
confirmed_rehearsal_presentation_relation,MN_RPCT_07,4219985,쿠크세이튼_군단장 시그니쳐 스킬_공격_리허설,8,Att_battle_28_10_start,action-4219985/stage-008/notify-012,PlayParticleEffect,1.0653070211410522,0.0,True,,ParticleSystem:fx_mn_rpct_07_v.Par_V_RPCT_BallRead_Exp_01_LOC_INT,"{""schema"":""lostark.cef-play-particle-effect-header"",""version"":2,""enabled"":true,""sourceByteOffset"":47,""sourceByteValue"":1,""particleDataDecoded"":true,""sourceParticleSystem"":""ParticleSystem'fx_mn_rpct_07_v.Par_V_RPCT_BallRead_Exp_01_LOC_INT'"",""attachment"":{""mode"":""FOLLOW_NAMED_ANCHORS"",""sourceAnchorNames"":[""Bip002-R-Hand""],""runtimeAnchors"":[{""sourceAnchorName"":""Bip002-R-Hand"",""runtimeAnchorSlotId"":""Bip002-R-Hand"",""runtimeBoneName"":"""",""socketLocalTransform"":{""position"":[0.0,0.0,0.0],""rotationDegrees"":[0.0,0.0,0.0],""scale"":[1.0,1.0,1.0]},""resolutionStatus"":""MISSING_SOURCE_SOCKET""}],""runtimeAnchorSlotIds"":[""Bip002-R-Hand""],""runtimeAnchorSlotId"":""Bip002-R-Hand"",""runtimeBoneName"":"""",""socketLocalTransform"":{""position"":[0.0,0.0,0.0],""rotationDegrees"":[0.0,0.0,0.0],""scale"":[1.0,1.0,1.0]},""runtimeResolutionStatus"":""MISSING_SOURCE_SOCKET"",""sourceSelectorByteOffset"":397},""localTransform"":{""sourcePositionUeUnits"":[0.0,0.0,0.0],""position"":[0.0,0.0,-0.0],""rotationDegrees"":[0.0,0.0,-0.0],""scale"":[0.4000000059604645,0.4000000059604645,0.4000000059604645]},""sourceTransformByteOffset"":419,""parameterOverridesDecoded"":true,""sourceParameterCountByteOffset"":511,""parameterOverrides"":[]}",2202082,170732,True,SOURCE_ASSET_EXPLICIT
confirmed_rehearsal_presentation_relation,MN_RPCT_07,4219985,쿠크세이튼_군단장 시그니쳐 스킬_공격_리허설,8,Att_battle_28_10_start,action-4219985/stage-008/notify-013,PlayParticleEffect,1.0967799425125122,0.0,True,,ParticleSystem:fx_mn_rpct_07_v.Par_V_RPCT_BallRead_Exp_01_LOC_INT,"{""schema"":""lostark.cef-play-particle-effect-header"",""version"":2,""enabled"":true,""sourceByteOffset"":47,""sourceByteValue"":1,""particleDataDecoded"":true,""sourceParticleSystem"":""ParticleSystem'fx_mn_rpct_07_v.Par_V_RPCT_BallRead_Exp_01_LOC_INT'"",""attachment"":{""mode"":""FOLLOW_NAMED_ANCHORS"",""sourceAnchorNames"":[""Bip002-R-Hand""],""runtimeAnchors"":[{""sourceAnchorName"":""Bip002-R-Hand"",""runtimeAnchorSlotId"":""Bip002-R-Hand"",""runtimeBoneName"":"""",""socketLocalTransform"":{""position"":[0.0,0.0,0.0],""rotationDegrees"":[0.0,0.0,0.0],""scale"":[1.0,1.0,1.0]},""resolutionStatus"":""MISSING_SOURCE_SOCKET""}],""runtimeAnchorSlotIds"":[""Bip002-R-Hand""],""runtimeAnchorSlotId"":""Bip002-R-Hand"",""runtimeBoneName"":"""",""socketLocalTransform"":{""position"":[0.0,0.0,0.0],""rotationDegrees"":[0.0,0.0,0.0],""scale"":[1.0,1.0,1.0]},""runtimeResolutionStatus"":""MISSING_SOURCE_SOCKET"",""sourceSelectorByteOffset"":397},""localTransform"":{""sourcePositionUeUnits"":[0.0,0.0,0.0],""position"":[0.0,0.0,-0.0],""rotationDegrees"":[0.0,0.0,-0.0],""scale"":[0.4000000059604645,0.4000000059604645,0.4000000059604645]},""sourceTransformByteOffset"":419,""parameterOverridesDecoded"":true,""sourceParameterCountByteOffset"":511,""parameterOverrides"":[]}",2202697,170763,True,SOURCE_ASSET_EXPLICIT
confirmed_rehearsal_presentation_relation,MN_RPCT_07,4219985,쿠크세이튼_군단장 시그니쳐 스킬_공격_리허설,8,Att_battle_28_10_start,action-4219985/stage-008/notify-014,PlayParticleEffect,1.097085952758789,0.0,True,,ParticleSystem:fx_mn_rpct_07_v.Par_V_RPCT_signalShot_01_LOC_INT,"{""schema"":""lostark.cef-play-particle-effect-header"",""version"":2,""enabled"":true,""sourceByteOffset"":47,""sourceByteValue"":1,""particleDataDecoded"":true,""sourceParticleSystem"":""ParticleSystem'fx_mn_rpct_07_v.Par_V_RPCT_signalShot_01_LOC_INT'"",""attachment"":{""mode"":""FOLLOW_NAMED_ANCHORS"",""sourceAnchorNames"":[""Bip002-R-Hand""],""runtimeAnchors"":[{""sourceAnchorName"":""Bip002-R-Hand"",""runtimeAnchorSlotId"":""Bip002-R-Hand"",""runtimeBoneName"":"""",""socketLocalTransform"":{""position"":[0.0,0.0,0.0],""rotationDegrees"":[0.0,0.0,0.0],""scale"":[1.0,1.0,1.0]},""resolutionStatus"":""MISSING_SOURCE_SOCKET""}],""runtimeAnchorSlotIds"":[""Bip002-R-Hand""],""runtimeAnchorSlotId"":""Bip002-R-Hand"",""runtimeBoneName"":"""",""socketLocalTransform"":{""position"":[0.0,0.0,0.0],""rotationDegrees"":[0.0,0.0,0.0],""scale"":[1.0,1.0,1.0]},""runtimeResolutionStatus"":""MISSING_SOURCE_SOCKET"",""sourceSelectorByteOffset"":394},""localTransform"":{""sourcePositionUeUnits"":[0.0,0.0,50.0],""position"":[0.0,0.5,-0.0],""rotationDegrees"":[0.0,0.0,-0.0],""scale"":[1.0,1.0,1.0]},""sourceTransformByteOffset"":416,""parameterOverridesDecoded"":true,""sourceParameterCountByteOffset"":508,""parameterOverrides"":[{""sourceIndex"":0,""name"":""Color"",""sourceTypeCode"":3,""sourceRecordByteOffset"":512,""type"":""vector"",""vectorValue"":[1.0,1.0,1.0],""sourceValueByteOffset"":534}]}",2203312,170794,True,SOURCE_ASSET_EXPLICIT
confirmed_rehearsal_presentation_relation,MN_RPCT_07,4219985,쿠크세이튼_군단장 시그니쳐 스킬_공격_리허설,8,Att_battle_28_10_start,action-4219985/stage-008/notify-015,PlayParticleEffect,1.097085952758789,0.0,True,,ParticleSystem:fx_mn_rpct_07_v.Par_V_RPCT_signalShot_01_LOC_INT,"{""schema"":""lostark.cef-play-particle-effect-header"",""version"":2,""enabled"":true,""sourceByteOffset"":47,""sourceByteValue"":1,""particleDataDecoded"":true,""sourceParticleSystem"":""ParticleSystem'fx_mn_rpct_07_v.Par_V_RPCT_signalShot_01_LOC_INT'"",""attachment"":{""mode"":""FOLLOW_NAMED_ANCHORS"",""sourceAnchorNames"":[""Bip002-R-Hand""],""runtimeAnchors"":[{""sourceAnchorName"":""Bip002-R-Hand"",""runtimeAnchorSlotId"":""Bip002-R-Hand"",""runtimeBoneName"":"""",""socketLocalTransform"":{""position"":[0.0,0.0,0.0],""rotationDegrees"":[0.0,0.0,0.0],""scale"":[1.0,1.0,1.0]},""resolutionStatus"":""MISSING_SOURCE_SOCKET""}],""runtimeAnchorSlotIds"":[""Bip002-R-Hand""],""runtimeAnchorSlotId"":""Bip002-R-Hand"",""runtimeBoneName"":"""",""socketLocalTransform"":{""position"":[0.0,0.0,0.0],""rotationDegrees"":[0.0,0.0,0.0],""scale"":[1.0,1.0,1.0]},""runtimeResolutionStatus"":""MISSING_SOURCE_SOCKET"",""sourceSelectorByteOffset"":394},""localTransform"":{""sourcePositionUeUnits"":[0.0,0.0,50.0],""position"":[0.0,0.5,-0.0],""rotationDegrees"":[0.0,0.0,-0.0],""scale"":[1.0,1.0,1.0]},""sourceTransformByteOffset"":416,""parameterOverridesDecoded"":true,""sourceParameterCountByteOffset"":508,""parameterOverrides"":[{""sourceIndex"":0,""name"":""Color"",""sourceTypeCode"":3,""sourceRecordByteOffset"":512,""type"":""vector"",""vectorValue"":[1.0,1.0,1.0],""sourceValueByteOffset"":534}]}",2204003,170826,True,SOURCE_ASSET_EXPLICIT
confirmed_rehearsal_presentation_relation,MN_RPCT_07,4219985,쿠크세이튼_군단장 시그니쳐 스킬_공격_리허설,8,Att_battle_28_10_start,action-4219985/stage-008/notify-016,Effect,2.0,0.30000001192092896,,421991209,,,2204694,170858,True,TIMING_ONLY
confirmed_rehearsal_presentation_relation,MN_RPCT_07,4219985,쿠크세이튼_군단장 시그니쳐 스킬_공격_리허설,8,Att_battle_28_10_start,action-4219985/stage-008/notify-017,Effect,2.0,0.30000001192092896,,421991209,,,2204844,170877,True,TIMING_ONLY
confirmed_rehearsal_presentation_relation,MN_RPCT_07,4219985,쿠크세이튼_군단장 시그니쳐 스킬_공격_리허설,8,Att_battle_28_10_start,action-4219985/stage-008/notify-018,Effect,2.0,0.30000001192092896,,421991209,,,2204994,170896,True,TIMING_ONLY
confirmed_rehearsal_presentation_relation,MN_RPCT_07,4219985,쿠크세이튼_군단장 시그니쳐 스킬_공격_리허설,8,Att_battle_28_10_start,action-4219985/stage-008/notify-019,Effect,2.0,0.30000001192092896,,421991209,,,2205144,170915,True,TIMING_ONLY
confirmed_rehearsal_presentation_relation,MN_RPCT_07,4219985,쿠크세이튼_군단장 시그니쳐 스킬_공격_리허설,8,Att_battle_28_10_start,action-4219985/stage-008/notify-020,Effect,2.0,0.33329999446868896,,421991229,,,2205294,170934,True,TIMING_ONLY
confirmed_rehearsal_presentation_relation,MN_RPCT_07,4219985,쿠크세이튼_군단장 시그니쳐 스킬_공격_리허설,8,Att_battle_28_10_start,action-4219985/stage-008/notify-021,MonsterMoveNextStage,2.2300000190734863,0.0,,,,,2205444,170953,True,TIMING_OR_STATE_ONLY
confirmed_rehearsal_presentation_relation,MN_RPCT_07,4219985,쿠크세이튼_군단장 시그니쳐 스킬_공격_리허설,9,Att_battle_28_10_Loop,action-4219985/stage-009/notify-000,Anim,0.0,3.3333330154418945,,,,,2205864,170993,True,SOURCE_CLIP_EXPLICIT
confirmed_rehearsal_presentation_relation,MN_RPCT_07,4219985,쿠크세이튼_군단장 시그니쳐 스킬_공격_리허설,9,Att_battle_28_10_Loop,action-4219985/stage-009/notify-001,Effect,0.0,0.30000001192092896,,421991207,,,2206166,171020,True,TIMING_ONLY
confirmed_rehearsal_presentation_relation,MN_RPCT_07,4219985,쿠크세이튼_군단장 시그니쳐 스킬_공격_리허설,9,Att_battle_28_10_Loop,action-4219985/stage-009/notify-002,PlayParticleEffect,0.0,0.0,True,,ParticleSystem:fx_mn_rpct_07_v.Par_V_RPCT_Signature_01_1_LOC_INT,"{""schema"":""lostark.cef-play-particle-effect-header"",""version"":2,""enabled"":true,""sourceByteOffset"":47,""sourceByteValue"":1,""particleDataDecoded"":true,""sourceParticleSystem"":""ParticleSystem'fx_mn_rpct_07_v.Par_V_RPCT_Signature_01_1_LOC_INT'"",""attachment"":{""mode"":""FOLLOW_NAMED_ANCHORS"",""sourceAnchorNames"":[""B_WP_2""],""runtimeAnchors"":[{""sourceAnchorName"":""B_WP_2"",""runtimeAnchorSlotId"":""B_WP_2"",""runtimeBoneName"":""b_wp_2"",""socketLocalTransform"":{""position"":[0.0,0.0,0.0],""rotationDegrees"":[0.0,0.0,0.0],""scale"":[1.0,1.0,1.0]},""resolutionStatus"":""EXACT_SOURCE_BONE""}],""runtimeAnchorSlotIds"":[""B_WP_2""],""runtimeAnchorSlotId"":""B_WP_2"",""runtimeBoneName"":""b_wp_2"",""socketLocalTransform"":{""position"":[0.0,0.0,0.0],""rotationDegrees"":[0.0,0.0,0.0],""scale"":[1.0,1.0,1.0]},""runtimeResolutionStatus"":""EXACT_SOURCE_BONE"",""sourceSelectorByteOffset"":402},""localTransform"":{""sourcePositionUeUnits"":[150.0,0.0,50.0],""position"":[1.5,0.5,-0.0],""rotationDegrees"":[0.0,0.0,-0.0],""scale"":[3.0,3.0,3.0]},""sourceTransformByteOffset"":417,""parameterOverridesDecoded"":true,""sourceParameterCountByteOffset"":509,""parameterOverrides"":[{""sourceIndex"":0,""name"":""Color"",""sourceTypeCode"":3,""sourceRecordByteOffset"":513,""type"":""vector"",""vectorValue"":[1.0,1.0,1.0],""sourceValueByteOffset"":535},{""sourceIndex"":1,""name"":""Alpha"",""sourceTypeCode"":1,""sourceRecordByteOffset"":592,""type"":""scalar"",""scalarValue"":1.0,""sourceValueByteOffset"":606}]}",2206316,171039,True,SOURCE_ASSET_EXPLICIT
confirmed_rehearsal_presentation_relation,MN_RPCT_07,4219985,쿠크세이튼_군단장 시그니쳐 스킬_공격_리허설,9,Att_battle_28_10_Loop,action-4219985/stage-009/notify-003,PlayParticleEffect,0.0,0.0,True,,ParticleSystem:fx_mn_rpct_07_v.Par_V_RPCT_Signature_01_1_LOC_INT,"{""schema"":""lostark.cef-play-particle-effect-header"",""version"":2,""enabled"":true,""sourceByteOffset"":47,""sourceByteValue"":1,""particleDataDecoded"":true,""sourceParticleSystem"":""ParticleSystem'fx_mn_rpct_07_v.Par_V_RPCT_Signature_01_1_LOC_INT'"",""attachment"":{""mode"":""FOLLOW_NAMED_ANCHORS"",""sourceAnchorNames"":[""B_WP_1""],""runtimeAnchors"":[{""sourceAnchorName"":""B_WP_1"",""runtimeAnchorSlotId"":""B_WP_1"",""runtimeBoneName"":""b_wp_1"",""socketLocalTransform"":{""position"":[0.0,0.0,0.0],""rotationDegrees"":[0.0,0.0,0.0],""scale"":[1.0,1.0,1.0]},""resolutionStatus"":""EXACT_SOURCE_BONE""}],""runtimeAnchorSlotIds"":[""B_WP_1""],""runtimeAnchorSlotId"":""B_WP_1"",""runtimeBoneName"":""b_wp_1"",""socketLocalTransform"":{""position"":[0.0,0.0,0.0],""rotationDegrees"":[0.0,0.0,0.0],""scale"":[1.0,1.0,1.0]},""runtimeResolutionStatus"":""EXACT_SOURCE_BONE"",""sourceSelectorByteOffset"":402},""localTransform"":{""sourcePositionUeUnits"":[150.0,0.0,50.0],""position"":[1.5,0.5,-0.0],""rotationDegrees"":[0.0,0.0,-0.0],""scale"":[3.0,3.0,3.0]},""sourceTransformByteOffset"":417,""parameterOverridesDecoded"":true,""sourceParameterCountByteOffset"":509,""parameterOverrides"":[{""sourceIndex"":0,""name"":""Color"",""sourceTypeCode"":3,""sourceRecordByteOffset"":513,""type"":""vector"",""vectorValue"":[1.0,1.0,1.0],""sourceValueByteOffset"":535},{""sourceIndex"":1,""name"":""Alpha"",""sourceTypeCode"":1,""sourceRecordByteOffset"":592,""type"":""scalar"",""scalarValue"":1.0,""sourceValueByteOffset"":606}]}",2207087,171072,True,SOURCE_ASSET_EXPLICIT
confirmed_rehearsal_presentation_relation,MN_RPCT_07,4219985,쿠크세이튼_군단장 시그니쳐 스킬_공격_리허설,9,Att_battle_28_10_Loop,action-4219985/stage-009/notify-004,PlayParticleEffect,0.0,10.0,True,,ParticleSystem:FX_MN_RPCT_07_V.Par_V_RPCT_07_Bazooka_Loop,"{""schema"":""lostark.cef-play-particle-effect-header"",""version"":2,""enabled"":true,""sourceByteOffset"":47,""sourceByteValue"":1,""particleDataDecoded"":true,""sourceParticleSystem"":""ParticleSystem'FX_MN_RPCT_07_V.Par_V_RPCT_07_Bazooka_Loop'"",""attachment"":{""mode"":""FOLLOW_NAMED_ANCHORS"",""sourceAnchorNames"":[""B_WP_1""],""runtimeAnchors"":[{""sourceAnchorName"":""B_WP_1"",""runtimeAnchorSlotId"":""B_WP_1"",""runtimeBoneName"":""b_wp_1"",""socketLocalTransform"":{""position"":[0.0,0.0,0.0],""rotationDegrees"":[0.0,0.0,0.0],""scale"":[1.0,1.0,1.0]},""resolutionStatus"":""EXACT_SOURCE_BONE""}],""runtimeAnchorSlotIds"":[""B_WP_1""],""runtimeAnchorSlotId"":""B_WP_1"",""runtimeBoneName"":""b_wp_1"",""socketLocalTransform"":{""position"":[0.0,0.0,0.0],""rotationDegrees"":[0.0,0.0,0.0],""scale"":[1.0,1.0,1.0]},""runtimeResolutionStatus"":""EXACT_SOURCE_BONE"",""sourceSelectorByteOffset"":392},""localTransform"":{""sourcePositionUeUnits"":[0.0,0.0,0.0],""position"":[0.0,0.0,-0.0],""rotationDegrees"":[0.0,0.0,-0.0],""scale"":[1.0,1.0,1.0]},""sourceTransformByteOffset"":407,""parameterOverridesDecoded"":true,""sourceParameterCountByteOffset"":499,""parameterOverrides"":[]}",2207858,171105,True,SOURCE_ASSET_EXPLICIT
confirmed_rehearsal_presentation_relation,MN_RPCT_07,4219985,쿠크세이튼_군단장 시그니쳐 스킬_공격_리허설,9,Att_battle_28_10_Loop,action-4219985/stage-009/notify-005,PlayParticleEffect,0.0,0.0,True,,ParticleSystem:FX_CM_02.Light.Par_MP_Light_01,"{""schema"":""lostark.cef-play-particle-effect-header"",""version"":2,""enabled"":true,""sourceByteOffset"":47,""sourceByteValue"":1,""particleDataDecoded"":true,""sourceParticleSystem"":""ParticleSystem'FX_CM_02.Light.Par_MP_Light_01'"",""attachment"":{""mode"":""SNAPSHOT_ROOT"",""sourceAnchorNames"":[],""runtimeAnchors"":[],""runtimeAnchorSlotIds"":[],""runtimeAnchorSlotId"":""root"",""runtimeBoneName"":"""",""socketLocalTransform"":{""position"":[0.0,0.0,0.0],""rotationDegrees"":[0.0,0.0,0.0],""scale"":[1.0,1.0,1.0]},""runtimeResolutionStatus"":""EXACT_ROOT_SNAPSHOT"",""sourceSelectorByteOffset"":null},""localTransform"":{""sourcePositionUeUnits"":[50.0,0.0,50.0],""position"":[0.5,0.5,-0.0],""rotationDegrees"":[0.0,0.0,-0.0],""scale"":[3.0,3.0,3.0]},""sourceTransformByteOffset"":389,""parameterOverridesDecoded"":true,""sourceParameterCountByteOffset"":477,""parameterOverrides"":[{""sourceIndex"":0,""name"":""Spawn"",""sourceTypeCode"":1,""sourceRecordByteOffset"":481,""type"":""scalar"",""scalarValue"":0.0,""sourceValueByteOffset"":495},{""sourceIndex"":1,""name"":""Lifetime"",""sourceTypeCode"":1,""sourceRecordByteOffset"":560,""type"":""scalar"",""scalarValue"":0.10000000149011612,""sourceValueByteOffset"":577},{""sourceIndex"":2,""name"":""Size"",""sourceTypeCode"":3,""sourceRecordByteOffset"":642,""type"":""vector"",""vectorValue"":[200.0,0.0,0.0],""sourceValueByteOffset"":663},{""sourceIndex"":3,""name"":""Color"",""sourceTypeCode"":3,""sourceRecordByteOffset"":720,""type"":""vector"",""vectorValue"":[3.0,2.0,1.0],""sourceValueByteOffset"":742},{""sourceIndex"":4,""name"":""Alpha"",""sourceTypeCode"":1,""sourceRecordByteOffset"":799,""type"":""scalar"",""scalarValue"":1.0,""sourceValueByteOffset"":813}]}",2208461,171136,True,SOURCE_ASSET_EXPLICIT
confirmed_rehearsal_presentation_relation,MN_RPCT_07,4219985,쿠크세이튼_군단장 시그니쳐 스킬_공격_리허설,9,Att_battle_28_10_Loop,action-4219985/stage-009/notify-006,PlayParticleEffect,0.0,10.0,True,,ParticleSystem:FX_MN_RPCT_07_V.Par_V_RPCT_Bazooka_mesh_01,"{""schema"":""lostark.cef-play-particle-effect-header"",""version"":2,""enabled"":true,""sourceByteOffset"":47,""sourceByteValue"":1,""particleDataDecoded"":true,""sourceParticleSystem"":""ParticleSystem'FX_MN_RPCT_07_V.Par_V_RPCT_Bazooka_mesh_01'"",""attachment"":{""mode"":""FOLLOW_NAMED_ANCHORS"",""sourceAnchorNames"":[""Bip002-R-Hand""],""runtimeAnchors"":[{""sourceAnchorName"":""Bip002-R-Hand"",""runtimeAnchorSlotId"":""Bip002-R-Hand"",""runtimeBoneName"":"""",""socketLocalTransform"":{""position"":[0.0,0.0,0.0],""rotationDegrees"":[0.0,0.0,0.0],""scale"":[1.0,1.0,1.0]},""resolutionStatus"":""MISSING_SOURCE_SOCKET""}],""runtimeAnchorSlotIds"":[""Bip002-R-Hand""],""runtimeAnchorSlotId"":""Bip002-R-Hand"",""runtimeBoneName"":"""",""socketLocalTransform"":{""position"":[0.0,0.0,0.0],""rotationDegrees"":[0.0,0.0,0.0],""scale"":[1.0,1.0,1.0]},""runtimeResolutionStatus"":""MISSING_SOURCE_SOCKET"",""sourceSelectorByteOffset"":383},""localTransform"":{""sourcePositionUeUnits"":[0.0,0.0,0.0],""position"":[0.0,0.0,-0.0],""rotationDegrees"":[0.0,0.0,-0.0],""scale"":[0.30000001192092896,0.30000001192092896,0.30000001192092896]},""sourceTransformByteOffset"":405,""parameterOverridesDecoded"":true,""sourceParameterCountByteOffset"":497,""parameterOverrides"":[]}",2209439,171171,True,SOURCE_ASSET_EXPLICIT
confirmed_rehearsal_presentation_relation,MN_RPCT_07,4219985,쿠크세이튼_군단장 시그니쳐 스킬_공격_리허설,9,Att_battle_28_10_Loop,action-4219985/stage-009/notify-007,Effect,0.0,0.5,,421991223,,,2210040,171201,True,TIMING_ONLY
confirmed_rehearsal_presentation_relation,MN_RPCT_07,4219985,쿠크세이튼_군단장 시그니쳐 스킬_공격_리허설,9,Att_battle_28_10_Loop,action-4219985/stage-009/notify-008,AKEvent,0.0010000000474974513,9.99899959564209,,,AkEvent:S_Mob_G_KoukuSatan1.G_KoukuSatan1_Attack23_Shot4,,2210190,171220,True,SOURCE_ASSET_EXPLICIT
confirmed_rehearsal_presentation_relation,MN_RPCT_07,4219985,쿠크세이튼_군단장 시그니쳐 스킬_공격_리허설,9,Att_battle_28_10_Loop,action-4219985/stage-009/notify-009,PlayParticleEffect,0.0034209999721497297,9.99657917022705,True,,ParticleSystem:FX_MN_RPCT_07_V.Par_V_RPCT_07_Bazooka_Loop,"{""schema"":""lostark.cef-play-particle-effect-header"",""version"":2,""enabled"":true,""sourceByteOffset"":47,""sourceByteValue"":1,""particleDataDecoded"":true,""sourceParticleSystem"":""ParticleSystem'FX_MN_RPCT_07_V.Par_V_RPCT_07_Bazooka_Loop'"",""attachment"":{""mode"":""FOLLOW_NAMED_ANCHORS"",""sourceAnchorNames"":[""B_WP_2""],""runtimeAnchors"":[{""sourceAnchorName"":""B_WP_2"",""runtimeAnchorSlotId"":""B_WP_2"",""runtimeBoneName"":""b_wp_2"",""socketLocalTransform"":{""position"":[0.0,0.0,0.0],""rotationDegrees"":[0.0,0.0,0.0],""scale"":[1.0,1.0,1.0]},""resolutionStatus"":""EXACT_SOURCE_BONE""}],""runtimeAnchorSlotIds"":[""B_WP_2""],""runtimeAnchorSlotId"":""B_WP_2"",""runtimeBoneName"":""b_wp_2"",""socketLocalTransform"":{""position"":[0.0,0.0,0.0],""rotationDegrees"":[0.0,0.0,0.0],""scale"":[1.0,1.0,1.0]},""runtimeResolutionStatus"":""EXACT_SOURCE_BONE"",""sourceSelectorByteOffset"":392},""localTransform"":{""sourcePositionUeUnits"":[0.0,0.0,0.0],""position"":[0.0,0.0,-0.0],""rotationDegrees"":[0.0,0.0,-0.0],""scale"":[1.0,1.0,1.0]},""sourceTransformByteOffset"":407,""parameterOverridesDecoded"":true,""sourceParameterCountByteOffset"":499,""parameterOverrides"":[]}",2210401,171249,True,SOURCE_ASSET_EXPLICIT
confirmed_rehearsal_presentation_relation,MN_RPCT_07,4219985,쿠크세이튼_군단장 시그니쳐 스킬_공격_리허설,9,Att_battle_28_10_Loop,action-4219985/stage-009/notify-010,AKEvent,1.0,2.2750110626220703,,,AkEvent:S_Mob_G_KoukuSatan1.G_KoukuSatan1_Attack23_Cast3,,2211004,171280,True,SOURCE_ASSET_EXPLICIT
confirmed_rehearsal_presentation_relation,MN_RPCT_07,4219985,쿠크세이튼_군단장 시그니쳐 스킬_공격_리허설,9,Att_battle_28_10_Loop,action-4219985/stage-009/notify-011,PawnMaterialParam,1.0654710531234741,0.0,,,,,2211215,171309,True,SOURCE_PARAMETERS_SERIALIZED
confirmed_rehearsal_presentation_relation,MN_RPCT_07,4219985,쿠크세이튼_군단장 시그니쳐 스킬_공격_리허설,9,Att_battle_28_10_Loop,action-4219985/stage-009/notify-012,PlayParticleEffect,1.0967799425125122,0.0,True,,ParticleSystem:fx_mn_rpct_07_v.Par_V_RPCT_BallRead_Exp_01_LOC_INT,"{""schema"":""lostark.cef-play-particle-effect-header"",""version"":2,""enabled"":true,""sourceByteOffset"":47,""sourceByteValue"":1,""particleDataDecoded"":true,""sourceParticleSystem"":""ParticleSystem'fx_mn_rpct_07_v.Par_V_RPCT_BallRead_Exp_01_LOC_INT'"",""attachment"":{""mode"":""FOLLOW_NAMED_ANCHORS"",""sourceAnchorNames"":[""Bip002-R-Hand""],""runtimeAnchors"":[{""sourceAnchorName"":""Bip002-R-Hand"",""runtimeAnchorSlotId"":""Bip002-R-Hand"",""runtimeBoneName"":"""",""socketLocalTransform"":{""position"":[0.0,0.0,0.0],""rotationDegrees"":[0.0,0.0,0.0],""scale"":[1.0,1.0,1.0]},""resolutionStatus"":""MISSING_SOURCE_SOCKET""}],""runtimeAnchorSlotIds"":[""Bip002-R-Hand""],""runtimeAnchorSlotId"":""Bip002-R-Hand"",""runtimeBoneName"":"""",""socketLocalTransform"":{""position"":[0.0,0.0,0.0],""rotationDegrees"":[0.0,0.0,0.0],""scale"":[1.0,1.0,1.0]},""runtimeResolutionStatus"":""MISSING_SOURCE_SOCKET"",""sourceSelectorByteOffset"":397},""localTransform"":{""sourcePositionUeUnits"":[0.0,0.0,0.0],""position"":[0.0,0.0,-0.0],""rotationDegrees"":[0.0,0.0,-0.0],""scale"":[0.4000000059604645,0.4000000059604645,0.4000000059604645]},""sourceTransformByteOffset"":419,""parameterOverridesDecoded"":true,""sourceParameterCountByteOffset"":511,""parameterOverrides"":[]}",2211643,171332,True,SOURCE_ASSET_EXPLICIT
confirmed_rehearsal_presentation_relation,MN_RPCT_07,4219985,쿠크세이튼_군단장 시그니쳐 스킬_공격_리허설,9,Att_battle_28_10_Loop,action-4219985/stage-009/notify-013,PlayParticleEffect,1.097085952758789,0.0,True,,ParticleSystem:fx_mn_rpct_07_v.Par_V_RPCT_signalShot_01_LOC_INT,"{""schema"":""lostark.cef-play-particle-effect-header"",""version"":2,""enabled"":true,""sourceByteOffset"":47,""sourceByteValue"":1,""particleDataDecoded"":true,""sourceParticleSystem"":""ParticleSystem'fx_mn_rpct_07_v.Par_V_RPCT_signalShot_01_LOC_INT'"",""attachment"":{""mode"":""FOLLOW_NAMED_ANCHORS"",""sourceAnchorNames"":[""Bip002-R-Hand""],""runtimeAnchors"":[{""sourceAnchorName"":""Bip002-R-Hand"",""runtimeAnchorSlotId"":""Bip002-R-Hand"",""runtimeBoneName"":"""",""socketLocalTransform"":{""position"":[0.0,0.0,0.0],""rotationDegrees"":[0.0,0.0,0.0],""scale"":[1.0,1.0,1.0]},""resolutionStatus"":""MISSING_SOURCE_SOCKET""}],""runtimeAnchorSlotIds"":[""Bip002-R-Hand""],""runtimeAnchorSlotId"":""Bip002-R-Hand"",""runtimeBoneName"":"""",""socketLocalTransform"":{""position"":[0.0,0.0,0.0],""rotationDegrees"":[0.0,0.0,0.0],""scale"":[1.0,1.0,1.0]},""runtimeResolutionStatus"":""MISSING_SOURCE_SOCKET"",""sourceSelectorByteOffset"":394},""localTransform"":{""sourcePositionUeUnits"":[0.0,0.0,50.0],""position"":[0.0,0.5,-0.0],""rotationDegrees"":[0.0,0.0,-0.0],""scale"":[1.0,1.0,1.0]},""sourceTransformByteOffset"":416,""parameterOverridesDecoded"":true,""sourceParameterCountByteOffset"":508,""parameterOverrides"":[{""sourceIndex"":0,""name"":""Color"",""sourceTypeCode"":3,""sourceRecordByteOffset"":512,""type"":""vector"",""vectorValue"":[1.0,1.0,1.0],""sourceValueByteOffset"":534}]}",2212258,171363,True,SOURCE_ASSET_EXPLICIT
confirmed_rehearsal_presentation_relation,MN_RPCT_07,4219985,쿠크세이튼_군단장 시그니쳐 스킬_공격_리허설,9,Att_battle_28_10_Loop,action-4219985/stage-009/notify-014,Effect,1.4041450023651123,0.5,,421991244,,,2212949,171395,True,TIMING_ONLY
confirmed_rehearsal_presentation_relation,MN_RPCT_07,4219985,쿠크세이튼_군단장 시그니쳐 스킬_공격_리허설,9,Att_battle_28_10_Loop,action-4219985/stage-009/notify-015,Effect,3.739388942718506,0.5012949705123901,,421991244,,,2213099,171414,True,TIMING_ONLY
confirmed_rehearsal_presentation_relation,MN_RPCT_07,4219985,쿠크세이튼_군단장 시그니쳐 스킬_공격_리허설,9,Att_battle_28_10_Loop,action-4219985/stage-009/notify-016,Effect,4.0,0.5,,421996301,,,2213249,171433,True,TIMING_ONLY
confirmed_rehearsal_presentation_relation,MN_RPCT_07,4219985,쿠크세이튼_군단장 시그니쳐 스킬_공격_리허설,9,Att_battle_28_10_Loop,action-4219985/stage-009/notify-017,Effect,6.0,0.5,,421996302,,,2213399,171452,True,TIMING_ONLY
confirmed_rehearsal_presentation_relation,MN_RPCT_07,4219985,쿠크세이튼_군단장 시그니쳐 스킬_공격_리허설,9,Att_battle_28_10_Loop,action-4219985/stage-009/notify-018,Effect,6.822289943695068,0.5012949705123901,,421991244,,,2213549,171471,True,TIMING_ONLY
confirmed_rehearsal_presentation_relation,MN_RPCT_07,4219985,쿠크세이튼_군단장 시그니쳐 스킬_공격_리허설,9,Att_battle_28_10_Loop,action-4219985/stage-009/notify-019,MonsterMoveNextStage,10.0,0.0,,,,,2213699,171490,True,TIMING_OR_STATE_ONLY
confirmed_rehearsal_presentation_relation,MN_RPCT_07,4219985,쿠크세이튼_군단장 시그니쳐 스킬_공격_리허설,10,Att_battle_28_10_End,action-4219985/stage-010/notify-000,Anim,0.0,1.1333329677581787,,,,,2214159,171530,True,SOURCE_CLIP_EXPLICIT
confirmed_rehearsal_presentation_relation,MN_RPCT_07,4219985,쿠크세이튼_군단장 시그니쳐 스킬_공격_리허설,10,Att_battle_28_10_End,action-4219985/stage-010/notify-001,EmitTriggerSignal,0.0,0.0,,,,,2214459,171557,True,TIMING_OR_STATE_ONLY
confirmed_rehearsal_presentation_relation,MN_RPCT_07,4219985,쿠크세이튼_군단장 시그니쳐 스킬_공격_리허설,10,Att_battle_28_10_End,action-4219985/stage-010/notify-002,AKEvent,0.8999999761581421,0.23330000042915344,,,AkEvent:S_Mob_G_KoukuSatan1.G_KoukuSatan1_Attack03_Cast2,,2214569,171579,True,SOURCE_ASSET_EXPLICIT
confirmed_rehearsal_presentation_relation,MN_RPCT_07,4219985,쿠크세이튼_군단장 시그니쳐 스킬_공격_리허설,10,Att_battle_28_10_End,action-4219985/stage-010/notify-003,HidePawn,1.0,0.03658600151538849,,,,,2214780,171608,True,SOURCE_PARAMETERS_SERIALIZED
confirmed_rehearsal_presentation_relation,MN_RPCT_07,4219985,쿠크세이튼_군단장 시그니쳐 스킬_공격_리허설,10,Att_battle_28_10_End,action-4219985/stage-010/notify-004,PlayParticleEffect,1.0,0.0,True,,ParticleSystem:fx_mn_rpct_07_v.Par_V_RPCT_BallRead_Exp_01_LOC_INT,"{""schema"":""lostark.cef-play-particle-effect-header"",""version"":2,""enabled"":true,""sourceByteOffset"":47,""sourceByteValue"":1,""particleDataDecoded"":true,""sourceParticleSystem"":""ParticleSystem'fx_mn_rpct_07_v.Par_V_RPCT_BallRead_Exp_01_LOC_INT'"",""attachment"":{""mode"":""FOLLOW_NAMED_ANCHORS"",""sourceAnchorNames"":[""FX_buff_01""],""runtimeAnchors"":[{""sourceAnchorName"":""FX_buff_01"",""runtimeAnchorSlotId"":""FX_buff_01"",""runtimeBoneName"":"""",""socketLocalTransform"":{""position"":[0.0,0.0,0.0],""rotationDegrees"":[0.0,0.0,0.0],""scale"":[1.0,1.0,1.0]},""resolutionStatus"":""MISSING_SOURCE_SOCKET""}],""runtimeAnchorSlotIds"":[""FX_buff_01""],""runtimeAnchorSlotId"":""FX_buff_01"",""runtimeBoneName"":"""",""socketLocalTransform"":{""position"":[0.0,0.0,0.0],""rotationDegrees"":[0.0,0.0,0.0],""scale"":[1.0,1.0,1.0]},""runtimeResolutionStatus"":""MISSING_SOURCE_SOCKET"",""sourceSelectorByteOffset"":416},""localTransform"":{""sourcePositionUeUnits"":[0.0,0.0,0.0],""position"":[0.0,0.0,-0.0],""rotationDegrees"":[0.0,0.0,-0.0],""scale"":[1.2000000476837158,1.2000000476837158,1.2000000476837158]},""sourceTransformByteOffset"":435,""parameterOverridesDecoded"":true,""sourceParameterCountByteOffset"":523,""parameterOverrides"":[]}",2214921,171630,True,SOURCE_ASSET_EXPLICIT
confirmed_rehearsal_presentation_relation,MN_RPCT_07,4219985,쿠크세이튼_군단장 시그니쳐 스킬_공격_리허설,10,Att_battle_28_10_End,action-4219985/stage-010/notify-005,PlayParticleEffect,1.0,0.0,True,,ParticleSystem:FX_CM_02.Light.Par_MP_Light_05_L,"{""schema"":""lostark.cef-play-particle-effect-header"",""version"":2,""enabled"":true,""sourceByteOffset"":47,""sourceByteValue"":1,""particleDataDecoded"":true,""sourceParticleSystem"":""ParticleSystem'FX_CM_02.Light.Par_MP_Light_05_L'"",""attachment"":{""mode"":""SNAPSHOT_ROOT"",""sourceAnchorNames"":[],""runtimeAnchors"":[],""runtimeAnchorSlotIds"":[],""runtimeAnchorSlotId"":""root"",""runtimeBoneName"":"""",""socketLocalTransform"":{""position"":[0.0,0.0,0.0],""rotationDegrees"":[0.0,0.0,0.0],""scale"":[1.0,1.0,1.0]},""runtimeResolutionStatus"":""EXACT_ROOT_SNAPSHOT"",""sourceSelectorByteOffset"":null},""localTransform"":{""sourcePositionUeUnits"":[0.0,0.0,150.0],""position"":[0.0,1.5,-0.0],""rotationDegrees"":[0.0,0.0,-0.0],""scale"":[1.0,1.0,1.0]},""sourceTransformByteOffset"":408,""parameterOverridesDecoded"":true,""sourceParameterCountByteOffset"":496,""parameterOverrides"":[{""sourceIndex"":0,""name"":""Spawn"",""sourceTypeCode"":1,""sourceRecordByteOffset"":500,""type"":""scalar"",""scalarValue"":0.0,""sourceValueByteOffset"":514},{""sourceIndex"":1,""name"":""Lifetime"",""sourceTypeCode"":1,""sourceRecordByteOffset"":579,""type"":""scalar"",""scalarValue"":0.800000011920929,""sourceValueByteOffset"":596},{""sourceIndex"":2,""name"":""Location"",""sourceTypeCode"":3,""sourceRecordByteOffset"":661,""type"":""vector"",""vectorValue"":[1.0,1.0,1.0],""sourceValueByteOffset"":686},{""sourceIndex"":3,""name"":""Size"",""sourceTypeCode"":3,""sourceRecordByteOffset"":743,""type"":""vector"",""vectorValue"":[450.0,100.0,100.0],""sourceValueByteOffset"":764},{""sourceIndex"":4,""name"":""Color"",""sourceTypeCode"":3,""sourceRecordByteOffset"":821,""type"":""vector"",""vectorValue"":[3.0,1.0,1.0],""sourceValueByteOffset"":843},{""sourceIndex"":5,""name"":""Alpha"",""sourceTypeCode"":1,""sourceRecordByteOffset"":900,""type"":""scalar"",""scalarValue"":1.5,""sourceValueByteOffset"":914}]}",2215548,171660,True,SOURCE_ASSET_EXPLICIT
confirmed_rehearsal_presentation_relation,MN_RPCT_07,4219985,쿠크세이튼_군단장 시그니쳐 스킬_공격_리허설,10,Att_battle_28_10_End,action-4219985/stage-010/notify-006,ViewShake,1.0,0.0,,,,,2216627,171696,True,SOURCE_PARAMETERS_SERIALIZED
confirmed_rehearsal_presentation_relation,MN_RPCT_07,4219985,쿠크세이튼_군단장 시그니쳐 스킬_공격_리허설,10,Att_battle_28_10_End,action-4219985/stage-010/notify-007,Effect,1.0099999904632568,0.0,,41600004,,,2216909,171720,True,TIMING_ONLY
confirmed_rehearsal_presentation_relation,MN_RPCT_07,4219985,쿠크세이튼_군단장 시그니쳐 스킬_공격_리허설,10,Att_battle_28_10_End,action-4219985/stage-010/notify-008,Effect,1.0099999904632568,0.0,,41600006,,,2217059,171739,True,TIMING_ONLY
confirmed_rehearsal_presentation_relation,MN_RPCT_07,4219985,쿠크세이튼_군단장 시그니쳐 스킬_공격_리허설,10,Att_battle_28_10_End,action-4219985/stage-010/notify-009,MonsterMoveNextStage,1.0299999713897705,0.0,,,,,2217209,171761,True,TIMING_OR_STATE_ONLY
confirmed_rehearsal_presentation_relation,MN_RPCT_07,4219985,쿠크세이튼_군단장 시그니쳐 스킬_공격_리허설,11,Att_battle_28_11,action-4219985/stage-011/notify-000,Anim,0.0,2.4000000953674316,,,,,2217581,171801,True,SOURCE_CLIP_EXPLICIT
confirmed_rehearsal_presentation_relation,MN_RPCT_07,4219985,쿠크세이튼_군단장 시그니쳐 스킬_공격_리허설,11,Att_battle_28_11,action-4219985/stage-011/notify-001,Effect,0.0,0.10000000149011612,,421981204,,,2217873,171828,True,TIMING_ONLY
confirmed_rehearsal_presentation_relation,MN_RPCT_07,4219985,쿠크세이튼_군단장 시그니쳐 스킬_공격_리허설,11,Att_battle_28_11,action-4219985/stage-011/notify-002,Effect,0.0,0.20000000298023224,,41600005,,,2218023,171847,True,TIMING_ONLY
confirmed_rehearsal_presentation_relation,MN_RPCT_07,4219985,쿠크세이튼_군단장 시그니쳐 스킬_공격_리허설,11,Att_battle_28_11,action-4219985/stage-011/notify-003,Effect,0.0,0.20000000298023224,,41600007,,,2218173,171866,True,TIMING_ONLY
confirmed_rehearsal_presentation_relation,MN_RPCT_07,4219985,쿠크세이튼_군단장 시그니쳐 스킬_공격_리허설,11,Att_battle_28_11,action-4219985/stage-011/notify-004,Effect,1.0,0.5,,421991847,,,2218323,171885,True,TIMING_ONLY
confirmed_rehearsal_presentation_relation,MN_RPCT_07,4219985,쿠크세이튼_군단장 시그니쳐 스킬_공격_리허설,11,Att_battle_28_11,action-4219985/stage-011/notify-005,AKEvent,2.200000047683716,0.20000000298023224,,,AkEvent:S_Mob_G_KoukuSatan1.G_KoukuSatan1_Attack03_Cast3,,2218473,171904,True,SOURCE_ASSET_EXPLICIT
confirmed_rehearsal_presentation_relation,MN_RPCT_07,4219985,쿠크세이튼_군단장 시그니쳐 스킬_공격_리허설,11,Att_battle_28_11,action-4219985/stage-011/notify-006,AKEvent,2.200000047683716,0.20000000298023224,,,AkEvent:S_Mob_G_KoukuSatan1.G_KoukuSatan1_Attack23_ShotVox3,,2218684,171933,True,SOURCE_ASSET_EXPLICIT
confirmed_rehearsal_presentation_relation,MN_RPCT_07,4219985,쿠크세이튼_군단장 시그니쳐 스킬_공격_리허설,11,Att_battle_28_11,action-4219985/stage-011/notify-007,PlayParticleEffect,2.3051021099090576,0.0,True,,ParticleSystem:fx_mn_rpct_07_v.Par_V_RPCT_BallRead_Exp_01_LOC_INT,"{""schema"":""lostark.cef-play-particle-effect-header"",""version"":2,""enabled"":true,""sourceByteOffset"":47,""sourceByteValue"":1,""particleDataDecoded"":true,""sourceParticleSystem"":""ParticleSystem'fx_mn_rpct_07_v.Par_V_RPCT_BallRead_Exp_01_LOC_INT'"",""attachment"":{""mode"":""FOLLOW_NAMED_ANCHORS"",""sourceAnchorNames"":[""FX_buff_01""],""runtimeAnchors"":[{""sourceAnchorName"":""FX_buff_01"",""runtimeAnchorSlotId"":""FX_buff_01"",""runtimeBoneName"":"""",""socketLocalTransform"":{""position"":[0.0,0.0,0.0],""rotationDegrees"":[0.0,0.0,0.0],""scale"":[1.0,1.0,1.0]},""resolutionStatus"":""MISSING_SOURCE_SOCKET""}],""runtimeAnchorSlotIds"":[""FX_buff_01""],""runtimeAnchorSlotId"":""FX_buff_01"",""runtimeBoneName"":"""",""socketLocalTransform"":{""position"":[0.0,0.0,0.0],""rotationDegrees"":[0.0,0.0,0.0],""scale"":[1.0,1.0,1.0]},""runtimeResolutionStatus"":""MISSING_SOURCE_SOCKET"",""sourceSelectorByteOffset"":395},""localTransform"":{""sourcePositionUeUnits"":[0.0,0.0,0.0],""position"":[0.0,0.0,-0.0],""rotationDegrees"":[0.0,0.0,-0.0],""scale"":[1.2000000476837158,1.2000000476837158,1.2000000476837158]},""sourceTransformByteOffset"":414,""parameterOverridesDecoded"":true,""sourceParameterCountByteOffset"":502,""parameterOverrides"":[]}",2218897,171962,True,SOURCE_ASSET_EXPLICIT
confirmed_rehearsal_presentation_relation,MN_RPCT_07,4219985,쿠크세이튼_군단장 시그니쳐 스킬_공격_리허설,11,Att_battle_28_11,action-4219985/stage-011/notify-008,ViewShake,2.3051021099090576,0.0,,,,,2219503,171992,True,SOURCE_PARAMETERS_SERIALIZED
confirmed_rehearsal_presentation_relation,MN_RPCT_07,4219985,쿠크세이튼_군단장 시그니쳐 스킬_공격_리허설,11,Att_battle_28_11,action-4219985/stage-011/notify-009,HidePawn,2.3051021099090576,0.0,,,,,2219764,172016,True,SOURCE_PARAMETERS_SERIALIZED
confirmed_rehearsal_presentation_relation,MN_RPCT_07,4219985,쿠크세이튼_군단장 시그니쳐 스킬_공격_리허설,11,Att_battle_28_11,action-4219985/stage-011/notify-010,PlayParticleEffect,2.3067009449005127,0.0,True,,ParticleSystem:FX_CM_02.Light.Par_MP_Light_05_L,"{""schema"":""lostark.cef-play-particle-effect-header"",""version"":2,""enabled"":true,""sourceByteOffset"":47,""sourceByteValue"":1,""particleDataDecoded"":true,""sourceParticleSystem"":""ParticleSystem'FX_CM_02.Light.Par_MP_Light_05_L'"",""attachment"":{""mode"":""SNAPSHOT_ROOT"",""sourceAnchorNames"":[],""runtimeAnchors"":[],""runtimeAnchorSlotIds"":[],""runtimeAnchorSlotId"":""root"",""runtimeBoneName"":"""",""socketLocalTransform"":{""position"":[0.0,0.0,0.0],""rotationDegrees"":[0.0,0.0,0.0],""scale"":[1.0,1.0,1.0]},""runtimeResolutionStatus"":""EXACT_ROOT_SNAPSHOT"",""sourceSelectorByteOffset"":null},""localTransform"":{""sourcePositionUeUnits"":[0.0,0.0,150.0],""position"":[0.0,1.5,-0.0],""rotationDegrees"":[0.0,0.0,-0.0],""scale"":[1.0,1.0,1.0]},""sourceTransformByteOffset"":387,""parameterOverridesDecoded"":true,""sourceParameterCountByteOffset"":475,""parameterOverrides"":[{""sourceIndex"":0,""name"":""Spawn"",""sourceTypeCode"":1,""sourceRecordByteOffset"":479,""type"":""scalar"",""scalarValue"":0.0,""sourceValueByteOffset"":493},{""sourceIndex"":1,""name"":""Lifetime"",""sourceTypeCode"":1,""sourceRecordByteOffset"":558,""type"":""scalar"",""scalarValue"":0.800000011920929,""sourceValueByteOffset"":575},{""sourceIndex"":2,""name"":""Location"",""sourceTypeCode"":3,""sourceRecordByteOffset"":640,""type"":""vector"",""vectorValue"":[1.0,1.0,1.0],""sourceValueByteOffset"":665},{""sourceIndex"":3,""name"":""Size"",""sourceTypeCode"":3,""sourceRecordByteOffset"":722,""type"":""vector"",""vectorValue"":[450.0,100.0,100.0],""sourceValueByteOffset"":743},{""sourceIndex"":4,""name"":""Color"",""sourceTypeCode"":3,""sourceRecordByteOffset"":800,""type"":""vector"",""vectorValue"":[3.0,1.0,1.0],""sourceValueByteOffset"":822},{""sourceIndex"":5,""name"":""Alpha"",""sourceTypeCode"":1,""sourceRecordByteOffset"":879,""type"":""scalar"",""scalarValue"":1.5,""sourceValueByteOffset"":893}]}",2219884,172038,True,SOURCE_ASSET_EXPLICIT
confirmed_rehearsal_presentation_relation,MN_RPCT_07,4219985,쿠크세이튼_군단장 시그니쳐 스킬_공격_리허설,12,Att_Battle_28_05_End,action-4219985/stage-012/notify-000,Anim,0.0,1.399999976158142,,,,,2221262,172095,True,SOURCE_CLIP_EXPLICIT
confirmed_rehearsal_presentation_relation,MN_RPCT_07,4219985,쿠크세이튼_군단장 시그니쳐 스킬_공격_리허설,12,Att_Battle_28_05_End,action-4219985/stage-012/notify-001,LookTarget,0.0,0.20000000298023224,,,,,2221562,172122,True,TIMING_OR_STATE_ONLY
confirmed_rehearsal_presentation_relation,MN_RPCT_07,4219985,쿠크세이튼_군단장 시그니쳐 스킬_공격_리허설,12,Att_Battle_28_05_End,action-4219985/stage-012/notify-002,PlayParticleEffect,0.0,1.399999976158142,True,,ParticleSystem:FX_MN_RPCT_07_V.Par_V_RPCT_07_Bazooka_Loop,"{""schema"":""lostark.cef-play-particle-effect-header"",""version"":2,""enabled"":true,""sourceByteOffset"":47,""sourceByteValue"":1,""particleDataDecoded"":true,""sourceParticleSystem"":""ParticleSystem'FX_MN_RPCT_07_V.Par_V_RPCT_07_Bazooka_Loop'"",""attachment"":{""mode"":""FOLLOW_NAMED_ANCHORS"",""sourceAnchorNames"":[""B_WP_1""],""runtimeAnchors"":[{""sourceAnchorName"":""B_WP_1"",""runtimeAnchorSlotId"":""B_WP_1"",""runtimeBoneName"":""b_wp_1"",""socketLocalTransform"":{""position"":[0.0,0.0,0.0],""rotationDegrees"":[0.0,0.0,0.0],""scale"":[1.0,1.0,1.0]},""resolutionStatus"":""EXACT_SOURCE_BONE""}],""runtimeAnchorSlotIds"":[""B_WP_1""],""runtimeAnchorSlotId"":""B_WP_1"",""runtimeBoneName"":""b_wp_1"",""socketLocalTransform"":{""position"":[0.0,0.0,0.0],""rotationDegrees"":[0.0,0.0,0.0],""scale"":[1.0,1.0,1.0]},""runtimeResolutionStatus"":""EXACT_SOURCE_BONE"",""sourceSelectorByteOffset"":388},""localTransform"":{""sourcePositionUeUnits"":[0.0,0.0,0.0],""position"":[0.0,0.0,-0.0],""rotationDegrees"":[0.0,0.0,-0.0],""scale"":[1.0,1.0,1.0]},""sourceTransformByteOffset"":403,""parameterOverridesDecoded"":true,""sourceParameterCountByteOffset"":495,""parameterOverrides"":[]}",2221664,172141,True,SOURCE_ASSET_EXPLICIT
confirmed_rehearsal_presentation_relation,MN_RPCT_07,4219985,쿠크세이튼_군단장 시그니쳐 스킬_공격_리허설,12,Att_Battle_28_05_End,action-4219985/stage-012/notify-003,PlayParticleEffect,0.0034119999036192894,1.3965879678726196,True,,ParticleSystem:FX_MN_RPCT_07_V.Par_V_RPCT_07_Bazooka_Loop,"{""schema"":""lostark.cef-play-particle-effect-header"",""version"":2,""enabled"":true,""sourceByteOffset"":47,""sourceByteValue"":1,""particleDataDecoded"":true,""sourceParticleSystem"":""ParticleSystem'FX_MN_RPCT_07_V.Par_V_RPCT_07_Bazooka_Loop'"",""attachment"":{""mode"":""FOLLOW_NAMED_ANCHORS"",""sourceAnchorNames"":[""B_WP_2""],""runtimeAnchors"":[{""sourceAnchorName"":""B_WP_2"",""runtimeAnchorSlotId"":""B_WP_2"",""runtimeBoneName"":""b_wp_2"",""socketLocalTransform"":{""position"":[0.0,0.0,0.0],""rotationDegrees"":[0.0,0.0,0.0],""scale"":[1.0,1.0,1.0]},""resolutionStatus"":""EXACT_SOURCE_BONE""}],""runtimeAnchorSlotIds"":[""B_WP_2""],""runtimeAnchorSlotId"":""B_WP_2"",""runtimeBoneName"":""b_wp_2"",""socketLocalTransform"":{""position"":[0.0,0.0,0.0],""rotationDegrees"":[0.0,0.0,0.0],""scale"":[1.0,1.0,1.0]},""runtimeResolutionStatus"":""EXACT_SOURCE_BONE"",""sourceSelectorByteOffset"":388},""localTransform"":{""sourcePositionUeUnits"":[0.0,0.0,0.0],""position"":[0.0,0.0,-0.0],""rotationDegrees"":[0.0,0.0,-0.0],""scale"":[1.0,1.0,1.0]},""sourceTransformByteOffset"":403,""parameterOverridesDecoded"":true,""sourceParameterCountByteOffset"":495,""parameterOverrides"":[]}",2222263,172172,True,SOURCE_ASSET_EXPLICIT
confirmed_rehearsal_presentation_relation,MN_RPCT_07,4219985,쿠크세이튼_군단장 시그니쳐 스킬_공격_리허설,12,Att_Battle_28_05_End,action-4219985/stage-012/notify-004,AKEvent,0.20000000298023224,1.2000000476837158,,,AkEvent:S_Mob_G_KoukuSatan1.G_KoukuSatan1_Attack23_Cast2,,2222862,172203,True,SOURCE_ASSET_EXPLICIT
confirmed_rehearsal_presentation_relation,MN_RPCT_07,4219985,쿠크세이튼_군단장 시그니쳐 스킬_공격_리허설,12,Att_Battle_28_05_End,action-4219985/stage-012/notify-005,Effect,1.100000023841858,0.10000000149011612,,421991219,,,2223073,172232,True,TIMING_ONLY
confirmed_rehearsal_presentation_relation,MN_RPCT_07,4219985,쿠크세이튼_군단장 시그니쳐 스킬_공격_리허설,12,Att_Battle_28_05_End,action-4219985/stage-012/notify-006,MonsterMoveNextStage,1.2999999523162842,0.0,,,,,2223223,172251,True,TIMING_OR_STATE_ONLY
confirmed_rehearsal_presentation_relation,MN_RPCT_07,4219985,쿠크세이튼_군단장 시그니쳐 스킬_공격_리허설,12,Att_Battle_28_05_End,action-4219985/stage-012/notify-007,PlayParticleEffect,1.3796579837799072,0.0,False,,ParticleSystem:fx_mn_rpct_07_v.Par_V_RPCT_BallRead_Exp_01_LOC_INT,"{""schema"":""lostark.cef-play-particle-effect-header"",""version"":2,""enabled"":false,""sourceByteOffset"":47,""sourceByteValue"":0,""particleDataDecoded"":true,""sourceParticleSystem"":""ParticleSystem'fx_mn_rpct_07_v.Par_V_RPCT_BallRead_Exp_01_LOC_INT'"",""attachment"":{""mode"":""FOLLOW_NAMED_ANCHORS"",""sourceAnchorNames"":[""FX_L_Hand_01"",""FX_R_Hand_01""],""runtimeAnchors"":[{""sourceAnchorName"":""FX_L_Hand_01"",""runtimeAnchorSlotId"":""FX_L_Hand_01"",""runtimeBoneName"":"""",""socketLocalTransform"":{""position"":[0.0,0.0,0.0],""rotationDegrees"":[0.0,0.0,0.0],""scale"":[1.0,1.0,1.0]},""resolutionStatus"":""MISSING_SOURCE_SOCKET""},{""sourceAnchorName"":""FX_R_Hand_01"",""runtimeAnchorSlotId"":""FX_R_Hand_01"",""runtimeBoneName"":"""",""socketLocalTransform"":{""position"":[0.0,0.0,0.0],""rotationDegrees"":[0.0,0.0,0.0],""scale"":[1.0,1.0,1.0]},""resolutionStatus"":""MISSING_SOURCE_SOCKET""}],""runtimeAnchorSlotIds"":[""FX_L_Hand_01"",""FX_R_Hand_01""],""runtimeAnchorSlotId"":""FX_L_Hand_01"",""runtimeBoneName"":"""",""socketLocalTransform"":{""position"":[0.0,0.0,0.0],""rotationDegrees"":[0.0,0.0,0.0],""scale"":[1.0,1.0,1.0]},""runtimeResolutionStatus"":""MISSING_SOURCE_SOCKET"",""sourceSelectorByteOffset"":401},""localTransform"":{""sourcePositionUeUnits"":[0.0,0.0,0.0],""position"":[0.0,0.0,-0.0],""rotationDegrees"":[0.0,0.0,-0.0],""scale"":[1.0,1.0,1.0]},""sourceTransformByteOffset"":439,""parameterOverridesDecoded"":true,""sourceParameterCountByteOffset"":527,""parameterOverrides"":[]}",2223323,172270,True,SOURCE_ASSET_EXPLICIT
confirmed_rehearsal_presentation_relation,MN_RPCT_07,4219985,쿠크세이튼_군단장 시그니쳐 스킬_공격_리허설,13,Att_battle_28_08,action-4219985/stage-013/notify-000,Anim,0.0,4.8333330154418945,,,,,2224174,172323,True,SOURCE_CLIP_EXPLICIT
confirmed_rehearsal_presentation_relation,MN_RPCT_07,4219985,쿠크세이튼_군단장 시그니쳐 스킬_공격_리허설,13,Att_battle_28_08,action-4219985/stage-013/notify-001,PlayParticleEffect,0.0,4.7509307861328125,True,,ParticleSystem:FX_MN_RPCT_07_V.Par_V_RPCT_07_Bazooka_Loop,"{""schema"":""lostark.cef-play-particle-effect-header"",""version"":2,""enabled"":true,""sourceByteOffset"":47,""sourceByteValue"":1,""particleDataDecoded"":true,""sourceParticleSystem"":""ParticleSystem'FX_MN_RPCT_07_V.Par_V_RPCT_07_Bazooka_Loop'"",""attachment"":{""mode"":""FOLLOW_NAMED_ANCHORS"",""sourceAnchorNames"":[""B_WP_1""],""runtimeAnchors"":[{""sourceAnchorName"":""B_WP_1"",""runtimeAnchorSlotId"":""B_WP_1"",""runtimeBoneName"":""b_wp_1"",""socketLocalTransform"":{""position"":[0.0,0.0,0.0],""rotationDegrees"":[0.0,0.0,0.0],""scale"":[1.0,1.0,1.0]},""resolutionStatus"":""EXACT_SOURCE_BONE""}],""runtimeAnchorSlotIds"":[""B_WP_1""],""runtimeAnchorSlotId"":""B_WP_1"",""runtimeBoneName"":""b_wp_1"",""socketLocalTransform"":{""position"":[0.0,0.0,0.0],""rotationDegrees"":[0.0,0.0,0.0],""scale"":[1.0,1.0,1.0]},""runtimeResolutionStatus"":""EXACT_SOURCE_BONE"",""sourceSelectorByteOffset"":392},""localTransform"":{""sourcePositionUeUnits"":[0.0,0.0,0.0],""position"":[0.0,0.0,-0.0],""rotationDegrees"":[0.0,0.0,-0.0],""scale"":[1.0,1.0,1.0]},""sourceTransformByteOffset"":407,""parameterOverridesDecoded"":true,""sourceParameterCountByteOffset"":499,""parameterOverrides"":[]}",2224466,172350,True,SOURCE_ASSET_EXPLICIT
confirmed_rehearsal_presentation_relation,MN_RPCT_07,4219985,쿠크세이튼_군단장 시그니쳐 스킬_공격_리허설,13,Att_battle_28_08,action-4219985/stage-013/notify-002,LookTarget,0.0,0.4000000059604645,,,,,2225069,172381,True,TIMING_OR_STATE_ONLY
confirmed_rehearsal_presentation_relation,MN_RPCT_07,4219985,쿠크세이튼_군단장 시그니쳐 스킬_공격_리허설,13,Att_battle_28_08,action-4219985/stage-013/notify-003,PlayParticleEffect,0.0,1.5217020511627197,True,,ParticleSystem:fx_mn_rpct_07_v.Par_V_RPCT_Gun_shot_Decal_01_LOC_INT,"{""schema"":""lostark.cef-play-particle-effect-header"",""version"":2,""enabled"":true,""sourceByteOffset"":47,""sourceByteValue"":1,""particleDataDecoded"":true,""sourceParticleSystem"":""ParticleSystem'fx_mn_rpct_07_v.Par_V_RPCT_Gun_shot_Decal_01_LOC_INT'"",""attachment"":{""mode"":""FOLLOW_NAMED_ANCHORS"",""sourceAnchorNames"":[""B_Root""],""runtimeAnchors"":[{""sourceAnchorName"":""B_Root"",""runtimeAnchorSlotId"":""B_Root"",""runtimeBoneName"":""b_root"",""socketLocalTransform"":{""position"":[0.0,0.0,0.0],""rotationDegrees"":[0.0,0.0,0.0],""scale"":[1.0,1.0,1.0]},""resolutionStatus"":""EXACT_SOURCE_BONE""}],""runtimeAnchorSlotIds"":[""B_Root""],""runtimeAnchorSlotId"":""B_Root"",""runtimeBoneName"":""b_root"",""socketLocalTransform"":{""position"":[0.0,0.0,0.0],""rotationDegrees"":[0.0,0.0,0.0],""scale"":[1.0,1.0,1.0]},""runtimeResolutionStatus"":""EXACT_SOURCE_BONE"",""sourceSelectorByteOffset"":399},""localTransform"":{""sourcePositionUeUnits"":[0.0,0.0,0.0],""position"":[0.0,0.0,-0.0],""rotationDegrees"":[0.0,0.0,-0.0],""scale"":[1.0,1.0,1.0]},""sourceTransformByteOffset"":414,""parameterOverridesDecoded"":true,""sourceParameterCountByteOffset"":506,""parameterOverrides"":[]}",2225171,172400,True,SOURCE_ASSET_EXPLICIT
confirmed_rehearsal_presentation_relation,MN_RPCT_07,4219985,쿠크세이튼_군단장 시그니쳐 스킬_공격_리허설,13,Att_battle_28_08,action-4219985/stage-013/notify-004,PlayParticleEffect,0.0034199999645352364,4.750452995300293,True,,ParticleSystem:FX_MN_RPCT_07_V.Par_V_RPCT_07_Bazooka_Loop,"{""schema"":""lostark.cef-play-particle-effect-header"",""version"":2,""enabled"":true,""sourceByteOffset"":47,""sourceByteValue"":1,""particleDataDecoded"":true,""sourceParticleSystem"":""ParticleSystem'FX_MN_RPCT_07_V.Par_V_RPCT_07_Bazooka_Loop'"",""attachment"":{""mode"":""FOLLOW_NAMED_ANCHORS"",""sourceAnchorNames"":[""B_WP_2""],""runtimeAnchors"":[{""sourceAnchorName"":""B_WP_2"",""runtimeAnchorSlotId"":""B_WP_2"",""runtimeBoneName"":""b_wp_2"",""socketLocalTransform"":{""position"":[0.0,0.0,0.0],""rotationDegrees"":[0.0,0.0,0.0],""scale"":[1.0,1.0,1.0]},""resolutionStatus"":""EXACT_SOURCE_BONE""}],""runtimeAnchorSlotIds"":[""B_WP_2""],""runtimeAnchorSlotId"":""B_WP_2"",""runtimeBoneName"":""b_wp_2"",""socketLocalTransform"":{""position"":[0.0,0.0,0.0],""rotationDegrees"":[0.0,0.0,0.0],""scale"":[1.0,1.0,1.0]},""runtimeResolutionStatus"":""EXACT_SOURCE_BONE"",""sourceSelectorByteOffset"":392},""localTransform"":{""sourcePositionUeUnits"":[0.0,0.0,0.0],""position"":[0.0,0.0,-0.0],""rotationDegrees"":[0.0,0.0,-0.0],""scale"":[1.0,1.0,1.0]},""sourceTransformByteOffset"":407,""parameterOverridesDecoded"":true,""sourceParameterCountByteOffset"":499,""parameterOverrides"":[]}",2225781,172431,True,SOURCE_ASSET_EXPLICIT
confirmed_rehearsal_presentation_relation,MN_RPCT_07,4219985,쿠크세이튼_군단장 시그니쳐 스킬_공격_리허설,13,Att_battle_28_08,action-4219985/stage-013/notify-005,PlayParticleEffect,0.09128399938344955,4.742015838623047,True,,ParticleSystem:FX_MN_RPCT_07_V.Par_V_RPCT_Bazooka_mesh_01,"{""schema"":""lostark.cef-play-particle-effect-header"",""version"":2,""enabled"":true,""sourceByteOffset"":47,""sourceByteValue"":1,""particleDataDecoded"":true,""sourceParticleSystem"":""ParticleSystem'FX_MN_RPCT_07_V.Par_V_RPCT_Bazooka_mesh_01'"",""attachment"":{""mode"":""FOLLOW_NAMED_ANCHORS"",""sourceAnchorNames"":[""Bip002-R-Hand""],""runtimeAnchors"":[{""sourceAnchorName"":""Bip002-R-Hand"",""runtimeAnchorSlotId"":""Bip002-R-Hand"",""runtimeBoneName"":"""",""socketLocalTransform"":{""position"":[0.0,0.0,0.0],""rotationDegrees"":[0.0,0.0,0.0],""scale"":[1.0,1.0,1.0]},""resolutionStatus"":""MISSING_SOURCE_SOCKET""}],""runtimeAnchorSlotIds"":[""Bip002-R-Hand""],""runtimeAnchorSlotId"":""Bip002-R-Hand"",""runtimeBoneName"":"""",""socketLocalTransform"":{""position"":[0.0,0.0,0.0],""rotationDegrees"":[0.0,0.0,0.0],""scale"":[1.0,1.0,1.0]},""runtimeResolutionStatus"":""MISSING_SOURCE_SOCKET"",""sourceSelectorByteOffset"":383},""localTransform"":{""sourcePositionUeUnits"":[0.0,0.0,0.0],""position"":[0.0,0.0,-0.0],""rotationDegrees"":[0.0,0.0,-0.0],""scale"":[0.30000001192092896,0.30000001192092896,0.30000001192092896]},""sourceTransformByteOffset"":405,""parameterOverridesDecoded"":true,""sourceParameterCountByteOffset"":497,""parameterOverrides"":[]}",2226384,172462,True,SOURCE_ASSET_EXPLICIT
confirmed_rehearsal_presentation_relation,MN_RPCT_07,4219985,쿠크세이튼_군단장 시그니쳐 스킬_공격_리허설,13,Att_battle_28_08,action-4219985/stage-013/notify-006,AKEvent,1.0,2.299999952316284,,,AkEvent:S_Mob_G_KoukuSatan1.G_KoukuSatan1_Attack23_Cast3,,2226985,172492,True,SOURCE_ASSET_EXPLICIT
confirmed_rehearsal_presentation_relation,MN_RPCT_07,4219985,쿠크세이튼_군단장 시그니쳐 스킬_공격_리허설,13,Att_battle_28_08,action-4219985/stage-013/notify-007,PlayParticleEffect,1.0653070211410522,0.0,True,,ParticleSystem:fx_mn_rpct_07_v.Par_V_RPCT_BallRead_Exp_01_LOC_INT,"{""schema"":""lostark.cef-play-particle-effect-header"",""version"":2,""enabled"":true,""sourceByteOffset"":47,""sourceByteValue"":1,""particleDataDecoded"":true,""sourceParticleSystem"":""ParticleSystem'fx_mn_rpct_07_v.Par_V_RPCT_BallRead_Exp_01_LOC_INT'"",""attachment"":{""mode"":""FOLLOW_NAMED_ANCHORS"",""sourceAnchorNames"":[""Bip002-R-Hand""],""runtimeAnchors"":[{""sourceAnchorName"":""Bip002-R-Hand"",""runtimeAnchorSlotId"":""Bip002-R-Hand"",""runtimeBoneName"":"""",""socketLocalTransform"":{""position"":[0.0,0.0,0.0],""rotationDegrees"":[0.0,0.0,0.0],""scale"":[1.0,1.0,1.0]},""resolutionStatus"":""MISSING_SOURCE_SOCKET""}],""runtimeAnchorSlotIds"":[""Bip002-R-Hand""],""runtimeAnchorSlotId"":""Bip002-R-Hand"",""runtimeBoneName"":"""",""socketLocalTransform"":{""position"":[0.0,0.0,0.0],""rotationDegrees"":[0.0,0.0,0.0],""scale"":[1.0,1.0,1.0]},""runtimeResolutionStatus"":""MISSING_SOURCE_SOCKET"",""sourceSelectorByteOffset"":397},""localTransform"":{""sourcePositionUeUnits"":[0.0,0.0,0.0],""position"":[0.0,0.0,-0.0],""rotationDegrees"":[0.0,0.0,-0.0],""scale"":[0.4000000059604645,0.4000000059604645,0.4000000059604645]},""sourceTransformByteOffset"":419,""parameterOverridesDecoded"":true,""sourceParameterCountByteOffset"":511,""parameterOverrides"":[]}",2227196,172521,True,SOURCE_ASSET_EXPLICIT
confirmed_rehearsal_presentation_relation,MN_RPCT_07,4219985,쿠크세이튼_군단장 시그니쳐 스킬_공격_리허설,13,Att_battle_28_08,action-4219985/stage-013/notify-008,PlayParticleEffect,1.097085952758789,0.0,True,,ParticleSystem:fx_mn_rpct_07_v.Par_V_RPCT_signalShot_01_LOC_INT,"{""schema"":""lostark.cef-play-particle-effect-header"",""version"":2,""enabled"":true,""sourceByteOffset"":47,""sourceByteValue"":1,""particleDataDecoded"":true,""sourceParticleSystem"":""ParticleSystem'fx_mn_rpct_07_v.Par_V_RPCT_signalShot_01_LOC_INT'"",""attachment"":{""mode"":""FOLLOW_NAMED_ANCHORS"",""sourceAnchorNames"":[""Bip002-R-Hand""],""runtimeAnchors"":[{""sourceAnchorName"":""Bip002-R-Hand"",""runtimeAnchorSlotId"":""Bip002-R-Hand"",""runtimeBoneName"":"""",""socketLocalTransform"":{""position"":[0.0,0.0,0.0],""rotationDegrees"":[0.0,0.0,0.0],""scale"":[1.0,1.0,1.0]},""resolutionStatus"":""MISSING_SOURCE_SOCKET""}],""runtimeAnchorSlotIds"":[""Bip002-R-Hand""],""runtimeAnchorSlotId"":""Bip002-R-Hand"",""runtimeBoneName"":"""",""socketLocalTransform"":{""position"":[0.0,0.0,0.0],""rotationDegrees"":[0.0,0.0,0.0],""scale"":[1.0,1.0,1.0]},""runtimeResolutionStatus"":""MISSING_SOURCE_SOCKET"",""sourceSelectorByteOffset"":394},""localTransform"":{""sourcePositionUeUnits"":[0.0,0.0,50.0],""position"":[0.0,0.5,-0.0],""rotationDegrees"":[0.0,0.0,-0.0],""scale"":[1.0,1.0,1.0]},""sourceTransformByteOffset"":416,""parameterOverridesDecoded"":true,""sourceParameterCountByteOffset"":508,""parameterOverrides"":[{""sourceIndex"":0,""name"":""Color"",""sourceTypeCode"":3,""sourceRecordByteOffset"":512,""type"":""vector"",""vectorValue"":[1.0,1.0,1.0],""sourceValueByteOffset"":534}]}",2227811,172552,True,SOURCE_ASSET_EXPLICIT
confirmed_rehearsal_presentation_relation,MN_RPCT_07,4219985,쿠크세이튼_군단장 시그니쳐 스킬_공격_리허설,13,Att_battle_28_08,action-4219985/stage-013/notify-009,PlayParticleEffect,1.4728219509124756,0.0,True,,ParticleSystem:fx_mn_rpct_07_v.Par_V_RPCT_Signature_01_1_LOC_INT,"{""schema"":""lostark.cef-play-particle-effect-header"",""version"":2,""enabled"":true,""sourceByteOffset"":47,""sourceByteValue"":1,""particleDataDecoded"":true,""sourceParticleSystem"":""ParticleSystem'fx_mn_rpct_07_v.Par_V_RPCT_Signature_01_1_LOC_INT'"",""attachment"":{""mode"":""FOLLOW_NAMED_ANCHORS"",""sourceAnchorNames"":[""B_WP_1""],""runtimeAnchors"":[{""sourceAnchorName"":""B_WP_1"",""runtimeAnchorSlotId"":""B_WP_1"",""runtimeBoneName"":""b_wp_1"",""socketLocalTransform"":{""position"":[0.0,0.0,0.0],""rotationDegrees"":[0.0,0.0,0.0],""scale"":[1.0,1.0,1.0]},""resolutionStatus"":""EXACT_SOURCE_BONE""}],""runtimeAnchorSlotIds"":[""B_WP_1""],""runtimeAnchorSlotId"":""B_WP_1"",""runtimeBoneName"":""b_wp_1"",""socketLocalTransform"":{""position"":[0.0,0.0,0.0],""rotationDegrees"":[0.0,0.0,0.0],""scale"":[1.0,1.0,1.0]},""runtimeResolutionStatus"":""EXACT_SOURCE_BONE"",""sourceSelectorByteOffset"":402},""localTransform"":{""sourcePositionUeUnits"":[150.0,0.0,50.0],""position"":[1.5,0.5,-0.0],""rotationDegrees"":[0.0,0.0,-0.0],""scale"":[3.0,3.0,3.0]},""sourceTransformByteOffset"":417,""parameterOverridesDecoded"":true,""sourceParameterCountByteOffset"":509,""parameterOverrides"":[{""sourceIndex"":0,""name"":""Color"",""sourceTypeCode"":3,""sourceRecordByteOffset"":513,""type"":""vector"",""vectorValue"":[1.0,1.0,1.0],""sourceValueByteOffset"":535},{""sourceIndex"":1,""name"":""Alpha"",""sourceTypeCode"":1,""sourceRecordByteOffset"":592,""type"":""scalar"",""scalarValue"":1.0,""sourceValueByteOffset"":606}]}",2228502,172584,True,SOURCE_ASSET_EXPLICIT
confirmed_rehearsal_presentation_relation,MN_RPCT_07,4219985,쿠크세이튼_군단장 시그니쳐 스킬_공격_리허설,13,Att_battle_28_08,action-4219985/stage-013/notify-010,PlayParticleEffect,1.4728219509124756,0.0,True,,ParticleSystem:FX_CM_02.Light.Par_MP_Light_01,"{""schema"":""lostark.cef-play-particle-effect-header"",""version"":2,""enabled"":true,""sourceByteOffset"":47,""sourceByteValue"":1,""particleDataDecoded"":true,""sourceParticleSystem"":""ParticleSystem'FX_CM_02.Light.Par_MP_Light_01'"",""attachment"":{""mode"":""SNAPSHOT_ROOT"",""sourceAnchorNames"":[],""runtimeAnchors"":[],""runtimeAnchorSlotIds"":[],""runtimeAnchorSlotId"":""root"",""runtimeBoneName"":"""",""socketLocalTransform"":{""position"":[0.0,0.0,0.0],""rotationDegrees"":[0.0,0.0,0.0],""scale"":[1.0,1.0,1.0]},""runtimeResolutionStatus"":""EXACT_ROOT_SNAPSHOT"",""sourceSelectorByteOffset"":null},""localTransform"":{""sourcePositionUeUnits"":[50.0,0.0,50.0],""position"":[0.5,0.5,-0.0],""rotationDegrees"":[0.0,0.0,-0.0],""scale"":[3.0,3.0,3.0]},""sourceTransformByteOffset"":389,""parameterOverridesDecoded"":true,""sourceParameterCountByteOffset"":477,""parameterOverrides"":[{""sourceIndex"":0,""name"":""Spawn"",""sourceTypeCode"":1,""sourceRecordByteOffset"":481,""type"":""scalar"",""scalarValue"":0.0,""sourceValueByteOffset"":495},{""sourceIndex"":1,""name"":""Lifetime"",""sourceTypeCode"":1,""sourceRecordByteOffset"":560,""type"":""scalar"",""scalarValue"":0.10000000149011612,""sourceValueByteOffset"":577},{""sourceIndex"":2,""name"":""Size"",""sourceTypeCode"":3,""sourceRecordByteOffset"":642,""type"":""vector"",""vectorValue"":[200.0,0.0,0.0],""sourceValueByteOffset"":663},{""sourceIndex"":3,""name"":""Color"",""sourceTypeCode"":3,""sourceRecordByteOffset"":720,""type"":""vector"",""vectorValue"":[3.0,2.0,1.0],""sourceValueByteOffset"":742},{""sourceIndex"":4,""name"":""Alpha"",""sourceTypeCode"":1,""sourceRecordByteOffset"":799,""type"":""scalar"",""scalarValue"":1.0,""sourceValueByteOffset"":813}]}",2229273,172617,True,SOURCE_ASSET_EXPLICIT
confirmed_rehearsal_presentation_relation,MN_RPCT_07,4219985,쿠크세이튼_군단장 시그니쳐 스킬_공격_리허설,13,Att_battle_28_08,action-4219985/stage-013/notify-011,PlayParticleEffect,1.4792540073394775,0.0,True,,ParticleSystem:fx_mn_rpct_07_v.Par_V_RPCT_Signature_01_1_LOC_INT,"{""schema"":""lostark.cef-play-particle-effect-header"",""version"":2,""enabled"":true,""sourceByteOffset"":47,""sourceByteValue"":1,""particleDataDecoded"":true,""sourceParticleSystem"":""ParticleSystem'fx_mn_rpct_07_v.Par_V_RPCT_Signature_01_1_LOC_INT'"",""attachment"":{""mode"":""FOLLOW_NAMED_ANCHORS"",""sourceAnchorNames"":[""B_WP_2""],""runtimeAnchors"":[{""sourceAnchorName"":""B_WP_2"",""runtimeAnchorSlotId"":""B_WP_2"",""runtimeBoneName"":""b_wp_2"",""socketLocalTransform"":{""position"":[0.0,0.0,0.0],""rotationDegrees"":[0.0,0.0,0.0],""scale"":[1.0,1.0,1.0]},""resolutionStatus"":""EXACT_SOURCE_BONE""}],""runtimeAnchorSlotIds"":[""B_WP_2""],""runtimeAnchorSlotId"":""B_WP_2"",""runtimeBoneName"":""b_wp_2"",""socketLocalTransform"":{""position"":[0.0,0.0,0.0],""rotationDegrees"":[0.0,0.0,0.0],""scale"":[1.0,1.0,1.0]},""runtimeResolutionStatus"":""EXACT_SOURCE_BONE"",""sourceSelectorByteOffset"":402},""localTransform"":{""sourcePositionUeUnits"":[150.0,0.0,50.0],""position"":[1.5,0.5,-0.0],""rotationDegrees"":[0.0,0.0,-0.0],""scale"":[3.0,3.0,3.0]},""sourceTransformByteOffset"":417,""parameterOverridesDecoded"":true,""sourceParameterCountByteOffset"":509,""parameterOverrides"":[{""sourceIndex"":0,""name"":""Color"",""sourceTypeCode"":3,""sourceRecordByteOffset"":513,""type"":""vector"",""vectorValue"":[1.0,1.0,1.0],""sourceValueByteOffset"":535},{""sourceIndex"":1,""name"":""Alpha"",""sourceTypeCode"":1,""sourceRecordByteOffset"":592,""type"":""scalar"",""scalarValue"":1.0,""sourceValueByteOffset"":606}]}",2230251,172652,True,SOURCE_ASSET_EXPLICIT
confirmed_rehearsal_presentation_relation,MN_RPCT_07,4219985,쿠크세이튼_군단장 시그니쳐 스킬_공격_리허설,13,Att_battle_28_08,action-4219985/stage-013/notify-012,AKEvent,1.4800000190734863,3.353300094604492,,,AkEvent:S_Mob_G_KoukuSatan1.G_KoukuSatan1_Attack23_Shot3,,2231022,172685,True,SOURCE_ASSET_EXPLICIT
confirmed_rehearsal_presentation_relation,MN_RPCT_07,4219985,쿠크세이튼_군단장 시그니쳐 스킬_공격_리허설,13,Att_battle_28_08,action-4219985/stage-013/notify-013,Effect,1.5,0.30000001192092896,,421991211,,,2231233,172714,True,TIMING_ONLY
confirmed_rehearsal_presentation_relation,MN_RPCT_07,4219985,쿠크세이튼_군단장 시그니쳐 스킬_공격_리허설,13,Att_battle_28_08,action-4219985/stage-013/notify-014,Effect,1.5,0.30000001192092896,,421991211,,,2231383,172733,True,TIMING_ONLY
confirmed_rehearsal_presentation_relation,MN_RPCT_07,4219985,쿠크세이튼_군단장 시그니쳐 스킬_공격_리허설,13,Att_battle_28_08,action-4219985/stage-013/notify-015,Effect,1.7999999523162842,0.30000001192092896,,421991211,,,2231533,172752,True,TIMING_ONLY
confirmed_rehearsal_presentation_relation,MN_RPCT_07,4219985,쿠크세이튼_군단장 시그니쳐 스킬_공격_리허설,13,Att_battle_28_08,action-4219985/stage-013/notify-016,Effect,1.7999999523162842,0.30000001192092896,,421991211,,,2231683,172771,True,TIMING_ONLY
confirmed_rehearsal_presentation_relation,MN_RPCT_07,4219985,쿠크세이튼_군단장 시그니쳐 스킬_공격_리허설,13,Att_battle_28_08,action-4219985/stage-013/notify-017,Effect,2.0,0.10000000149011612,,421991217,,,2231833,172790,True,TIMING_ONLY
confirmed_rehearsal_presentation_relation,MN_RPCT_07,4219985,쿠크세이튼_군단장 시그니쳐 스킬_공격_리허설,13,Att_battle_28_08,action-4219985/stage-013/notify-018,Effect,2.0999999046325684,0.30000001192092896,,421991211,,,2231983,172809,True,TIMING_ONLY
confirmed_rehearsal_presentation_relation,MN_RPCT_07,4219985,쿠크세이튼_군단장 시그니쳐 스킬_공격_리허설,13,Att_battle_28_08,action-4219985/stage-013/notify-019,Effect,2.0999999046325684,0.30000001192092896,,421991211,,,2232133,172828,True,TIMING_ONLY
confirmed_rehearsal_presentation_relation,MN_RPCT_07,4219985,쿠크세이튼_군단장 시그니쳐 스킬_공격_리허설,13,Att_battle_28_08,action-4219985/stage-013/notify-020,Effect,2.4000000953674316,0.30000001192092896,,421991211,,,2232283,172847,True,TIMING_ONLY
confirmed_rehearsal_presentation_relation,MN_RPCT_07,4219985,쿠크세이튼_군단장 시그니쳐 스킬_공격_리허설,13,Att_battle_28_08,action-4219985/stage-013/notify-021,Effect,2.4000000953674316,0.30000001192092896,,421991211,,,2232433,172866,True,TIMING_ONLY
confirmed_rehearsal_presentation_relation,MN_RPCT_07,4219985,쿠크세이튼_군단장 시그니쳐 스킬_공격_리허설,13,Att_battle_28_08,action-4219985/stage-013/notify-022,Effect,2.700000047683716,0.30000001192092896,,421991211,,,2232583,172885,True,TIMING_ONLY
confirmed_rehearsal_presentation_relation,MN_RPCT_07,4219985,쿠크세이튼_군단장 시그니쳐 스킬_공격_리허설,13,Att_battle_28_08,action-4219985/stage-013/notify-023,Effect,2.700000047683716,0.30000001192092896,,421991211,,,2232733,172904,True,TIMING_ONLY
confirmed_rehearsal_presentation_relation,MN_RPCT_07,4219985,쿠크세이튼_군단장 시그니쳐 스킬_공격_리허설,13,Att_battle_28_08,action-4219985/stage-013/notify-024,Effect,3.0,0.30000001192092896,,421991212,,,2232883,172923,True,TIMING_ONLY
confirmed_rehearsal_presentation_relation,MN_RPCT_07,4219985,쿠크세이튼_군단장 시그니쳐 스킬_공격_리허설,13,Att_battle_28_08,action-4219985/stage-013/notify-025,AKEvent,3.5,1.333299994468689,,,AkEvent:S_Mob_G_KoukuSatan1.G_KoukuSatan1_Attack23_Cast2,,2233033,172942,True,SOURCE_ASSET_EXPLICIT
confirmed_rehearsal_presentation_relation,MN_RPCT_07,4219985,쿠크세이튼_군단장 시그니쳐 스킬_공격_리허설,13,Att_battle_28_08,action-4219985/stage-013/notify-026,Effect,4.0,0.10000000149011612,,421991221,,,2233244,172971,True,TIMING_ONLY
confirmed_rehearsal_presentation_relation,MN_RPCT_07,4219985,쿠크세이튼_군단장 시그니쳐 스킬_공격_리허설,13,Att_battle_28_08,action-4219985/stage-013/notify-027,MonsterMoveNextStageConditionProbability,4.730000019073486,0.0,,,,,2233394,172990,True,TIMING_OR_STATE_ONLY
confirmed_rehearsal_presentation_relation,MN_RPCT_07,4219985,쿠크세이튼_군단장 시그니쳐 스킬_공격_리허설,13,Att_battle_28_08,action-4219985/stage-013/notify-028,PlayParticleEffect,4.7412848472595215,0.0,True,,ParticleSystem:FX_MN_RPCT_07_V.Par_V_RPCT_07_Bazooka_end,"{""schema"":""lostark.cef-play-particle-effect-header"",""version"":2,""enabled"":true,""sourceByteOffset"":47,""sourceByteValue"":1,""particleDataDecoded"":true,""sourceParticleSystem"":""ParticleSystem'FX_MN_RPCT_07_V.Par_V_RPCT_07_Bazooka_end'"",""attachment"":{""mode"":""FOLLOW_NAMED_ANCHORS"",""sourceAnchorNames"":[""B_WP_1""],""runtimeAnchors"":[{""sourceAnchorName"":""B_WP_1"",""runtimeAnchorSlotId"":""B_WP_1"",""runtimeBoneName"":""b_wp_1"",""socketLocalTransform"":{""position"":[0.0,0.0,0.0],""rotationDegrees"":[0.0,0.0,0.0],""scale"":[1.0,1.0,1.0]},""resolutionStatus"":""EXACT_SOURCE_BONE""}],""runtimeAnchorSlotIds"":[""B_WP_1""],""runtimeAnchorSlotId"":""B_WP_1"",""runtimeBoneName"":""b_wp_1"",""socketLocalTransform"":{""position"":[0.0,0.0,0.0],""rotationDegrees"":[0.0,0.0,0.0],""scale"":[1.0,1.0,1.0]},""runtimeResolutionStatus"":""EXACT_SOURCE_BONE"",""sourceSelectorByteOffset"":387},""localTransform"":{""sourcePositionUeUnits"":[0.0,0.0,0.0],""position"":[0.0,0.0,-0.0],""rotationDegrees"":[0.0,0.0,-0.0],""scale"":[1.0,1.0,1.0]},""sourceTransformByteOffset"":402,""parameterOverridesDecoded"":true,""sourceParameterCountByteOffset"":494,""parameterOverrides"":[]}",2233530,173009,True,SOURCE_ASSET_EXPLICIT
confirmed_rehearsal_presentation_relation,MN_RPCT_07,4219985,쿠크세이튼_군단장 시그니쳐 스킬_공격_리허설,13,Att_battle_28_08,action-4219985/stage-013/notify-029,PlayParticleEffect,4.744496822357178,0.0,True,,ParticleSystem:FX_MN_RPCT_07_V.Par_V_RPCT_07_Bazooka_end,"{""schema"":""lostark.cef-play-particle-effect-header"",""version"":2,""enabled"":true,""sourceByteOffset"":47,""sourceByteValue"":1,""particleDataDecoded"":true,""sourceParticleSystem"":""ParticleSystem'FX_MN_RPCT_07_V.Par_V_RPCT_07_Bazooka_end'"",""attachment"":{""mode"":""FOLLOW_NAMED_ANCHORS"",""sourceAnchorNames"":[""B_WP_2""],""runtimeAnchors"":[{""sourceAnchorName"":""B_WP_2"",""runtimeAnchorSlotId"":""B_WP_2"",""runtimeBoneName"":""b_wp_2"",""socketLocalTransform"":{""position"":[0.0,0.0,0.0],""rotationDegrees"":[0.0,0.0,0.0],""scale"":[1.0,1.0,1.0]},""resolutionStatus"":""EXACT_SOURCE_BONE""}],""runtimeAnchorSlotIds"":[""B_WP_2""],""runtimeAnchorSlotId"":""B_WP_2"",""runtimeBoneName"":""b_wp_2"",""socketLocalTransform"":{""position"":[0.0,0.0,0.0],""rotationDegrees"":[0.0,0.0,0.0],""scale"":[1.0,1.0,1.0]},""runtimeResolutionStatus"":""EXACT_SOURCE_BONE"",""sourceSelectorByteOffset"":387},""localTransform"":{""sourcePositionUeUnits"":[0.0,0.0,0.0],""position"":[0.0,0.0,-0.0],""rotationDegrees"":[0.0,0.0,-0.0],""scale"":[1.0,1.0,1.0]},""sourceTransformByteOffset"":402,""parameterOverridesDecoded"":true,""sourceParameterCountByteOffset"":494,""parameterOverrides"":[]}",2234128,173040,True,SOURCE_ASSET_EXPLICIT
same_model_action_candidate_not_proven_showtime_selection,MN_RHCN_01,4223101,해골 폭탄_광역폭발_원형_250uu,0,Att_Battle_1_01,action-4223101/stage-000/notify-000,Anim,0.0,1.0,,,,,60663,,True,SOURCE_CLIP_EXPLICIT
same_model_action_candidate_not_proven_showtime_selection,MN_RHCN_01,4223101,해골 폭탄_광역폭발_원형_250uu,0,Att_Battle_1_01,action-4223101/stage-000/notify-001,PlayParticleEffect,0.0,0.0,True,,ParticleSystem:FX_MN_RHCN_01.Par_X_RHCN_Spark_02_1,"{""schema"":""lostark.cef-play-particle-effect-header"",""version"":2,""enabled"":true,""sourceByteOffset"":47,""sourceByteValue"":1,""particleDataDecoded"":true,""sourceParticleSystem"":""ParticleSystem'FX_MN_RHCN_01.Par_X_RHCN_Spark_02_1'"",""attachment"":{""mode"":""FOLLOW_NAMED_ANCHORS"",""sourceAnchorNames"":[""FX_01""],""runtimeAnchors"":[{""sourceAnchorName"":""FX_01"",""runtimeAnchorSlotId"":""FX_01"",""runtimeBoneName"":"""",""socketLocalTransform"":{""position"":[0.0,0.0,0.0],""rotationDegrees"":[0.0,0.0,0.0],""scale"":[1.0,1.0,1.0]},""resolutionStatus"":""MISSING_SOURCE_SOCKET""}],""runtimeAnchorSlotIds"":[""FX_01""],""runtimeAnchorSlotId"":""FX_01"",""runtimeBoneName"":"""",""socketLocalTransform"":{""position"":[0.0,0.0,0.0],""rotationDegrees"":[0.0,0.0,0.0],""scale"":[1.0,1.0,1.0]},""runtimeResolutionStatus"":""MISSING_SOURCE_SOCKET"",""sourceSelectorByteOffset"":386},""localTransform"":{""sourcePositionUeUnits"":[0.0,0.0,0.0],""position"":[0.0,0.0,-0.0],""rotationDegrees"":[0.0,0.0,-0.0],""scale"":[1.0,1.0,1.0]},""sourceTransformByteOffset"":400,""parameterOverridesDecoded"":true,""sourceParameterCountByteOffset"":488,""parameterOverrides"":[{""sourceIndex"":0,""name"":""Color"",""sourceTypeCode"":3,""sourceRecordByteOffset"":492,""type"":""vector"",""vectorValue"":[1.0,1.0,1.0],""sourceValueByteOffset"":514}]}",60953,,True,SOURCE_ASSET_EXPLICIT
same_model_action_candidate_not_proven_showtime_selection,MN_RHCN_01,4223101,해골 폭탄_광역폭발_원형_250uu,0,Att_Battle_1_01,action-4223101/stage-000/notify-002,VoiceSetAttackCast,0.009999999776482582,0.0,,,,,61624,,True,TIMING_OR_STATE_ONLY
same_model_action_candidate_not_proven_showtime_selection,MN_RHCN_01,4223101,해골 폭탄_광역폭발_원형_250uu,0,Att_Battle_1_01,action-4223101/stage-000/notify-003,VoiceSetAttackCast,0.009999999776482582,0.0,,,,,61731,,True,TIMING_OR_STATE_ONLY
same_model_action_candidate_not_proven_showtime_selection,MN_RHCN_01,4223101,해골 폭탄_광역폭발_원형_250uu,0,Att_Battle_1_01,action-4223101/stage-000/notify-004,VoiceSetAttackShot,1.7999999523162842,0.0,,,,,61838,,True,TIMING_OR_STATE_ONLY
same_model_action_candidate_not_proven_showtime_selection,MN_RHCN_01,4223101,해골 폭탄_광역폭발_원형_250uu,0,Att_Battle_1_01,action-4223101/stage-000/notify-005,VoiceSetAttackShot,1.7999999523162842,0.0,,,,,61945,,True,TIMING_OR_STATE_ONLY
same_model_action_candidate_not_proven_showtime_selection,MN_RHCN_01,4223101,해골 폭탄_광역폭발_원형_250uu,0,Att_Battle_1_01,action-4223101/stage-000/notify-006,ViewShake,2.0,0.0,,,,,62052,,True,SOURCE_PARAMETERS_SERIALIZED
same_model_action_candidate_not_proven_showtime_selection,MN_RHCN_01,4223101,해골 폭탄_광역폭발_원형_250uu,0,Att_Battle_1_01,action-4223101/stage-000/notify-007,Effect,2.0,0.5,,422310101,,,62304,,True,TIMING_ONLY
same_model_action_candidate_not_proven_showtime_selection,MN_RHCN_01,4223101,해골 폭탄_광역폭발_원형_250uu,0,Att_Battle_1_01,action-4223101/stage-000/notify-008,HidePawn,2.0,0.5,,,,,62454,,True,SOURCE_PARAMETERS_SERIALIZED
same_model_action_candidate_not_proven_showtime_selection,MN_RHCN_01,4223101,해골 폭탄_광역폭발_원형_250uu,0,Att_Battle_1_01,action-4223101/stage-000/notify-009,MaintainHidePawn,2.0,0.5,,,,,62578,,True,TIMING_OR_STATE_ONLY
same_model_action_candidate_not_proven_showtime_selection,MN_RHCN_01,4223101,해골 폭탄_광역폭발_원형_250uu,0,Att_Battle_1_01,action-4223101/stage-000/notify-010,PlayParticleEffect,2.017936944961548,0.0,True,,ParticleSystem:FX_MN_RHCN_01.Par_X_RHCN_Exp_01,"{""schema"":""lostark.cef-play-particle-effect-header"",""version"":2,""enabled"":true,""sourceByteOffset"":47,""sourceByteValue"":1,""particleDataDecoded"":true,""sourceParticleSystem"":""ParticleSystem'FX_MN_RHCN_01.Par_X_RHCN_Exp_01'"",""attachment"":{""mode"":""SNAPSHOT_ROOT"",""sourceAnchorNames"":[],""runtimeAnchors"":[],""runtimeAnchorSlotIds"":[],""runtimeAnchorSlotId"":""root"",""runtimeBoneName"":"""",""socketLocalTransform"":{""position"":[0.0,0.0,0.0],""rotationDegrees"":[0.0,0.0,0.0],""scale"":[1.0,1.0,1.0]},""runtimeResolutionStatus"":""EXACT_ROOT_SNAPSHOT"",""sourceSelectorByteOffset"":null},""localTransform"":{""sourcePositionUeUnits"":[0.0,0.0,0.0],""position"":[0.0,0.0,-0.0],""rotationDegrees"":[0.0,0.0,-0.0],""scale"":[1.0,1.0,1.0]},""sourceTransformByteOffset"":384,""parameterOverridesDecoded"":true,""sourceParameterCountByteOffset"":472,""parameterOverrides"":[]}",62678,,True,SOURCE_ASSET_EXPLICIT
same_model_action_candidate_not_proven_showtime_selection,MN_RHCN_01,4223101,해골 폭탄_광역폭발_원형_250uu,0,Att_Battle_1_01,action-4223101/stage-000/notify-011,Effect,2.0999999046325684,0.4000000059604645,,41600003,,,63254,,True,TIMING_ONLY
same_model_action_candidate_not_proven_showtime_selection,MN_RHCN_01,4223102,해골 폭탄_광역폭발_원형_1500uu,0,Att_Battle_1_01,action-4223102/stage-000/notify-000,Anim,0.0,1.0,,,,,63886,,True,SOURCE_CLIP_EXPLICIT
same_model_action_candidate_not_proven_showtime_selection,MN_RHCN_01,4223102,해골 폭탄_광역폭발_원형_1500uu,0,Att_Battle_1_01,action-4223102/stage-000/notify-001,PlayParticleEffect,0.0,0.0,True,,ParticleSystem:FX_MN_RHCN_01.Par_X_RHCN_Spark_02_2,"{""schema"":""lostark.cef-play-particle-effect-header"",""version"":2,""enabled"":true,""sourceByteOffset"":47,""sourceByteValue"":1,""particleDataDecoded"":true,""sourceParticleSystem"":""ParticleSystem'FX_MN_RHCN_01.Par_X_RHCN_Spark_02_2'"",""attachment"":{""mode"":""FOLLOW_NAMED_ANCHORS"",""sourceAnchorNames"":[""FX_01""],""runtimeAnchors"":[{""sourceAnchorName"":""FX_01"",""runtimeAnchorSlotId"":""FX_01"",""runtimeBoneName"":"""",""socketLocalTransform"":{""position"":[0.0,0.0,0.0],""rotationDegrees"":[0.0,0.0,0.0],""scale"":[1.0,1.0,1.0]},""resolutionStatus"":""MISSING_SOURCE_SOCKET""}],""runtimeAnchorSlotIds"":[""FX_01""],""runtimeAnchorSlotId"":""FX_01"",""runtimeBoneName"":"""",""socketLocalTransform"":{""position"":[0.0,0.0,0.0],""rotationDegrees"":[0.0,0.0,0.0],""scale"":[1.0,1.0,1.0]},""runtimeResolutionStatus"":""MISSING_SOURCE_SOCKET"",""sourceSelectorByteOffset"":386},""localTransform"":{""sourcePositionUeUnits"":[0.0,0.0,0.0],""position"":[0.0,0.0,-0.0],""rotationDegrees"":[0.0,0.0,-0.0],""scale"":[1.0,1.0,1.0]},""sourceTransformByteOffset"":400,""parameterOverridesDecoded"":true,""sourceParameterCountByteOffset"":488,""parameterOverrides"":[{""sourceIndex"":0,""name"":""Color"",""sourceTypeCode"":3,""sourceRecordByteOffset"":492,""type"":""vector"",""vectorValue"":[1.0,1.0,1.0],""sourceValueByteOffset"":514}]}",64176,,True,SOURCE_ASSET_EXPLICIT
same_model_action_candidate_not_proven_showtime_selection,MN_RHCN_01,4223102,해골 폭탄_광역폭발_원형_1500uu,0,Att_Battle_1_01,action-4223102/stage-000/notify-002,VoiceSetAttackCast,0.009999999776482582,0.0,,,,,64847,,True,TIMING_OR_STATE_ONLY
same_model_action_candidate_not_proven_showtime_selection,MN_RHCN_01,4223102,해골 폭탄_광역폭발_원형_1500uu,0,Att_Battle_1_01,action-4223102/stage-000/notify-003,VoiceSetAttackCast,0.009999999776482582,0.0,,,,,64954,,True,TIMING_OR_STATE_ONLY
same_model_action_candidate_not_proven_showtime_selection,MN_RHCN_01,4223102,해골 폭탄_광역폭발_원형_1500uu,0,Att_Battle_1_01,action-4223102/stage-000/notify-004,VoiceSetAttackCast,3.0,0.0,,,,,65061,,True,TIMING_OR_STATE_ONLY
same_model_action_candidate_not_proven_showtime_selection,MN_RHCN_01,4223102,해골 폭탄_광역폭발_원형_1500uu,0,Att_Battle_1_01,action-4223102/stage-000/notify-005,VoiceSetAttackShot,4.800000190734863,0.0,,,,,65168,,True,TIMING_OR_STATE_ONLY
same_model_action_candidate_not_proven_showtime_selection,MN_RHCN_01,4223102,해골 폭탄_광역폭발_원형_1500uu,0,Att_Battle_1_01,action-4223102/stage-000/notify-006,VoiceSetAttackShot,4.800000190734863,0.0,,,,,65275,,True,TIMING_OR_STATE_ONLY
same_model_action_candidate_not_proven_showtime_selection,MN_RHCN_01,4223102,해골 폭탄_광역폭발_원형_1500uu,0,Att_Battle_1_01,action-4223102/stage-000/notify-007,MaintainHidePawn,5.0,0.5,,,,,65382,,True,TIMING_OR_STATE_ONLY
same_model_action_candidate_not_proven_showtime_selection,MN_RHCN_01,4223102,해골 폭탄_광역폭발_원형_1500uu,0,Att_Battle_1_01,action-4223102/stage-000/notify-008,HidePawn,5.0,0.5,,,,,65482,,True,SOURCE_PARAMETERS_SERIALIZED
same_model_action_candidate_not_proven_showtime_selection,MN_RHCN_01,4223102,해골 폭탄_광역폭발_원형_1500uu,0,Att_Battle_1_01,action-4223102/stage-000/notify-009,ViewShake,5.0,0.0,,,,,65606,,True,SOURCE_PARAMETERS_SERIALIZED
same_model_action_candidate_not_proven_showtime_selection,MN_RHCN_01,4223102,해골 폭탄_광역폭발_원형_1500uu,0,Att_Battle_1_01,action-4223102/stage-000/notify-010,Effect,5.0,0.5,,422310201,,,65858,,True,TIMING_ONLY
same_model_action_candidate_not_proven_showtime_selection,MN_RHCN_01,4223102,해골 폭탄_광역폭발_원형_1500uu,0,Att_Battle_1_01,action-4223102/stage-000/notify-011,PlayParticleEffect,5.0,0.0,True,,ParticleSystem:FX_Post.FX_Par.Par_C_ZoomBlur_02,"{""schema"":""lostark.cef-play-particle-effect-header"",""version"":2,""enabled"":true,""sourceByteOffset"":47,""sourceByteValue"":1,""particleDataDecoded"":true,""sourceParticleSystem"":""ParticleSystem'FX_Post.FX_Par.Par_C_ZoomBlur_02'"",""attachment"":{""mode"":""SNAPSHOT_ROOT"",""sourceAnchorNames"":[],""runtimeAnchors"":[],""runtimeAnchorSlotIds"":[],""runtimeAnchorSlotId"":""root"",""runtimeBoneName"":"""",""socketLocalTransform"":{""position"":[0.0,0.0,0.0],""rotationDegrees"":[0.0,0.0,0.0],""scale"":[1.0,1.0,1.0]},""runtimeResolutionStatus"":""EXACT_ROOT_SNAPSHOT"",""sourceSelectorByteOffset"":null},""localTransform"":{""sourcePositionUeUnits"":[0.0,0.0,110.0],""position"":[0.0,1.1,-0.0],""rotationDegrees"":[0.0,0.0,-0.0],""scale"":[1.0,1.0,1.0]},""sourceTransformByteOffset"":393,""parameterOverridesDecoded"":true,""sourceParameterCountByteOffset"":481,""parameterOverrides"":[{""sourceIndex"":0,""name"":""life"",""sourceTypeCode"":1,""sourceRecordByteOffset"":485,""type"":""scalar"",""scalarValue"":1.0,""sourceValueByteOffset"":498}]}",66008,,True,SOURCE_ASSET_EXPLICIT
same_model_action_candidate_not_proven_showtime_selection,MN_RHCN_01,4223102,해골 폭탄_광역폭발_원형_1500uu,0,Att_Battle_1_01,action-4223102/stage-000/notify-012,PlayParticleEffect,5.010000228881836,0.0,True,,ParticleSystem:FX_MN_RHCN_01.Par_X_RHCN_Exp_02,"{""schema"":""lostark.cef-play-particle-effect-header"",""version"":2,""enabled"":true,""sourceByteOffset"":47,""sourceByteValue"":1,""particleDataDecoded"":true,""sourceParticleSystem"":""ParticleSystem'FX_MN_RHCN_01.Par_X_RHCN_Exp_02'"",""attachment"":{""mode"":""SNAPSHOT_ROOT"",""sourceAnchorNames"":[],""runtimeAnchors"":[],""runtimeAnchorSlotIds"":[],""runtimeAnchorSlotId"":""root"",""runtimeBoneName"":"""",""socketLocalTransform"":{""position"":[0.0,0.0,0.0],""rotationDegrees"":[0.0,0.0,0.0],""scale"":[1.0,1.0,1.0]},""runtimeResolutionStatus"":""EXACT_ROOT_SNAPSHOT"",""sourceSelectorByteOffset"":null},""localTransform"":{""sourcePositionUeUnits"":[0.0,0.0,2.5],""position"":[0.0,0.025,-0.0],""rotationDegrees"":[0.0,0.0,-0.0],""scale"":[2.0,2.0,2.0]},""sourceTransformByteOffset"":384,""parameterOverridesDecoded"":true,""sourceParameterCountByteOffset"":472,""parameterOverrides"":[{""sourceIndex"":0,""name"":""Color"",""sourceTypeCode"":3,""sourceRecordByteOffset"":476,""type"":""vector"",""vectorValue"":[1.0,1.0,1.0],""sourceValueByteOffset"":498}]}",66671,,True,SOURCE_ASSET_EXPLICIT
same_model_action_candidate_not_proven_showtime_selection,MN_RHCN_01,4223102,해골 폭탄_광역폭발_원형_1500uu,0,Att_Battle_1_01,action-4223102/stage-000/notify-013,Effect,5.099999904632568,0.0,,41600003,,,67326,,True,TIMING_ONLY
same_model_action_candidate_not_proven_showtime_selection,MN_RHCN_01,4223102,해골 폭탄_광역폭발_원형_1500uu,1,Att_Battle_1_01,action-4223102/stage-001/notify-000,Anim,0.0,1.0,,,,,67856,,True,SOURCE_CLIP_EXPLICIT
same_model_action_candidate_not_proven_showtime_selection,MN_RHCN_01,4223102,해골 폭탄_광역폭발_원형_1500uu,1,Att_Battle_1_01,action-4223102/stage-001/notify-001,PlayParticleEffect,0.0,0.0,True,,ParticleSystem:FX_MN_RHCN_01.Par_X_RHCN_Spark_02_2,"{""schema"":""lostark.cef-play-particle-effect-header"",""version"":2,""enabled"":true,""sourceByteOffset"":47,""sourceByteValue"":1,""particleDataDecoded"":true,""sourceParticleSystem"":""ParticleSystem'FX_MN_RHCN_01.Par_X_RHCN_Spark_02_2'"",""attachment"":{""mode"":""FOLLOW_NAMED_ANCHORS"",""sourceAnchorNames"":[""FX_01""],""runtimeAnchors"":[{""sourceAnchorName"":""FX_01"",""runtimeAnchorSlotId"":""FX_01"",""runtimeBoneName"":"""",""socketLocalTransform"":{""position"":[0.0,0.0,0.0],""rotationDegrees"":[0.0,0.0,0.0],""scale"":[1.0,1.0,1.0]},""resolutionStatus"":""MISSING_SOURCE_SOCKET""}],""runtimeAnchorSlotIds"":[""FX_01""],""runtimeAnchorSlotId"":""FX_01"",""runtimeBoneName"":"""",""socketLocalTransform"":{""position"":[0.0,0.0,0.0],""rotationDegrees"":[0.0,0.0,0.0],""scale"":[1.0,1.0,1.0]},""runtimeResolutionStatus"":""MISSING_SOURCE_SOCKET"",""sourceSelectorByteOffset"":386},""localTransform"":{""sourcePositionUeUnits"":[0.0,0.0,0.0],""position"":[0.0,0.0,-0.0],""rotationDegrees"":[0.0,0.0,-0.0],""scale"":[1.0,1.0,1.0]},""sourceTransformByteOffset"":400,""parameterOverridesDecoded"":true,""sourceParameterCountByteOffset"":488,""parameterOverrides"":[{""sourceIndex"":0,""name"":""Color"",""sourceTypeCode"":3,""sourceRecordByteOffset"":492,""type"":""vector"",""vectorValue"":[1.0,1.0,1.0],""sourceValueByteOffset"":514}]}",68146,,True,SOURCE_ASSET_EXPLICIT
same_model_action_candidate_not_proven_showtime_selection,MN_RHCN_01,4223102,해골 폭탄_광역폭발_원형_1500uu,1,Att_Battle_1_01,action-4223102/stage-001/notify-002,VoiceSetAttackCast,0.009999999776482582,0.0,,,,,68817,,True,TIMING_OR_STATE_ONLY
same_model_action_candidate_not_proven_showtime_selection,MN_RHCN_01,4223102,해골 폭탄_광역폭발_원형_1500uu,1,Att_Battle_1_01,action-4223102/stage-001/notify-003,VoiceSetAttackCast,0.009999999776482582,0.0,,,,,68924,,True,TIMING_OR_STATE_ONLY
same_model_action_candidate_not_proven_showtime_selection,MN_RHCN_01,4223102,해골 폭탄_광역폭발_원형_1500uu,1,Att_Battle_1_01,action-4223102/stage-001/notify-004,VoiceSetAttackCast,3.0,0.0,,,,,69031,,True,TIMING_OR_STATE_ONLY
same_model_action_candidate_not_proven_showtime_selection,MN_RHCN_01,4223102,해골 폭탄_광역폭발_원형_1500uu,1,Att_Battle_1_01,action-4223102/stage-001/notify-005,VoiceSetAttackShot,4.800000190734863,0.0,,,,,69138,,True,TIMING_OR_STATE_ONLY
same_model_action_candidate_not_proven_showtime_selection,MN_RHCN_01,4223102,해골 폭탄_광역폭발_원형_1500uu,1,Att_Battle_1_01,action-4223102/stage-001/notify-006,VoiceSetAttackShot,4.800000190734863,0.0,,,,,69245,,True,TIMING_OR_STATE_ONLY
same_model_action_candidate_not_proven_showtime_selection,MN_RHCN_01,4223102,해골 폭탄_광역폭발_원형_1500uu,1,Att_Battle_1_01,action-4223102/stage-001/notify-007,MaintainHidePawn,5.0,0.5,,,,,69352,,True,TIMING_OR_STATE_ONLY
same_model_action_candidate_not_proven_showtime_selection,MN_RHCN_01,4223102,해골 폭탄_광역폭발_원형_1500uu,1,Att_Battle_1_01,action-4223102/stage-001/notify-008,HidePawn,5.0,0.5,,,,,69452,,True,SOURCE_PARAMETERS_SERIALIZED
same_model_action_candidate_not_proven_showtime_selection,MN_RHCN_01,4223102,해골 폭탄_광역폭발_원형_1500uu,1,Att_Battle_1_01,action-4223102/stage-001/notify-009,ViewShake,5.0,0.0,,,,,69576,,True,SOURCE_PARAMETERS_SERIALIZED
same_model_action_candidate_not_proven_showtime_selection,MN_RHCN_01,4223102,해골 폭탄_광역폭발_원형_1500uu,1,Att_Battle_1_01,action-4223102/stage-001/notify-010,Effect,5.0,0.5,,422310211,,,69828,,True,TIMING_ONLY
same_model_action_candidate_not_proven_showtime_selection,MN_RHCN_01,4223102,해골 폭탄_광역폭발_원형_1500uu,1,Att_Battle_1_01,action-4223102/stage-001/notify-011,PlayParticleEffect,5.0,0.0,True,,ParticleSystem:FX_Post.FX_Par.Par_C_ZoomBlur_02,"{""schema"":""lostark.cef-play-particle-effect-header"",""version"":2,""enabled"":true,""sourceByteOffset"":47,""sourceByteValue"":1,""particleDataDecoded"":true,""sourceParticleSystem"":""ParticleSystem'FX_Post.FX_Par.Par_C_ZoomBlur_02'"",""attachment"":{""mode"":""SNAPSHOT_ROOT"",""sourceAnchorNames"":[],""runtimeAnchors"":[],""runtimeAnchorSlotIds"":[],""runtimeAnchorSlotId"":""root"",""runtimeBoneName"":"""",""socketLocalTransform"":{""position"":[0.0,0.0,0.0],""rotationDegrees"":[0.0,0.0,0.0],""scale"":[1.0,1.0,1.0]},""runtimeResolutionStatus"":""EXACT_ROOT_SNAPSHOT"",""sourceSelectorByteOffset"":null},""localTransform"":{""sourcePositionUeUnits"":[0.0,0.0,110.0],""position"":[0.0,1.1,-0.0],""rotationDegrees"":[0.0,0.0,-0.0],""scale"":[1.0,1.0,1.0]},""sourceTransformByteOffset"":393,""parameterOverridesDecoded"":true,""sourceParameterCountByteOffset"":481,""parameterOverrides"":[{""sourceIndex"":0,""name"":""life"",""sourceTypeCode"":1,""sourceRecordByteOffset"":485,""type"":""scalar"",""scalarValue"":1.0,""sourceValueByteOffset"":498}]}",69978,,True,SOURCE_ASSET_EXPLICIT
same_model_action_candidate_not_proven_showtime_selection,MN_RHCN_01,4223102,해골 폭탄_광역폭발_원형_1500uu,1,Att_Battle_1_01,action-4223102/stage-001/notify-012,Effect,5.0,0.5,,422310212,,,70641,,True,TIMING_ONLY
same_model_action_candidate_not_proven_showtime_selection,MN_RHCN_01,4223102,해골 폭탄_광역폭발_원형_1500uu,1,Att_Battle_1_01,action-4223102/stage-001/notify-013,PlayParticleEffect,5.010000228881836,0.0,True,,ParticleSystem:FX_MN_RHCN_01.Par_X_RHCN_Exp_02,"{""schema"":""lostark.cef-play-particle-effect-header"",""version"":2,""enabled"":true,""sourceByteOffset"":47,""sourceByteValue"":1,""particleDataDecoded"":true,""sourceParticleSystem"":""ParticleSystem'FX_MN_RHCN_01.Par_X_RHCN_Exp_02'"",""attachment"":{""mode"":""SNAPSHOT_ROOT"",""sourceAnchorNames"":[],""runtimeAnchors"":[],""runtimeAnchorSlotIds"":[],""runtimeAnchorSlotId"":""root"",""runtimeBoneName"":"""",""socketLocalTransform"":{""position"":[0.0,0.0,0.0],""rotationDegrees"":[0.0,0.0,0.0],""scale"":[1.0,1.0,1.0]},""runtimeResolutionStatus"":""EXACT_ROOT_SNAPSHOT"",""sourceSelectorByteOffset"":null},""localTransform"":{""sourcePositionUeUnits"":[0.0,0.0,2.5],""position"":[0.0,0.025,-0.0],""rotationDegrees"":[0.0,0.0,-0.0],""scale"":[2.0,2.0,2.0]},""sourceTransformByteOffset"":384,""parameterOverridesDecoded"":true,""sourceParameterCountByteOffset"":472,""parameterOverrides"":[{""sourceIndex"":0,""name"":""Color"",""sourceTypeCode"":3,""sourceRecordByteOffset"":476,""type"":""vector"",""vectorValue"":[1.0,1.0,1.0],""sourceValueByteOffset"":498}]}",70791,,True,SOURCE_ASSET_EXPLICIT
same_model_action_candidate_not_proven_showtime_selection,MN_RHCN_01,4223102,해골 폭탄_광역폭발_원형_1500uu,1,Att_Battle_1_01,action-4223102/stage-001/notify-014,Effect,5.099999904632568,0.0,,41600003,,,71446,,True,TIMING_ONLY
same_model_action_candidate_not_proven_showtime_selection,MN_RHCN_01,4223103,해골 폭탄_광역폭발_십자폭발,0,Att_Battle_1_01,action-4223103/stage-000/notify-000,Anim,0.0,1.0,,,,,72068,,True,SOURCE_CLIP_EXPLICIT
same_model_action_candidate_not_proven_showtime_selection,MN_RHCN_01,4223103,해골 폭탄_광역폭발_십자폭발,0,Att_Battle_1_01,action-4223103/stage-000/notify-001,PlayParticleEffect,0.0,0.0,True,,ParticleSystem:FX_MN_RHCN_01.Par_X_RHCN_Spark_02_3,"{""schema"":""lostark.cef-play-particle-effect-header"",""version"":2,""enabled"":true,""sourceByteOffset"":47,""sourceByteValue"":1,""particleDataDecoded"":true,""sourceParticleSystem"":""ParticleSystem'FX_MN_RHCN_01.Par_X_RHCN_Spark_02_3'"",""attachment"":{""mode"":""FOLLOW_NAMED_ANCHORS"",""sourceAnchorNames"":[""FX_01""],""runtimeAnchors"":[{""sourceAnchorName"":""FX_01"",""runtimeAnchorSlotId"":""FX_01"",""runtimeBoneName"":"""",""socketLocalTransform"":{""position"":[0.0,0.0,0.0],""rotationDegrees"":[0.0,0.0,0.0],""scale"":[1.0,1.0,1.0]},""resolutionStatus"":""MISSING_SOURCE_SOCKET""}],""runtimeAnchorSlotIds"":[""FX_01""],""runtimeAnchorSlotId"":""FX_01"",""runtimeBoneName"":"""",""socketLocalTransform"":{""position"":[0.0,0.0,0.0],""rotationDegrees"":[0.0,0.0,0.0],""scale"":[1.0,1.0,1.0]},""runtimeResolutionStatus"":""MISSING_SOURCE_SOCKET"",""sourceSelectorByteOffset"":386},""localTransform"":{""sourcePositionUeUnits"":[0.0,0.0,0.0],""position"":[0.0,0.0,-0.0],""rotationDegrees"":[0.0,0.0,-0.0],""scale"":[1.0,1.0,1.0]},""sourceTransformByteOffset"":400,""parameterOverridesDecoded"":true,""sourceParameterCountByteOffset"":488,""parameterOverrides"":[{""sourceIndex"":0,""name"":""Color"",""sourceTypeCode"":3,""sourceRecordByteOffset"":492,""type"":""vector"",""vectorValue"":[1.0,1.0,1.0],""sourceValueByteOffset"":514}]}",72358,,True,SOURCE_ASSET_EXPLICIT
same_model_action_candidate_not_proven_showtime_selection,MN_RHCN_01,4223103,해골 폭탄_광역폭발_십자폭발,0,Att_Battle_1_01,action-4223103/stage-000/notify-002,VoiceSetAttackCast,0.009999999776482582,0.0,,,,,73029,,True,TIMING_OR_STATE_ONLY
same_model_action_candidate_not_proven_showtime_selection,MN_RHCN_01,4223103,해골 폭탄_광역폭발_십자폭발,0,Att_Battle_1_01,action-4223103/stage-000/notify-003,VoiceSetAttackCast,0.10000000149011612,0.0,,,,,73136,,True,TIMING_OR_STATE_ONLY
same_model_action_candidate_not_proven_showtime_selection,MN_RHCN_01,4223103,해골 폭탄_광역폭발_십자폭발,0,Att_Battle_1_01,action-4223103/stage-000/notify-004,Effect,0.10000000149011612,0.0,,422310305,,,73243,,True,TIMING_ONLY
same_model_action_candidate_not_proven_showtime_selection,MN_RHCN_01,4223103,해골 폭탄_광역폭발_십자폭발,0,Att_Battle_1_01,action-4223103/stage-000/notify-005,Effect,2.799999952316284,0.0,,422310303,,,73393,,True,TIMING_ONLY
same_model_action_candidate_not_proven_showtime_selection,MN_RHCN_01,4223103,해골 폭탄_광역폭발_십자폭발,0,Att_Battle_1_01,action-4223103/stage-000/notify-006,Effect,2.799999952316284,0.0,,422310304,,,73543,,True,TIMING_ONLY
same_model_action_candidate_not_proven_showtime_selection,MN_RHCN_01,4223103,해골 폭탄_광역폭발_십자폭발,0,Att_Battle_1_01,action-4223103/stage-000/notify-007,VoiceSetAttackShot,3.0,0.0,,,,,73693,,True,TIMING_OR_STATE_ONLY
same_model_action_candidate_not_proven_showtime_selection,MN_RHCN_01,4223103,해골 폭탄_광역폭발_십자폭발,0,Att_Battle_1_01,action-4223103/stage-000/notify-008,HidePawn,3.0,0.5,,,,,73800,,True,SOURCE_PARAMETERS_SERIALIZED
same_model_action_candidate_not_proven_showtime_selection,MN_RHCN_01,4223103,해골 폭탄_광역폭발_십자폭발,0,Att_Battle_1_01,action-4223103/stage-000/notify-009,Effect,3.0,0.5,,422310301,,,73924,,True,TIMING_ONLY
same_model_action_candidate_not_proven_showtime_selection,MN_RHCN_01,4223103,해골 폭탄_광역폭발_십자폭발,0,Att_Battle_1_01,action-4223103/stage-000/notify-010,Effect,3.0,0.5,,422310302,,,74074,,True,TIMING_ONLY
same_model_action_candidate_not_proven_showtime_selection,MN_RHCN_01,4223103,해골 폭탄_광역폭발_십자폭발,0,Att_Battle_1_01,action-4223103/stage-000/notify-011,PlayParticleEffect,3.0,0.0,True,,ParticleSystem:FX_MN_RHCN_01.Par_X_RHCN_WaveExpl_01,"{""schema"":""lostark.cef-play-particle-effect-header"",""version"":2,""enabled"":true,""sourceByteOffset"":47,""sourceByteValue"":1,""particleDataDecoded"":true,""sourceParticleSystem"":""ParticleSystem'FX_MN_RHCN_01.Par_X_RHCN_WaveExpl_01'"",""attachment"":{""mode"":""SNAPSHOT_ROOT"",""sourceAnchorNames"":[],""runtimeAnchors"":[],""runtimeAnchorSlotIds"":[],""runtimeAnchorSlotId"":""root"",""runtimeBoneName"":"""",""socketLocalTransform"":{""position"":[0.0,0.0,0.0],""rotationDegrees"":[0.0,0.0,0.0],""scale"":[1.0,1.0,1.0]},""runtimeResolutionStatus"":""EXACT_ROOT_SNAPSHOT"",""sourceSelectorByteOffset"":null},""localTransform"":{""sourcePositionUeUnits"":[0.0,0.0,2.0],""position"":[0.0,0.02,-0.0],""rotationDegrees"":[0.0,0.0,-0.0],""scale"":[1.0,1.0,1.0]},""sourceTransformByteOffset"":394,""parameterOverridesDecoded"":true,""sourceParameterCountByteOffset"":482,""parameterOverrides"":[]}",74224,,True,SOURCE_ASSET_EXPLICIT
same_model_action_candidate_not_proven_showtime_selection,MN_RHCN_01,4223103,해골 폭탄_광역폭발_십자폭발,0,Att_Battle_1_01,action-4223103/stage-000/notify-012,ViewShake,3.0,0.0,,,,,74810,,True,SOURCE_PARAMETERS_SERIALIZED
same_model_action_candidate_not_proven_showtime_selection,MN_RHCN_01,4223103,해골 폭탄_광역폭발_십자폭발,0,Att_Battle_1_01,action-4223103/stage-000/notify-013,PlayParticleEffect,3.0,0.0,True,,ParticleSystem:FX_MN_RHCN_01.Par_X_RHCN_Exp_01,"{""schema"":""lostark.cef-play-particle-effect-header"",""version"":2,""enabled"":true,""sourceByteOffset"":47,""sourceByteValue"":1,""particleDataDecoded"":true,""sourceParticleSystem"":""ParticleSystem'FX_MN_RHCN_01.Par_X_RHCN_Exp_01'"",""attachment"":{""mode"":""SNAPSHOT_ROOT"",""sourceAnchorNames"":[],""runtimeAnchors"":[],""runtimeAnchorSlotIds"":[],""runtimeAnchorSlotId"":""root"",""runtimeBoneName"":"""",""socketLocalTransform"":{""position"":[0.0,0.0,0.0],""rotationDegrees"":[0.0,0.0,0.0],""scale"":[1.0,1.0,1.0]},""runtimeResolutionStatus"":""EXACT_ROOT_SNAPSHOT"",""sourceSelectorByteOffset"":null},""localTransform"":{""sourcePositionUeUnits"":[0.0,0.0,0.0],""position"":[0.0,0.0,-0.0],""rotationDegrees"":[0.0,0.0,-0.0],""scale"":[0.5,0.5,0.5]},""sourceTransformByteOffset"":384,""parameterOverridesDecoded"":true,""sourceParameterCountByteOffset"":472,""parameterOverrides"":[]}",75062,,True,SOURCE_ASSET_EXPLICIT
same_model_action_candidate_not_proven_showtime_selection,MN_RHCN_01,4223103,해골 폭탄_광역폭발_십자폭발,0,Att_Battle_1_01,action-4223103/stage-000/notify-014,PlayParticleEffect,3.0,0.0,True,,ParticleSystem:FX_MN_RHCN_01.Par_X_RHCN_WaveExpl_01,"{""schema"":""lostark.cef-play-particle-effect-header"",""version"":2,""enabled"":true,""sourceByteOffset"":47,""sourceByteValue"":1,""particleDataDecoded"":true,""sourceParticleSystem"":""ParticleSystem'FX_MN_RHCN_01.Par_X_RHCN_WaveExpl_01'"",""attachment"":{""mode"":""SNAPSHOT_ROOT"",""sourceAnchorNames"":[],""runtimeAnchors"":[],""runtimeAnchorSlotIds"":[],""runtimeAnchorSlotId"":""root"",""runtimeBoneName"":"""",""socketLocalTransform"":{""position"":[0.0,0.0,0.0],""rotationDegrees"":[0.0,0.0,0.0],""scale"":[1.0,1.0,1.0]},""runtimeResolutionStatus"":""EXACT_ROOT_SNAPSHOT"",""sourceSelectorByteOffset"":null},""localTransform"":{""sourcePositionUeUnits"":[0.0,0.0,2.0],""position"":[0.0,0.02,-0.0],""rotationDegrees"":[0.0,0.0,-0.0],""scale"":[1.0,1.0,1.0]},""sourceTransformByteOffset"":394,""parameterOverridesDecoded"":true,""sourceParameterCountByteOffset"":482,""parameterOverrides"":[]}",75638,,True,SOURCE_ASSET_EXPLICIT
same_model_action_candidate_not_proven_showtime_selection,MN_RHCN_01,4223103,해골 폭탄_광역폭발_십자폭발,0,Att_Battle_1_01,action-4223103/stage-000/notify-015,PlayParticleEffect,3.0,0.0,True,,ParticleSystem:FX_MN_RHCN_01.Par_X_RHCN_WaveExpl_01,"{""schema"":""lostark.cef-play-particle-effect-header"",""version"":2,""enabled"":true,""sourceByteOffset"":47,""sourceByteValue"":1,""particleDataDecoded"":true,""sourceParticleSystem"":""ParticleSystem'FX_MN_RHCN_01.Par_X_RHCN_WaveExpl_01'"",""attachment"":{""mode"":""SNAPSHOT_ROOT"",""sourceAnchorNames"":[],""runtimeAnchors"":[],""runtimeAnchorSlotIds"":[],""runtimeAnchorSlotId"":""root"",""runtimeBoneName"":"""",""socketLocalTransform"":{""position"":[0.0,0.0,0.0],""rotationDegrees"":[0.0,0.0,0.0],""scale"":[1.0,1.0,1.0]},""runtimeResolutionStatus"":""EXACT_ROOT_SNAPSHOT"",""sourceSelectorByteOffset"":null},""localTransform"":{""sourcePositionUeUnits"":[0.0,0.0,2.0],""position"":[0.0,0.02,-0.0],""rotationDegrees"":[0.0,0.0,-0.0],""scale"":[1.0,1.0,1.0]},""sourceTransformByteOffset"":394,""parameterOverridesDecoded"":true,""sourceParameterCountByteOffset"":482,""parameterOverrides"":[]}",76224,,True,SOURCE_ASSET_EXPLICIT
same_model_action_candidate_not_proven_showtime_selection,MN_RHCN_01,4223103,해골 폭탄_광역폭발_십자폭발,0,Att_Battle_1_01,action-4223103/stage-000/notify-016,PlayParticleEffect,3.0,0.0,True,,ParticleSystem:FX_MN_RHCN_01.Par_X_RHCN_WaveExpl_01,"{""schema"":""lostark.cef-play-particle-effect-header"",""version"":2,""enabled"":true,""sourceByteOffset"":47,""sourceByteValue"":1,""particleDataDecoded"":true,""sourceParticleSystem"":""ParticleSystem'FX_MN_RHCN_01.Par_X_RHCN_WaveExpl_01'"",""attachment"":{""mode"":""SNAPSHOT_ROOT"",""sourceAnchorNames"":[],""runtimeAnchors"":[],""runtimeAnchorSlotIds"":[],""runtimeAnchorSlotId"":""root"",""runtimeBoneName"":"""",""socketLocalTransform"":{""position"":[0.0,0.0,0.0],""rotationDegrees"":[0.0,0.0,0.0],""scale"":[1.0,1.0,1.0]},""runtimeResolutionStatus"":""EXACT_ROOT_SNAPSHOT"",""sourceSelectorByteOffset"":null},""localTransform"":{""sourcePositionUeUnits"":[0.0,0.0,2.0],""position"":[0.0,0.02,-0.0],""rotationDegrees"":[0.0,0.0,-0.0],""scale"":[1.0,1.0,1.0]},""sourceTransformByteOffset"":394,""parameterOverridesDecoded"":true,""sourceParameterCountByteOffset"":482,""parameterOverrides"":[]}",76810,,True,SOURCE_ASSET_EXPLICIT
same_model_action_candidate_not_proven_showtime_selection,MN_RHCN_01,4223103,해골 폭탄_광역폭발_십자폭발,0,Att_Battle_1_01,action-4223103/stage-000/notify-017,PlayParticleEffect,3.0,0.0,True,,ParticleSystem:FX_Post.FX_Par.Par_C_ZoomBlur_02,"{""schema"":""lostark.cef-play-particle-effect-header"",""version"":2,""enabled"":true,""sourceByteOffset"":47,""sourceByteValue"":1,""particleDataDecoded"":true,""sourceParticleSystem"":""ParticleSystem'FX_Post.FX_Par.Par_C_ZoomBlur_02'"",""attachment"":{""mode"":""SNAPSHOT_ROOT"",""sourceAnchorNames"":[],""runtimeAnchors"":[],""runtimeAnchorSlotIds"":[],""runtimeAnchorSlotId"":""root"",""runtimeBoneName"":"""",""socketLocalTransform"":{""position"":[0.0,0.0,0.0],""rotationDegrees"":[0.0,0.0,0.0],""scale"":[1.0,1.0,1.0]},""runtimeResolutionStatus"":""EXACT_ROOT_SNAPSHOT"",""sourceSelectorByteOffset"":null},""localTransform"":{""sourcePositionUeUnits"":[0.0,0.0,50.0],""position"":[0.0,0.5,-0.0],""rotationDegrees"":[0.0,0.0,-0.0],""scale"":[0.5,0.5,0.5]},""sourceTransformByteOffset"":393,""parameterOverridesDecoded"":true,""sourceParameterCountByteOffset"":481,""parameterOverrides"":[{""sourceIndex"":0,""name"":""life"",""sourceTypeCode"":1,""sourceRecordByteOffset"":485,""type"":""scalar"",""scalarValue"":0.699999988079071,""sourceValueByteOffset"":498}]}",77396,,True,SOURCE_ASSET_EXPLICIT
same_model_action_candidate_not_proven_showtime_selection,MN_RHCN_01,4223103,해골 폭탄_광역폭발_십자폭발,0,Att_Battle_1_01,action-4223103/stage-000/notify-018,MaintainHidePawn,3.0,0.5,,,,,78059,,True,TIMING_OR_STATE_ONLY
same_model_action_candidate_not_proven_showtime_selection,MN_RHCN_01,4223103,해골 폭탄_광역폭발_십자폭발,0,Att_Battle_1_01,action-4223103/stage-000/notify-019,VoiceSetAttackShot,3.0,0.0,,,,,78159,,True,TIMING_OR_STATE_ONLY
same_model_action_candidate_not_proven_showtime_selection,MN_RHCN_01,4223103,해골 폭탄_광역폭발_십자폭발,0,Att_Battle_1_01,action-4223103/stage-000/notify-020,Effect,3.0999999046325684,0.0,,41600003,,,78266,,True,TIMING_ONLY
same_model_action_candidate_not_proven_showtime_selection,MN_RHCN_01,4223104,해골 폭탄_광역폭발_원형_250uu_횡스크롤,0,Att_Battle_1_01,action-4223104/stage-000/notify-000,Anim,0.0,1.0,,,,,78906,,True,SOURCE_CLIP_EXPLICIT
same_model_action_candidate_not_proven_showtime_selection,MN_RHCN_01,4223104,해골 폭탄_광역폭발_원형_250uu_횡스크롤,0,Att_Battle_1_01,action-4223104/stage-000/notify-001,PlayParticleEffect,0.0,0.0,True,,ParticleSystem:FX_MN_RHCN_01.Par_X_RHCN_Spark_02_1,"{""schema"":""lostark.cef-play-particle-effect-header"",""version"":2,""enabled"":true,""sourceByteOffset"":47,""sourceByteValue"":1,""particleDataDecoded"":true,""sourceParticleSystem"":""ParticleSystem'FX_MN_RHCN_01.Par_X_RHCN_Spark_02_1'"",""attachment"":{""mode"":""FOLLOW_NAMED_ANCHORS"",""sourceAnchorNames"":[""FX_01""],""runtimeAnchors"":[{""sourceAnchorName"":""FX_01"",""runtimeAnchorSlotId"":""FX_01"",""runtimeBoneName"":"""",""socketLocalTransform"":{""position"":[0.0,0.0,0.0],""rotationDegrees"":[0.0,0.0,0.0],""scale"":[1.0,1.0,1.0]},""resolutionStatus"":""MISSING_SOURCE_SOCKET""}],""runtimeAnchorSlotIds"":[""FX_01""],""runtimeAnchorSlotId"":""FX_01"",""runtimeBoneName"":"""",""socketLocalTransform"":{""position"":[0.0,0.0,0.0],""rotationDegrees"":[0.0,0.0,0.0],""scale"":[1.0,1.0,1.0]},""runtimeResolutionStatus"":""MISSING_SOURCE_SOCKET"",""sourceSelectorByteOffset"":386},""localTransform"":{""sourcePositionUeUnits"":[0.0,0.0,0.0],""position"":[0.0,0.0,-0.0],""rotationDegrees"":[0.0,0.0,-0.0],""scale"":[1.0,1.0,1.0]},""sourceTransformByteOffset"":400,""parameterOverridesDecoded"":true,""sourceParameterCountByteOffset"":488,""parameterOverrides"":[{""sourceIndex"":0,""name"":""Color"",""sourceTypeCode"":3,""sourceRecordByteOffset"":492,""type"":""vector"",""vectorValue"":[1.0,1.0,1.0],""sourceValueByteOffset"":514}]}",79196,,True,SOURCE_ASSET_EXPLICIT
same_model_action_candidate_not_proven_showtime_selection,MN_RHCN_01,4223104,해골 폭탄_광역폭발_원형_250uu_횡스크롤,0,Att_Battle_1_01,action-4223104/stage-000/notify-002,VoiceSetAttackCast,0.009999999776482582,0.0,,,,,79867,,True,TIMING_OR_STATE_ONLY
same_model_action_candidate_not_proven_showtime_selection,MN_RHCN_01,4223104,해골 폭탄_광역폭발_원형_250uu_횡스크롤,0,Att_Battle_1_01,action-4223104/stage-000/notify-003,VoiceSetAttackCast,0.009999999776482582,0.0,,,,,79974,,True,TIMING_OR_STATE_ONLY
same_model_action_candidate_not_proven_showtime_selection,MN_RHCN_01,4223104,해골 폭탄_광역폭발_원형_250uu_횡스크롤,0,Att_Battle_1_01,action-4223104/stage-000/notify-004,VoiceSetAttackShot,1.7999999523162842,0.0,,,,,80081,,True,TIMING_OR_STATE_ONLY
same_model_action_candidate_not_proven_showtime_selection,MN_RHCN_01,4223104,해골 폭탄_광역폭발_원형_250uu_횡스크롤,0,Att_Battle_1_01,action-4223104/stage-000/notify-005,VoiceSetAttackShot,1.7999999523162842,0.0,,,,,80188,,True,TIMING_OR_STATE_ONLY
same_model_action_candidate_not_proven_showtime_selection,MN_RHCN_01,4223104,해골 폭탄_광역폭발_원형_250uu_횡스크롤,0,Att_Battle_1_01,action-4223104/stage-000/notify-006,ViewShake,2.0,0.0,,,,,80295,,True,SOURCE_PARAMETERS_SERIALIZED
same_model_action_candidate_not_proven_showtime_selection,MN_RHCN_01,4223104,해골 폭탄_광역폭발_원형_250uu_횡스크롤,0,Att_Battle_1_01,action-4223104/stage-000/notify-007,Effect,2.0,0.5,,422310401,,,80547,,True,TIMING_ONLY
same_model_action_candidate_not_proven_showtime_selection,MN_RHCN_01,4223104,해골 폭탄_광역폭발_원형_250uu_횡스크롤,0,Att_Battle_1_01,action-4223104/stage-000/notify-008,HidePawn,2.0,0.5,,,,,80697,,True,SOURCE_PARAMETERS_SERIALIZED
same_model_action_candidate_not_proven_showtime_selection,MN_RHCN_01,4223104,해골 폭탄_광역폭발_원형_250uu_횡스크롤,0,Att_Battle_1_01,action-4223104/stage-000/notify-009,MaintainHidePawn,2.0,0.5,,,,,80821,,True,TIMING_OR_STATE_ONLY
same_model_action_candidate_not_proven_showtime_selection,MN_RHCN_01,4223104,해골 폭탄_광역폭발_원형_250uu_횡스크롤,0,Att_Battle_1_01,action-4223104/stage-000/notify-010,PlayParticleEffect,2.017936944961548,0.0,True,,ParticleSystem:FX_MN_RHCN_01.Par_X_RHCN_Exp_01,"{""schema"":""lostark.cef-play-particle-effect-header"",""version"":2,""enabled"":true,""sourceByteOffset"":47,""sourceByteValue"":1,""particleDataDecoded"":true,""sourceParticleSystem"":""ParticleSystem'FX_MN_RHCN_01.Par_X_RHCN_Exp_01'"",""attachment"":{""mode"":""SNAPSHOT_ROOT"",""sourceAnchorNames"":[],""runtimeAnchors"":[],""runtimeAnchorSlotIds"":[],""runtimeAnchorSlotId"":""root"",""runtimeBoneName"":"""",""socketLocalTransform"":{""position"":[0.0,0.0,0.0],""rotationDegrees"":[0.0,0.0,0.0],""scale"":[1.0,1.0,1.0]},""runtimeResolutionStatus"":""EXACT_ROOT_SNAPSHOT"",""sourceSelectorByteOffset"":null},""localTransform"":{""sourcePositionUeUnits"":[0.0,0.0,0.0],""position"":[0.0,0.0,-0.0],""rotationDegrees"":[0.0,0.0,-0.0],""scale"":[1.0,1.0,1.0]},""sourceTransformByteOffset"":384,""parameterOverridesDecoded"":true,""sourceParameterCountByteOffset"":472,""parameterOverrides"":[]}",80921,,True,SOURCE_ASSET_EXPLICIT
same_model_action_candidate_not_proven_showtime_selection,MN_RHCN_01,4223104,해골 폭탄_광역폭발_원형_250uu_횡스크롤,0,Att_Battle_1_01,action-4223104/stage-000/notify-011,Effect,2.0999999046325684,0.4000000059604645,,41600003,,,81497,,True,TIMING_ONLY
same_model_action_candidate_not_proven_showtime_selection,MN_RHCN_01,4223105,해골 폭탄_광역폭발_원형_1500uu_리허설 버전,0,Att_Battle_1_01,action-4223105/stage-000/notify-000,Anim,0.0,1.0,,,,,82143,,True,SOURCE_CLIP_EXPLICIT
same_model_action_candidate_not_proven_showtime_selection,MN_RHCN_01,4223105,해골 폭탄_광역폭발_원형_1500uu_리허설 버전,0,Att_Battle_1_01,action-4223105/stage-000/notify-001,PlayParticleEffect,0.0,0.0,True,,ParticleSystem:FX_MN_RHCN_01.Par_X_RHCN_Spark_02_2,"{""schema"":""lostark.cef-play-particle-effect-header"",""version"":2,""enabled"":true,""sourceByteOffset"":47,""sourceByteValue"":1,""particleDataDecoded"":true,""sourceParticleSystem"":""ParticleSystem'FX_MN_RHCN_01.Par_X_RHCN_Spark_02_2'"",""attachment"":{""mode"":""FOLLOW_NAMED_ANCHORS"",""sourceAnchorNames"":[""FX_01""],""runtimeAnchors"":[{""sourceAnchorName"":""FX_01"",""runtimeAnchorSlotId"":""FX_01"",""runtimeBoneName"":"""",""socketLocalTransform"":{""position"":[0.0,0.0,0.0],""rotationDegrees"":[0.0,0.0,0.0],""scale"":[1.0,1.0,1.0]},""resolutionStatus"":""MISSING_SOURCE_SOCKET""}],""runtimeAnchorSlotIds"":[""FX_01""],""runtimeAnchorSlotId"":""FX_01"",""runtimeBoneName"":"""",""socketLocalTransform"":{""position"":[0.0,0.0,0.0],""rotationDegrees"":[0.0,0.0,0.0],""scale"":[1.0,1.0,1.0]},""runtimeResolutionStatus"":""MISSING_SOURCE_SOCKET"",""sourceSelectorByteOffset"":386},""localTransform"":{""sourcePositionUeUnits"":[0.0,0.0,0.0],""position"":[0.0,0.0,-0.0],""rotationDegrees"":[0.0,0.0,-0.0],""scale"":[1.0,1.0,1.0]},""sourceTransformByteOffset"":400,""parameterOverridesDecoded"":true,""sourceParameterCountByteOffset"":488,""parameterOverrides"":[{""sourceIndex"":0,""name"":""Color"",""sourceTypeCode"":3,""sourceRecordByteOffset"":492,""type"":""vector"",""vectorValue"":[1.0,1.0,1.0],""sourceValueByteOffset"":514}]}",82433,,True,SOURCE_ASSET_EXPLICIT
same_model_action_candidate_not_proven_showtime_selection,MN_RHCN_01,4223105,해골 폭탄_광역폭발_원형_1500uu_리허설 버전,0,Att_Battle_1_01,action-4223105/stage-000/notify-002,VoiceSetAttackCast,0.009999999776482582,0.0,,,,,83104,,True,TIMING_OR_STATE_ONLY
same_model_action_candidate_not_proven_showtime_selection,MN_RHCN_01,4223105,해골 폭탄_광역폭발_원형_1500uu_리허설 버전,0,Att_Battle_1_01,action-4223105/stage-000/notify-003,VoiceSetAttackCast,0.009999999776482582,0.0,,,,,83211,,True,TIMING_OR_STATE_ONLY
same_model_action_candidate_not_proven_showtime_selection,MN_RHCN_01,4223105,해골 폭탄_광역폭발_원형_1500uu_리허설 버전,0,Att_Battle_1_01,action-4223105/stage-000/notify-004,VoiceSetAttackCast,3.0,0.0,,,,,83318,,True,TIMING_OR_STATE_ONLY
same_model_action_candidate_not_proven_showtime_selection,MN_RHCN_01,4223105,해골 폭탄_광역폭발_원형_1500uu_리허설 버전,0,Att_Battle_1_01,action-4223105/stage-000/notify-005,VoiceSetAttackShot,4.800000190734863,0.0,,,,,83425,,True,TIMING_OR_STATE_ONLY
same_model_action_candidate_not_proven_showtime_selection,MN_RHCN_01,4223105,해골 폭탄_광역폭발_원형_1500uu_리허설 버전,0,Att_Battle_1_01,action-4223105/stage-000/notify-006,VoiceSetAttackShot,4.800000190734863,0.0,,,,,83532,,True,TIMING_OR_STATE_ONLY
same_model_action_candidate_not_proven_showtime_selection,MN_RHCN_01,4223105,해골 폭탄_광역폭발_원형_1500uu_리허설 버전,0,Att_Battle_1_01,action-4223105/stage-000/notify-007,MaintainHidePawn,5.0,0.5,,,,,83639,,True,TIMING_OR_STATE_ONLY
same_model_action_candidate_not_proven_showtime_selection,MN_RHCN_01,4223105,해골 폭탄_광역폭발_원형_1500uu_리허설 버전,0,Att_Battle_1_01,action-4223105/stage-000/notify-008,HidePawn,5.0,0.5,,,,,83739,,True,SOURCE_PARAMETERS_SERIALIZED
same_model_action_candidate_not_proven_showtime_selection,MN_RHCN_01,4223105,해골 폭탄_광역폭발_원형_1500uu_리허설 버전,0,Att_Battle_1_01,action-4223105/stage-000/notify-009,ViewShake,5.0,0.0,,,,,83863,,True,SOURCE_PARAMETERS_SERIALIZED
same_model_action_candidate_not_proven_showtime_selection,MN_RHCN_01,4223105,해골 폭탄_광역폭발_원형_1500uu_리허설 버전,0,Att_Battle_1_01,action-4223105/stage-000/notify-010,Effect,5.0,0.5,,422310202,,,84115,,True,TIMING_ONLY
same_model_action_candidate_not_proven_showtime_selection,MN_RHCN_01,4223105,해골 폭탄_광역폭발_원형_1500uu_리허설 버전,0,Att_Battle_1_01,action-4223105/stage-000/notify-011,PlayParticleEffect,5.0,0.0,True,,ParticleSystem:FX_Post.FX_Par.Par_C_ZoomBlur_02,"{""schema"":""lostark.cef-play-particle-effect-header"",""version"":2,""enabled"":true,""sourceByteOffset"":47,""sourceByteValue"":1,""particleDataDecoded"":true,""sourceParticleSystem"":""ParticleSystem'FX_Post.FX_Par.Par_C_ZoomBlur_02'"",""attachment"":{""mode"":""SNAPSHOT_ROOT"",""sourceAnchorNames"":[],""runtimeAnchors"":[],""runtimeAnchorSlotIds"":[],""runtimeAnchorSlotId"":""root"",""runtimeBoneName"":"""",""socketLocalTransform"":{""position"":[0.0,0.0,0.0],""rotationDegrees"":[0.0,0.0,0.0],""scale"":[1.0,1.0,1.0]},""runtimeResolutionStatus"":""EXACT_ROOT_SNAPSHOT"",""sourceSelectorByteOffset"":null},""localTransform"":{""sourcePositionUeUnits"":[0.0,0.0,110.0],""position"":[0.0,1.1,-0.0],""rotationDegrees"":[0.0,0.0,-0.0],""scale"":[1.0,1.0,1.0]},""sourceTransformByteOffset"":393,""parameterOverridesDecoded"":true,""sourceParameterCountByteOffset"":481,""parameterOverrides"":[{""sourceIndex"":0,""name"":""life"",""sourceTypeCode"":1,""sourceRecordByteOffset"":485,""type"":""scalar"",""scalarValue"":1.0,""sourceValueByteOffset"":498}]}",84265,,True,SOURCE_ASSET_EXPLICIT
same_model_action_candidate_not_proven_showtime_selection,MN_RHCN_01,4223105,해골 폭탄_광역폭발_원형_1500uu_리허설 버전,0,Att_Battle_1_01,action-4223105/stage-000/notify-012,PlayParticleEffect,5.010000228881836,0.0,True,,ParticleSystem:FX_MN_RHCN_01.Par_X_RHCN_Exp_02,"{""schema"":""lostark.cef-play-particle-effect-header"",""version"":2,""enabled"":true,""sourceByteOffset"":47,""sourceByteValue"":1,""particleDataDecoded"":true,""sourceParticleSystem"":""ParticleSystem'FX_MN_RHCN_01.Par_X_RHCN_Exp_02'"",""attachment"":{""mode"":""SNAPSHOT_ROOT"",""sourceAnchorNames"":[],""runtimeAnchors"":[],""runtimeAnchorSlotIds"":[],""runtimeAnchorSlotId"":""root"",""runtimeBoneName"":"""",""socketLocalTransform"":{""position"":[0.0,0.0,0.0],""rotationDegrees"":[0.0,0.0,0.0],""scale"":[1.0,1.0,1.0]},""runtimeResolutionStatus"":""EXACT_ROOT_SNAPSHOT"",""sourceSelectorByteOffset"":null},""localTransform"":{""sourcePositionUeUnits"":[0.0,0.0,2.5],""position"":[0.0,0.025,-0.0],""rotationDegrees"":[0.0,0.0,-0.0],""scale"":[1.0,1.0,1.0]},""sourceTransformByteOffset"":384,""parameterOverridesDecoded"":true,""sourceParameterCountByteOffset"":472,""parameterOverrides"":[{""sourceIndex"":0,""name"":""Color"",""sourceTypeCode"":3,""sourceRecordByteOffset"":476,""type"":""vector"",""vectorValue"":[1.0,1.0,1.0],""sourceValueByteOffset"":498}]}",84928,,True,SOURCE_ASSET_EXPLICIT
same_model_action_candidate_not_proven_showtime_selection,MN_RHCN_01,4223105,해골 폭탄_광역폭발_원형_1500uu_리허설 버전,0,Att_Battle_1_01,action-4223105/stage-000/notify-013,Effect,5.099999904632568,0.0,,41600003,,,85583,,True,TIMING_ONLY
same_model_action_candidate_not_proven_showtime_selection,MN_RHCN_01,4223106,해골 폭탄_광역폭발_원형_1500uu_헬전용,0,Att_Battle_1_01,action-4223106/stage-000/notify-000,Anim,0.0,1.0,,,,,86223,,True,SOURCE_CLIP_EXPLICIT
same_model_action_candidate_not_proven_showtime_selection,MN_RHCN_01,4223106,해골 폭탄_광역폭발_원형_1500uu_헬전용,0,Att_Battle_1_01,action-4223106/stage-000/notify-001,PlayParticleEffect,0.0,0.0,True,,ParticleSystem:FX_MN_RHCN_01.Par_X_RHCN_Spark_02_2,"{""schema"":""lostark.cef-play-particle-effect-header"",""version"":2,""enabled"":true,""sourceByteOffset"":47,""sourceByteValue"":1,""particleDataDecoded"":true,""sourceParticleSystem"":""ParticleSystem'FX_MN_RHCN_01.Par_X_RHCN_Spark_02_2'"",""attachment"":{""mode"":""FOLLOW_NAMED_ANCHORS"",""sourceAnchorNames"":[""FX_01""],""runtimeAnchors"":[{""sourceAnchorName"":""FX_01"",""runtimeAnchorSlotId"":""FX_01"",""runtimeBoneName"":"""",""socketLocalTransform"":{""position"":[0.0,0.0,0.0],""rotationDegrees"":[0.0,0.0,0.0],""scale"":[1.0,1.0,1.0]},""resolutionStatus"":""MISSING_SOURCE_SOCKET""}],""runtimeAnchorSlotIds"":[""FX_01""],""runtimeAnchorSlotId"":""FX_01"",""runtimeBoneName"":"""",""socketLocalTransform"":{""position"":[0.0,0.0,0.0],""rotationDegrees"":[0.0,0.0,0.0],""scale"":[1.0,1.0,1.0]},""runtimeResolutionStatus"":""MISSING_SOURCE_SOCKET"",""sourceSelectorByteOffset"":386},""localTransform"":{""sourcePositionUeUnits"":[0.0,0.0,0.0],""position"":[0.0,0.0,-0.0],""rotationDegrees"":[0.0,0.0,-0.0],""scale"":[1.0,1.0,1.0]},""sourceTransformByteOffset"":400,""parameterOverridesDecoded"":true,""sourceParameterCountByteOffset"":488,""parameterOverrides"":[{""sourceIndex"":0,""name"":""Color"",""sourceTypeCode"":3,""sourceRecordByteOffset"":492,""type"":""vector"",""vectorValue"":[1.0,1.0,1.0],""sourceValueByteOffset"":514}]}",86513,,True,SOURCE_ASSET_EXPLICIT
same_model_action_candidate_not_proven_showtime_selection,MN_RHCN_01,4223106,해골 폭탄_광역폭발_원형_1500uu_헬전용,0,Att_Battle_1_01,action-4223106/stage-000/notify-002,VoiceSetAttackCast,0.009999999776482582,0.0,,,,,87184,,True,TIMING_OR_STATE_ONLY
same_model_action_candidate_not_proven_showtime_selection,MN_RHCN_01,4223106,해골 폭탄_광역폭발_원형_1500uu_헬전용,0,Att_Battle_1_01,action-4223106/stage-000/notify-003,VoiceSetAttackCast,0.009999999776482582,0.0,,,,,87291,,True,TIMING_OR_STATE_ONLY
same_model_action_candidate_not_proven_showtime_selection,MN_RHCN_01,4223106,해골 폭탄_광역폭발_원형_1500uu_헬전용,0,Att_Battle_1_01,action-4223106/stage-000/notify-004,VoiceSetAttackCast,3.0,0.0,,,,,87398,,True,TIMING_OR_STATE_ONLY
same_model_action_candidate_not_proven_showtime_selection,MN_RHCN_01,4223106,해골 폭탄_광역폭발_원형_1500uu_헬전용,0,Att_Battle_1_01,action-4223106/stage-000/notify-005,VoiceSetAttackShot,3.799999952316284,0.0,,,,,87505,,True,TIMING_OR_STATE_ONLY
same_model_action_candidate_not_proven_showtime_selection,MN_RHCN_01,4223106,해골 폭탄_광역폭발_원형_1500uu_헬전용,0,Att_Battle_1_01,action-4223106/stage-000/notify-006,VoiceSetAttackShot,3.799999952316284,0.0,,,,,87612,,True,TIMING_OR_STATE_ONLY
same_model_action_candidate_not_proven_showtime_selection,MN_RHCN_01,4223106,해골 폭탄_광역폭발_원형_1500uu_헬전용,0,Att_Battle_1_01,action-4223106/stage-000/notify-007,MaintainHidePawn,4.0,0.5,,,,,87719,,True,TIMING_OR_STATE_ONLY
same_model_action_candidate_not_proven_showtime_selection,MN_RHCN_01,4223106,해골 폭탄_광역폭발_원형_1500uu_헬전용,0,Att_Battle_1_01,action-4223106/stage-000/notify-008,HidePawn,4.0,0.5,,,,,87819,,True,SOURCE_PARAMETERS_SERIALIZED
same_model_action_candidate_not_proven_showtime_selection,MN_RHCN_01,4223106,해골 폭탄_광역폭발_원형_1500uu_헬전용,0,Att_Battle_1_01,action-4223106/stage-000/notify-009,ViewShake,4.0,0.0,,,,,87943,,True,SOURCE_PARAMETERS_SERIALIZED
same_model_action_candidate_not_proven_showtime_selection,MN_RHCN_01,4223106,해골 폭탄_광역폭발_원형_1500uu_헬전용,0,Att_Battle_1_01,action-4223106/stage-000/notify-010,Effect,4.0,0.5,,422310201,,,88195,,True,TIMING_ONLY
same_model_action_candidate_not_proven_showtime_selection,MN_RHCN_01,4223106,해골 폭탄_광역폭발_원형_1500uu_헬전용,0,Att_Battle_1_01,action-4223106/stage-000/notify-011,PlayParticleEffect,4.0,0.0,True,,ParticleSystem:FX_Post.FX_Par.Par_C_ZoomBlur_02,"{""schema"":""lostark.cef-play-particle-effect-header"",""version"":2,""enabled"":true,""sourceByteOffset"":47,""sourceByteValue"":1,""particleDataDecoded"":true,""sourceParticleSystem"":""ParticleSystem'FX_Post.FX_Par.Par_C_ZoomBlur_02'"",""attachment"":{""mode"":""SNAPSHOT_ROOT"",""sourceAnchorNames"":[],""runtimeAnchors"":[],""runtimeAnchorSlotIds"":[],""runtimeAnchorSlotId"":""root"",""runtimeBoneName"":"""",""socketLocalTransform"":{""position"":[0.0,0.0,0.0],""rotationDegrees"":[0.0,0.0,0.0],""scale"":[1.0,1.0,1.0]},""runtimeResolutionStatus"":""EXACT_ROOT_SNAPSHOT"",""sourceSelectorByteOffset"":null},""localTransform"":{""sourcePositionUeUnits"":[0.0,0.0,110.0],""position"":[0.0,1.1,-0.0],""rotationDegrees"":[0.0,0.0,-0.0],""scale"":[1.0,1.0,1.0]},""sourceTransformByteOffset"":393,""parameterOverridesDecoded"":true,""sourceParameterCountByteOffset"":481,""parameterOverrides"":[{""sourceIndex"":0,""name"":""life"",""sourceTypeCode"":1,""sourceRecordByteOffset"":485,""type"":""scalar"",""scalarValue"":1.0,""sourceValueByteOffset"":498}]}",88345,,True,SOURCE_ASSET_EXPLICIT
same_model_action_candidate_not_proven_showtime_selection,MN_RHCN_01,4223106,해골 폭탄_광역폭발_원형_1500uu_헬전용,0,Att_Battle_1_01,action-4223106/stage-000/notify-012,PlayParticleEffect,4.010000228881836,0.0,True,,ParticleSystem:FX_MN_RHCN_01.Par_X_RHCN_Exp_02,"{""schema"":""lostark.cef-play-particle-effect-header"",""version"":2,""enabled"":true,""sourceByteOffset"":47,""sourceByteValue"":1,""particleDataDecoded"":true,""sourceParticleSystem"":""ParticleSystem'FX_MN_RHCN_01.Par_X_RHCN_Exp_02'"",""attachment"":{""mode"":""SNAPSHOT_ROOT"",""sourceAnchorNames"":[],""runtimeAnchors"":[],""runtimeAnchorSlotIds"":[],""runtimeAnchorSlotId"":""root"",""runtimeBoneName"":"""",""socketLocalTransform"":{""position"":[0.0,0.0,0.0],""rotationDegrees"":[0.0,0.0,0.0],""scale"":[1.0,1.0,1.0]},""runtimeResolutionStatus"":""EXACT_ROOT_SNAPSHOT"",""sourceSelectorByteOffset"":null},""localTransform"":{""sourcePositionUeUnits"":[0.0,0.0,2.5],""position"":[0.0,0.025,-0.0],""rotationDegrees"":[0.0,0.0,-0.0],""scale"":[2.0,2.0,2.0]},""sourceTransformByteOffset"":384,""parameterOverridesDecoded"":true,""sourceParameterCountByteOffset"":472,""parameterOverrides"":[{""sourceIndex"":0,""name"":""Color"",""sourceTypeCode"":3,""sourceRecordByteOffset"":476,""type"":""vector"",""vectorValue"":[1.0,1.0,1.0],""sourceValueByteOffset"":498}]}",89008,,True,SOURCE_ASSET_EXPLICIT
same_model_action_candidate_not_proven_showtime_selection,MN_RHCN_01,4223106,해골 폭탄_광역폭발_원형_1500uu_헬전용,0,Att_Battle_1_01,action-4223106/stage-000/notify-013,Effect,4.099999904632568,0.0,,41600003,,,89663,,True,TIMING_ONLY
confirmed_spawn_helper,MN_RHCN_01,4223107,해골 폭탄_스폰스킬,0,Respawn_1,action-4223107/stage-000/notify-000,Anim,0.0,2.0,,,,,90280,,True,SOURCE_CLIP_EXPLICIT
confirmed_spawn_helper,MN_RHCN_01,4223107,해골 폭탄_스폰스킬,0,Respawn_1,action-4223107/stage-000/notify-001,PlayParticleEffect,0.0,2.0,True,,ParticleSystem:FX_MN_RHCN_01.Par_X_RHCN_SaprkLoop_01,"{""schema"":""lostark.cef-play-particle-effect-header"",""version"":2,""enabled"":true,""sourceByteOffset"":47,""sourceByteValue"":1,""particleDataDecoded"":true,""sourceParticleSystem"":""ParticleSystem'FX_MN_RHCN_01.Par_X_RHCN_SaprkLoop_01'"",""attachment"":{""mode"":""FOLLOW_NAMED_ANCHORS"",""sourceAnchorNames"":[""FX_01""],""runtimeAnchors"":[{""sourceAnchorName"":""FX_01"",""runtimeAnchorSlotId"":""FX_01"",""runtimeBoneName"":"""",""socketLocalTransform"":{""position"":[0.0,0.0,0.0],""rotationDegrees"":[0.0,0.0,0.0],""scale"":[1.0,1.0,1.0]},""resolutionStatus"":""MISSING_SOURCE_SOCKET""}],""runtimeAnchorSlotIds"":[""FX_01""],""runtimeAnchorSlotId"":""FX_01"",""runtimeBoneName"":"""",""socketLocalTransform"":{""position"":[0.0,0.0,0.0],""rotationDegrees"":[0.0,0.0,0.0],""scale"":[1.0,1.0,1.0]},""runtimeResolutionStatus"":""MISSING_SOURCE_SOCKET"",""sourceSelectorByteOffset"":388},""localTransform"":{""sourcePositionUeUnits"":[0.0,0.0,0.0],""position"":[0.0,0.0,-0.0],""rotationDegrees"":[0.0,0.0,-0.0],""scale"":[1.0,1.0,1.0]},""sourceTransformByteOffset"":402,""parameterOverridesDecoded"":true,""sourceParameterCountByteOffset"":490,""parameterOverrides"":[]}",90558,,True,SOURCE_ASSET_EXPLICIT
confirmed_spawn_helper,MN_RHCN_01,4223107,해골 폭탄_스폰스킬,0,Respawn_1,action-4223107/stage-000/notify-002,VoiceSetSpawn,0.4000000059604645,0.0,,,,,91152,,True,TIMING_OR_STATE_ONLY
confirmed_spawn_helper,MN_RHCN_01,4223107,해골 폭탄_스폰스킬,0,Respawn_1,action-4223107/stage-000/notify-003,VoiceSetSpawn,0.4000000059604645,0.0,,,,,91255,,True,TIMING_OR_STATE_ONLY
confirmed_spawn_helper,MN_RHCN_01,4223107,해골 폭탄_스폰스킬,0,Respawn_1,action-4223107/stage-000/notify-004,PlayParticleEffect,0.6171879768371582,0.0,True,,ParticleSystem:FX_CM_00.Dust.Par_D_Dust_007_pr,"{""schema"":""lostark.cef-play-particle-effect-header"",""version"":2,""enabled"":true,""sourceByteOffset"":47,""sourceByteValue"":1,""particleDataDecoded"":true,""sourceParticleSystem"":""ParticleSystem'FX_CM_00.Dust.Par_D_Dust_007_pr'"",""attachment"":{""mode"":""SNAPSHOT_ROOT"",""sourceAnchorNames"":[],""runtimeAnchors"":[],""runtimeAnchorSlotIds"":[],""runtimeAnchorSlotId"":""root"",""runtimeBoneName"":"""",""socketLocalTransform"":{""position"":[0.0,0.0,0.0],""rotationDegrees"":[0.0,0.0,0.0],""scale"":[1.0,1.0,1.0]},""runtimeResolutionStatus"":""EXACT_ROOT_SNAPSHOT"",""sourceSelectorByteOffset"":null},""localTransform"":{""sourcePositionUeUnits"":[0.0,0.0,0.0],""position"":[0.0,0.0,-0.0],""rotationDegrees"":[0.0,0.0,-0.0],""scale"":[0.699999988079071,0.699999988079071,0.699999988079071]},""sourceTransformByteOffset"":385,""parameterOverridesDecoded"":true,""sourceParameterCountByteOffset"":473,""parameterOverrides"":[{""sourceIndex"":0,""name"":""Alpha"",""sourceTypeCode"":1,""sourceRecordByteOffset"":477,""type"":""scalar"",""scalarValue"":1.0,""sourceValueByteOffset"":491}]}",91358,,True,SOURCE_ASSET_EXPLICIT
confirmed_spawn_helper,MN_RHCN_01,4223107,해골 폭탄_스폰스킬,1,Respawn_1,action-4223107/stage-001/notify-000,Anim,0.0,2.0,,,,,92267,,True,SOURCE_CLIP_EXPLICIT
confirmed_spawn_helper,MN_RHCN_01,4223107,해골 폭탄_스폰스킬,1,Respawn_1,action-4223107/stage-001/notify-001,PlayParticleEffect,0.0,2.0,True,,ParticleSystem:FX_MN_RHCN_01.Par_X_RHCN_SaprkLoop_01,"{""schema"":""lostark.cef-play-particle-effect-header"",""version"":2,""enabled"":true,""sourceByteOffset"":47,""sourceByteValue"":1,""particleDataDecoded"":true,""sourceParticleSystem"":""ParticleSystem'FX_MN_RHCN_01.Par_X_RHCN_SaprkLoop_01'"",""attachment"":{""mode"":""FOLLOW_NAMED_ANCHORS"",""sourceAnchorNames"":[""FX_01""],""runtimeAnchors"":[{""sourceAnchorName"":""FX_01"",""runtimeAnchorSlotId"":""FX_01"",""runtimeBoneName"":"""",""socketLocalTransform"":{""position"":[0.0,0.0,0.0],""rotationDegrees"":[0.0,0.0,0.0],""scale"":[1.0,1.0,1.0]},""resolutionStatus"":""MISSING_SOURCE_SOCKET""}],""runtimeAnchorSlotIds"":[""FX_01""],""runtimeAnchorSlotId"":""FX_01"",""runtimeBoneName"":"""",""socketLocalTransform"":{""position"":[0.0,0.0,0.0],""rotationDegrees"":[0.0,0.0,0.0],""scale"":[1.0,1.0,1.0]},""runtimeResolutionStatus"":""MISSING_SOURCE_SOCKET"",""sourceSelectorByteOffset"":388},""localTransform"":{""sourcePositionUeUnits"":[0.0,0.0,0.0],""position"":[0.0,0.0,-0.0],""rotationDegrees"":[0.0,0.0,-0.0],""scale"":[1.0,1.0,1.0]},""sourceTransformByteOffset"":402,""parameterOverridesDecoded"":true,""sourceParameterCountByteOffset"":490,""parameterOverrides"":[]}",92545,,True,SOURCE_ASSET_EXPLICIT
confirmed_spawn_helper,MN_RHCN_01,4223107,해골 폭탄_스폰스킬,1,Respawn_1,action-4223107/stage-001/notify-002,Effect,0.0,0.10000000149011612,,4800111,,,93139,,True,TIMING_ONLY
confirmed_spawn_helper,MN_RHCN_01,4223107,해골 폭탄_스폰스킬,1,Respawn_1,action-4223107/stage-001/notify-003,VoiceSetSpawn,0.4000000059604645,0.0,,,,,93289,,True,TIMING_OR_STATE_ONLY
confirmed_spawn_helper,MN_RHCN_01,4223107,해골 폭탄_스폰스킬,1,Respawn_1,action-4223107/stage-001/notify-004,VoiceSetSpawn,0.4000000059604645,0.0,,,,,93392,,True,TIMING_OR_STATE_ONLY
confirmed_spawn_helper,MN_RHCN_01,4223107,해골 폭탄_스폰스킬,1,Respawn_1,action-4223107/stage-001/notify-005,PlayParticleEffect,0.6171879768371582,0.0,True,,ParticleSystem:FX_CM_00.Dust.Par_D_Dust_007_pr,"{""schema"":""lostark.cef-play-particle-effect-header"",""version"":2,""enabled"":true,""sourceByteOffset"":47,""sourceByteValue"":1,""particleDataDecoded"":true,""sourceParticleSystem"":""ParticleSystem'FX_CM_00.Dust.Par_D_Dust_007_pr'"",""attachment"":{""mode"":""SNAPSHOT_ROOT"",""sourceAnchorNames"":[],""runtimeAnchors"":[],""runtimeAnchorSlotIds"":[],""runtimeAnchorSlotId"":""root"",""runtimeBoneName"":"""",""socketLocalTransform"":{""position"":[0.0,0.0,0.0],""rotationDegrees"":[0.0,0.0,0.0],""scale"":[1.0,1.0,1.0]},""runtimeResolutionStatus"":""EXACT_ROOT_SNAPSHOT"",""sourceSelectorByteOffset"":null},""localTransform"":{""sourcePositionUeUnits"":[0.0,0.0,0.0],""position"":[0.0,0.0,-0.0],""rotationDegrees"":[0.0,0.0,-0.0],""scale"":[0.699999988079071,0.699999988079071,0.699999988079071]},""sourceTransformByteOffset"":385,""parameterOverridesDecoded"":true,""sourceParameterCountByteOffset"":473,""parameterOverrides"":[{""sourceIndex"":0,""name"":""Alpha"",""sourceTypeCode"":1,""sourceRecordByteOffset"":477,""type"":""scalar"",""scalarValue"":1.0,""sourceValueByteOffset"":491}]}",93495,,True,SOURCE_ASSET_EXPLICIT
