tupleCohortId,kind,occurrenceCount,productConsumed,domains,domainSpan,category,categoryMixed,programCandidateId,programKind,opcode,backend,layoutIdentityId,adapterCandidateId,adapterKind,renderProfile,runtimeVerified,descriptorExpansionEligible,sampleAsset,sampleElementId
cohort.8c3f4be7666fc2bf36fafc11d4f30af1b0f0c0fb73e8c253a055c0308713b569,NATIVE_EVIDENCE_COHORT,55,49,Artist|DimensionMaster|LanceMaster|Warlord,4,SPRITE_PARTICLE / additive_one_sided_depth_read,NO,program.80cbee3d7af2db79bcff4ce4ee3903149b3e85b1284734c8887c7820e0b6127f,DXBC_LITERAL_TRANSLATION,,,layout-evidence.224bb5c2a3af7fe1212a68d67aae246b4810f551ea286ff38aeadb9c92e4ca5a,adapter.5186f9df443b8c1f54fe69d7a5769f07a47a76f3d3fd65211d36602e8d2cdbdf,RENDER_PROFILE_STATIC_DISPATCH,additive_one_sided_depth_read,False,False,effect.lancemaster.skill.34150.unified,authored.source-particle.42050b5c11ba16eda794b96e
cohort.60033067d10ed8419a536e1cae1a3958b58e6bb4576fb7f3ee0fb1d4d05f5ca0,NATIVE_EVIDENCE_COHORT,36,36,LanceMaster,1,MESH_PARTICLE / alpha_two_sided_depth_read,NO,program.eeffeb92517ddd5d5c9b104b8ad6871c77cdcff7615261342617c911d9ccccfa,DXBC_LITERAL_TRANSLATION,,,layout-evidence.581be0920e3221d11c3558f9956ef7c2a92abfe4cc6c55624c304e58f98e72f7,adapter.4832308bce33e0b63085dd79e6c11c9b0adeceaa3febce67ab91ce3b4b475973,RENDER_PROFILE_STATIC_DISPATCH,alpha_two_sided_depth_read,False,False,effect.lancemaster.skill.34150.unified,authored.source-particle.082523fec78db3b1282dfec3
cohort.f98e1be1a766e1e97f1c510f0c13786436da9d8544612cf336aa10e6b3799fc8,NATIVE_EVIDENCE_COHORT,30,30,LanceMaster|Warlord,2,SPRITE_PARTICLE / additive_two_sided_depth_read,NO,program.80cbee3d7af2db79bcff4ce4ee3903149b3e85b1284734c8887c7820e0b6127f,DXBC_LITERAL_TRANSLATION,,,layout-evidence.224bb5c2a3af7fe1212a68d67aae246b4810f551ea286ff38aeadb9c92e4ca5a,adapter.1524a54a3943c9ad2b65df41e99404e6b5797e752cad6bdf97520c9b55490e6f,RENDER_PROFILE_STATIC_DISPATCH,additive_two_sided_depth_read,False,False,effect.lancemaster.skill.34150.unified,authored.source-particle.978850700aea6178e759ccbc
cohort.166503ceea2b53235674ec97a1d853cb0545bec617101a9bce74382f3a1b61e0,NATIVE_EVIDENCE_COHORT,29,29,Valtan,1,SPRITE_PARTICLE / alpha_two_sided_depth_read,NO,program.13cbbbc6bcb5aa37a4a718f6ff218253c4080d2a1a74322d655f7adf627c3053,DXBC_LITERAL_TRANSLATION,,,layout-evidence.325e35fb840c0a2868504061ceca6ae75b8e848463632b5971ed76762e682843,adapter.45c071f719c8e03462b8eb155e7a015d849e6ba075ad1788591fd15179db96c7,RENDER_PROFILE_STATIC_DISPATCH,alpha_two_sided_depth_read,False,False,effect.valtan.carrier-v1.attack.magic-choice.inner.clip-01,source.8f7fea503038ab68927e
cohort.cfe858367030b51fff0d6d719d7698b338fe874dab11c709e9684a74d11102cf,NATIVE_EVIDENCE_COHORT,27,27,Warlord,1,MESH_PARTICLE / alpha_two_sided_depth_read,NO,program.eb86c01a9850bbf1e45ee33c864782b98f61b9b319ce23e371a31f185de25174,DXBC_LITERAL_TRANSLATION,,,layout-evidence.f8886f1d2d0f6198703f35436d761198752439320256e2e48c1af3cff7276f24,adapter.4832308bce33e0b63085dd79e6c11c9b0adeceaa3febce67ab91ce3b4b475973,RENDER_PROFILE_STATIC_DISPATCH,alpha_two_sided_depth_read,False,False,effect.warlord.skill.17250.clip1.unified,authored.source-particle.6c70475414b39bf387f1c5bb
cohort.1e1047e53ba4505804ce4380528aeca7593bffc5578096d59ace340cbd7df39b,NATIVE_EVIDENCE_COHORT,24,24,Valtan,1,SPRITE_PARTICLE / alpha_two_sided_depth_read,NO,program.80cbee3d7af2db79bcff4ce4ee3903149b3e85b1284734c8887c7820e0b6127f,DXBC_LITERAL_TRANSLATION,,,layout-evidence.224bb5c2a3af7fe1212a68d67aae246b4810f551ea286ff38aeadb9c92e4ca5a,adapter.45c071f719c8e03462b8eb155e7a015d849e6ba075ad1788591fd15179db96c7,RENDER_PROFILE_STATIC_DISPATCH,alpha_two_sided_depth_read,False,False,effect.valtan.carrier-v1.attack.swing.active.clip-01,source.dbf1cca88dba1529d6ad
cohort.6164be028e6ff3ca965fada48a97167b923d1c58d1f61e70ed4167fd4918fd71,NATIVE_EVIDENCE_COHORT,24,24,DimensionMaster,1,SPRITE_PARTICLE / additive_one_sided_depth_read,NO,program.3a70765906c105d01347d876e9298487cb28e6206795084643335822996e627d,DXBC_LITERAL_TRANSLATION,,,layout-evidence.b9d4451c0d1fabffa079bc31b52206dda7fb27bd8779bf6438b7259bed4ff043,adapter.1cc834775c89afac9ee890b48ea86fc9ff69babc9962d5d26b88957d2a243615,RENDER_PROFILE_STATIC_DISPATCH,additive_one_sided_depth_read,False,False,effect.dimensionmaster.skill.2050540.unified,authored.source-particle.925bc265ba263e95f793133c
cohort.679a0d9723b55b64f0036c35101e0870099f975250c906465b2bcfdc45ad679f,NATIVE_EVIDENCE_COHORT,20,20,Artist|DimensionMaster|LanceMaster|Warlord,4,SPRITE_PARTICLE / additive_one_sided_depth_read,NO,program.fbb03b7d14e4e769e10746243950aec6f5f89c3b277e40102ff6ce3d4a0b60f3,DXBC_LITERAL_TRANSLATION,,,layout-evidence.6537427df92150c5b9eda632b317999a1d584adff47b8c640bbfc3f10bfc929d,adapter.5186f9df443b8c1f54fe69d7a5769f07a47a76f3d3fd65211d36602e8d2cdbdf,RENDER_PROFILE_STATIC_DISPATCH,additive_one_sided_depth_read,False,False,effect.lancemaster.skill.34150.unified,authored.source-particle.6e9c2498c9611392f6365861
cohort.340a479523fcfb0d175afa5ba4a0c8bf8931fb746364c1c91f2be1b52cf9b277,NATIVE_EVIDENCE_COHORT,20,19,LanceMaster|Valtan,2,MESH_PARTICLE / alpha_two_sided_depth_read,NO,program.a3194eaed5fa64c9b6544f69bdee689ecbc5dc1db93ead24c26a339f33523c21,DXBC_LITERAL_TRANSLATION,,,layout-evidence.4e34655b6c92824f1681dd4fbddf7d06e165f88555b337a6dc4b4378d1618511,adapter.cdd1d6578205cf5d29b2f74c99dceb6385159f496a3ba920244d860784ddc057,RENDER_PROFILE_STATIC_DISPATCH,alpha_two_sided_depth_read,False,False,effect.valtan.carrier-v1.attack.swing.active.clip-02,source.e0feacc67ab4150d90cb
cohort.af8dae8e9fa7954b74920807a854913f93183b745bd7de0336382156118665fd,NATIVE_EVIDENCE_COHORT,20,18,DimensionMaster|LanceMaster|Valtan,3,SPRITE_PARTICLE / alpha_two_sided_depth_read,NO,program.c545a56d78c140a8bbbf896d02bdb48d77d7b55b0a2ab69bbf632b1aae5aaa13,DXBC_LITERAL_TRANSLATION,,,layout-evidence.05793498e310142b4d4f5012f753da5670acc3ea5f9cfb3db3351631f97e9fe1,adapter.ba8c5893a1231d063bd6e6a238ec2493a5de4305d4b02606e06fd8b445ebd374,RENDER_PROFILE_STATIC_DISPATCH,alpha_two_sided_depth_read,False,False,effect.valtan.carrier-v1.attack.earthquake-smash.impact.clip-01,source.b00aec111b2adb27d454
cohort.80e9a912f1e5bedf331a6999669e49e043e337b55d5553530935af601541c096,NATIVE_EVIDENCE_COHORT,18,18,LanceMaster|Warlord,2,SPRITE_PARTICLE / alpha_one_sided_depth_read,NO,program.34dead82b728f69e329b00433dceaccaf042d038793e246205a3f72267cff030,DXBC_LITERAL_TRANSLATION,,,layout-evidence.aaff98679f64bf2d322ae00ad1bb73671f8446311cd58de2aef33b0525d32045,adapter.50c7c686d3c8e383a2dcb6a82e76d701a0836f12961facc6c75866eb34f1e1e5,RENDER_PROFILE_STATIC_DISPATCH,alpha_one_sided_depth_read,False,False,effect.warlord.skill.17250.clip2.unified,authored.source-particle.af6d6ddd36db91af984fb5da
cohort.812a2b3af1ecf8d85dd20842eb1fd98380201266c1ea173230ffb1b42771b60a,NATIVE_EVIDENCE_COHORT,17,17,LanceMaster,1,MESH_PARTICLE / alpha_two_sided_depth_read,NO,program.1befb0ee8feacbc08866920d4e76a3ec7fc9dce905147afc487fd3613c82ca03,DXBC_LITERAL_TRANSLATION,,,layout-evidence.b26ec474eb6d1ed306a603614aabc912f80c43c30ebd2460ddceabcca47807e9,adapter.4832308bce33e0b63085dd79e6c11c9b0adeceaa3febce67ab91ce3b4b475973,RENDER_PROFILE_STATIC_DISPATCH,alpha_two_sided_depth_read,False,False,effect.lancemaster.skill.34150.unified,authored.source-particle.ec14446ff051d9bd80ba38d6
cohort.a27933750612e0e38d3359db4f9ac581f2501e09f09343237494090a2fd0b6a1,NATIVE_EVIDENCE_COHORT,17,17,Artist,1,SPRITE_PARTICLE / alpha_one_sided_depth_read,NO,program.bf7bdd717e37eb69a399670c87a08a611c730dabbc67d7f38b58a83d535e97c8,DXBC_LITERAL_TRANSLATION,,,layout-evidence.5b8a09bd7fd3c37847bba2c1652525e0dded03cc764452ab1aa288bab3049d27,adapter.50c7c686d3c8e383a2dcb6a82e76d701a0836f12961facc6c75866eb34f1e1e5,RENDER_PROFILE_STATIC_DISPATCH,alpha_one_sided_depth_read,False,False,effect.artist.skill.31210.ba4.unified,authored.source-particle.1b4afea44c7d7e1ea6fa5eeb
cohort.8fcc7a883dd4a5de1c6b7787d1e3c32092d78d9dd0e99d91de78abde244739c1,NATIVE_EVIDENCE_COHORT,16,15,Artist|LanceMaster|Warlord,3,SPRITE_PARTICLE / additive_one_sided_depth_read,NO,program.4954626a7d02b2450b53a356190e2710d9c3e8ef715819b7da5f57d809c225b5,DXBC_LITERAL_TRANSLATION,,,layout-evidence.44d3289eed635a4acbb90a10ecdaf47107d5582c766ae7f10982c1fed3901909,adapter.7d9acd98e535ebd7b7219b01501e77c8e1ecf7692da98944be0fe649d77f1f5c,RENDER_PROFILE_STATIC_DISPATCH,additive_one_sided_depth_read,False,False,effect.warlord.skill.17250.clip1.unified,authored.source-particle.1e5ca8050d6566e2f74d70e5
cohort.ab0bb39fcfe4b4f0a9b7c09bc2688333a24ff3124af2b78f2ad968fc3b7d59a0,NATIVE_EVIDENCE_COHORT,15,15,Artist|LanceMaster,2,SPRITE_PARTICLE / alpha_two_sided_depth_read,NO,program.275fc5c2b4f3fff1c9f3be9b5bc413ce8631d37ff8fc719865367f4fd0d57fc6,DXBC_LITERAL_TRANSLATION,,,layout-evidence.7ceeba0699b8e34a07fc80f3fe34090e4f5de090caa77df973cab508fd2f7ddb,adapter.8324077f57cdd67fa0bff05e43be1286ff25956b2acdd8e8fbfa5dfcfd5312cc,RENDER_PROFILE_STATIC_DISPATCH,alpha_two_sided_depth_read,False,False,effect.artist.skill.31490.unified,authored.source-particle.cca1f8dd3b7b9bdfc9bc26a6
cohort.34e60f8333f824dbf5a31a92e32408b25f4685a6fa86d765dab356fa46d16084,NATIVE_EVIDENCE_COHORT,15,13,Artist|DimensionMaster|LanceMaster|Warlord,4,SPRITE_PARTICLE / additive_one_sided_depth_read,NO,program.13cbbbc6bcb5aa37a4a718f6ff218253c4080d2a1a74322d655f7adf627c3053,DXBC_LITERAL_TRANSLATION,,,layout-evidence.325e35fb840c0a2868504061ceca6ae75b8e848463632b5971ed76762e682843,adapter.5186f9df443b8c1f54fe69d7a5769f07a47a76f3d3fd65211d36602e8d2cdbdf,RENDER_PROFILE_STATIC_DISPATCH,additive_one_sided_depth_read,False,False,effect.warlord.skill.17820.clip8.unified,authored.source-particle.2c07d303654eddd9686e4220
cohort.58414209db0f30e765025923c053a08abd16e7c2cb757bfcac0acbb43918fbc6,NATIVE_EVIDENCE_COHORT,13,13,Artist|Warlord,2,SPRITE_PARTICLE / alpha_one_sided_depth_read,NO,program.42c9c25e53407e1cab0d87748e4fe08a2028d7e500bfd70b72b47b851313da63,DXBC_LITERAL_TRANSLATION,,,layout-evidence.3746e3859650a5695e0cfe7506eeedf427dff1d1b27a8d55e0e9b9dfd1e17fc6,adapter.f9eb28d1a1bd4738cb72b4c5a842dd6856951f7c3c823c351bc51cd1aea0065e,RENDER_PROFILE_STATIC_DISPATCH,alpha_one_sided_depth_read,False,False,effect.warlord.skill.17250.clip2.unified,authored.source-particle.5eaba6544f0a669983c58b3e
cohort.e5f06dcc37c0fba3b9a87915b6161fe8e4d32529f3db550446a00e73c7eb7913,NATIVE_EVIDENCE_COHORT,13,13,DimensionMaster|LanceMaster|Warlord,3,SPRITE_PARTICLE / alpha_one_sided_depth_read,NO,program.c545a56d78c140a8bbbf896d02bdb48d77d7b55b0a2ab69bbf632b1aae5aaa13,DXBC_LITERAL_TRANSLATION,,,layout-evidence.05793498e310142b4d4f5012f753da5670acc3ea5f9cfb3db3351631f97e9fe1,adapter.50c7c686d3c8e383a2dcb6a82e76d701a0836f12961facc6c75866eb34f1e1e5,RENDER_PROFILE_STATIC_DISPATCH,alpha_one_sided_depth_read,False,False,effect.dimensionmaster.skill.2050220.unified,authored.source-particle.dc092a211adba9356741d3bc
cohort.36559fa24dfd9793bfae721dd20ec0b17b49043e27116229278fa7c106b51c97,NATIVE_EVIDENCE_COHORT,12,12,Artist,1,SPRITE_PARTICLE / additive_one_sided_depth_read,NO,program.f284f2442500ff7f89adff4d05de316f7818862536b6f677cd13c0ea2b846cd6,DXBC_LITERAL_TRANSLATION,,,layout-evidence.8dfb474fa68020660ab4f90f8661a37000a692bb6d5b5edae420d2d2a670531b,adapter.9f1dc38cca1f90aad0774bca015149b77d64886d991d7b1ef6dae570a0b3434d,RENDER_PROFILE_STATIC_DISPATCH,additive_one_sided_depth_read,False,False,effect.artist.skill.31210.ba4.unified,authored.source-particle.5cac93d10483ca08c2bc52e1
cohort.90d436fcc4533c53417512b47379112692c00a252d3c23a70f03b130a0ec4504,NATIVE_EVIDENCE_COHORT,12,12,LanceMaster|Warlord,2,MESH_PARTICLE / alpha_two_sided_depth_read,NO,program.a3194eaed5fa64c9b6544f69bdee689ecbc5dc1db93ead24c26a339f33523c21,DXBC_LITERAL_TRANSLATION,,,layout-evidence.4e34655b6c92824f1681dd4fbddf7d06e165f88555b337a6dc4b4378d1618511,adapter.4832308bce33e0b63085dd79e6c11c9b0adeceaa3febce67ab91ce3b4b475973,RENDER_PROFILE_STATIC_DISPATCH,alpha_two_sided_depth_read,False,False,effect.lancemaster.skill.34630.clip1.unified,authored.source-particle.f8afcb19a7d0de7b1ba89f45
cohort.a7caaa7a95f12aa3c9cccddab788cf50dcd660f3c15bbd4ce8f763ed5b726f45,TYPED_EXECUTION_COHORT,12,12,LanceMaster,1,MESH_PARTICLE / alpha_one_sided_depth_read,NO,program.e61ac0b39fd7a79c199d778791176bb42c0c93cea615f7650166d49881768ba8,TYPED_RUNTIME_PROGRAM,19,runtimeMaterialV2,layout.8ae93b22e89b486c944b70a21d895ec7793b8d09f4638aa4fe7654c8d8fd6792,adapter.0fec2201154c484a4682c815304c16a3c1cb1d920c86ddd850a57d37bce4b923,TYPED_STATIC_DISPATCH,alpha_one_sided_depth_read,False,False,effect.lancemaster.skill.34630.clip4.unified,authored.source-particle.538fe0779d0718d30b68ef11
cohort.fb4da2a171c8dd83ca5afd9bbdddfb393081fa977d77caee9b432b7b530271f4,NATIVE_EVIDENCE_COHORT,12,12,Warlord,1,MESH_PARTICLE / alpha_two_sided_depth_read,NO,program.8cb6e27572b4558099a512f172a023996e4965a13db4307117cd4934e3269106,DXBC_LITERAL_TRANSLATION,,,layout-evidence.f0926e4ccd5998a038d533a9b31f6e0845898aae303d7f0b33b53d3b2bdf7655,adapter.4832308bce33e0b63085dd79e6c11c9b0adeceaa3febce67ab91ce3b4b475973,RENDER_PROFILE_STATIC_DISPATCH,alpha_two_sided_depth_read,False,False,effect.warlord.skill.17090.unified,authored.source-particle.a7fae01987d89775468563e4
cohort.fd6a354582bc2e44a9fabb11e687cb5e193ce40e7c7d820ca00d2bdc348ae700,NATIVE_EVIDENCE_COHORT,12,12,Warlord,1,MESH_PARTICLE / alpha_two_sided_depth_read,NO,program.b15a67984a8254ffd0ed14ca735d48bf1569a3a8e70e2ee21696f4afe0e0a0a0,DXBC_LITERAL_TRANSLATION,,,layout-evidence.5667207ba0f09d6eb0f7ef039c36d331d29b9233d9ab016d2a726d48de726e84,adapter.4832308bce33e0b63085dd79e6c11c9b0adeceaa3febce67ab91ce3b4b475973,RENDER_PROFILE_STATIC_DISPATCH,alpha_two_sided_depth_read,False,False,effect.warlord.skill.17250.clip2.unified,authored.source-particle.66c73d397a0a631ef61548c5
cohort.b7d182c84e29900ef6f25208b4d07d1602e049642485dc020796ce179efd1d7f,NATIVE_EVIDENCE_COHORT,11,11,LanceMaster,1,MESH_PARTICLE / alpha_two_sided_depth_read,NO,program.6883580ef44317aa1863b4c7e48562aa81633cab93cd091fecfd2291d62b9ab1,DXBC_LITERAL_TRANSLATION,,,layout-evidence.2ef3da31088e5b28ce5052bca7605d051d1fe1a24ad2932af90ee7e0bda2388a,adapter.4832308bce33e0b63085dd79e6c11c9b0adeceaa3febce67ab91ce3b4b475973,RENDER_PROFILE_STATIC_DISPATCH,alpha_two_sided_depth_read,False,False,effect.lancemaster.skill.34160.ba1.unified,authored.source-particle.df689cca533fde67ebf08b0d
cohort.3008a091d75b138736b58f092e843331c9c9cfeba995ee844b88395b6bd64a5b,NATIVE_EVIDENCE_COHORT,13,10,DimensionMaster|Valtan,2,SPRITE_PARTICLE / alpha_two_sided_depth_read,NO,program.34dead82b728f69e329b00433dceaccaf042d038793e246205a3f72267cff030,DXBC_LITERAL_TRANSLATION,,,layout-evidence.aaff98679f64bf2d322ae00ad1bb73671f8446311cd58de2aef33b0525d32045,adapter.ba8c5893a1231d063bd6e6a238ec2493a5de4305d4b02606e06fd8b445ebd374,RENDER_PROFILE_STATIC_DISPATCH,alpha_two_sided_depth_read,False,False,effect.valtan.carrier-v1.attack.charge-grab-roar.recovery.clip-01,source.9c312f0c5add9f438229
cohort.1c077120b9ae0ad29aaf8f7985f4b39b40e69d10822c30970aba69e7481c74ce,NATIVE_EVIDENCE_COHORT,9,9,Valtan,1,SPRITE_PARTICLE / alpha_two_sided_depth_read,NO,program.4e16bf6cbf32dfa14be4ef93814a8e87c1a144b6cb20d044769b4fc18cfdeeb9,DXBC_LITERAL_TRANSLATION,,,layout-evidence.21358dae80d01a1674b5f705d00e1362e8ac0e4781de01ab17705cf0fef9874e,adapter.2b2c75d118047e7a68f6aea208a43e93a310aa520e9616539498a5b8b9af2f00,RENDER_PROFILE_STATIC_DISPATCH,alpha_two_sided_depth_read,False,False,effect.valtan.carrier-v1.attack.four-slash.active.clip-01,source.3e223a8495cabea41078
cohort.913a08a0cdd130c92dd5f04aaa98dc832d170a64d1ea635f0df55e8607c7540d,NATIVE_EVIDENCE_COHORT,9,9,DimensionMaster|LanceMaster|Warlord,3,SPRITE_PARTICLE / additive_one_sided_depth_read,NO,program.4da025b1d279eee9f3798123479f9c442da9ebf2b65441ef5b3dab79fc641705,DXBC_LITERAL_TRANSLATION,,,layout-evidence.bbc2bf17e35b3a30a8852ab43f2f5032c293bd3e16b540d06a86f9ab8256bf23,adapter.9f1dc38cca1f90aad0774bca015149b77d64886d991d7b1ef6dae570a0b3434d,RENDER_PROFILE_STATIC_DISPATCH,additive_one_sided_depth_read,False,False,effect.dimensionmaster.skill.2050540.unified,authored.source-particle.3052e84b54e1d75e8680493d
cohort.c893b6a66bad3595ea6e84a5a9c7f11be008e2a13cf2db525a075fca6c9065aa,NATIVE_EVIDENCE_COHORT,9,9,Valtan,1,SPRITE_PARTICLE / alpha_two_sided_depth_read,NO,program.d62ceb3ee57e20f368f8dff0a861a964a75a85966035cbf0b853d97cdddd7d59,DXBC_LITERAL_TRANSLATION,,,layout-evidence.d25187c7b836bc8cebdf71a712bea23de3078b6a742c10fd4aa89361eecbf7c8,adapter.ba8c5893a1231d063bd6e6a238ec2493a5de4305d4b02606e06fd8b445ebd374,RENDER_PROFILE_STATIC_DISPATCH,alpha_two_sided_depth_read,False,False,effect.valtan.carrier-v1.mechanic.floor-wipe-130.second-smash.clip-01,source.4e281de609f2752dbcde
cohort.490d2a0b2d6740d915c0dc1f435041db5f0fa4e6aff5c1a379f6d0e362479729,NATIVE_EVIDENCE_COHORT,8,8,Artist|LanceMaster,2,SPRITE_PARTICLE / alpha_one_sided_depth_read,NO,program.6b8e81281de9c79e4b40a01a5a00d79279f15e74312bc4f60ea8c02726463e27,DXBC_LITERAL_TRANSLATION,,,layout-evidence.49bac476f2fdcd8845bb50fd44baa7bfb9d5ff76530a496ba5774248fade7b47,adapter.50c7c686d3c8e383a2dcb6a82e76d701a0836f12961facc6c75866eb34f1e1e5,RENDER_PROFILE_STATIC_DISPATCH,alpha_one_sided_depth_read,False,False,effect.lancemaster.skill.34150.unified,authored.source-particle.707c3dbc98c716ca329f550d
cohort.84061f9deab78d499448e227ef5b9603e5c6ae6645b1a13bd44274aa7fbd5ee0,TYPED_EXECUTION_COHORT,8,8,Artist,1,SPRITE_PARTICLE / additive_two_sided_depth_read,NO,program.367f0ba37e334652867578abaf42c24c180434efe999fd0778cff71ab0dfe9f8,TYPED_RUNTIME_PROGRAM,18,runtimeMaterialV2,layout.6693fd9b7d01c1b5ef907d3ae34a2e4a42dea083e5500b4bad5c41ea89accc60,adapter.968e05111b2c11491a34bfd52af8b416e75655956082c5f1d808eeecaccfe09c,TYPED_STATIC_DISPATCH,additive_two_sided_depth_read,False,False,effect.artist.skill.31490.unified,authored.source-particle.ac2d4d3e467dc4442cba60c3
cohort.a3bbd404cf671831b356fc4314857fdadccee19988e0a256ef835cd6e8a54cac,NATIVE_EVIDENCE_COHORT,8,8,Artist|DimensionMaster,2,MESH_PARTICLE / alpha_two_sided_depth_read,NO,program.3c4e2edde6ba6aa0a25663913f84521bcd3c76d2d10f5be1e9b68aa3a7311ed0,DXBC_LITERAL_TRANSLATION,,,layout-evidence.022c7a71363954284261d124383cdac29787f5889bc71334a5970ba6b2fcb4b3,adapter.4832308bce33e0b63085dd79e6c11c9b0adeceaa3febce67ab91ce3b4b475973,RENDER_PROFILE_STATIC_DISPATCH,alpha_two_sided_depth_read,False,False,effect.artist.skill.31490.unified,authored.source-particle.3fa65d839648240c96102536
cohort.be4a2b1cfbdc02667b86cd53166aa0716b4d3a742464e3ff8cdb5121fc39b7cb,NATIVE_EVIDENCE_COHORT,10,7,DimensionMaster|LanceMaster,2,MESH_PARTICLE / alpha_two_sided_depth_read,NO,program.f22b9decb1334a2016775284e6176bceee7695f53b3a4a604c90b2119c8380eb,DXBC_LITERAL_TRANSLATION,,,layout-evidence.6160aa60df7bc1bf3216aa408ba80b6f43e2dd25dc2cb53416f63d19ed4d6259,adapter.4832308bce33e0b63085dd79e6c11c9b0adeceaa3febce67ab91ce3b4b475973,RENDER_PROFILE_STATIC_DISPATCH,alpha_two_sided_depth_read,False,False,effect.dimensionmaster.skill.2050010.ba4.unified,authored.source-particle.d36c5e94f2f2a738b7f65a4d
cohort.c6011bfd069e76063b0ecbb39e3c7876366c787cee4d86015611dafa21cc6e76,NATIVE_EVIDENCE_COHORT,8,7,DimensionMaster|Valtan,2,MESH_PARTICLE / alpha_two_sided_depth_read,NO,program.0f70812d9a14d91fb975593a4b7bac70a8c0772e6657ea31b18756d65ec00d1a,DXBC_LITERAL_TRANSLATION,,,layout-evidence.c7660a43d2520124528f9d95cda174d0bcab3a20841659c3c1ce38651f90bfd5,adapter.cdd1d6578205cf5d29b2f74c99dceb6385159f496a3ba920244d860784ddc057,RENDER_PROFILE_STATIC_DISPATCH,alpha_two_sided_depth_read,False,False,effect.valtan.carrier-v1.attack.four-slash.active.clip-01,source.31b6cff2796ed160b56d
cohort.78a12f4a5c9f8969ed96dc5c29792990c7ff2aa4b178e0acf2bcb71b0f1e3c98,NATIVE_EVIDENCE_COHORT,7,7,Warlord,1,SPRITE_PARTICLE / additive_one_sided_depth_read,NO,program.a36fdc98da55ca0b240e8b46b09f5e337e5c16c9c14143d462f2f43b6f100f61,DXBC_LITERAL_TRANSLATION,,,layout-evidence.72915bfede4a8da8e837c9f6992c070f74b4fe67591b1242ac6f6801798f59e8,adapter.9f1dc38cca1f90aad0774bca015149b77d64886d991d7b1ef6dae570a0b3434d,RENDER_PROFILE_STATIC_DISPATCH,additive_one_sided_depth_read,False,False,effect.warlord.skill.17250.clip1.unified,authored.source-particle.b6157fe57e2afe3517df9a7b
cohort.a78f17dd3fca973d508418e7a119e68b0329319b80bb0cea2b41c406208d1700,NATIVE_EVIDENCE_COHORT,7,7,LanceMaster|Warlord,2,SPRITE_PARTICLE / alpha_one_sided_depth_read,NO,program.1b0f9b40d6150befd7f5afb0b753873473a968cf8e88d1a118bc29a26919b4cd,DXBC_LITERAL_TRANSLATION,,,layout-evidence.69222e2575022a453e3af21f908f2e5ccaeb4cff239ab1c35a51fcfe523184c8,adapter.50c7c686d3c8e383a2dcb6a82e76d701a0836f12961facc6c75866eb34f1e1e5,RENDER_PROFILE_STATIC_DISPATCH,alpha_one_sided_depth_read,False,False,effect.lancemaster.skill.34630.clip4.unified,authored.source-particle.b4e74db8e4e23e49321d6996
cohort.d8c822b1a69efd5230036338dbd0b69d4749216744c81c2228484cc92ce508d9,NATIVE_EVIDENCE_COHORT,7,7,LanceMaster,1,SPRITE_PARTICLE / alpha_one_sided_depth_read,NO,program.1b1fb294da63ba39ed86538f101722035b17062505c406b7e8d51e01b965f9b7,DXBC_LITERAL_TRANSLATION,,,layout-evidence.c4fc33a509c0cbe4d9bb2ebe724989e777d0439d009c85b68028cf199e61e0ec,adapter.50c7c686d3c8e383a2dcb6a82e76d701a0836f12961facc6c75866eb34f1e1e5,RENDER_PROFILE_STATIC_DISPATCH,alpha_one_sided_depth_read,False,False,effect.lancemaster.skill.34120.clip3.unified,authored.source-particle.28cb1e343b985dabfb2c6f13
cohort.2246bd3b9c7b9a61ce6fe37cc31b1bfac7af8ddc01f7f3189fea1af20e166a79,NATIVE_EVIDENCE_COHORT,6,6,LanceMaster,1,MESH_PARTICLE / alpha_two_sided_depth_read,NO,program.c66ae73c50cfd51d384b239c2cb38d9555782ba14b645f59c0940d909403ff92,DXBC_LITERAL_TRANSLATION,,,layout-evidence.1ff51aa069da6f62ab6166536dae345c9f21025a9f05a27c267010d89cfd3593,adapter.4832308bce33e0b63085dd79e6c11c9b0adeceaa3febce67ab91ce3b4b475973,RENDER_PROFILE_STATIC_DISPATCH,alpha_two_sided_depth_read,False,False,effect.lancemaster.skill.34150.unified,authored.source-particle.49799e0b7cbae59a80a578d1
cohort.34a81e7a2aeeac1702cd22a56286fac498a8a14f9c37912cebbc634035dccabd,NATIVE_EVIDENCE_COHORT,6,6,LanceMaster|Warlord,2,MESH_PARTICLE / alpha_two_sided_depth_read,NO,program.4f007568e64a91fde65a236f98bb158be80320c8a94e61983242932c160530e5,DXBC_LITERAL_TRANSLATION,,,layout-evidence.9835c71ce5ce4261031516e6c4844a82bef3aa092f210fe2ad28686f4d76c236,adapter.4832308bce33e0b63085dd79e6c11c9b0adeceaa3febce67ab91ce3b4b475973,RENDER_PROFILE_STATIC_DISPATCH,alpha_two_sided_depth_read,False,False,effect.lancemaster.skill.34630.clip3.unified,authored.source-particle.b0976d2b933eb490149c8975
cohort.6c2d8bf6548e83d5d69f32bdcae593015fcad21088f846b5638b6a6dab9f6f0a,NATIVE_EVIDENCE_COHORT,6,6,Artist|LanceMaster,2,SPRITE_PARTICLE / alpha_two_sided_depth_read,NO,program.1e88bf9eef12bd372be38bafcc16304745a4a1abf4152a793d7e1dd2f2b8470d,DXBC_LITERAL_TRANSLATION,,,layout-evidence.bd2e4aa4a9e20f8fa8f4534ee9564f3eae41575ffb4c126cbc8f7ff7c2fce0d3,adapter.9cb62e6f2a370a2bcd90b996cb3ec1cf33a3420cf00b8089a9b6f6cf997a4670,RENDER_PROFILE_STATIC_DISPATCH,alpha_two_sided_depth_read,False,False,effect.artist.skill.31490.unified,authored.source-particle.59bf708e26820092e6886199
cohort.7be158c6ec0ba04aec07255781b20793921cab3910d0a9a26903654af55c684b,NATIVE_EVIDENCE_COHORT,6,6,Warlord,1,SPRITE_PARTICLE / alpha_one_sided_depth_read,NO,program.5ca229d2f056aaace060d44a6edf820f7e68277d17c64ef63094ed00d0ea85e6,DXBC_LITERAL_TRANSLATION,,,layout-evidence.52e58c54ad15d5d09b36737e8f60fc35a5d808ced5cc723580835ac4d6ffa506,adapter.4cf3e65b7070db4346373924ea4f9b0060e9bba7b0bf38029256d26716012eff,RENDER_PROFILE_STATIC_DISPATCH,alpha_one_sided_depth_read,False,False,effect.warlord.skill.17250.clip2.unified,authored.source-particle.abe6589eff9940d4e05c1b17
cohort.857640eed58325313cb744e1da9a102a457b022c44a2adf9fb2a06e7e86b22be,NATIVE_EVIDENCE_COHORT,6,6,Valtan,1,SPRITE_PARTICLE / alpha_two_sided_depth_read,NO,program.4954626a7d02b2450b53a356190e2710d9c3e8ef715819b7da5f57d809c225b5,DXBC_LITERAL_TRANSLATION,,,layout-evidence.44d3289eed635a4acbb90a10ecdaf47107d5582c766ae7f10982c1fed3901909,adapter.1e39f218bb32a4476f27736ea5aee7c55849d94089c6c06063c310a53201907d,RENDER_PROFILE_STATIC_DISPATCH,alpha_two_sided_depth_read,False,False,effect.valtan.carrier-v1.attack.four-slash.active.clip-02,source.627ba18f9402253dccdf
cohort.b4364b2866477d9df234017e15a0589a4c807ee7fbc5003697f4b1d603b250a8,NATIVE_EVIDENCE_COHORT,6,6,Artist,1,SPRITE_PARTICLE / alpha_one_sided_depth_read,NO,program.95c26a0cddce4529e25e1ef297b0610434c3d2d03e06e037237390b824516827,DXBC_LITERAL_TRANSLATION,,,layout-evidence.f09278fad047a996533fecf128632c51f93ac7626f857c13198ecee66be03d02,adapter.50c7c686d3c8e383a2dcb6a82e76d701a0836f12961facc6c75866eb34f1e1e5,RENDER_PROFILE_STATIC_DISPATCH,alpha_one_sided_depth_read,False,False,effect.artist.skill.31210.ba4.unified,authored.source-particle.364c144ef81373c3c68f124d
cohort.c22d7935336836e6ed5e8e2571553a810f7f2334bd06712a0e98859d1eb986af,NATIVE_EVIDENCE_COHORT,6,6,LanceMaster,1,SPRITE_PARTICLE / alpha_one_sided_depth_read,NO,program.9c95483976fb8b881056bed50ccd4bd912582c1b6e072bbf0761a967ade77c21,DXBC_LITERAL_TRANSLATION,,,layout-evidence.c639c14084cd1b734edc4d6712d253f623ac5bbac96b159266e5c5ede6de52bf,adapter.50c7c686d3c8e383a2dcb6a82e76d701a0836f12961facc6c75866eb34f1e1e5,RENDER_PROFILE_STATIC_DISPATCH,alpha_one_sided_depth_read,False,False,effect.lancemaster.skill.34560.clip2.unified,authored.source-particle.9dbdb0cc10853dbed64ac34d
cohort.c5dcbe39199e26db4d6a088c3714180653f33e930e370d56dec0c8a119de8b70,NATIVE_EVIDENCE_COHORT,6,6,Warlord,1,SPRITE_PARTICLE / alpha_one_sided_depth_read,NO,program.7bad95db391bb28a2ee2cedae8e3dd1bb626e8d8c3f21f381ad69619cb4aa6aa,DXBC_LITERAL_TRANSLATION,,,layout-evidence.e1bb3750c56b352bdc3c5a9f0f91e4de0971ab4c330ea5587f88634127a08947,adapter.f9eb28d1a1bd4738cb72b4c5a842dd6856951f7c3c823c351bc51cd1aea0065e,RENDER_PROFILE_STATIC_DISPATCH,alpha_one_sided_depth_read,False,False,effect.warlord.skill.17250.clip1.unified,authored.source-particle.9168e69b2352a051be097859
cohort.d61925c1120f4d3aef679f97abb3f10376079d6b10452abf68f340b223243c6a,NATIVE_EVIDENCE_COHORT,6,6,Warlord,1,SPRITE_PARTICLE / additive_two_sided_depth_read,NO,program.20ddf07dd735a10d029c2b1415d1f58f3cd45d2a003c3fa0d7b10b90da087ea1,DXBC_LITERAL_TRANSLATION,,,layout-evidence.a631326ef5939a1510f7ee4be0a1d350d069104d20b91079d36832daddbce052,adapter.1524a54a3943c9ad2b65df41e99404e6b5797e752cad6bdf97520c9b55490e6f,RENDER_PROFILE_STATIC_DISPATCH,additive_two_sided_depth_read,False,False,effect.warlord.skill.17250.clip1.unified,authored.source-particle.76736644131a065db403b2d7
cohort.1d669208609cc6b74391d886d183be3b505e8e2377729b9c8a0c3d55f5bd57b0,NATIVE_EVIDENCE_COHORT,5,5,LanceMaster,1,MESH_PARTICLE / alpha_one_sided_depth_read,NO,program.5f3b4e95ed8a56b0eb7b1bd191f72ff52bb8c985396b25508bba32bef04b1b16,DXBC_LITERAL_TRANSLATION,,,layout-evidence.f29617a201d0ce8e69b36871d79d343542eb4de541aa4b8aefd588e8a0e0ec65,adapter.a16f83b07691b1946821d37cc58d8cbdd84ec4a25097d1dcb58b35a952ffd50a,RENDER_PROFILE_STATIC_DISPATCH,alpha_one_sided_depth_read,False,False,effect.lancemaster.skill.34100.clip3.unified,authored.source-particle.f699ec0584c5bdbe82cc9bf2
cohort.dac5d9189a42688a8f620cce079cdc9e7d77ca3b5e93749972559adb662b45db,NATIVE_EVIDENCE_COHORT,5,5,Warlord,1,SPRITE_PARTICLE / alpha_one_sided_depth_read,NO,program.4e16bf6cbf32dfa14be4ef93814a8e87c1a144b6cb20d044769b4fc18cfdeeb9,DXBC_LITERAL_TRANSLATION,,,layout-evidence.21358dae80d01a1674b5f705d00e1362e8ac0e4781de01ab17705cf0fef9874e,adapter.f9eb28d1a1bd4738cb72b4c5a842dd6856951f7c3c823c351bc51cd1aea0065e,RENDER_PROFILE_STATIC_DISPATCH,alpha_one_sided_depth_read,False,False,effect.warlord.skill.17820.clip5.unified,authored.source-particle.d1af9edc293f590275d68de4
cohort.f155895544e6a5be4c042320055abab28b3501c7f4886cff57c9eee4884955db,NATIVE_EVIDENCE_COHORT,5,5,LanceMaster,1,MESH_PARTICLE / alpha_two_sided_depth_read,NO,program.f2ac9140e3a01f07a115db37d594755a33bdabd258f5bcfdf156da877614e25b,DXBC_LITERAL_TRANSLATION,,,layout-evidence.db7f6c57c46ee2d6e20cbd2048f1d20f97826db08b39be592262eb0bd58fd54c,adapter.4832308bce33e0b63085dd79e6c11c9b0adeceaa3febce67ab91ce3b4b475973,RENDER_PROFILE_STATIC_DISPATCH,alpha_two_sided_depth_read,False,False,effect.lancemaster.skill.34110.unified,authored.source-particle.76220291286529cf26b7cbbc
cohort.151b6bd3c3ca6e6de885cc230528e184892327225b2d1904b91b5ee2854f5a33,NATIVE_EVIDENCE_COHORT,6,4,DimensionMaster,1,SPRITE_PARTICLE / alpha_one_sided_depth_read,NO,program.8e49e836e1770e1b2ba47a5788a7347eed73709957d04ab41ee51ce20f9690ce,DXBC_LITERAL_TRANSLATION,,,layout-evidence.d002943b9625e8f3b91c0b55e29c97622e47c43579c4eac5e52abb0edf310298,adapter.50c7c686d3c8e383a2dcb6a82e76d701a0836f12961facc6c75866eb34f1e1e5,RENDER_PROFILE_STATIC_DISPATCH,alpha_one_sided_depth_read,False,False,effect.dimensionmaster.skill.2050010.ba4.unified,authored.source-particle.2bc067d89c5fd9910fab2d61
cohort.4bc9caba5dc1938ad55ff1943c052911642cb56a9ddbd85afb32f1f389d4acd3,NATIVE_EVIDENCE_COHORT,4,4,Artist|Warlord,2,SPRITE_PARTICLE / alpha_one_sided_depth_read,NO,program.8ee3610182490c376aa92f8bc9f0d4408532c52648f122d3d4371b3a5692d847,DXBC_LITERAL_TRANSLATION,,,layout-evidence.db9f502444dbed1c172b1ac1c99714167cce012d377ec13b2c987496f8d8ef36,adapter.50c7c686d3c8e383a2dcb6a82e76d701a0836f12961facc6c75866eb34f1e1e5,RENDER_PROFILE_STATIC_DISPATCH,alpha_one_sided_depth_read,False,False,effect.warlord.skill.17060.unified,authored.source-particle.8fe08a0425a7ef26d29a5aa8
cohort.68a8dbc1ec94cc51f577115fb459ce747271fca5b209bd7e7a10e0ed6c32543d,NATIVE_EVIDENCE_COHORT,4,4,LanceMaster|Warlord,2,SPRITE_PARTICLE / additive_one_sided_depth_read,NO,program.f79880104c373ed6fd0dd9fdb93fe5ac96902ec15c0ca044e5631a128430855d,DXBC_LITERAL_TRANSLATION,,,layout-evidence.9d869607fbc4efc8bbe1539bf9b363dad11036f5e357722c8c037b44af4b9423,adapter.9f1dc38cca1f90aad0774bca015149b77d64886d991d7b1ef6dae570a0b3434d,RENDER_PROFILE_STATIC_DISPATCH,additive_one_sided_depth_read,False,False,effect.lancemaster.skill.34630.clip2.unified,authored.source-particle.87823d9f15a8c1a6623eea97
cohort.69e052bd03a93b47c8b1f0f728af80b24c66bef9e8a1264c5842d954b3950cd1,TYPED_EXECUTION_COHORT,4,4,Artist,1,SPRITE_PARTICLE / additive_two_sided_depth_read,NO,program.367f0ba37e334652867578abaf42c24c180434efe999fd0778cff71ab0dfe9f8,TYPED_RUNTIME_PROGRAM,18,runtimeMaterialV2,layout.a13603b5b1a90131a075e6aa1ce1483fd3f74eb6ba90ed0fee720e0b1d20b317,adapter.968e05111b2c11491a34bfd52af8b416e75655956082c5f1d808eeecaccfe09c,TYPED_STATIC_DISPATCH,additive_two_sided_depth_read,False,False,effect.artist.skill.31490.unified,authored.source-particle.763aea38ab1100ba9072dbfb
cohort.da1da31d693092be00c7ffba0989419b273de400052e638b19f00ba978f0fc86,NATIVE_EVIDENCE_COHORT,4,4,LanceMaster|Warlord,2,SPRITE_PARTICLE / alpha_one_sided_depth_read,NO,program.fbb4b18ca1a304d25df9d09676b40109540bfcd4604318e80818e1e7c19a3463,DXBC_LITERAL_TRANSLATION,,,layout-evidence.e80de5d1d57dca08300fa5ea1cde7def700918ea13f88315aa3b193580f822ec,adapter.f9eb28d1a1bd4738cb72b4c5a842dd6856951f7c3c823c351bc51cd1aea0065e,RENDER_PROFILE_STATIC_DISPATCH,alpha_one_sided_depth_read,False,False,effect.warlord.skill.17140.unified,authored.source-particle.e843de474614c0f51062513e
cohort.f39996549f48dd07de5cd6e792f94ddff2780d1790faf082b28e4364a427607d,NATIVE_EVIDENCE_COHORT,4,4,LanceMaster,1,SPRITE_PARTICLE / alpha_one_sided_depth_read,NO,program.5e20fbcef4a120feb1102783d499ac3c71f4fc1e17bef2797e279a056b768c76,DXBC_LITERAL_TRANSLATION,,,layout-evidence.2c23669e29e7a9914cc676c34199e5d737eb0b65ce399206a2461b16febe9ea3,adapter.f9eb28d1a1bd4738cb72b4c5a842dd6856951f7c3c823c351bc51cd1aea0065e,RENDER_PROFILE_STATIC_DISPATCH,alpha_one_sided_depth_read,False,False,effect.lancemaster.skill.34630.clip1.unified,authored.source-particle.f1c921c650f14abc101ade32
cohort.f80d53437b90337680fc4551582885b1e7b050cea0ca61fc007b09564c09febf,NATIVE_EVIDENCE_COHORT,4,4,Artist|DimensionMaster|LanceMaster|Warlord,4,SPRITE_PARTICLE / additive_two_sided_depth_read,NO,program.4f14fc95d56deefacc01a442099859cb8aea07292906e596b372a03127828c98,DXBC_LITERAL_TRANSLATION,,,layout-evidence.739e90c95f9d46f536a8cdb5f68e99e504539a0c5079140621f0b49f4b44271f,adapter.ffd8e8b156dcda47a9d5361fd12ae236c5def2c5755e706ee49b32cf6502fe45,RENDER_PROFILE_STATIC_DISPATCH,additive_two_sided_depth_read,False,False,effect.lancemaster.skill.34610.clip1.unified,authored.source-particle.ec0c64698b3849b63f196cf1
cohort.8e9715463e7b80e5e707e7cd32bcf867d9fe84092e8309dd91e34729bc79dedb,NATIVE_EVIDENCE_COHORT,4,3,DimensionMaster,1,SPRITE_PARTICLE / alpha_one_sided_depth_read,NO,program.67ec10f3add6f25a3454ec03af31f0e9892386ea93dce8999a3bfaac90019a08,DXBC_LITERAL_TRANSLATION,,,layout-evidence.95e510eb187c3f6069a6a4702dd3ccfd61016543c435ddd7d2c1a8f595a0d12b,adapter.f9eb28d1a1bd4738cb72b4c5a842dd6856951f7c3c823c351bc51cd1aea0065e,RENDER_PROFILE_STATIC_DISPATCH,alpha_one_sided_depth_read,False,False,effect.dimensionmaster.skill.2050010.ba4.unified,authored.source-particle.6a8b4f13ce201374e383332e
cohort.de41c4794ca8e0872d34ae9926f1ca6397a07f6cf817899cdcefc40068fc9796,NATIVE_EVIDENCE_COHORT,4,3,Artist|DimensionMaster|LanceMaster|Warlord,4,MESH_PARTICLE / alpha_two_sided_depth_read,NO,program.0f70812d9a14d91fb975593a4b7bac70a8c0772e6657ea31b18756d65ec00d1a,DXBC_LITERAL_TRANSLATION,,,layout-evidence.c7660a43d2520124528f9d95cda174d0bcab3a20841659c3c1ce38651f90bfd5,adapter.4832308bce33e0b63085dd79e6c11c9b0adeceaa3febce67ab91ce3b4b475973,RENDER_PROFILE_STATIC_DISPATCH,alpha_two_sided_depth_read,False,False,effect.warlord.skill.17820.clip8.unified,authored.source-particle.e6c695f3a6ed82986ef6c27f
cohort.106b062a1b80dc0495d8212d479eff466f455199e31bd768220c0a62749782f6,NATIVE_EVIDENCE_COHORT,3,3,LanceMaster,1,SPRITE_PARTICLE / additive_two_sided_depth_read,NO,program.630044f7e41577f48b547af6315a5f1ca9243ad7950f7de5cb8ea6808c1d7d08,DXBC_LITERAL_TRANSLATION,,,layout-evidence.d0ba60911f08446803b2a3be4f526516c519847d6039f733be040b787b32f4cf,adapter.ffd8e8b156dcda47a9d5361fd12ae236c5def2c5755e706ee49b32cf6502fe45,RENDER_PROFILE_STATIC_DISPATCH,additive_two_sided_depth_read,False,False,effect.lancemaster.skill.34110.unified,authored.source-particle.032c94cd27e9f6fca9d82703
cohort.270cb56234dfb6d589b5b56420aa19db142a1d1340076265c5ee97bdaf74a100,NATIVE_EVIDENCE_COHORT,3,3,Artist|LanceMaster|Warlord,3,MESH_PARTICLE / additive_one_sided_depth_read,NO,program.e5a5a89451f954bb94b54fe0d049cc3cdca28505182d70b0faf1a273a0f7409f,DXBC_LITERAL_TRANSLATION,,,layout-evidence.d8dec3de7c030e4275f0a17ea264ae198c221f56894236ee009c809321ad64c1,adapter.82375cc3c8f6db6850eea72d12d71acdc19893d9a2c46097da7e457a3034dc2c,RENDER_PROFILE_STATIC_DISPATCH,additive_one_sided_depth_read,False,False,effect.lancemaster.skill.34650.clip1.unified,authored.source-particle.80c95af10b8a286cb4d66da3
cohort.2c51adbdec9ea8ca05e1047f26a486cbf886ff23c8fb8a210e9625b9e88a70b8,NATIVE_EVIDENCE_COHORT,3,3,Valtan,1,SPRITE_PARTICLE / alpha_two_sided_depth_read,NO,program.42c9c25e53407e1cab0d87748e4fe08a2028d7e500bfd70b72b47b851313da63,DXBC_LITERAL_TRANSLATION,,,layout-evidence.3746e3859650a5695e0cfe7506eeedf427dff1d1b27a8d55e0e9b9dfd1e17fc6,adapter.2b2c75d118047e7a68f6aea208a43e93a310aa520e9616539498a5b8b9af2f00,RENDER_PROFILE_STATIC_DISPATCH,alpha_two_sided_depth_read,False,False,effect.valtan.carrier-v1.attack.high-jump.land.clip-01,source.6bd1741668d9309740e0
cohort.3bfdf66f319a4971ce56513fadc38ea1360c302c6c93d0ff316bc3fad155c5b7,NATIVE_EVIDENCE_COHORT,3,3,LanceMaster,1,MESH_PARTICLE / alpha_two_sided_depth_read,NO,program.f7cf62e83c3c047e0482305e2c006483657fb801aeaa4441068d4cb8248d2496,DXBC_LITERAL_TRANSLATION,,,layout-evidence.c2a4384bc180c144b4cdb36b068fdcfa23513fc45879c78c5504aaa1f4378a2e,adapter.4832308bce33e0b63085dd79e6c11c9b0adeceaa3febce67ab91ce3b4b475973,RENDER_PROFILE_STATIC_DISPATCH,alpha_two_sided_depth_read,False,False,effect.lancemaster.skill.34100.clip1.unified,authored.source-particle.e811cfa42338036294aa780b
cohort.50bcc2abfc876e68480d3d9926bebaae72fd318744e1d23fa0ed140402e32f8d,NATIVE_EVIDENCE_COHORT,3,3,Warlord,1,MESH_PARTICLE / additive_two_sided_depth_read,NO,program.4ad5b894ed3441c0b04d1dbfcb41246fa127b8a7058793414fc798966303ce08,DXBC_LITERAL_TRANSLATION,,,layout-evidence.197577804d4bb4711b4701be480affb9ba307ddf3d3e2a72751a0da14c6fbbd0,adapter.a736f47ad97e27d711c539d2188b51e107c8482600d2ae6bf5b6767d4d9d0a9f,RENDER_PROFILE_STATIC_DISPATCH,additive_two_sided_depth_read,False,False,effect.warlord.skill.17080.clip2.unified,authored.source-particle.075eef6ca18dc4d6dd691390
cohort.651a221de9cc69200525eb64a8c6540cf67b09f111b7503f0bd8bc2e5ed41908,NATIVE_EVIDENCE_COHORT,3,3,LanceMaster,1,MESH_PARTICLE / additive_two_sided_depth_read,NO,program.7c7356b2b26644e209caee79ae96582b0b35c306d5392b786f94fc31e3c9f884,DXBC_LITERAL_TRANSLATION,,,layout-evidence.dbe5aa4778d3598bea2a938534f48695c3c6d69d3f2cd756af83fd14e174e8e0,adapter.a736f47ad97e27d711c539d2188b51e107c8482600d2ae6bf5b6767d4d9d0a9f,RENDER_PROFILE_STATIC_DISPATCH,additive_two_sided_depth_read,False,False,effect.lancemaster.skill.34630.clip1.unified,authored.source-particle.a82586747c89655b45738ee7
cohort.6cc10e039765f2be1b6f0d57076b2c0fe90868aa7c1787768db57e60febe01e0,NATIVE_EVIDENCE_COHORT,3,3,Warlord,1,SPRITE_PARTICLE / alpha_two_sided_depth_read,NO,program.08fdf999cc55e9cb62b5aaa7a252cc14560ba5772dc9a27a91e2db4726bb1e2d,DXBC_LITERAL_TRANSLATION,,,layout-evidence.8cb2e50e408b160612e0c30e773c030863de0f0f986e5e78455dfa9835fdf1d7,adapter.8324077f57cdd67fa0bff05e43be1286ff25956b2acdd8e8fbfa5dfcfd5312cc,RENDER_PROFILE_STATIC_DISPATCH,alpha_two_sided_depth_read,False,False,effect.warlord.skill.17250.clip1.unified,authored.source-particle.d98e28d31bded244ad2f8781
cohort.a71a8dcb9c7c8ec082c5c097caea1d2b875556ef539e9d272a4dd2e7c8d9a404,NATIVE_EVIDENCE_COHORT,3,3,Warlord,1,SPRITE_PARTICLE / alpha_one_sided_depth_read,NO,program.682d3ef8774dad79f41986dca3b12526f1a2d4565782cae482436ffc29bac68d,DXBC_LITERAL_TRANSLATION,,,layout-evidence.9255b2807b5c9eeddf3b844c1661cef91da750e27c0296066f0099508169b65e,adapter.50c7c686d3c8e383a2dcb6a82e76d701a0836f12961facc6c75866eb34f1e1e5,RENDER_PROFILE_STATIC_DISPATCH,alpha_one_sided_depth_read,False,False,effect.warlord.skill.17240.ba1.unified,authored.source-particle.35ccc6244b0a93371172cb5e
cohort.ce6b6fb62244729ddb3ceb69e908b2367a0a20fda2a36e25686e90ab6e9eee41,TYPED_EXECUTION_COHORT,3,3,Artist,1,MESH_PARTICLE / alpha_two_sided_depth_read,NO,program.21af769001dafed59e297c4ddf709d9eba795b31df34db62662ff83abc9de772,TYPED_RUNTIME_PROGRAM,8,runtimeMaterialV2,layout.3d8202dc0d48dfadb7862b2ed78fdd85aa330982b819a9c0eb710c2a3c98a4d4,adapter.6c3e3f373ebf3ccb2430dcc6ac29b5f83cccc4718d89b77496f51a410bdef06d,TYPED_STATIC_DISPATCH,alpha_two_sided_depth_read,False,False,effect.artist.skill.31200.unified,authored.copy.authored.source-particle.8b8cad3aafdd36174d713698.1
cohort.e7d5ece70dd4ddd468c3fd38c722620b4d6954c9e773031da0e9967434d541e7,NATIVE_EVIDENCE_COHORT,3,3,DimensionMaster,1,SPRITE_PARTICLE / alpha_one_sided_depth_read,NO,program.bfcecee81634c27e8fdc732b7a8ff11029da91ff7442f5384ce5d4e58b5f7b7a,DXBC_LITERAL_TRANSLATION,,,layout-evidence.73e5ae1dce838e38efb3b9aa2923831cdd477fad3d01910822c66fb697bbac2e,adapter.50c7c686d3c8e383a2dcb6a82e76d701a0836f12961facc6c75866eb34f1e1e5,RENDER_PROFILE_STATIC_DISPATCH,alpha_one_sided_depth_read,False,False,effect.dimensionmaster.skill.2050540.unified,authored.source-particle.75547ab17094202867ded06d
cohort.ff00eb26928271f27297f681663bac8a487728e2a37b9269d354b584c3bfd5a4,NATIVE_EVIDENCE_COHORT,3,3,Artist|DimensionMaster,2,SPRITE_PARTICLE / additive_two_sided_depth_read,NO,program.66b4c799ff94507e92ebb436363c058db160fbfdca3855e88d13b0958fc29de9,DXBC_LITERAL_TRANSLATION,,,layout-evidence.7f12813fdc53c893f7a90a33afff4c89c270616f9ed0ac85a9472941bdd7d820,adapter.1524a54a3943c9ad2b65df41e99404e6b5797e752cad6bdf97520c9b55490e6f,RENDER_PROFILE_STATIC_DISPATCH,additive_two_sided_depth_read,False,False,effect.artist.skill.31930.clip2.unified,authored.source-particle.d0208603e6ef0908a1e8deb9
cohort.e67eed51d9e6c545a2ca88498ef27f3acf2d6f246314132b87c2c4209ab3df28,NATIVE_EVIDENCE_COHORT,13,2,DimensionMaster,1,SPRITE_PARTICLE / alpha_one_sided_depth_read,NO,program.a8a2eb3a54cd97294f1207ea2d764cde608787b24c2e4a9aa10ed8f335224972,DXBC_LITERAL_TRANSLATION,,,layout-evidence.d198623262fbae4476985ccd9e33edf6e6ce7dec5bd6a4599414e03712689454,adapter.f9eb28d1a1bd4738cb72b4c5a842dd6856951f7c3c823c351bc51cd1aea0065e,RENDER_PROFILE_STATIC_DISPATCH,alpha_one_sided_depth_read,False,False,effect.dimensionmaster.skill.2050010,fx_pc_swp_00.par_j_swp_normalatk_3_1.particlespriteemitter_13
cohort.018d727767c4f695d89f1551ddb615b67befbeab3d328cb2280ac32413a2447f,NATIVE_EVIDENCE_COHORT,2,2,DimensionMaster,1,SPRITE_PARTICLE / alpha_two_sided_depth_read,NO,program.8428ab09869d16b9f8f0e4e88fe1c939d8e26ebea0999872ac2cb7ba1690362a,DXBC_LITERAL_TRANSLATION,,,layout-evidence.fc57fc46adff362e891f7ac2bb89a5ddb59af8ab064f1af73d19b1fc55c9a64e,adapter.9cb62e6f2a370a2bcd90b996cb3ec1cf33a3420cf00b8089a9b6f6cf997a4670,RENDER_PROFILE_STATIC_DISPATCH,alpha_two_sided_depth_read,False,False,effect.dimensionmaster.skill.2050240.clip2.unified,authored.source-particle.e3b6e68de72a888afbc5fb3a
cohort.057c7563f64161225b525f57cb2175c6973c0513b541f719d26876e99203dc54,NATIVE_EVIDENCE_COHORT,2,2,LanceMaster,1,SPRITE_PARTICLE / alpha_two_sided_depth_read,NO,program.5536f2cf8defb4242959f69c5d729417084aaf42700e4bce129d5609999cd871,DXBC_LITERAL_TRANSLATION,,,layout-evidence.71841c172077915101fca50bcf4d3961d934445f5ebc4be54fdbdaa77beeb41c,adapter.9cb62e6f2a370a2bcd90b996cb3ec1cf33a3420cf00b8089a9b6f6cf997a4670,RENDER_PROFILE_STATIC_DISPATCH,alpha_two_sided_depth_read,False,False,effect.lancemaster.skill.34630.clip3.unified,authored.source-particle.3a2109a4bcd182615a9bc08a
cohort.0ae9e9c1d57de61eb9992e9c0175c88254640f0095bd966e9fa83acaffd43731,NATIVE_EVIDENCE_COHORT,2,2,LanceMaster,1,MESH_PARTICLE / additive_one_sided_depth_read,NO,program.e0367f908c86293c8fe57da7ca21ec490b79149d4c359f1d933e3d0cb237186e,DXBC_LITERAL_TRANSLATION,,,layout-evidence.d971e1e7f9094d17b9ebba5656717e722c595d6e43f05d33ad3f76acb9e5fb6c,adapter.82375cc3c8f6db6850eea72d12d71acdc19893d9a2c46097da7e457a3034dc2c,RENDER_PROFILE_STATIC_DISPATCH,additive_one_sided_depth_read,False,False,effect.lancemaster.skill.34590.ba3.unified,authored.source-particle.66a7b1a6e6b50d2695afcbf3
cohort.0ba9d9183025a5daae76b78cc3ff7dce1c57c04036b0424b45947b29d56f5396,NATIVE_EVIDENCE_COHORT,2,2,Warlord,1,SPRITE_PARTICLE / additive_two_sided_depth_read,NO,program.4b2385ad03b8d9320cf0b03acff7f3b0ef25ab4aef121ce3eb9ab1b8c64c633f,DXBC_LITERAL_TRANSLATION,,,layout-evidence.3e596ade75a1ee13403559f5c6b9de84f060b7315d6267580a68a47fbf6711fa,adapter.ffd8e8b156dcda47a9d5361fd12ae236c5def2c5755e706ee49b32cf6502fe45,RENDER_PROFILE_STATIC_DISPATCH,additive_two_sided_depth_read,False,False,effect.warlord.skill.17140.unified,authored.source-particle.92062c55d51c937e6aeed3b1
cohort.260a4e0f14b554dbae35e3b845cb665a34410e65851f95c1b298fe04fec756ee,TYPED_EXECUTION_COHORT,2,2,Artist,1,MESH_PARTICLE / alpha_one_sided_depth_read,NO,program.4d52ac1b64ef406edbbff544d8814910abfda0d770ceec416fa6d2385acb62d7,TYPED_RUNTIME_PROGRAM,1,artistVisualV4,layout.7a45f3f56c5da9d684e952edffb6a7160c62a08887f4dac8ccf2529989a08f6a,adapter.a6580f83547f4e106a1d94bcb508ae706810e4accad51fc12e1388a7f8692126,TYPED_STATIC_DISPATCH,alpha_one_sided_depth_read,False,False,effect.artist.skill.31470.unified,mesh.8165115d36cd1a8a
cohort.29510c4e26f62614d5a3a8b3b0c1798745a8c3a010e1a2282d79c7c77afc80f5,TYPED_EXECUTION_COHORT,2,2,Artist,1,SPRITE_PARTICLE / alpha_two_sided_depth_read,NO,program.11b4f35123b70b150215cefb2d0d122c2af450a1cca82c0836494c2e0402d75f,TYPED_RUNTIME_PROGRAM,6,runtimeMaterialV2,layout.03a1a3fadb60beb49da876b2fba3e78f47a40e13f9d83195f6acffa6918508e8,adapter.6b314ad567925ba52a34aacff4f171203d9aab7581ebe96686e708bde580e748,TYPED_STATIC_DISPATCH,alpha_two_sided_depth_read,False,False,effect.artist.skill.31470.unified,sprite.c65181324417a1a8
cohort.296463cbe1780ccec7d04ba52e2d6c7950902e1e8c905edec3b3b1f633bddfaa,NATIVE_EVIDENCE_COHORT,2,2,LanceMaster,1,SPRITE_PARTICLE / additive_one_sided_depth_read,NO,program.25d764b212e9cd4a633594dc86306e4acbe3470f6dc8419d4aa2aae597ac8412,DXBC_LITERAL_TRANSLATION,,,layout-evidence.6fe2a06ab51d5281e5a4a60de3acfb0f274ef5efb12b4553ab48a1ded99361a9,adapter.9f1dc38cca1f90aad0774bca015149b77d64886d991d7b1ef6dae570a0b3434d,RENDER_PROFILE_STATIC_DISPATCH,additive_one_sided_depth_read,False,False,effect.lancemaster.skill.34630.clip3.unified,authored.source-particle.6638a32484e77cd73e03c5a3
cohort.2c31061de38b998b8d9321dfed8044a8cd472708e5c50ed034d86a7705cce5d1,TYPED_EXECUTION_COHORT,2,2,Artist,1,SPRITE_PARTICLE / alpha_one_sided_depth_read,NO,program.db8dcd4c2dc7522cdce1158261c0fc8022b2a3e84fb0c4aac2d291cdee2290d0,TYPED_RUNTIME_PROGRAM,6,artistVisualV4,layout.e7329964065007ddbca6d1614906994ea37762de8df82dd649a0bfdbe0a7b11a,adapter.1938466788e21cb01e5e946953bab77d0b20b39f3667091fa8b72e3c3dc8d498,TYPED_STATIC_DISPATCH,alpha_one_sided_depth_read,False,False,effect.artist.skill.31470.unified,sprite.bfa4e874bafe2a43
cohort.685b7ab69b2d3cb576d4566bf56344cce8d04a225f5ce310432fde3c1b01931d,NATIVE_EVIDENCE_COHORT,2,2,Artist|DimensionMaster,2,MESH_PARTICLE / additive_one_sided_depth_read,NO,program.5316a74118ef88cb400052d3d170a8d4a6801e27c4ce8a573dd333682d204695,DXBC_LITERAL_TRANSLATION,,,layout-evidence.1a5e342f29af2589388a78f9b1f9f168de20543d6563c901d67ebcab506189a6,adapter.82375cc3c8f6db6850eea72d12d71acdc19893d9a2c46097da7e457a3034dc2c,RENDER_PROFILE_STATIC_DISPATCH,additive_one_sided_depth_read,False,False,effect.dimensionmaster.skill.2050500.unified,authored.source-particle.17666818e6771262044c48d4
cohort.9cc0db2b080e60b32f726945583c4f5faca795e37c1afbbbb04f359da01e1bd8,TYPED_EXECUTION_COHORT,2,2,Artist,1,LEGACY_STANDALONE_SPRITE / alpha_two_sided_depth_read,NO,program.afe4b86d3fda6c2e406652bc3a0243a3e3c93f71be21d57fa94df3fbb5cb1463,TYPED_RUNTIME_PROGRAM,21,runtimeMaterialV2,layout.47ad2057400a037083f8f480a6974fb91012e71266c2718de1ad7606b473d76d,adapter.a4c9fee0d5ecdd4e5357d153cccd27ff3a2a8b647bd389b13a92556e81a3708a,TYPED_STATIC_DISPATCH,alpha_two_sided_depth_read,False,False,effect.artist.skill.31420.unified,sprite.artist.31420.grass-tip-emissive.v1
cohort.9eabe18b9c437133ee7679c73392dbbdace1147df4d10c30530a044c0799d67f,NATIVE_EVIDENCE_COHORT,2,2,DimensionMaster,1,SPRITE_PARTICLE / additive_one_sided_depth_read,NO,program.d6dbc4cf16ae27d35f519b7c1f1752f72c695d9ef6f0847cb9013ac0f34011dd,DXBC_LITERAL_TRANSLATION,,,layout-evidence.44cfdf621ca8e9c5be32842620a40795b33f3c6e45297f81575cdb17b61d2669,adapter.9f1dc38cca1f90aad0774bca015149b77d64886d991d7b1ef6dae570a0b3434d,RENDER_PROFILE_STATIC_DISPATCH,additive_one_sided_depth_read,False,False,effect.dimensionmaster.skill.2050520.unified,authored.source-particle.5ee7b3b3a049abe3c862dc44
cohort.9f859a43e4ee5d634283366170a230ca5abe101b264663bf52185247f2945147,NATIVE_EVIDENCE_COHORT,2,2,Artist,1,SPRITE_PARTICLE / additive_one_sided_depth_read,NO,program.bc47fc1621ec71d071721ec229905f26b989beb166075ac7c45b3e557a0a6ad7,DXBC_LITERAL_TRANSLATION,,,layout-evidence.4becc598ae3afebf67c215106aeff85be7676704acdad0679baf206aae9ee9c0,adapter.9f1dc38cca1f90aad0774bca015149b77d64886d991d7b1ef6dae570a0b3434d,RENDER_PROFILE_STATIC_DISPATCH,additive_one_sided_depth_read,False,False,effect.artist.skill.31930.clip2.unified,authored.source-particle.f7a9c9a50b1dab9780a8e279
cohort.a02ecc26b3a5b2d6c873f75dab843e2365e7b567d469553ee11ec477b8135be0,NATIVE_EVIDENCE_COHORT,2,2,Artist,1,SPRITE_PARTICLE / additive_one_sided_depth_read,NO,program.5a4795803d3abfb6b06256de761afb5ba0edab00350603ac70c76cb467bdeff4,DXBC_LITERAL_TRANSLATION,,,layout-evidence.489ce8c902f8ac26abcafd6317f767342363a4688f63c187b4920a603a72678e,adapter.1cc834775c89afac9ee890b48ea86fc9ff69babc9962d5d26b88957d2a243615,RENDER_PROFILE_STATIC_DISPATCH,additive_one_sided_depth_read,False,False,effect.artist.skill.31930.clip1.unified,authored.source-particle.596b0a3992f1d13bec335118
cohort.a10283b78b61e1d89002477faba8312e0ef5d350e05b76d85eb2145581b454b8,TYPED_EXECUTION_COHORT,2,2,Artist,1,MESH_PARTICLE / alpha_two_sided_depth_read,NO,program.bb07cebdb973666547ad6471bc1fd5f0aa45249f04d53930d4528b0f1de6ffc5,TYPED_RUNTIME_PROGRAM,7,artistVisualV4,layout.8c700ad3e34aaf84dde8c2b18a5694e7bda9193a4698a74d80cd1f6b598f4eb8,adapter.f1e82a35e129aa6aa76ab39ca98f61ac3050dbef8b43872249016684b58a1f0b,TYPED_STATIC_DISPATCH,alpha_two_sided_depth_read,False,False,effect.artist.skill.31470.unified,mesh.6ded917f52544378
cohort.af7b4ffb0d139f4c1e69e8cbeb980984adf55ad16a4dc789ffed63da1b06e70a,NATIVE_EVIDENCE_COHORT,2,2,Artist,1,SPRITE_PARTICLE / alpha_one_sided_depth_read,NO,program.535d62320f713dd5e62d9c3715e7f1424d11df4a631eb3616104da14235e1918,DXBC_LITERAL_TRANSLATION,,,layout-evidence.bb79eeaf2f2f0b4ad057f569ed6f2792eb9cc65915c8f977052073569a329278,adapter.5c43ed0909ebe1d82c3ad81ae864d1a5ba4972c3e694336fed5a21281f7da28c,RENDER_PROFILE_STATIC_DISPATCH,alpha_one_sided_depth_read,False,False,effect.artist.skill.31930.clip2.unified,authored.source-particle.3718d24b69ece52dc69bf3a2
cohort.afe500c79acdb958100266ba9ab9451bea42354aac9750f9d3f7a01363985cf0,TYPED_EXECUTION_COHORT,2,2,DimensionMaster,1,SPRITE_PARTICLE / alpha_one_sided_depth_read,NO,program.0143d86d4657ad7c852cc809c1942aad86722f025e62feb301c986c51f69de52,TYPED_RUNTIME_PROGRAM,17,runtimeMaterialV2,layout.39d39469bc6125b2d23ae43372e4e13c64bb08a63f86e688287faaaccc06b85d,adapter.cb283aaea11b71e53c4399bab7233fe5ca7c749856fac9ad71bff0b782cb56c7,TYPED_STATIC_DISPATCH,alpha_one_sided_depth_read,False,False,effect.dimensionmaster.skill.2050230.unified,authored.source-particle.ed33fb10661afb8854e76957
cohort.b09776109e3bb2260e1e687b5d3164abeffb58181cfa7695aca043ea07840c46,NATIVE_EVIDENCE_COHORT,2,2,Artist|Warlord,2,MESH_PARTICLE / alpha_one_sided_depth_read,NO,program.7c7c3fedeb2f69c8f13e11c057b526708d9591ed81e8a2bb844643b84aa52812,DXBC_LITERAL_TRANSLATION,,,layout-evidence.24dec4b0d036e8b1bfa9c2cc328533663262ac20533573b29c61b5b0ed708504,adapter.a16f83b07691b1946821d37cc58d8cbdd84ec4a25097d1dcb58b35a952ffd50a,RENDER_PROFILE_STATIC_DISPATCH,alpha_one_sided_depth_read,False,False,effect.warlord.skill.17250.clip2.unified,authored.source-particle.0eaf9d0a0dbceeb7307726ca
cohort.c3055471fb33b4305e0226757fd3d15054c3c9f248374ae8a17d584727e05208,NATIVE_EVIDENCE_COHORT,2,2,LanceMaster,1,MESH_PARTICLE / additive_two_sided_depth_read,NO,program.a268ed1924e206f4a4fe4bdb065aad01ca0bc749267531e92bde0dfed97d89fa,DXBC_LITERAL_TRANSLATION,,,layout-evidence.64a2f61806a0979b46878eb20eac1fb1cbfba4b281163a42c482bc2c75521b3d,adapter.a736f47ad97e27d711c539d2188b51e107c8482600d2ae6bf5b6767d4d9d0a9f,RENDER_PROFILE_STATIC_DISPATCH,additive_two_sided_depth_read,False,False,effect.lancemaster.skill.34540.unified,authored.source-particle.9687a75c710ce36e60f33c86
cohort.c5c1bbbd21994164f6764b3468934bf0d123e3bdd098170ccd65bbe3ae5a7a78,NATIVE_EVIDENCE_COHORT,2,2,Warlord,1,SPRITE_PARTICLE / alpha_one_sided_depth_read,NO,program.0a3fa0cbc83da8e6f1af6e96e52b7b35657ef6b69b82df2a241f30ce70561199,DXBC_LITERAL_TRANSLATION,,,layout-evidence.dfb27ca797666857db53ece4197ce2de0657335373eb08237f024afdeef982c1,adapter.f9eb28d1a1bd4738cb72b4c5a842dd6856951f7c3c823c351bc51cd1aea0065e,RENDER_PROFILE_STATIC_DISPATCH,alpha_one_sided_depth_read,False,False,effect.warlord.skill.17140.unified,authored.source-particle.3102dee9e544c6426672b1e6
cohort.d0b66db71daeca228067d257f951e028b42d7d46aff5ee9db9fb8b71825ade82,NATIVE_EVIDENCE_COHORT,2,2,Warlord,1,MESH_PARTICLE / additive_one_sided_depth_read,NO,program.e5c776ecaddc2ab1ae347df53d84f2062f2824893c2176b436511d57f663a40a,DXBC_LITERAL_TRANSLATION,,,layout-evidence.f7179ccb1e76119046fbb4cae189f1b94b226fa5396a39ddefb0f257c43783ed,adapter.82375cc3c8f6db6850eea72d12d71acdc19893d9a2c46097da7e457a3034dc2c,RENDER_PROFILE_STATIC_DISPATCH,additive_one_sided_depth_read,False,False,effect.warlord.skill.17140.unified,authored.source-particle.59e6ffa8852fba74279b6ae9
cohort.fa4b151f48331e1b4288e91dfa741302d1f3bdca476e5816cab3ec17d541b0c1,TYPED_EXECUTION_COHORT,2,2,Artist,1,DECAL_PARTICLE / alpha_one_sided_depth_read,NO,program.c7bd3750daa5a167f28e37a3daddf309c3867805538167e4e72d2431f6ca9437,TYPED_RUNTIME_PROGRAM,14,localDecal,layout.c23af040992aab2d82c1a920d9652e286d4fd839f81f724457437ea716765c62,adapter.238cf2935ebe6efe7ae9cf4081104a2d13785a90b2baa24a66b1a29bfdac588f,TYPED_STATIC_DISPATCH,alpha_one_sided_depth_read,False,False,effect.artist.skill.31470.unified,decal.f3b5c3b63b4a7e34
cohort.df786fd72266044eb72fb10c60bebaad29ed427f0f658e69fd16186460e6e6d8,NATIVE_EVIDENCE_COHORT,5,1,DimensionMaster,1,SPRITE_PARTICLE / alpha_two_sided_depth_read,NO,program.889732271e6c5c2616f2bfa98f1f994f87341d40e47dcbba55f6c0dfc131d201,DXBC_LITERAL_TRANSLATION,,,layout-evidence.722ea43e03203227c803552974c2668cb0ae5e29a6561e0733b4291907debdb1,adapter.8324077f57cdd67fa0bff05e43be1286ff25956b2acdd8e8fbfa5dfcfd5312cc,RENDER_PROFILE_STATIC_DISPATCH,alpha_two_sided_depth_read,False,False,effect.dimensionmaster.skill.2050160.clip3.unified,authored.source-particle.d8dca4eb1b51c15aabae7f09
cohort.00fbce3024c07f4b5a98d51f0fa93c14ee0298f292ada9d06c7efd9878f9a083,NATIVE_EVIDENCE_COHORT,4,1,Artist|DimensionMaster|LanceMaster,3,SPRITE_PARTICLE / additive_two_sided_depth_read,NO,program.c0f8ab4a5c743aa63a3eb6b6c32bbfb92150657af15dad3db5eb9ab0b26a11c1,DXBC_LITERAL_TRANSLATION,,,layout-evidence.bc2a4b7c19c68b78fba563cca2d49c4898d1dca13a6bd60ee671fee2ff8a6780,adapter.ffd8e8b156dcda47a9d5361fd12ae236c5def2c5755e706ee49b32cf6502fe45,RENDER_PROFILE_STATIC_DISPATCH,additive_two_sided_depth_read,False,False,effect.lancemaster.skill.34610.restoration-candidate,restore.lancemaster.34610.bfd0d970518c08a2
cohort.4bb74c071fa9b0a21e1a3d3e2c694b14dcdbf4c33a013acfd836f5cacc127e2a,NATIVE_EVIDENCE_COHORT,4,1,DimensionMaster,1,MESH_PARTICLE / alpha_one_sided_depth_read,NO,program.38b8194fab789f82904642e56c38d60285dc918103e7b6cabb7d545a8a5cbfee,DXBC_LITERAL_TRANSLATION,,,layout-evidence.dcedc21b003456671f4f5f9c6ebbb3048af59a94ed8ded5b5754b37df8b8b45a,adapter.a16f83b07691b1946821d37cc58d8cbdd84ec4a25097d1dcb58b35a952ffd50a,RENDER_PROFILE_STATIC_DISPATCH,alpha_one_sided_depth_read,False,False,effect.dimensionmaster.skill.2050010.ba4.unified,authored.source-particle.5247bac641d1835cb50c655d
cohort.b9004491f7fff87a8cebbd54c1348cc911d82e196273755a6e6db889285f8b07,NATIVE_EVIDENCE_COHORT,3,1,DimensionMaster,1,SPRITE_PARTICLE / alpha_one_sided_depth_read,NO,program.e7d7c0551d18be61138c89fcdd598a1f238a8cfebd8f8689d819cfa30aba0d1c,DXBC_LITERAL_TRANSLATION,,,layout-evidence.029418deee9af6e3c3c196118f9652029c3cb4dbfe4602cd5adbfc1d30de0f51,adapter.50c7c686d3c8e383a2dcb6a82e76d701a0836f12961facc6c75866eb34f1e1e5,RENDER_PROFILE_STATIC_DISPATCH,alpha_one_sided_depth_read,False,False,effect.dimensionmaster.skill.2050160.clip4.unified,authored.source-particle.ece73aa2a29a136f32d22e7b
cohort.018ec8c8cfb67c263dd83992621e3d80b852b8a9bcf13c3ab8a31413244510ca,NATIVE_EVIDENCE_COHORT,1,1,DimensionMaster,1,SPRITE_PARTICLE / alpha_one_sided_depth_read,NO,program.a70b2eb7be49da60f8b23eb5523770a61a29b702ad8ca91a63d2d2cb44f7133e,DXBC_LITERAL_TRANSLATION,,,layout-evidence.f54eeaf7fea551d2f67659809e1a7a1537250d2db2d3c56da359199436134ad3,adapter.f9eb28d1a1bd4738cb72b4c5a842dd6856951f7c3c823c351bc51cd1aea0065e,RENDER_PROFILE_STATIC_DISPATCH,alpha_one_sided_depth_read,False,False,effect.dimensionmaster.skill.2050240.clip2.unified,authored.source-particle.b040deb5d84f1dfe7ff13de5
cohort.026572d37e314051ab70a9cdc029c9371359329f3c1375a99e5ead74dd379dd1,NATIVE_EVIDENCE_COHORT,1,1,DimensionMaster,1,SPRITE_PARTICLE / alpha_one_sided_depth_read,NO,program.0d1dfb5302be1aa7719160fc41c7f63ab31600bb25f684e88b2d63e57ca68842,DXBC_LITERAL_TRANSLATION,,,layout-evidence.323077aa6941da9a802857330b3c31b9e3c3934c91b7cce84e1fa1dcda121881,adapter.50c7c686d3c8e383a2dcb6a82e76d701a0836f12961facc6c75866eb34f1e1e5,RENDER_PROFILE_STATIC_DISPATCH,alpha_one_sided_depth_read,False,False,effect.dimensionmaster.skill.2050540.unified,authored.source-particle.1e0ce23611d5070a3cf476a7
cohort.042409015353f1c599dd2d4900e77540e88ec69673d43b9e1eb38e9af09e0e67,TYPED_EXECUTION_COHORT,1,1,Artist,1,MESH_PARTICLE / alpha_two_sided_depth_read,NO,program.03178e042d8cdf283e73221aa031a760ab3e06dfdb174775def7d89267dbc6d1,TYPED_RUNTIME_PROGRAM,3,runtimeMaterialV2,layout.d2d7a5588252da701776cd1a8ee87b88814099db1f14a5c234a5a51c1b870e0a,adapter.4c75373386a766dfbb3d4d0a0a3b3caffca899aeafa0cdfa7e3fb97d74c40e6e,TYPED_STATIC_DISPATCH,alpha_two_sided_depth_read,False,False,effect.artist.skill.31470.unified,mesh.062366ee9f9655d3
cohort.0f6c622e3205350869f5ec00d01295ac9e40dfc5e5eafa89e7862ce8bced6d26,NATIVE_EVIDENCE_COHORT,1,1,DimensionMaster,1,MESH_PARTICLE / additive_two_sided_depth_read,NO,program.ebf21161735a9ba2cf3fe112dfa34b4040f70742294dd234d68792035620f3dc,DXBC_LITERAL_TRANSLATION,,,layout-evidence.d5f417535d53c70ffd575d41477e724afada906c9a0958a7cee28b04dc2fdeb3,adapter.a736f47ad97e27d711c539d2188b51e107c8482600d2ae6bf5b6767d4d9d0a9f,RENDER_PROFILE_STATIC_DISPATCH,additive_two_sided_depth_read,False,False,effect.dimensionmaster.skill.2050240.clip2.unified,authored.source-particle.b9ba45037a00545d5aaecc38
cohort.1262f1bed01938b188274a6501252d79dd32d9cbe051d8395677a9d2f89a6dcb,NATIVE_EVIDENCE_COHORT,1,1,Valtan,1,MESH_PARTICLE / alpha_two_sided_depth_read,NO,program.d3358b7d08b114fdad2efab064fbdafb7b961861f09f4cf8107d8e69add15134,DXBC_LITERAL_TRANSLATION,,,layout-evidence.26d26786d23d14feaca5da145c5d9d964b439a083dfaa0e72d6630dc41d178a5,adapter.cdd1d6578205cf5d29b2f74c99dceb6385159f496a3ba920244d860784ddc057,RENDER_PROFILE_STATIC_DISPATCH,alpha_two_sided_depth_read,False,False,effect.valtan.carrier-v1.reactive.triple-counter.first.clip-01,source.44437f21255d54588830
cohort.1776a11e5ff05ffc26aa605b12d4958d742a112168f79906177ee9c08de177ac,TYPED_EXECUTION_COHORT,1,1,Artist,1,MESH_PARTICLE / opaque_back_depth_write,NO,program.7e4181e4c45728d2dd84833be808b3ec45f37bf1b9188c8451e133bd631ba9c0,TYPED_RUNTIME_PROGRAM,1,runtimeMaterialV2,layout.a4f55196f03a3741e77796b2b72516a7c329131ae2015b25744e67ecf6694371,adapter.d7377b76e350222fdb0253de17ac9212ced3092b3b196d3cc04006ff9fbedad6,TYPED_STATIC_DISPATCH,opaque_back_depth_write,False,False,effect.artist.skill.31470.unified,mesh.cc04feee8a36940b
cohort.1a13f4eba145e17e2741a7a831b02089580ffd5159231cae136f8fd1f16e2bb3,NATIVE_EVIDENCE_COHORT,1,1,Artist,1,SPRITE_PARTICLE / alpha_one_sided_depth_read,NO,program.d16db0755c89c99cf235e581038f079dfbb50d02dd189d2702fa09dda471bb3b,DXBC_LITERAL_TRANSLATION,,,layout-evidence.e662adc4e1934e226a9823122fd083df19e63eeafb615e0006296555bc5cdeb7,adapter.50c7c686d3c8e383a2dcb6a82e76d701a0836f12961facc6c75866eb34f1e1e5,RENDER_PROFILE_STATIC_DISPATCH,alpha_one_sided_depth_read,False,False,effect.artist.skill.31910.unified,authored.source-particle.35c9dcee175d6bb19eda9f23
cohort.1e6e876b4d5db59c558faee386097bf907ab4a8f0940519af0af8a5726633fa0,TYPED_EXECUTION_COHORT,1,1,Artist,1,SPRITE_PARTICLE / alpha_two_sided_depth_read,NO,program.bbc1f0ea83e2bbd594f4de40a35d43eeeb79d03c6262cd3ddc1a74411e272bdd,TYPED_RUNTIME_PROGRAM,11,runtimeMaterialV2,layout.1ea362119685f9e63a7248b9785d777a9e64fb4a15752daebeffb4368979f26c,adapter.2cfff64a582aea4103568390b48936e1b0a4f978d07f3b2259293b437f511fa9,TYPED_STATIC_DISPATCH,alpha_two_sided_depth_read,False,False,effect.artist.skill.31470.unified,sprite.55a9fb0e7c1b18c1
cohort.241c05b1ab63bbf583f53da42c80d0eda019438d801620248f4fa75d95fc163d,NATIVE_EVIDENCE_COHORT,1,1,Valtan,1,MESH_PARTICLE / alpha_two_sided_depth_read,NO,program.5f3b4e95ed8a56b0eb7b1bd191f72ff52bb8c985396b25508bba32bef04b1b16,DXBC_LITERAL_TRANSLATION,,,layout-evidence.f29617a201d0ce8e69b36871d79d343542eb4de541aa4b8aefd588e8a0e0ec65,adapter.cdd1d6578205cf5d29b2f74c99dceb6385159f496a3ba920244d860784ddc057,RENDER_PROFILE_STATIC_DISPATCH,alpha_two_sided_depth_read,False,False,effect.valtan.carrier-v1.attack.whirlwind.recovery.clip-01,source.7049e02f84728c638674
cohort.26517a325282368af36bfa854b6f4f637b9df1fda10aa7d73a5ccc921ead3cbc,TYPED_EXECUTION_COHORT,1,1,Artist,1,SPRITE_PARTICLE / alpha_two_sided_depth_read,NO,program.36d0e7f0f71ceed7f4cf2274f60193f3768471ee27d74ceed117dbf7a6e3091c,TYPED_RUNTIME_PROGRAM,13,runtimeMaterialV2,layout.c5e1061bf521272199d8a73668d020eca1b6f57aa099643c66c511e645bf87e4,adapter.38d74882b6da21d158459089109b9cb424e7401de831ed8315891979ed467603,TYPED_STATIC_DISPATCH,alpha_two_sided_depth_read,False,False,effect.artist.skill.31470.unified,sprite.ecd6e1e27fae5476
cohort.27edf8c18c12d8aeea97a07763ee4385c98120712e8c5a8d986974bd2578412b,NATIVE_EVIDENCE_COHORT,1,1,DimensionMaster,1,MESH_PARTICLE / additive_two_sided_depth_read,NO,program.95f1b0639f3648262963fd1065e003a80b024c411e98fb222adbd244d078ef3c,DXBC_LITERAL_TRANSLATION,,,layout-evidence.f110f172e6a39912767287d700e9afab30ca1cd7c6fee45b0ae486e70b950334,adapter.a736f47ad97e27d711c539d2188b51e107c8482600d2ae6bf5b6767d4d9d0a9f,RENDER_PROFILE_STATIC_DISPATCH,additive_two_sided_depth_read,False,False,effect.dimensionmaster.skill.2050540.unified,authored.source-particle.e31ff3c5158c1195db601e1c
cohort.2fa924bf8c94e8d8677bd85382af8efce9736fa0753bae237f7e7631a1a32ea2,NATIVE_EVIDENCE_COHORT,1,1,Warlord,1,MESH_PARTICLE / additive_one_sided_depth_read,NO,program.fc432f8e143a6593d56e4a3f517d5f4882dbeb3e40dc84102dccb8e7b0aef457,DXBC_LITERAL_TRANSLATION,,,layout-evidence.85d0c468cf40ccfe701487e2fe494ffdb1226d1f0c614fc9b9960178d9aa3005,adapter.82375cc3c8f6db6850eea72d12d71acdc19893d9a2c46097da7e457a3034dc2c,RENDER_PROFILE_STATIC_DISPATCH,additive_one_sided_depth_read,False,False,effect.warlord.skill.17250.clip2.unified,authored.source-particle.3c36dadc4b31b46cdd3b90bc
cohort.312509cea433f2c6e47bb576420a3b72285742e25ca333711224a6edf8608256,NATIVE_EVIDENCE_COHORT,1,1,DimensionMaster,1,SPRITE_PARTICLE / alpha_one_sided_depth_read,NO,program.806db64a62fa747118ea6d81495c91ebd19a206b9b4c4fdd53bb249baa7f3b1b,DXBC_LITERAL_TRANSLATION,,,layout-evidence.da8c79828bfa29a05e340736dc783ee0ee40a0f7cf051151f12d6e287f267425,adapter.50c7c686d3c8e383a2dcb6a82e76d701a0836f12961facc6c75866eb34f1e1e5,RENDER_PROFILE_STATIC_DISPATCH,alpha_one_sided_depth_read,False,False,effect.dimensionmaster.skill.2050540.unified,authored.source-particle.2b1bc78ab8d981bb0409fc04
cohort.4056e1fce5b8c6c79dd71802a3f55fa0b107b82cf11fee2c22e3148faaa8c7e5,NATIVE_EVIDENCE_COHORT,1,1,DimensionMaster,1,SPRITE_PARTICLE / alpha_one_sided_depth_read,NO,program.64b86c35a234a958896dc1dd7c08c86a7c08e9a7876411e277a3fae119452914,DXBC_LITERAL_TRANSLATION,,,layout-evidence.259b39efb0739b665c20e16253351a7a6037f56f335fa6d3ab99c848b59a8078,adapter.f9eb28d1a1bd4738cb72b4c5a842dd6856951f7c3c823c351bc51cd1aea0065e,RENDER_PROFILE_STATIC_DISPATCH,alpha_one_sided_depth_read,False,False,effect.dimensionmaster.skill.2050230.unified,authored.source-particle.586d4f29b8ac91bd7d938052
cohort.40f6a3fead664c2a8929e5695ffc2c5396fa8f3dad46539447f84a45bbc2b0e9,NATIVE_EVIDENCE_COHORT,1,1,DimensionMaster,1,SPRITE_PARTICLE / alpha_two_sided_depth_read,NO,program.e88f0a5db0410874f832c347ba66c7913431feba51c3b6d4f527eb35881a1438,DXBC_LITERAL_TRANSLATION,,,layout-evidence.b6c5e64ee25cb6759d0159335e821a6d575304769687a74a4577a1e5c88daf47,adapter.8324077f57cdd67fa0bff05e43be1286ff25956b2acdd8e8fbfa5dfcfd5312cc,RENDER_PROFILE_STATIC_DISPATCH,alpha_two_sided_depth_read,False,False,effect.dimensionmaster.skill.2050230.unified,authored.source-particle.78d3ec510ff0ee50ebdb6d04
cohort.46ecb5079febcb666df5b2e1cbe57b1191524dbaaaff970ec1ad16225e7a3b32,NATIVE_EVIDENCE_COHORT,1,1,LanceMaster,1,SPRITE_PARTICLE / alpha_two_sided_depth_read,NO,program.093389e8c8e2858073fc83b247b8b4d15e98c6a402de8b586ebc4ab5500006f1,DXBC_LITERAL_TRANSLATION,,,layout-evidence.48f625a19943749d8c090a3762f90672d9e649308c18fc74b954dafd337df6d9,adapter.9cb62e6f2a370a2bcd90b996cb3ec1cf33a3420cf00b8089a9b6f6cf997a4670,RENDER_PROFILE_STATIC_DISPATCH,alpha_two_sided_depth_read,False,False,effect.lancemaster.skill.34610.clip3.unified,authored.source-particle.461a9486511d68aba993e2c8
cohort.502e7100a5d0cc97f3a085d7bc85c563ece7a90f4af6a3cead44b156b4241e7b,NATIVE_EVIDENCE_COHORT,1,1,DimensionMaster,1,SPRITE_PARTICLE / alpha_one_sided_depth_read,NO,program.20f01b1be753a8fe20e23c76bf4b5b73fbfff29418bfd0cb0bf757a5a50011a0,DXBC_LITERAL_TRANSLATION,,,layout-evidence.d788c2b8a71ecf15a939c23dd326fb88302413d3d29a01da4e39d8d41b854702,adapter.50c7c686d3c8e383a2dcb6a82e76d701a0836f12961facc6c75866eb34f1e1e5,RENDER_PROFILE_STATIC_DISPATCH,alpha_one_sided_depth_read,False,False,effect.dimensionmaster.skill.2050500.unified,authored.source-particle.a3644b8dbac7a752a7f22f22
cohort.579cc2ff2b647127ebe0b6c308d339ede208def3788d08b27d5e17306ad9d458,NATIVE_EVIDENCE_COHORT,1,1,Warlord,1,SPRITE_PARTICLE / additive_one_sided_depth_read,NO,program.fa90a14c8487885b59bc8986e3e9ef72063d86d48fce0ef4bc2d7664a6a9d13b,DXBC_LITERAL_TRANSLATION,,,layout-evidence.ee7f80ca0e861bd600ec365fc8013c3e9481bce8043cdc83cbc06327c5222260,adapter.1cc834775c89afac9ee890b48ea86fc9ff69babc9962d5d26b88957d2a243615,RENDER_PROFILE_STATIC_DISPATCH,additive_one_sided_depth_read,False,False,effect.warlord.skill.17250.clip1.unified,authored.source-particle.1d991a9049f9980bf60c81ea
cohort.57bc82b81b1bbcb4443bc57357a23ab04dc1302dd98ade8c69750007ff6c3663,NATIVE_EVIDENCE_COHORT,1,1,Artist,1,MESH_PARTICLE / alpha_two_sided_depth_read,NO,program.10ed4fabc8625ebba8132d0bee4d93c8cb8ad46253680b15c3eb7852373d1295,DXBC_LITERAL_TRANSLATION,,,layout-evidence.309cd8e69d6eaba630111de149411b7998577903a027eed99ff2fa114b0ad52e,adapter.4832308bce33e0b63085dd79e6c11c9b0adeceaa3febce67ab91ce3b4b475973,RENDER_PROFILE_STATIC_DISPATCH,alpha_two_sided_depth_read,False,False,effect.artist.skill.31930.clip2.unified,authored.source-particle.8589dacfbe29c9a4a57c125f
cohort.5989c16948c9557705bed24c432b2301c8d3f200c9e1e1185c3bca7a4fb85cf6,NATIVE_EVIDENCE_COHORT,1,1,DimensionMaster,1,SPRITE_PARTICLE / alpha_two_sided_depth_read,NO,program.e4c2c18c31c6e90f736339d9ae0a7e1ff8f3fe125b54bf9a3b5ee2e0e93609d1,DXBC_LITERAL_TRANSLATION,,,layout-evidence.00f133b6733847bc280a84fe3d64eb3b6018320fd0c8ebb592c36b37d1b5d3fe,adapter.8324077f57cdd67fa0bff05e43be1286ff25956b2acdd8e8fbfa5dfcfd5312cc,RENDER_PROFILE_STATIC_DISPATCH,alpha_two_sided_depth_read,False,False,effect.dimensionmaster.skill.2050540.unified,authored.source-particle.9dee2a4b2a1b33068694266f
cohort.61318f1882fa69ee508e4fea125589ffa03f2d0593bb3147aa0d3d6937acd635,TYPED_EXECUTION_COHORT,1,1,Artist,1,MESH_PARTICLE / alpha_two_sided_depth_read,NO,program.9722305743ce23ba86abea32578bf89d963e3d3b9bb5faca7ce8c4f53458dd40,TYPED_RUNTIME_PROGRAM,2,artistVisualV4,layout.7ebae83fc0f117684b702b1a8db9355c38e2350fae6658082b49e97a3f6a33bc,adapter.727802eba72a6cd489e0ecddf8d04dbbce783d3f60bcb5ee6d252a3e9a4c1a4b,TYPED_STATIC_DISPATCH,alpha_two_sided_depth_read,False,False,effect.artist.skill.31470.unified,mesh.a502a64a218e7619
cohort.627a877262b11549485e62b3f79f2a71b1305b6096ca7f7c04839b8ca2b7b199,NATIVE_EVIDENCE_COHORT,1,1,Artist,1,SPRITE_PARTICLE / alpha_one_sided_depth_read,NO,program.10a99d97ebfd880e7229c7f6a3d982c0214a6292a29f903fc2a550617c5a2e0a,DXBC_LITERAL_TRANSLATION,,,layout-evidence.64f6c579a7d12d060c3e4a8af582fe94d1ee76ccd02a0f22c8f49c9e30e023b1,adapter.50c7c686d3c8e383a2dcb6a82e76d701a0836f12961facc6c75866eb34f1e1e5,RENDER_PROFILE_STATIC_DISPATCH,alpha_one_sided_depth_read,False,False,effect.artist.skill.31430.unified,authored.source-particle.408d2c7db6089dd28ab4fe8e
cohort.63d46d7ce78074f867624c1e071ad4894fb00a0a2741a7e2318ab7ad2de95c07,NATIVE_EVIDENCE_COHORT,1,1,DimensionMaster,1,SPRITE_PARTICLE / alpha_one_sided_depth_read,NO,program.3d232c016faaec730a0d5951a221bdf0e81f82a0e50eb97036ee34d55791b73f,DXBC_LITERAL_TRANSLATION,,,layout-evidence.fc51283e4322db54772628d02c0cae6fe529c95fae8782a402d12e7c097388c7,adapter.50c7c686d3c8e383a2dcb6a82e76d701a0836f12961facc6c75866eb34f1e1e5,RENDER_PROFILE_STATIC_DISPATCH,alpha_one_sided_depth_read,False,False,effect.dimensionmaster.skill.2050240.clip2.unified,authored.source-particle.70afe0c8d4406888f263af07
cohort.68c7ba70c8fce9aca4ae5e6e6787e231b78071d6710f6a88fef85e91e22e91e9,NATIVE_EVIDENCE_COHORT,1,1,Valtan,1,SPRITE_PARTICLE / alpha_two_sided_depth_read,NO,program.093389e8c8e2858073fc83b247b8b4d15e98c6a402de8b586ebc4ab5500006f1,DXBC_LITERAL_TRANSLATION,,,layout-evidence.48f625a19943749d8c090a3762f90672d9e649308c18fc74b954dafd337df6d9,adapter.2b2c75d118047e7a68f6aea208a43e93a310aa520e9616539498a5b8b9af2f00,RENDER_PROFILE_STATIC_DISPATCH,alpha_two_sided_depth_read,False,False,effect.valtan.carrier-v1.attack.portal-rush.portal.clip-01,source.c8364a880f2d2bac929b
cohort.79c955da15c6b51b92692d06c6c063080fdc992eecdaf430b63ccb900c5e528b,NATIVE_EVIDENCE_COHORT,1,1,Warlord,1,SPRITE_PARTICLE / additive_one_sided_depth_read,NO,program.f9524b07003a3fad9c949ce633ba9019437877586ae59f829263356550ba4a00,DXBC_LITERAL_TRANSLATION,,,layout-evidence.4459aba0b8f1b484ea8627004605c84a781274731ee2631e57511e75e6ed047f,adapter.9f1dc38cca1f90aad0774bca015149b77d64886d991d7b1ef6dae570a0b3434d,RENDER_PROFILE_STATIC_DISPATCH,additive_one_sided_depth_read,False,False,effect.warlord.skill.17250.clip1.unified,authored.source-particle.1edced6771bb4da86a692b54
cohort.7df30159e3436387a923b29d87064e5529c9d9f792015ffecbe291cdd5b9fc32,NATIVE_EVIDENCE_COHORT,1,1,DimensionMaster,1,MESH_PARTICLE / additive_two_sided_depth_read,NO,program.a0dcef528177b5479f1744166932b1d608b3e939a34b0fd21788b9cba205c0fe,DXBC_LITERAL_TRANSLATION,,,layout-evidence.040aeacf1d9776705fdec4cfef2d13d02f99e21a8bf8a7558745555036495906,adapter.a736f47ad97e27d711c539d2188b51e107c8482600d2ae6bf5b6767d4d9d0a9f,RENDER_PROFILE_STATIC_DISPATCH,additive_two_sided_depth_read,False,False,effect.dimensionmaster.skill.2050540.unified,authored.source-particle.43d9eb3bd04d5fedc42e1b67
cohort.8134f66f95f26d18b5f88ea80cfb8e4fea27257a787309cc4477f77480022d82,NATIVE_EVIDENCE_COHORT,1,1,Valtan,1,SPRITE_PARTICLE / alpha_one_sided_depth_read,NO,program.34dead82b728f69e329b00433dceaccaf042d038793e246205a3f72267cff030,DXBC_LITERAL_TRANSLATION,,,layout-evidence.aaff98679f64bf2d322ae00ad1bb73671f8446311cd58de2aef33b0525d32045,adapter.eb393e58723d1d02c24fca9ea00cc53ae33edc6bc11e9164bc18da2ba4524fb8,RENDER_PROFILE_STATIC_DISPATCH,alpha_one_sided_depth_read,False,False,effect.valtan.pattern.420633.active,valtan.420633.notify005.emitter7034
cohort.8e750abb678c0aa7f7aea6666d6f89ebd9ff68cc7dd8fa5d016ed28b05966a3f,NATIVE_EVIDENCE_COHORT,1,1,DimensionMaster,1,SPRITE_PARTICLE / alpha_two_sided_depth_read,NO,program.ae132c43b58b5dc33e47edd2a47bdbcebcae6c1db554224b206491604f836c2d,DXBC_LITERAL_TRANSLATION,,,layout-evidence.30dc0f11efcd488cee738644f14dc01a0f3d1cb6f0e1afd9b1000813ab64bf74,adapter.8324077f57cdd67fa0bff05e43be1286ff25956b2acdd8e8fbfa5dfcfd5312cc,RENDER_PROFILE_STATIC_DISPATCH,alpha_two_sided_depth_read,False,False,effect.dimensionmaster.skill.2050120.clip3.unified,authored.source-particle.5fb1a1b067b955f128fd25e0
cohort.91b725210fdd8916dc4ee5362b10a7918f8c9a6d740b133cee3d1d91a876a1bf,NATIVE_EVIDENCE_COHORT,1,1,Warlord,1,SPRITE_PARTICLE / additive_one_sided_depth_read,NO,program.2853676ebd3d29e97a7eb3aec624e100ee2f5390d09f8e45f922a97eaa8be44c,DXBC_LITERAL_TRANSLATION,,,layout-evidence.02aba0ee1d766a7dff6d393bc51a243a6a8b87272e8a947d775c3a0667ec0018,adapter.1cc834775c89afac9ee890b48ea86fc9ff69babc9962d5d26b88957d2a243615,RENDER_PROFILE_STATIC_DISPATCH,additive_one_sided_depth_read,False,False,effect.warlord.skill.17250.clip2.unified,authored.source-particle.d23006378b67868d0950670c
cohort.99aa64cb62746ec67fd5470c243ea6302180387f23b8a09a9664d6d25a2d7d69,NATIVE_EVIDENCE_COHORT,1,1,DimensionMaster,1,SPRITE_PARTICLE / alpha_two_sided_depth_read,NO,program.8428ab09869d16b9f8f0e4e88fe1c939d8e26ebea0999872ac2cb7ba1690362a,DXBC_LITERAL_TRANSLATION,,,layout-evidence.34852456014ab32de11fe512de489c5306476fe6dfacb53b0d1eaadca86af78e,adapter.9cb62e6f2a370a2bcd90b996cb3ec1cf33a3420cf00b8089a9b6f6cf997a4670,RENDER_PROFILE_STATIC_DISPATCH,alpha_two_sided_depth_read,False,False,effect.dimensionmaster.skill.2050120.clip3.unified,authored.source-particle.40e1b48e2f0f88dcfeff1549
cohort.9b0638c5e0d6cdeb678767a499f9dc695055fe30cf8c527f240e45f0a011a7fa,TYPED_EXECUTION_COHORT,1,1,Artist,1,AUTHORED_LEGACY_TRAIL / alpha_two_sided_depth_read,NO,program.0a7376cdea9d39b020c16038944b0186a3f8c4b46e42533a872c923a9b3578c8,TYPED_RUNTIME_PROGRAM,9,runtimeMaterialV2,layout.9574509f0584666b8c577914f094ad971ddf9438752b5748fbf906cd54ebd8ea,adapter.433541ed2b052f827ffaad1212f94a8e9c21b18e7f8ad7c673dc044b7e082fe4,TYPED_STATIC_DISPATCH,alpha_two_sided_depth_read,False,False,effect.artist.skill.31470.unified,ribbon.a6fe27caa16b2630
cohort.9bf1e3ee125ed03f299e8d9261bff3f195d931dc58c852cd162d0d11e1b787a6,NATIVE_EVIDENCE_COHORT,1,1,LanceMaster,1,SPRITE_PARTICLE / alpha_two_sided_depth_read,NO,program.2fab238d837c7ca6387dc366df1ea4c52b9009d72c287dc8836cad290a49322a,DXBC_LITERAL_TRANSLATION,,,layout-evidence.44e857a357aaf4306f5e9fdb55ae03e600a61c75c9681175193d9c1aac9ffe05,adapter.8324077f57cdd67fa0bff05e43be1286ff25956b2acdd8e8fbfa5dfcfd5312cc,RENDER_PROFILE_STATIC_DISPATCH,alpha_two_sided_depth_read,False,False,effect.lancemaster.skill.34630.clip1.unified,authored.source-particle.4dbaf1399b7159147efe4f8b
cohort.a08630dd82ae552fb90d2f8a7a2310f13a195814b1f4517f0aaf677efc69a6c6,NATIVE_EVIDENCE_COHORT,1,1,Warlord,1,SPRITE_PARTICLE / additive_two_sided_depth_read,NO,program.a1a5db0405b382a0f1575b4532de7f230a7104206779c5042f1e67c39235ccb8,DXBC_LITERAL_TRANSLATION,,,layout-evidence.ba38e67977de55c93d2d075e20d5835522135357c9cb64f418ca4110fed4a2e9,adapter.7a1df8e67717a5be30371df5642f6743acca71c518cfa9de934481540396a237,RENDER_PROFILE_STATIC_DISPATCH,additive_two_sided_depth_read,False,False,effect.warlord.skill.17250.clip2.unified,authored.source-particle.58cfb1684a46932c11a0285a
cohort.a18a18e4d3cd83f85eed8f56be2df65d7f11fcedfef0c0ca0e6a35c648034342,TYPED_EXECUTION_COHORT,1,1,Artist,1,CASCADE_RIBBON / alpha_two_sided_depth_read,NO,program.acd645ea2fa9d52a9c9be4c72ca2414c903b248a7db2f77a6bff3fd6545c55a0,TYPED_RUNTIME_PROGRAM,20,runtimeMaterialV2,layout.b6705ad25d6fe1c07af63471af8aa9af668d9644c5f3af67e492e6131d989088,adapter.41f486935f21f735f2c96f5764f399183cfba654eeae734609026248ab21f7d0,TYPED_STATIC_DISPATCH,alpha_two_sided_depth_read,False,False,effect.artist.skill.31950.unified,authored.source-particle.29868adeb040d5a35e2f213c
cohort.a9e9a77c1a61ce957ada71104150016e36bdb4618abdfb279c2be4d5986eb90d,NATIVE_EVIDENCE_COHORT,1,1,Artist,1,SPRITE_PARTICLE / alpha_one_sided_depth_read,NO,program.262ea944f670ecdb0c2d20088319c83d14b74ecade8f1e1e1080408cb81469ba,DXBC_LITERAL_TRANSLATION,,,layout-evidence.1a08f8d2c9cf618a50e6e632b191f5b021297ffc9cc5594368cbed7684300cac,adapter.4cf3e65b7070db4346373924ea4f9b0060e9bba7b0bf38029256d26716012eff,RENDER_PROFILE_STATIC_DISPATCH,alpha_one_sided_depth_read,False,False,effect.artist.skill.31050.clip2.unified,authored.source-particle.5111a537f42ae112f08354db
cohort.b566f8ef14ce9eca6917dd6a642407ce6991b06580115a190059a3fbcc76834e,NATIVE_EVIDENCE_COHORT,1,1,Warlord,1,MESH_PARTICLE / alpha_one_sided_depth_read,NO,program.fa91048ce9095211abee52a651f67eb2088c9b3652e44d5cc623200ca5c70c5d,DXBC_LITERAL_TRANSLATION,,,layout-evidence.e3e255eb4ab4906efa88e40d3ea81bb5f5825541b923111e3cb8209c40f1c2a5,adapter.a16f83b07691b1946821d37cc58d8cbdd84ec4a25097d1dcb58b35a952ffd50a,RENDER_PROFILE_STATIC_DISPATCH,alpha_one_sided_depth_read,False,False,effect.warlord.skill.17250.clip1.unified,authored.source-particle.1e417a0ec62ce89e0e82ccf0
cohort.c41305e3e3b9247c823fd880f39f0c212ae84373431ce7fe462c3a119f0b9e6b,NATIVE_EVIDENCE_COHORT,1,1,Warlord,1,MESH_PARTICLE / additive_two_sided_depth_read,NO,program.d3358b7d08b114fdad2efab064fbdafb7b961861f09f4cf8107d8e69add15134,DXBC_LITERAL_TRANSLATION,,,layout-evidence.26d26786d23d14feaca5da145c5d9d964b439a083dfaa0e72d6630dc41d178a5,adapter.a736f47ad97e27d711c539d2188b51e107c8482600d2ae6bf5b6767d4d9d0a9f,RENDER_PROFILE_STATIC_DISPATCH,additive_two_sided_depth_read,False,False,effect.warlord.skill.17250.clip2.unified,authored.source-particle.e5395b27e41a991a38c08939
cohort.cb97085a84c601551d237a3a318085716e901ba4f3a42629667f4ea72ea11321,NATIVE_EVIDENCE_COHORT,1,1,Artist,1,SPRITE_PARTICLE / alpha_two_sided_depth_read,NO,program.88f38bec3f5efb80659a5e2e8f5d53e68213d40c48fd887ef14072c8d886543e,DXBC_LITERAL_TRANSLATION,,,layout-evidence.f396af21b2f3b41f7abcaf064befc0bf67c5e3957380cf02fd8c53207ec72ab8,adapter.a0db127f797e7cf93586bf7ebf61092fe02deb64ae4cc0c58e801910f84ce6ff,RENDER_PROFILE_STATIC_DISPATCH,alpha_two_sided_depth_read,False,False,effect.artist.skill.31930.clip2.unified,authored.source-particle.1ab6d550a8d294277b75fc9d
cohort.cd33cd579058f760fd976db942674d59ad2577a4902039dd1cf3702b84219389,NATIVE_EVIDENCE_COHORT,1,1,DimensionMaster,1,SPRITE_PARTICLE / alpha_two_sided_depth_read,NO,program.46750187600cdf7acacc93142df22787228d6475ae40edf953e0d9a60b3a572f,DXBC_LITERAL_TRANSLATION,,,layout-evidence.7d3423dee5dbe8162f0ef2b9931d6fece784cee3008696240235cf1e585b3645,adapter.8324077f57cdd67fa0bff05e43be1286ff25956b2acdd8e8fbfa5dfcfd5312cc,RENDER_PROFILE_STATIC_DISPATCH,alpha_two_sided_depth_read,False,False,effect.dimensionmaster.skill.2050500.unified,authored.source-particle.758ab14fd91a9622358e6211
cohort.f26c0642ef09f97bd7480e8722b56fbd28f7495ba9f7e1af9ff733572b1a117a,NATIVE_EVIDENCE_COHORT,1,1,Warlord,1,SPRITE_PARTICLE / additive_one_sided_depth_read,NO,program.396db27813519e8784d917a857a4424a8415ea23dcac70a1233a8b296d463fe3,DXBC_LITERAL_TRANSLATION,,,layout-evidence.34f991bd7e934020df974fae872ccae4a690efbb6ac9dbf1342abe5418e8ddff,adapter.7d9acd98e535ebd7b7219b01501e77c8e1ecf7692da98944be0fe649d77f1f5c,RENDER_PROFILE_STATIC_DISPATCH,additive_one_sided_depth_read,False,False,effect.warlord.skill.17140.unified,authored.source-particle.1d760c1c94a292385126792c
cohort.f3ed21b24e52460f9f4e5683bcf8c7230a914cab7be13d1da6c29e4a794e24ec,NATIVE_EVIDENCE_COHORT,1,1,DimensionMaster,1,SPRITE_PARTICLE / alpha_one_sided_depth_read,NO,program.5ecd53c252de85fb7ff1f8391b993fc2e348832eb95f45604fff4c91d5e57d71,DXBC_LITERAL_TRANSLATION,,,layout-evidence.741107ea37fa952cfb2707bf89dd650f001811477297fb6ebc8e08fda88b3172,adapter.f9eb28d1a1bd4738cb72b4c5a842dd6856951f7c3c823c351bc51cd1aea0065e,RENDER_PROFILE_STATIC_DISPATCH,alpha_one_sided_depth_read,False,False,effect.dimensionmaster.skill.2050120.clip2.unified,authored.source-particle.a6f579ca87a56ebd7acc5486
cohort.f654b907ec8316080952be4c9ef42759545d0a92efac5d28180d067943d64ec2,NATIVE_EVIDENCE_COHORT,1,1,DimensionMaster,1,SPRITE_PARTICLE / alpha_one_sided_depth_read,NO,program.0be23255a7a40396a0cae000ede60934f7dca761578ca80a44df9aa0a29cb4f8,DXBC_LITERAL_TRANSLATION,,,layout-evidence.c00f85fbe0ba538497b37c5894d5c348ab803018cb1a0e535b7b018d20ad1b27,adapter.50c7c686d3c8e383a2dcb6a82e76d701a0836f12961facc6c75866eb34f1e1e5,RENDER_PROFILE_STATIC_DISPATCH,alpha_one_sided_depth_read,False,False,effect.dimensionmaster.skill.2050500.unified,authored.source-particle.c89184b671484cf7b660b624
cohort.2a74d3328bd6a4eb35de6a0ab5338216db6442b08d170c431df1585cd08772fa,NATIVE_EVIDENCE_COHORT,54,0,Warlord,1,STANDALONE_MESH / alpha_two_sided_depth_read,NO,program.eb86c01a9850bbf1e45ee33c864782b98f61b9b319ce23e371a31f185de25174,DXBC_LITERAL_TRANSLATION,,,layout-evidence.f8886f1d2d0f6198703f35436d761198752439320256e2e48c1af3cff7276f24,adapter.d1f80557011f9128355671e536bbcac0cf858585f0ae41e59cdb4f0e1867a8c8,RENDER_PROFILE_STATIC_DISPATCH,alpha_two_sided_depth_read,False,False,effect.warlord.skill.17250.authored-baseline,authored.approx.s012.mesh01
cohort.9ba15617559d8fce53405958e3cee8ac4c860d55258d924f0b9c3dfe56389d4c,NATIVE_EVIDENCE_COHORT,52,0,LanceMaster|Warlord,2,STANDALONE_MESH / alpha_two_sided_depth_read,NO,program.a3194eaed5fa64c9b6544f69bdee689ecbc5dc1db93ead24c26a339f33523c21,DXBC_LITERAL_TRANSLATION,,,layout-evidence.4e34655b6c92824f1681dd4fbddf7d06e165f88555b337a6dc4b4378d1618511,adapter.d1f80557011f9128355671e536bbcac0cf858585f0ae41e59cdb4f0e1867a8c8,RENDER_PROFILE_STATIC_DISPATCH,alpha_two_sided_depth_read,False,False,effect.lancemaster.skill.34100.authored-baseline,authored.approx.s015.mesh02
cohort.2910f7e6dbcedbb21171acb24fbb32ed8177aa6f88f8ad72b36b6f9b02ebfb10,NATIVE_EVIDENCE_COHORT,48,0,Artist|DimensionMaster|LanceMaster|Warlord,4,LEGACY_STANDALONE_SPRITE / additive_two_sided_depth_read,NO,program.80cbee3d7af2db79bcff4ce4ee3903149b3e85b1284734c8887c7820e0b6127f,DXBC_LITERAL_TRANSLATION,,,layout-evidence.224bb5c2a3af7fe1212a68d67aae246b4810f551ea286ff38aeadb9c92e4ca5a,adapter.ff3e4f2ea2bf746ed88f74dd01d9b8cbdea5a49311ebdc2a7c26f278ecce3c1c,RENDER_PROFILE_STATIC_DISPATCH,additive_two_sided_depth_read,False,False,effect.lancemaster.skill.34140.ba1,authored.approx.s006.sprite01
cohort.ba987630bc288139ec6629a0b2d878edad09e1fb7963d0b1f41c7811919b9ca9,NATIVE_EVIDENCE_COHORT,36,0,DimensionMaster|LanceMaster|Warlord,3,LEGACY_STANDALONE_SPRITE / alpha_two_sided_depth_read,NO,program.c545a56d78c140a8bbbf896d02bdb48d77d7b55b0a2ab69bbf632b1aae5aaa13,DXBC_LITERAL_TRANSLATION,,,layout-evidence.05793498e310142b4d4f5012f753da5670acc3ea5f9cfb3db3351631f97e9fe1,adapter.e051a6fe425cf8683ab6415b524680ebd0a794185ac2be5797a91ea1dbacc2df,RENDER_PROFILE_STATIC_DISPATCH,alpha_two_sided_depth_read,False,False,effect.warlord.skill.17110.authored-baseline,authored.approx.s026.sprite01
cohort.18187a06daaae780b0e3540e3657daa61599777b17a643e490bb1e363336c50c,NATIVE_EVIDENCE_COHORT,34,0,DimensionMaster|LanceMaster,2,STANDALONE_MESH / alpha_two_sided_depth_read,NO,program.f22b9decb1334a2016775284e6176bceee7695f53b3a4a604c90b2119c8380eb,DXBC_LITERAL_TRANSLATION,,,layout-evidence.6160aa60df7bc1bf3216aa408ba80b6f43e2dd25dc2cb53416f63d19ed4d6259,adapter.d1f80557011f9128355671e536bbcac0cf858585f0ae41e59cdb4f0e1867a8c8,RENDER_PROFILE_STATIC_DISPATCH,alpha_two_sided_depth_read,False,False,effect.dimensionmaster.skill.2050010.ba3,authored.approx.s001.mesh04
cohort.04239c6c4fafd09934f37b46c3889293df6225be084eaba6d65ff43f4766ef6b,NATIVE_EVIDENCE_COHORT,32,0,Artist|LanceMaster|Warlord,3,LEGACY_STANDALONE_SPRITE / additive_two_sided_depth_read,NO,program.4954626a7d02b2450b53a356190e2710d9c3e8ef715819b7da5f57d809c225b5,DXBC_LITERAL_TRANSLATION,,,layout-evidence.44d3289eed635a4acbb90a10ecdaf47107d5582c766ae7f10982c1fed3901909,adapter.1f6585de5a568228fd1346e6b73ab42d2959aa0a0bc26346d8a8561055f4532c,RENDER_PROFILE_STATIC_DISPATCH,additive_two_sided_depth_read,False,False,effect.warlord.skill.17820.authored-baseline.clip3,authored.approx.s008.sprite03
cohort.a20d3b059c93eea11586a4b40356522d6b8c42c791aebe63ad5760772d2595c8,NATIVE_EVIDENCE_COHORT,30,0,DimensionMaster|LanceMaster,2,SPRITE_PARTICLE / additive_two_sided_depth_read,NO,program.80cbee3d7af2db79bcff4ce4ee3903149b3e85b1284734c8887c7820e0b6127f,DXBC_LITERAL_TRANSLATION,,,layout-evidence.224bb5c2a3af7fe1212a68d67aae246b4810f551ea286ff38aeadb9c92e4ca5a,adapter.44f48baaa979eaa568f1622de41d1e617b7195899c218a02f26ac6fd37232918,RENDER_PROFILE_STATIC_DISPATCH,additive_two_sided_depth_read,False,False,effect.dimensionmaster.skill.2050200,fx_pc_swp_04.par_m_swp_ts_castcrack_01.particlespriteemitter_10
cohort.f0e167c1d2402074c6a6d887a3579c282c0d91e49a85a82dc00a5d7f7c1a315a,NATIVE_EVIDENCE_COHORT,28,0,Artist,1,LEGACY_STANDALONE_SPRITE / alpha_two_sided_depth_read,NO,program.bf7bdd717e37eb69a399670c87a08a611c730dabbc67d7f38b58a83d535e97c8,DXBC_LITERAL_TRANSLATION,,,layout-evidence.5b8a09bd7fd3c37847bba2c1652525e0dded03cc764452ab1aa288bab3049d27,adapter.e051a6fe425cf8683ab6415b524680ebd0a794185ac2be5797a91ea1dbacc2df,RENDER_PROFILE_STATIC_DISPATCH,alpha_two_sided_depth_read,False,False,effect.artist.skill.31430.authored-baseline,authored.approx.s010.sprite03
cohort.0ed3c8af7ec0d3f6a7b9d18723b17b74a2249988f8b36f865befe9f71661457d,NATIVE_EVIDENCE_COHORT,26,0,LanceMaster|Warlord,2,LEGACY_STANDALONE_SPRITE / alpha_two_sided_depth_read,NO,program.4e16bf6cbf32dfa14be4ef93814a8e87c1a144b6cb20d044769b4fc18cfdeeb9,DXBC_LITERAL_TRANSLATION,,,layout-evidence.21358dae80d01a1674b5f705d00e1362e8ac0e4781de01ab17705cf0fef9874e,adapter.dee8628e29b90cf1086022c1830ec919c4b754653797c7fa0374be3ebf7d8d54,RENDER_PROFILE_STATIC_DISPATCH,alpha_two_sided_depth_read,False,False,effect.warlord.skill.17080.authored-baseline,authored.approx.s005.sprite02
cohort.2e547e988fd56d7567957edbb7befbc4193c1f541b4dba3cdb6ade81ae2075fe,NATIVE_EVIDENCE_COHORT,26,0,LanceMaster,1,STANDALONE_MESH / alpha_two_sided_depth_read,NO,program.6883580ef44317aa1863b4c7e48562aa81633cab93cd091fecfd2291d62b9ab1,DXBC_LITERAL_TRANSLATION,,,layout-evidence.2ef3da31088e5b28ce5052bca7605d051d1fe1a24ad2932af90ee7e0bda2388a,adapter.d1f80557011f9128355671e536bbcac0cf858585f0ae41e59cdb4f0e1867a8c8,RENDER_PROFILE_STATIC_DISPATCH,alpha_two_sided_depth_read,False,False,effect.lancemaster.skill.34090.authored-baseline,authored.approx.s002.mesh03
cohort.569de77d1b280c1a376975bca765c389da9f2d383c9a53fce7768facae0ceeed,NATIVE_EVIDENCE_COHORT,24,0,Warlord,1,STANDALONE_MESH / alpha_two_sided_depth_read,NO,program.b15a67984a8254ffd0ed14ca735d48bf1569a3a8e70e2ee21696f4afe0e0a0a0,DXBC_LITERAL_TRANSLATION,,,layout-evidence.5667207ba0f09d6eb0f7ef039c36d331d29b9233d9ab016d2a726d48de726e84,adapter.d1f80557011f9128355671e536bbcac0cf858585f0ae41e59cdb4f0e1867a8c8,RENDER_PROFILE_STATIC_DISPATCH,alpha_two_sided_depth_read,False,False,effect.warlord.skill.17250.authored-baseline,authored.approx.s024.mesh01
cohort.5b55053e8d1169fd4e345d3b09ed1469efabdc0b12c825e259eb6c098e8a527d,NATIVE_EVIDENCE_COHORT,24,0,DimensionMaster,1,SPRITE_PARTICLE / additive_two_sided_depth_read,NO,program.3a70765906c105d01347d876e9298487cb28e6206795084643335822996e627d,DXBC_LITERAL_TRANSLATION,,,layout-evidence.b9d4451c0d1fabffa079bc31b52206dda7fb27bd8779bf6438b7259bed4ff043,adapter.53a367d260c7528a67e531c65aa4b935c96a389292a8709f7d2c32b23ee4e2c4,RENDER_PROFILE_STATIC_DISPATCH,additive_two_sided_depth_read,False,False,effect.dimensionmaster.skill.2050540,fx_pc_swp_04.par_m_swp_tw_boxoutlinedeco_01.particlespriteemitter_46.e
cohort.053a6c3083e1244af78a14891fec1b905fcb664c4f7722902a8edea0ad4adb8f,NATIVE_EVIDENCE_COHORT,22,0,DimensionMaster,1,LEGACY_STANDALONE_SPRITE / alpha_two_sided_depth_read,NO,program.8e49e836e1770e1b2ba47a5788a7347eed73709957d04ab41ee51ce20f9690ce,DXBC_LITERAL_TRANSLATION,,,layout-evidence.d002943b9625e8f3b91c0b55e29c97622e47c43579c4eac5e52abb0edf310298,adapter.e051a6fe425cf8683ab6415b524680ebd0a794185ac2be5797a91ea1dbacc2df,RENDER_PROFILE_STATIC_DISPATCH,alpha_two_sided_depth_read,False,False,effect.dimensionmaster.skill.2050120.authored-baseline,authored.approx.s003.sprite02
cohort.3458a033d16106a270f569da871245e8b6b7e520ee229c8ed2ca543be70b4ef2,NATIVE_EVIDENCE_COHORT,21,0,DimensionMaster,1,STANDALONE_MESH / alpha_two_sided_depth_read,NO,program.b735236a6b37e37ea38ca49e9bad3e63d65596d33974bf8d895f41724daa5cc5,DXBC_LITERAL_TRANSLATION,,,layout-evidence.c7381b11f00fc079dcef78e97eb5051b438b5fdb5d8dd53fe4425f740dae0ddf,adapter.d1f80557011f9128355671e536bbcac0cf858585f0ae41e59cdb4f0e1867a8c8,RENDER_PROFILE_STATIC_DISPATCH,alpha_two_sided_depth_read,False,False,effect.dimensionmaster.skill.2050120.authored-baseline.clip3,authored.approx.s010.mesh02
cohort.c337b2f65bdaac45c7338c264ca8aaa22f805ca140f633b046f04839f693bf71,NATIVE_EVIDENCE_COHORT,20,0,DimensionMaster,1,SPRITE_PARTICLE / alpha_one_sided_depth_read,NO,program.8e49e836e1770e1b2ba47a5788a7347eed73709957d04ab41ee51ce20f9690ce,DXBC_LITERAL_TRANSLATION,,,layout-evidence.d002943b9625e8f3b91c0b55e29c97622e47c43579c4eac5e52abb0edf310298,adapter.eb393e58723d1d02c24fca9ea00cc53ae33edc6bc11e9164bc18da2ba4524fb8,RENDER_PROFILE_STATIC_DISPATCH,alpha_one_sided_depth_read,False,False,effect.dimensionmaster.skill.2050240,fx_pc_swp_01.par_w_swp_flickerthrust_wp_00.particlespriteemitter_1
cohort.c86bdb1e60654ed80e658214c81e959253f1b53cd6bf89d5d5eb97cf7ef5f291,NATIVE_EVIDENCE_COHORT,20,0,Artist|Warlord,2,LEGACY_STANDALONE_SPRITE / alpha_two_sided_depth_read,NO,program.42c9c25e53407e1cab0d87748e4fe08a2028d7e500bfd70b72b47b851313da63,DXBC_LITERAL_TRANSLATION,,,layout-evidence.3746e3859650a5695e0cfe7506eeedf427dff1d1b27a8d55e0e9b9dfd1e17fc6,adapter.dee8628e29b90cf1086022c1830ec919c4b754653797c7fa0374be3ebf7d8d54,RENDER_PROFILE_STATIC_DISPATCH,alpha_two_sided_depth_read,False,False,effect.warlord.skill.17250.authored-baseline.clip2,authored.approx.s027.sprite02
cohort.1365feb08380eff6e64ad103f0b61fa069ec8516521ae7b622bc66bce49f56db,NATIVE_EVIDENCE_COHORT,18,0,LanceMaster,1,STANDALONE_MESH / alpha_two_sided_depth_read,NO,program.5f3b4e95ed8a56b0eb7b1bd191f72ff52bb8c985396b25508bba32bef04b1b16,DXBC_LITERAL_TRANSLATION,,,layout-evidence.f29617a201d0ce8e69b36871d79d343542eb4de541aa4b8aefd588e8a0e0ec65,adapter.d1f80557011f9128355671e536bbcac0cf858585f0ae41e59cdb4f0e1867a8c8,RENDER_PROFILE_STATIC_DISPATCH,alpha_two_sided_depth_read,False,False,effect.lancemaster.skill.34160.ba2,authored.approx.s003.mesh02
cohort.7c53d458cf4b11597af9bdb64d4bbd8dd3ffc84ecc8028fd1e34b05037c6f428,NATIVE_EVIDENCE_COHORT,17,0,Artist|LanceMaster,2,LEGACY_STANDALONE_SPRITE / alpha_two_sided_depth_read,NO,program.34dead82b728f69e329b00433dceaccaf042d038793e246205a3f72267cff030,DXBC_LITERAL_TRANSLATION,,,layout-evidence.aaff98679f64bf2d322ae00ad1bb73671f8446311cd58de2aef33b0525d32045,adapter.e051a6fe425cf8683ab6415b524680ebd0a794185ac2be5797a91ea1dbacc2df,RENDER_PROFILE_STATIC_DISPATCH,alpha_two_sided_depth_read,False,False,effect.artist.skill.31480.authored-baseline,authored.approx.s006.sprite02
cohort.e5802f298668ffcd0a38b05ea4b4869bec56e402ba53aead67c988e1e9bb1e58,NATIVE_EVIDENCE_COHORT,16,0,Artist|DimensionMaster|LanceMaster|Warlord,4,LEGACY_STANDALONE_SPRITE / additive_two_sided_depth_read,NO,program.13cbbbc6bcb5aa37a4a718f6ff218253c4080d2a1a74322d655f7adf627c3053,DXBC_LITERAL_TRANSLATION,,,layout-evidence.325e35fb840c0a2868504061ceca6ae75b8e848463632b5971ed76762e682843,adapter.ff3e4f2ea2bf746ed88f74dd01d9b8cbdea5a49311ebdc2a7c26f278ecce3c1c,RENDER_PROFILE_STATIC_DISPATCH,additive_two_sided_depth_read,False,False,effect.dimensionmaster.skill.2050120.authored-baseline.clip3,authored.approx.s007.sprite02
cohort.fc298af9c631f80d83b3edd95afad2d26eb32d839156fde1b91dda2f99b468cf,NATIVE_EVIDENCE_COHORT,16,0,LanceMaster,1,LEGACY_STANDALONE_SPRITE / alpha_two_sided_depth_read,NO,program.1b1fb294da63ba39ed86538f101722035b17062505c406b7e8d51e01b965f9b7,DXBC_LITERAL_TRANSLATION,,,layout-evidence.c4fc33a509c0cbe4d9bb2ebe724989e777d0439d009c85b68028cf199e61e0ec,adapter.e051a6fe425cf8683ab6415b524680ebd0a794185ac2be5797a91ea1dbacc2df,RENDER_PROFILE_STATIC_DISPATCH,alpha_two_sided_depth_read,False,False,effect.lancemaster.skill.34120.authored-baseline.clip3,authored.approx.s010.sprite02
cohort.0655881a6d34275995baa6daefa09b763d283444fde209bdb6867542f7e227ef,NATIVE_EVIDENCE_COHORT,15,0,DimensionMaster,1,MESH_PARTICLE / alpha_one_sided_depth_read,NO,program.b735236a6b37e37ea38ca49e9bad3e63d65596d33974bf8d895f41724daa5cc5,DXBC_LITERAL_TRANSLATION,,,layout-evidence.c7381b11f00fc079dcef78e97eb5051b438b5fdb5d8dd53fe4425f740dae0ddf,adapter.e532f9c29ef792bc7e8045d0a61b8ea67fe6fd5cf73e32990f9d74abfee91be9,RENDER_PROFILE_STATIC_DISPATCH,alpha_one_sided_depth_read,False,False,effect.dimensionmaster.skill.2050210,fx_pc_swp_00.par_j_swp_willowrend_swinghit_00_1.particlespriteemitter_
cohort.b97a6d276c906e5a41eeeeb0150d81a03d2257336aa4bf27965a1efd900b8d27,NATIVE_EVIDENCE_COHORT,15,0,LanceMaster,1,LEGACY_STANDALONE_SPRITE / alpha_two_sided_depth_read,NO,program.9c95483976fb8b881056bed50ccd4bd912582c1b6e072bbf0761a967ade77c21,DXBC_LITERAL_TRANSLATION,,,layout-evidence.c639c14084cd1b734edc4d6712d253f623ac5bbac96b159266e5c5ede6de52bf,adapter.e051a6fe425cf8683ab6415b524680ebd0a794185ac2be5797a91ea1dbacc2df,RENDER_PROFILE_STATIC_DISPATCH,alpha_two_sided_depth_read,False,False,effect.lancemaster.skill.34560.authored-baseline,authored.approx.s002.sprite01
cohort.0154bb3d95266146b24e038558aef2ef58ea5c91098b3d2400d3b83359991aff,NATIVE_EVIDENCE_COHORT,14,0,LanceMaster|Warlord,2,LEGACY_STANDALONE_SPRITE / additive_two_sided_depth_read,NO,program.f79880104c373ed6fd0dd9fdb93fe5ac96902ec15c0ca044e5631a128430855d,DXBC_LITERAL_TRANSLATION,,,layout-evidence.9d869607fbc4efc8bbe1539bf9b363dad11036f5e357722c8c037b44af4b9423,adapter.5ddcd0db5dd16507df3bec2a88f0ac1ba3ee34450c82d29216ed1083effab06c,RENDER_PROFILE_STATIC_DISPATCH,additive_two_sided_depth_read,False,False,effect.lancemaster.skill.34630.authored-baseline.clip3,authored.approx.s029.sprite02
cohort.baa2809b93b58d085b4bf15d477625c8e38ed2723f3993dec5dc5e15eb62b78a,NATIVE_EVIDENCE_COHORT,14,0,Warlord,1,LEGACY_STANDALONE_SPRITE / additive_two_sided_depth_read,NO,program.a36fdc98da55ca0b240e8b46b09f5e337e5c16c9c14143d462f2f43b6f100f61,DXBC_LITERAL_TRANSLATION,,,layout-evidence.72915bfede4a8da8e837c9f6992c070f74b4fe67591b1242ac6f6801798f59e8,adapter.5ddcd0db5dd16507df3bec2a88f0ac1ba3ee34450c82d29216ed1083effab06c,RENDER_PROFILE_STATIC_DISPATCH,additive_two_sided_depth_read,False,False,effect.warlord.skill.17250.authored-baseline,authored.approx.s010.sprite03
cohort.85e2a1a906d6ee199c4469e6446f65c12c114323814e9ed64552a272db1a12d2,NATIVE_EVIDENCE_COHORT,13,0,DimensionMaster,1,LEGACY_STANDALONE_SPRITE / alpha_two_sided_depth_read,NO,program.67ec10f3add6f25a3454ec03af31f0e9892386ea93dce8999a3bfaac90019a08,DXBC_LITERAL_TRANSLATION,,,layout-evidence.95e510eb187c3f6069a6a4702dd3ccfd61016543c435ddd7d2c1a8f595a0d12b,adapter.dee8628e29b90cf1086022c1830ec919c4b754653797c7fa0374be3ebf7d8d54,RENDER_PROFILE_STATIC_DISPATCH,alpha_two_sided_depth_read,False,False,effect.dimensionmaster.skill.2050240.authored-baseline.clip2,authored.approx.s003.sprite02
cohort.7390d67b6fd15dc50c87b355ef5808c8f616ad8d3190cd6fa261a8960839f6ed,NATIVE_EVIDENCE_COHORT,12,0,LanceMaster,1,LEGACY_STANDALONE_SPRITE / alpha_two_sided_depth_read,NO,program.1e88bf9eef12bd372be38bafcc16304745a4a1abf4152a793d7e1dd2f2b8470d,DXBC_LITERAL_TRANSLATION,,,layout-evidence.bd2e4aa4a9e20f8fa8f4534ee9564f3eae41575ffb4c126cbc8f7ff7c2fce0d3,adapter.dee8628e29b90cf1086022c1830ec919c4b754653797c7fa0374be3ebf7d8d54,RENDER_PROFILE_STATIC_DISPATCH,alpha_two_sided_depth_read,False,False,effect.lancemaster.skill.34610.authored-baseline.clip2,authored.approx.s013.sprite03
cohort.7b4cf67dca97e3aa17fe4fb7d6f3d7266eed5613960a405545c5a277f3abb2c9,NATIVE_EVIDENCE_COHORT,12,0,Warlord,1,LEGACY_STANDALONE_SPRITE / alpha_two_sided_depth_read,NO,program.7bad95db391bb28a2ee2cedae8e3dd1bb626e8d8c3f21f381ad69619cb4aa6aa,DXBC_LITERAL_TRANSLATION,,,layout-evidence.e1bb3750c56b352bdc3c5a9f0f91e4de0971ab4c330ea5587f88634127a08947,adapter.dee8628e29b90cf1086022c1830ec919c4b754653797c7fa0374be3ebf7d8d54,RENDER_PROFILE_STATIC_DISPATCH,alpha_two_sided_depth_read,False,False,effect.warlord.skill.17250.authored-baseline.clip1,authored.approx.s007.sprite02
cohort.a3645e66daa45e24de070744e5949ebebd85d9c7baea4341e919e83882d24038,NATIVE_EVIDENCE_COHORT,12,0,Warlord,1,LEGACY_STANDALONE_SPRITE / alpha_two_sided_depth_read,NO,program.5ca229d2f056aaace060d44a6edf820f7e68277d17c64ef63094ed00d0ea85e6,DXBC_LITERAL_TRANSLATION,,,layout-evidence.52e58c54ad15d5d09b36737e8f60fc35a5d808ced5cc723580835ac4d6ffa506,adapter.ce9841fb1c1eeb17c981c5bc17f2e080b0773fd76fa09ff08c894df5a8b52923,RENDER_PROFILE_STATIC_DISPATCH,alpha_two_sided_depth_read,False,False,effect.warlord.skill.17250.authored-baseline,authored.approx.s026.sprite03
cohort.99fbf4f4aafe3ead504f08df6fe73a86b36a26d4c2ff52999ab1e4fa5c13045d,NATIVE_EVIDENCE_COHORT,11,0,LanceMaster,1,STANDALONE_MESH / alpha_two_sided_depth_read,NO,program.f7cf62e83c3c047e0482305e2c006483657fb801aeaa4441068d4cb8248d2496,DXBC_LITERAL_TRANSLATION,,,layout-evidence.c2a4384bc180c144b4cdb36b068fdcfa23513fc45879c78c5504aaa1f4378a2e,adapter.d1f80557011f9128355671e536bbcac0cf858585f0ae41e59cdb4f0e1867a8c8,RENDER_PROFILE_STATIC_DISPATCH,alpha_two_sided_depth_read,False,False,effect.lancemaster.skill.34100.authored-baseline,authored.approx.s003.mesh03
cohort.ab8915068cb1b7ed34c62a875fe331aa8990af07903d34b8f47883c98c87cccd,NATIVE_EVIDENCE_COHORT,11,0,DimensionMaster|LanceMaster,2,MESH_PARTICLE / alpha_two_sided_depth_read,NO,program.f22b9decb1334a2016775284e6176bceee7695f53b3a4a604c90b2119c8380eb,DXBC_LITERAL_TRANSLATION,,,layout-evidence.6160aa60df7bc1bf3216aa408ba80b6f43e2dd25dc2cb53416f63d19ed4d6259,adapter.cdd1d6578205cf5d29b2f74c99dceb6385159f496a3ba920244d860784ddc057,RENDER_PROFILE_STATIC_DISPATCH,alpha_two_sided_depth_read,False,False,effect.dimensionmaster.skill.2050150,fx_pc_swp_05.par_k_swp_riftslash_atk_00_01.particlespriteemitter_1
cohort.49fbb024e81e48e4675c7e71c7de6eec123c1f180ec4d1bd521fa539b2c1f754,NATIVE_EVIDENCE_COHORT,10,0,DimensionMaster,1,SPRITE_PARTICLE / additive_two_sided_depth_read,NO,program.fbb03b7d14e4e769e10746243950aec6f5f89c3b277e40102ff6ce3d4a0b60f3,DXBC_LITERAL_TRANSLATION,,,layout-evidence.6537427df92150c5b9eda632b317999a1d584adff47b8c640bbfc3f10bfc929d,adapter.44f48baaa979eaa568f1622de41d1e617b7195899c218a02f26ac6fd37232918,RENDER_PROFILE_STATIC_DISPATCH,additive_two_sided_depth_read,False,False,effect.dimensionmaster.skill.2050200,fx_pc_swp_04.par_m_swp_ts_castcrack_01.particlespriteemitter_15
cohort.d3bc9dca644ddc7922baf03a65770f804344ff504606a8c4519c006453586cca,NATIVE_EVIDENCE_COHORT,10,0,DimensionMaster,1,SPRITE_PARTICLE / additive_one_sided_depth_read,NO,program.80cbee3d7af2db79bcff4ce4ee3903149b3e85b1284734c8887c7820e0b6127f,DXBC_LITERAL_TRANSLATION,,,layout-evidence.224bb5c2a3af7fe1212a68d67aae246b4810f551ea286ff38aeadb9c92e4ca5a,adapter.d6fb24eb2acf498be47d27575136e2f2bfe988975a587e5e01b1cde26b70f2ee,RENDER_PROFILE_STATIC_DISPATCH,additive_one_sided_depth_read,False,False,effect.dimensionmaster.skill.2050230,fx_pc_swp_03.par_s_swp_chrono_wp_01.particlespriteemitter_70
cohort.17ab2ef5dc0550726888d07e88429af8a33c959a1b4de9e68bfd68b2e0c5018b,NATIVE_EVIDENCE_COHORT,9,0,DimensionMaster,1,SPRITE_PARTICLE / alpha_two_sided_depth_read,NO,program.889732271e6c5c2616f2bfa98f1f994f87341d40e47dcbba55f6c0dfc131d201,DXBC_LITERAL_TRANSLATION,,,layout-evidence.722ea43e03203227c803552974c2668cb0ae5e29a6561e0733b4291907debdb1,adapter.ba8c5893a1231d063bd6e6a238ec2493a5de4305d4b02606e06fd8b445ebd374,RENDER_PROFILE_STATIC_DISPATCH,alpha_two_sided_depth_read,False,False,effect.dimensionmaster.skill.2050160,fx_pc_swp_01.par_w_swp_overslash_01_e.particlespriteemitter_26.event_s
cohort.5e18f5cef0d9aa7b4e4f00913c23a247257305b568b8b785095f8e1acaa5cdcd,NATIVE_EVIDENCE_COHORT,9,0,DimensionMaster,1,SPRITE_PARTICLE / additive_two_sided_depth_read,NO,program.ec8dbe8f9af26e7fa971f2c98e3880b8bfaa33691e745f03a97ee7005e4c70e6,DXBC_LITERAL_TRANSLATION,,,layout-evidence.f2e8621e6c2446fc78eebcb8c6b517c54c44917bbb761c5720171429eecf6cdd,adapter.6785cb0a4b08a738870f42ddeecb6cab07113c1e7e9e881f9b3d4ed10d75ebc6,RENDER_PROFILE_STATIC_DISPATCH,additive_two_sided_depth_read,False,False,effect.dimensionmaster.skill.2050520,fx_pc_swp_02.par_r_swp_timewave_00_03.particlespriteemitter_19
cohort.be84e43ee3532d9376d176a74d116e36289805b738d7bfb2138be5df8dd23306,NATIVE_EVIDENCE_COHORT,9,0,DimensionMaster,1,SPRITE_PARTICLE / alpha_two_sided_depth_read,NO,program.8e49e836e1770e1b2ba47a5788a7347eed73709957d04ab41ee51ce20f9690ce,DXBC_LITERAL_TRANSLATION,,,layout-evidence.d002943b9625e8f3b91c0b55e29c97622e47c43579c4eac5e52abb0edf310298,adapter.ba8c5893a1231d063bd6e6a238ec2493a5de4305d4b02606e06fd8b445ebd374,RENDER_PROFILE_STATIC_DISPATCH,alpha_two_sided_depth_read,False,False,effect.dimensionmaster.skill.2050150,fx_pc_swp_00.par_j_swp_jump_00_1.particlespriteemitter_1
cohort.cbc245fa0bdb6ca603c2a0312f0c74d1e784d2add9209c3dfb64fd5bfe918ec0,NATIVE_EVIDENCE_COHORT,9,0,DimensionMaster,1,SPRITE_PARTICLE / alpha_two_sided_depth_read,NO,program.276194b3d210a3a6d65e27d9a78c454d56f22819f9d3358787cd90586e7ab056,DXBC_LITERAL_TRANSLATION,,,layout-evidence.8f031ed372169361f424109e67cb22429bbf6ea16b000473de88986f456c786e,adapter.45c071f719c8e03462b8eb155e7a015d849e6ba075ad1788591fd15179db96c7,RENDER_PROFILE_STATIC_DISPATCH,alpha_two_sided_depth_read,False,False,effect.dimensionmaster.skill.2050210,fx_pc_swp_00.par_j_swp_willowrend_swinghit_00_1.particlespriteemitter_
cohort.50eceb88f0696962725bbaf9550479621fee1761faeb56efa06e770f9c1ec67b,NATIVE_EVIDENCE_COHORT,8,0,Artist,1,LEGACY_STANDALONE_SPRITE / alpha_two_sided_depth_read,NO,program.275fc5c2b4f3fff1c9f3be9b5bc413ce8631d37ff8fc719865367f4fd0d57fc6,DXBC_LITERAL_TRANSLATION,,,layout-evidence.7ceeba0699b8e34a07fc80f3fe34090e4f5de090caa77df973cab508fd2f7ddb,adapter.e051a6fe425cf8683ab6415b524680ebd0a794185ac2be5797a91ea1dbacc2df,RENDER_PROFILE_STATIC_DISPATCH,alpha_two_sided_depth_read,False,False,effect.artist.skill.31430.authored-baseline,authored.approx.s005.sprite01
cohort.6641207cb5db8aa14c51f161e47c16e3e1414c9da3627cba65fa4d53b3412b0f,NATIVE_EVIDENCE_COHORT,8,0,DimensionMaster,1,MESH_PARTICLE / alpha_one_sided_depth_read,NO,program.38b8194fab789f82904642e56c38d60285dc918103e7b6cabb7d545a8a5cbfee,DXBC_LITERAL_TRANSLATION,,,layout-evidence.dcedc21b003456671f4f5f9c6ebbb3048af59a94ed8ded5b5754b37df8b8b45a,adapter.e532f9c29ef792bc7e8045d0a61b8ea67fe6fd5cf73e32990f9d74abfee91be9,RENDER_PROFILE_STATIC_DISPATCH,alpha_one_sided_depth_read,False,False,effect.dimensionmaster.skill.2050210,fx_pc_swp_00.par_j_swp_willowrend_swinghit_00_1.particlespriteemitter_
cohort.79d09601ef49f69f1720045de710fedca536ad22c4e9aa6ea70023c946821400,NATIVE_EVIDENCE_COHORT,8,0,DimensionMaster,1,LEGACY_STANDALONE_SPRITE / additive_two_sided_depth_read,NO,program.49cde5cd5932137e978fd883b1b17c661d9538fb7d60a13e69ba2d2664966026,DXBC_LITERAL_TRANSLATION,,,layout-evidence.3f06debc2109f1cc0385ddcff01447f61ebb2bd9a4cae2f5a64ade245c7205c5,adapter.317feba534ef735ca90e775cad01940223b3f3c5264866ee58fe7cc372eac08f,RENDER_PROFILE_STATIC_DISPATCH,additive_two_sided_depth_read,False,False,effect.dimensionmaster.skill.2050120.authored-baseline,authored.approx.s011.sprite03
cohort.89334e207020a10b541d20b6c0d47f01a7adbd632dc7d4ddf856fce0395f6b4b,NATIVE_EVIDENCE_COHORT,8,0,Warlord,1,STANDALONE_MESH / alpha_two_sided_depth_read,NO,program.8cb6e27572b4558099a512f172a023996e4965a13db4307117cd4934e3269106,DXBC_LITERAL_TRANSLATION,,,layout-evidence.f0926e4ccd5998a038d533a9b31f6e0845898aae303d7f0b33b53d3b2bdf7655,adapter.d1f80557011f9128355671e536bbcac0cf858585f0ae41e59cdb4f0e1867a8c8,RENDER_PROFILE_STATIC_DISPATCH,alpha_two_sided_depth_read,False,False,effect.warlord.skill.17090.authored-baseline,authored.approx.s001.mesh03
cohort.c2c8e3a049211333e8206209e451d9e54ab889c7553735836ab067abaf7dbe1b,NATIVE_EVIDENCE_COHORT,8,0,Warlord,1,LEGACY_STANDALONE_SPRITE / alpha_two_sided_depth_read,NO,program.8ee3610182490c376aa92f8bc9f0d4408532c52648f122d3d4371b3a5692d847,DXBC_LITERAL_TRANSLATION,,,layout-evidence.db9f502444dbed1c172b1ac1c99714167cce012d377ec13b2c987496f8d8ef36,adapter.e051a6fe425cf8683ab6415b524680ebd0a794185ac2be5797a91ea1dbacc2df,RENDER_PROFILE_STATIC_DISPATCH,alpha_two_sided_depth_read,False,False,effect.warlord.skill.17080.authored-baseline,authored.approx.s004.sprite03
cohort.d1ef13686953586f10e040b51bdd8fbeaa0a4970c25a432723dbd6ec8d3f9c7a,NATIVE_EVIDENCE_COHORT,8,0,Warlord,1,STANDALONE_MESH / additive_two_sided_depth_read,NO,program.4ad5b894ed3441c0b04d1dbfcb41246fa127b8a7058793414fc798966303ce08,DXBC_LITERAL_TRANSLATION,,,layout-evidence.197577804d4bb4711b4701be480affb9ba307ddf3d3e2a72751a0da14c6fbbd0,adapter.4df701a4e1e831e52d3a7aefeac0d60104983de87bb811d03aa209ccc7f46590,RENDER_PROFILE_STATIC_DISPATCH,additive_two_sided_depth_read,False,False,effect.warlord.skill.17080.authored-baseline.clip2,authored.approx.s004.mesh01
cohort.d7c2eca57d2cadcabb6a24f8a72d9467166b4d77bdf65b082a05b23cba702d86,NATIVE_EVIDENCE_COHORT,8,0,Artist|DimensionMaster|LanceMaster|Warlord,4,LEGACY_STANDALONE_SPRITE / additive_two_sided_depth_read,NO,program.4f14fc95d56deefacc01a442099859cb8aea07292906e596b372a03127828c98,DXBC_LITERAL_TRANSLATION,,,layout-evidence.739e90c95f9d46f536a8cdb5f68e99e504539a0c5079140621f0b49f4b44271f,adapter.5ddcd0db5dd16507df3bec2a88f0ac1ba3ee34450c82d29216ed1083effab06c,RENDER_PROFILE_STATIC_DISPATCH,additive_two_sided_depth_read,False,False,effect.lancemaster.skill.34610.authored-baseline,authored.approx.s001.sprite01
cohort.83fa2edca76e7ed58eb613ffd833edc9827c3acadfce5342cf6c6c4658627da0,NATIVE_EVIDENCE_COHORT,7,0,Artist|DimensionMaster|LanceMaster|Warlord,4,STANDALONE_MESH / alpha_two_sided_depth_read,NO,program.0f70812d9a14d91fb975593a4b7bac70a8c0772e6657ea31b18756d65ec00d1a,DXBC_LITERAL_TRANSLATION,,,layout-evidence.c7660a43d2520124528f9d95cda174d0bcab3a20841659c3c1ce38651f90bfd5,adapter.d1f80557011f9128355671e536bbcac0cf858585f0ae41e59cdb4f0e1867a8c8,RENDER_PROFILE_STATIC_DISPATCH,alpha_two_sided_depth_read,False,False,effect.artist.skill.31930.authored-baseline.clip2,authored.approx.s014.mesh04
cohort.95faab77046c925f2cc688ce649db70f60eeaac5a6d72f10b6a8efe379f7a7b1,NATIVE_EVIDENCE_COHORT,7,0,DimensionMaster,1,MESH_PARTICLE / alpha_two_sided_depth_read,NO,program.f06eb49027525226c7b9a51be6e85e94f144c8b1fbc70a3cbcb5dc496e17757a,DXBC_LITERAL_TRANSLATION,,,layout-evidence.554872475628be7ff3161a2cd3b0958b3d4249e688577858d502a23488535109,adapter.cdd1d6578205cf5d29b2f74c99dceb6385159f496a3ba920244d860784ddc057,RENDER_PROFILE_STATIC_DISPATCH,alpha_two_sided_depth_read,False,False,effect.dimensionmaster.skill.2050540,fx_pc_swp_04.par_m_swp_tw_exp_01.particlespriteemitter_7
cohort.ed1eecf540d95b1dfb9fd5ef20b811b3ce0495e1e0f22b5854cd12393beff75b,NATIVE_EVIDENCE_COHORT,7,0,DimensionMaster,1,SPRITE_PARTICLE / alpha_one_sided_depth_read,NO,program.67ec10f3add6f25a3454ec03af31f0e9892386ea93dce8999a3bfaac90019a08,DXBC_LITERAL_TRANSLATION,,,layout-evidence.95e510eb187c3f6069a6a4702dd3ccfd61016543c435ddd7d2c1a8f595a0d12b,adapter.bb2789457906f2177219ba00f477bafae97fd395aff5fc1b16a8dec9c87c24a7,RENDER_PROFILE_STATIC_DISPATCH,alpha_one_sided_depth_read,False,False,effect.dimensionmaster.skill.2050240,fx_pc_swp_01.par_w_swp_jump_01_1.particlespriteemitter_3
cohort.fbe54f91635fe0d636662a518d6dfbf5ca28dae7fce858439dc23e1a50b42851,NATIVE_EVIDENCE_COHORT,7,0,DimensionMaster,1,SPRITE_PARTICLE / alpha_two_sided_depth_read,NO,program.8428ab09869d16b9f8f0e4e88fe1c939d8e26ebea0999872ac2cb7ba1690362a,DXBC_LITERAL_TRANSLATION,,,layout-evidence.fc57fc46adff362e891f7ac2bb89a5ddb59af8ab064f1af73d19b1fc55c9a64e,adapter.2b2c75d118047e7a68f6aea208a43e93a310aa520e9616539498a5b8b9af2f00,RENDER_PROFILE_STATIC_DISPATCH,alpha_two_sided_depth_read,False,False,effect.dimensionmaster.skill.2050210,fx_pc_swp_00.par_j_swp_willowrend_swinghit_00_1.particlespriteemitter_
cohort.38b057d40beb6a93e6da919f9ab0a72d941567c93a41fe2bc6cb6ecb2018152d,NATIVE_EVIDENCE_COHORT,6,0,LanceMaster,1,STANDALONE_MESH / additive_two_sided_depth_read,NO,program.a268ed1924e206f4a4fe4bdb065aad01ca0bc749267531e92bde0dfed97d89fa,DXBC_LITERAL_TRANSLATION,,,layout-evidence.64a2f61806a0979b46878eb20eac1fb1cbfba4b281163a42c482bc2c75521b3d,adapter.4df701a4e1e831e52d3a7aefeac0d60104983de87bb811d03aa209ccc7f46590,RENDER_PROFILE_STATIC_DISPATCH,additive_two_sided_depth_read,False,False,effect.lancemaster.skill.34540.authored-baseline,authored.approx.s005.mesh03
cohort.619eec39d74907f7605fa3121a995b9f10ffda79910311c85f8eb5de69df7a12,NATIVE_EVIDENCE_COHORT,6,0,DimensionMaster,1,SPRITE_PARTICLE / alpha_one_sided_depth_read,NO,program.c545a56d78c140a8bbbf896d02bdb48d77d7b55b0a2ab69bbf632b1aae5aaa13,DXBC_LITERAL_TRANSLATION,,,layout-evidence.05793498e310142b4d4f5012f753da5670acc3ea5f9cfb3db3351631f97e9fe1,adapter.eb393e58723d1d02c24fca9ea00cc53ae33edc6bc11e9164bc18da2ba4524fb8,RENDER_PROFILE_STATIC_DISPATCH,alpha_one_sided_depth_read,False,False,effect.dimensionmaster.skill.2050520,fx_pc_swp_02.par_r_swp_timewave_00_03.particlespriteemitter_13
cohort.b87c4d6585779d317ed9fb735d65ba4ff897fda2e0df1df27ec79c8503280499,NATIVE_EVIDENCE_COHORT,6,0,DimensionMaster,1,SPRITE_PARTICLE / alpha_one_sided_depth_read,NO,program.5ecd53c252de85fb7ff1f8391b993fc2e348832eb95f45604fff4c91d5e57d71,DXBC_LITERAL_TRANSLATION,,,layout-evidence.741107ea37fa952cfb2707bf89dd650f001811477297fb6ebc8e08fda88b3172,adapter.bb2789457906f2177219ba00f477bafae97fd395aff5fc1b16a8dec9c87c24a7,RENDER_PROFILE_STATIC_DISPATCH,alpha_one_sided_depth_read,False,False,effect.dimensionmaster.skill.2050210,fx_pc_swp_00.par_j_swp_willowrend_core_00_1.particlespriteemitter_23.e
cohort.3c49970f2c01893a49e5a8aaa6104322844185a05047c03c2fe31181c4983179,NATIVE_EVIDENCE_COHORT,5,0,Warlord,1,STANDALONE_MESH / additive_two_sided_depth_read,NO,program.d3358b7d08b114fdad2efab064fbdafb7b961861f09f4cf8107d8e69add15134,DXBC_LITERAL_TRANSLATION,,,layout-evidence.26d26786d23d14feaca5da145c5d9d964b439a083dfaa0e72d6630dc41d178a5,adapter.4df701a4e1e831e52d3a7aefeac0d60104983de87bb811d03aa209ccc7f46590,RENDER_PROFILE_STATIC_DISPATCH,additive_two_sided_depth_read,False,False,effect.warlord.skill.17250.authored-baseline.clip2,authored.approx.s030.mesh05
cohort.7c34d76ed1837c168bfc7c7152cf41c305eedb3d12851c1cf6f2f372a53cca37,NATIVE_EVIDENCE_COHORT,5,0,DimensionMaster,1,SPRITE_PARTICLE / additive_one_sided_depth_read,NO,program.4ab6cb31e20dde14e9a65e25932574db5b9b58f09e62dc1cb34ec74c4e344add,DXBC_LITERAL_TRANSLATION,,,layout-evidence.9b5e23941fa1515788bdd7b74c0f88ca58da400dbad66ad113fe6119de752295,adapter.1cc834775c89afac9ee890b48ea86fc9ff69babc9962d5d26b88957d2a243615,RENDER_PROFILE_STATIC_DISPATCH,additive_one_sided_depth_read,False,False,effect.dimensionmaster.skill.2050120,fx_pc_swp_05.par_k_swp_tentdevider_atk_00_03.particlespriteemitter_0.e
cohort.81038029e3c752154e9d121ceaafbaf50400f893368cde7c1128850e14528ff9,NATIVE_EVIDENCE_COHORT,5,0,DimensionMaster,1,MESH_PARTICLE / alpha_two_sided_depth_read,NO,program.60fac1c4b053abd3b297fff09e654cbc31a42a49b51d027aa84c7013e56d1386,DXBC_LITERAL_TRANSLATION,,,layout-evidence.f8b66e2b65915dcbac3c9b95b4a39a90dc04ef6874ad02a42e8075df1ff2ca1c,adapter.cdd1d6578205cf5d29b2f74c99dceb6385159f496a3ba920244d860784ddc057,RENDER_PROFILE_STATIC_DISPATCH,alpha_two_sided_depth_read,False,False,effect.dimensionmaster.skill.2050550,fx_pc_swp_03.par_s_swp_instance_atk_01.particlespriteemitter_3
cohort.863a28b6307174900fdfed98845fe004c971a175b695a1412a5670b1b44675da,NATIVE_EVIDENCE_COHORT,5,0,DimensionMaster,1,MESH_PARTICLE / alpha_two_sided_depth_read,NO,program.3c4e2edde6ba6aa0a25663913f84521bcd3c76d2d10f5be1e9b68aa3a7311ed0,DXBC_LITERAL_TRANSLATION,,,layout-evidence.022c7a71363954284261d124383cdac29787f5889bc71334a5970ba6b2fcb4b3,adapter.cdd1d6578205cf5d29b2f74c99dceb6385159f496a3ba920244d860784ddc057,RENDER_PROFILE_STATIC_DISPATCH,alpha_two_sided_depth_read,False,False,effect.dimensionmaster.skill.2050210,fx_pc_swp_00.par_j_swp_willowrend_swinghit_00_1.particlespriteemitter_
cohort.b1baecd10142c64dd8f187f061ddfe4b4d421350f89575422944df74fe8ff614,NATIVE_EVIDENCE_COHORT,5,0,LanceMaster,1,SPRITE_PARTICLE / alpha_two_sided_depth_read,NO,program.1e88bf9eef12bd372be38bafcc16304745a4a1abf4152a793d7e1dd2f2b8470d,DXBC_LITERAL_TRANSLATION,,,layout-evidence.bd2e4aa4a9e20f8fa8f4534ee9564f3eae41575ffb4c126cbc8f7ff7c2fce0d3,adapter.2b2c75d118047e7a68f6aea208a43e93a310aa520e9616539498a5b8b9af2f00,RENDER_PROFILE_STATIC_DISPATCH,alpha_two_sided_depth_read,False,False,effect.lancemaster.skill.34610.restoration-candidate,restore.lancemaster.34610.89a6dbd7230dfb42
cohort.04b6589ef8ea0adce69b9024f6aac88ee6b4a73b9dc9dcd316cfa7012a0539c0,NATIVE_EVIDENCE_COHORT,4,0,Artist,1,LEGACY_STANDALONE_SPRITE / alpha_two_sided_depth_read,NO,program.10a99d97ebfd880e7229c7f6a3d982c0214a6292a29f903fc2a550617c5a2e0a,DXBC_LITERAL_TRANSLATION,,,layout-evidence.64f6c579a7d12d060c3e4a8af582fe94d1ee76ccd02a0f22c8f49c9e30e023b1,adapter.e051a6fe425cf8683ab6415b524680ebd0a794185ac2be5797a91ea1dbacc2df,RENDER_PROFILE_STATIC_DISPATCH,alpha_two_sided_depth_read,False,False,effect.artist.skill.31430.authored-baseline,authored.approx.s003.sprite02
cohort.0787b6787aea1fbadc70a17dd36e947a118189e19161a2374233d4c9064b21a6,NATIVE_EVIDENCE_COHORT,4,0,DimensionMaster,1,SPRITE_PARTICLE / additive_two_sided_depth_read,NO,program.4da025b1d279eee9f3798123479f9c442da9ebf2b65441ef5b3dab79fc641705,DXBC_LITERAL_TRANSLATION,,,layout-evidence.bbc2bf17e35b3a30a8852ab43f2f5032c293bd3e16b540d06a86f9ab8256bf23,adapter.89260f2b5e4096259f73ea743803b79440919c0b05e1b1cd1fc3bc79496f03f2,RENDER_PROFILE_STATIC_DISPATCH,additive_two_sided_depth_read,False,False,effect.dimensionmaster.skill.2050540,fx_pc_swp_04.par_m_swp_tw_expground_01.particlespriteemitter_81
cohort.0d8cf0892c15d0184f2e75612bf5d36d9c6cf69817c79a0d60c14fc4943a7cc2,NATIVE_EVIDENCE_COHORT,4,0,DimensionMaster,1,LEGACY_STANDALONE_SPRITE / alpha_two_sided_depth_read,NO,program.a8a2eb3a54cd97294f1207ea2d764cde608787b24c2e4a9aa10ed8f335224972,DXBC_LITERAL_TRANSLATION,,,layout-evidence.d198623262fbae4476985ccd9e33edf6e6ce7dec5bd6a4599414e03712689454,adapter.dee8628e29b90cf1086022c1830ec919c4b754653797c7fa0374be3ebf7d8d54,RENDER_PROFILE_STATIC_DISPATCH,alpha_two_sided_depth_read,False,False,effect.dimensionmaster.skill.2050010.ba4,authored.approx.s003.sprite01
cohort.1a1dd629a62b841bf4c02b8c57ef16f0e56128db7c91ea13323d1ad441638ec4,NATIVE_EVIDENCE_COHORT,4,0,DimensionMaster|LanceMaster|Warlord,3,STANDALONE_MESH / additive_two_sided_depth_read,NO,program.e5a5a89451f954bb94b54fe0d049cc3cdca28505182d70b0faf1a273a0f7409f,DXBC_LITERAL_TRANSLATION,,,layout-evidence.d8dec3de7c030e4275f0a17ea264ae198c221f56894236ee009c809321ad64c1,adapter.4df701a4e1e831e52d3a7aefeac0d60104983de87bb811d03aa209ccc7f46590,RENDER_PROFILE_STATIC_DISPATCH,additive_two_sided_depth_read,False,False,effect.dimensionmaster.skill.2050500.authored-baseline,authored.approx.s001.mesh02
cohort.20660292e2e98a0e70eccdfdfd5a27e97576cfebbd0adf1c4144f866922d2cc0,NATIVE_EVIDENCE_COHORT,4,0,DimensionMaster,1,MESH_PARTICLE / alpha_one_sided_depth_read,NO,program.d530669f96151b1d537f92662f5862c6f4358477cf907d0842b3355dfef35cf8,DXBC_LITERAL_TRANSLATION,,,layout-evidence.d36c89cc1cb5f96553eeec73e2cb29342b59484577711324843003157250d325,adapter.e532f9c29ef792bc7e8045d0a61b8ea67fe6fd5cf73e32990f9d74abfee91be9,RENDER_PROFILE_STATIC_DISPATCH,alpha_one_sided_depth_read,False,False,effect.dimensionmaster.skill.2050210,fx_pc_swp_00.par_j_swp_willowrend_swinghit_00_1.particlespriteemitter_
cohort.22a1762b83eebb4de4c9fa3d6117435f1a3c89912ebe4d6f7021d7df4dd4616d,NATIVE_EVIDENCE_COHORT,4,0,DimensionMaster,1,SPRITE_PARTICLE / alpha_one_sided_depth_read,NO,program.e7d7c0551d18be61138c89fcdd598a1f238a8cfebd8f8689d819cfa30aba0d1c,DXBC_LITERAL_TRANSLATION,,,layout-evidence.029418deee9af6e3c3c196118f9652029c3cb4dbfe4602cd5adbfc1d30de0f51,adapter.eb393e58723d1d02c24fca9ea00cc53ae33edc6bc11e9164bc18da2ba4524fb8,RENDER_PROFILE_STATIC_DISPATCH,alpha_one_sided_depth_read,False,False,effect.dimensionmaster.skill.2050160,fx_pc_swp_01.par_w_swp_overslash_01_e.particlespriteemitter_30.event_s
cohort.246eff93de25a0dfe8c1cfb8a833f7b99c735ad2c249635524aa87081d3c1d3c,NATIVE_EVIDENCE_COHORT,4,0,Artist,1,LEGACY_STANDALONE_SPRITE / alpha_two_sided_depth_read,NO,program.889732271e6c5c2616f2bfa98f1f994f87341d40e47dcbba55f6c0dfc131d201,DXBC_LITERAL_TRANSLATION,,,layout-evidence.722ea43e03203227c803552974c2668cb0ae5e29a6561e0733b4291907debdb1,adapter.e051a6fe425cf8683ab6415b524680ebd0a794185ac2be5797a91ea1dbacc2df,RENDER_PROFILE_STATIC_DISPATCH,alpha_two_sided_depth_read,False,False,effect.artist.skill.31420.authored-baseline,authored.approx.s005.sprite02
cohort.29e5111d0dd7299158e58e4161452247e5e15b127c77ce13717e40473a8052bd,NATIVE_EVIDENCE_COHORT,4,0,Artist,1,LEGACY_STANDALONE_SPRITE / additive_two_sided_depth_read,NO,program.bc47fc1621ec71d071721ec229905f26b989beb166075ac7c45b3e557a0a6ad7,DXBC_LITERAL_TRANSLATION,,,layout-evidence.4becc598ae3afebf67c215106aeff85be7676704acdad0679baf206aae9ee9c0,adapter.5ddcd0db5dd16507df3bec2a88f0ac1ba3ee34450c82d29216ed1083effab06c,RENDER_PROFILE_STATIC_DISPATCH,additive_two_sided_depth_read,False,False,effect.artist.skill.31930.authored-baseline,authored.approx.s010.sprite02
cohort.34c005190e13b6e9f5f009cd82422b8f15b745e39573b3b19dbb5c97043c11f5,NATIVE_EVIDENCE_COHORT,4,0,DimensionMaster,1,MESH_PARTICLE / alpha_two_sided_depth_read,NO,program.b735236a6b37e37ea38ca49e9bad3e63d65596d33974bf8d895f41724daa5cc5,DXBC_LITERAL_TRANSLATION,,,layout-evidence.c7381b11f00fc079dcef78e97eb5051b438b5fdb5d8dd53fe4425f740dae0ddf,adapter.cdd1d6578205cf5d29b2f74c99dceb6385159f496a3ba920244d860784ddc057,RENDER_PROFILE_STATIC_DISPATCH,alpha_two_sided_depth_read,False,False,effect.dimensionmaster.skill.2050150,fx_pc_swp_05.par_k_swp_riftslash_atk_00_01.particlespriteemitter_5
cohort.37d52c81d4dbfcb614d29db3d2299bbe6300be092e06e1a45becff53a197cafa,NATIVE_EVIDENCE_COHORT,4,0,DimensionMaster,1,SPRITE_PARTICLE / alpha_two_sided_depth_read,NO,program.250a036ee93ff516a6a56ff9e59b3fbafe97c17efb2826b1cc9abddf5ce958bf,DXBC_LITERAL_TRANSLATION,,,layout-evidence.0869bbacd26eb484cccd5029c6902ecf94bf3d5cbb5ebb7efbf53771d82c925f,adapter.ba8c5893a1231d063bd6e6a238ec2493a5de4305d4b02606e06fd8b445ebd374,RENDER_PROFILE_STATIC_DISPATCH,alpha_two_sided_depth_read,False,False,effect.dimensionmaster.skill.2050210,fx_pc_swp_00.par_j_swp_willowrend_swinghit_00_1.particlespriteemitter_
cohort.3a276cea737613fdf3c312312556d8c8f851aafb70d79544d4e0fa28f2028dbd,NATIVE_EVIDENCE_COHORT,4,0,Warlord,1,STANDALONE_MESH / additive_two_sided_depth_read,NO,program.564150a8f822f6a44daf58c86ff71edff3cb7b8e55427ac1facc06d960166575,DXBC_LITERAL_TRANSLATION,,,layout-evidence.47f4d95faff89914f6b16b717c9c9c3ae0b9549fd1a36c1c6021f5e18786555b,adapter.4df701a4e1e831e52d3a7aefeac0d60104983de87bb811d03aa209ccc7f46590,RENDER_PROFILE_STATIC_DISPATCH,additive_two_sided_depth_read,False,False,effect.warlord.skill.17820.authored-baseline,authored.approx.s010.mesh02
cohort.4591d1a787eded8533b00fa680dc71594637c63653be8a0f4db561632c7c4f29,NATIVE_EVIDENCE_COHORT,4,0,DimensionMaster,1,LEGACY_STANDALONE_SPRITE / alpha_one_sided_depth_read,NO,program.a8a2eb3a54cd97294f1207ea2d764cde608787b24c2e4a9aa10ed8f335224972,DXBC_LITERAL_TRANSLATION,,,layout-evidence.d198623262fbae4476985ccd9e33edf6e6ce7dec5bd6a4599414e03712689454,adapter.91428acadf39720a96dd8069bf6e4359b2308cf11b3408bead143d0de024f76d,RENDER_PROFILE_STATIC_DISPATCH,alpha_one_sided_depth_read,False,False,effect.dimensionmaster.skill.2050210.authored-baseline,authored.baseline.a.hit04.sprite
cohort.4b73c45b973ead85bb0d01e9328941d6aa4836f5e009bb7e3a5e3d4c7fa82ff2,NATIVE_EVIDENCE_COHORT,4,0,DimensionMaster,1,STANDALONE_MESH / alpha_one_sided_depth_read,NO,program.38b8194fab789f82904642e56c38d60285dc918103e7b6cabb7d545a8a5cbfee,DXBC_LITERAL_TRANSLATION,,,layout-evidence.dcedc21b003456671f4f5f9c6ebbb3048af59a94ed8ded5b5754b37df8b8b45a,adapter.7b53c4bab0de1c4a826ea1376b8d48c986116585f8f28bb7f873327bcaa2e219,RENDER_PROFILE_STATIC_DISPATCH,alpha_one_sided_depth_read,False,False,effect.dimensionmaster.skill.2050210.authored-baseline,authored.baseline.a.hit02.body
cohort.4d05f3490e98d139ded2451f0810c6da324f55ae30131603bff423059ffa9911,NATIVE_EVIDENCE_COHORT,4,0,DimensionMaster,1,SPRITE_PARTICLE / alpha_two_sided_depth_read,NO,program.67ec10f3add6f25a3454ec03af31f0e9892386ea93dce8999a3bfaac90019a08,DXBC_LITERAL_TRANSLATION,,,layout-evidence.95e510eb187c3f6069a6a4702dd3ccfd61016543c435ddd7d2c1a8f595a0d12b,adapter.2b2c75d118047e7a68f6aea208a43e93a310aa520e9616539498a5b8b9af2f00,RENDER_PROFILE_STATIC_DISPATCH,alpha_two_sided_depth_read,False,False,effect.dimensionmaster.skill.2050150,fx_pc_swp_00.par_j_swp_jump_00_1.particlespriteemitter_3.event_source-
cohort.600e66d7a8b8cde7494b2dde4fec80aeb2ea976f6e911d2c85908e5ec867b88d,NATIVE_EVIDENCE_COHORT,4,0,DimensionMaster,1,LEGACY_STANDALONE_SPRITE / alpha_two_sided_depth_read,NO,program.357be03ea90e1042faa60e9abe77d96b38a8a159e7c2cc6c2e5dbb30e0088bd3,DXBC_LITERAL_TRANSLATION,,,layout-evidence.697fb9ea9fb6f8a2c143bd036f57a072dfd422c9aa91b52442950af0bd0a0b6b,adapter.e051a6fe425cf8683ab6415b524680ebd0a794185ac2be5797a91ea1dbacc2df,RENDER_PROFILE_STATIC_DISPATCH,alpha_two_sided_depth_read,False,False,effect.dimensionmaster.skill.2050120.authored-baseline.clip3,authored.approx.s006.sprite02
cohort.60cbf865475d6c2ac65313750a3bd2ffafa4c7daa596fb3837e558894d744c2f,NATIVE_EVIDENCE_COHORT,4,0,DimensionMaster,1,SPRITE_PARTICLE / alpha_two_sided_depth_read,NO,program.286662d9d7fb7e6280b04c0bc079ab554421c88c599e0202113750666f009019,DXBC_LITERAL_TRANSLATION,,,layout-evidence.aeb5fe56c226197990da32e9dc1a459413451857a3776a20c8c6cb93ef06d1b0,adapter.2b2c75d118047e7a68f6aea208a43e93a310aa520e9616539498a5b8b9af2f00,RENDER_PROFILE_STATIC_DISPATCH,alpha_two_sided_depth_read,False,False,effect.dimensionmaster.skill.2050230,fx_pc_swp_03.par_s_swp_chrono_rewind_02.particlespriteemitter_36
cohort.68adca1c1e58888c85f2c731a4ee2ec75985310b0daa61da2ac25908fc38f9ca,NATIVE_EVIDENCE_COHORT,4,0,DimensionMaster,1,STANDALONE_MESH / alpha_two_sided_depth_read,NO,program.3c4e2edde6ba6aa0a25663913f84521bcd3c76d2d10f5be1e9b68aa3a7311ed0,DXBC_LITERAL_TRANSLATION,,,layout-evidence.022c7a71363954284261d124383cdac29787f5889bc71334a5970ba6b2fcb4b3,adapter.d1f80557011f9128355671e536bbcac0cf858585f0ae41e59cdb4f0e1867a8c8,RENDER_PROFILE_STATIC_DISPATCH,alpha_two_sided_depth_read,False,False,effect.dimensionmaster.skill.2050210.authored-baseline,authored.baseline.a.hit01.white-echo
cohort.812a57185086cdd9cff4a5b235f68a1b6c0bbd3eb525159f6b6f3ee67a95060a,NATIVE_EVIDENCE_COHORT,4,0,DimensionMaster,1,STANDALONE_MESH / alpha_two_sided_depth_read,NO,program.60fac1c4b053abd3b297fff09e654cbc31a42a49b51d027aa84c7013e56d1386,DXBC_LITERAL_TRANSLATION,,,layout-evidence.f8b66e2b65915dcbac3c9b95b4a39a90dc04ef6874ad02a42e8075df1ff2ca1c,adapter.d1f80557011f9128355671e536bbcac0cf858585f0ae41e59cdb4f0e1867a8c8,RENDER_PROFILE_STATIC_DISPATCH,alpha_two_sided_depth_read,False,False,effect.dimensionmaster.skill.2050540.authored-baseline,authored.approx.s012.mesh02
cohort.813d2d2a4fbe1f1c113f144b71b623ff01c6c6e012dfc3efe1332fcdcaa6ccc6,NATIVE_EVIDENCE_COHORT,4,0,Warlord,1,LEGACY_STANDALONE_SPRITE / alpha_two_sided_depth_read,NO,program.08fdf999cc55e9cb62b5aaa7a252cc14560ba5772dc9a27a91e2db4726bb1e2d,DXBC_LITERAL_TRANSLATION,,,layout-evidence.8cb2e50e408b160612e0c30e773c030863de0f0f986e5e78455dfa9835fdf1d7,adapter.e051a6fe425cf8683ab6415b524680ebd0a794185ac2be5797a91ea1dbacc2df,RENDER_PROFILE_STATIC_DISPATCH,alpha_two_sided_depth_read,False,False,effect.warlord.skill.17250.authored-baseline.clip2,authored.approx.s020.sprite03
cohort.820ec8d52476a7b95148c07b13eab40f5c047d3bf4d21a952d8379afe9c8a404,NATIVE_EVIDENCE_COHORT,4,0,DimensionMaster,1,STANDALONE_MESH / alpha_two_sided_depth_read,NO,program.f06eb49027525226c7b9a51be6e85e94f144c8b1fbc70a3cbcb5dc496e17757a,DXBC_LITERAL_TRANSLATION,,,layout-evidence.554872475628be7ff3161a2cd3b0958b3d4249e688577858d502a23488535109,adapter.d1f80557011f9128355671e536bbcac0cf858585f0ae41e59cdb4f0e1867a8c8,RENDER_PROFILE_STATIC_DISPATCH,alpha_two_sided_depth_read,False,False,effect.dimensionmaster.skill.2050540.authored-baseline,authored.approx.s011.mesh04
cohort.854e84f468d54f522fe7812a006fddfdd7e0aa97da274fcc9c3b095ae4a178cb,NATIVE_EVIDENCE_COHORT,4,0,DimensionMaster,1,SPRITE_PARTICLE / additive_one_sided_depth_read,NO,program.49cde5cd5932137e978fd883b1b17c661d9538fb7d60a13e69ba2d2664966026,DXBC_LITERAL_TRANSLATION,,,layout-evidence.ef7d66603729b27edcad4dd2d3b0904be890cad7421b5b231ef2767c0bb0125a,adapter.7a3263db47e6a3d00d91a72331a219fb00ca1fe0fac3deb574940660cff69157,RENDER_PROFILE_STATIC_DISPATCH,additive_one_sided_depth_read,False,False,effect.dimensionmaster.skill.2050120,fx_pc_swp_05.par_k_swp_tentdevider_atk_00_03.particlespriteemitter_15.
cohort.9add78869b514e4f368efbae25718ed96b17a31fe56c52e1c0b82e28bd0d73d5,NATIVE_EVIDENCE_COHORT,4,0,Artist,1,LEGACY_STANDALONE_SPRITE / additive_two_sided_depth_read,NO,program.fbb03b7d14e4e769e10746243950aec6f5f89c3b277e40102ff6ce3d4a0b60f3,DXBC_LITERAL_TRANSLATION,,,layout-evidence.6537427df92150c5b9eda632b317999a1d584adff47b8c640bbfc3f10bfc929d,adapter.ff3e4f2ea2bf746ed88f74dd01d9b8cbdea5a49311ebdc2a7c26f278ecce3c1c,RENDER_PROFILE_STATIC_DISPATCH,additive_two_sided_depth_read,False,False,effect.artist.skill.31930.authored-baseline.clip2,authored.approx.s013.sprite03
cohort.9dd1b0701f968b9328ee6b691991505304d0ea33b30c345670a1fb63274e2186,NATIVE_EVIDENCE_COHORT,4,0,DimensionMaster,1,SPRITE_PARTICLE / additive_two_sided_depth_read,NO,program.25ab0211a7a032b88b507e1b3e0619c8111f9f02d97511c073c019c0c9b48bcb,DXBC_LITERAL_TRANSLATION,,,layout-evidence.6eb8dacc2dd8ceeb7d2bc849ce99cdea4ac321e59b86472bb58b94ca58060940,adapter.53a367d260c7528a67e531c65aa4b935c96a389292a8709f7d2c32b23ee4e2c4,RENDER_PROFILE_STATIC_DISPATCH,additive_two_sided_depth_read,False,False,effect.dimensionmaster.skill.2050540,fx_pc_swp_04.par_m_swp_tw_s2_hand_deco_01.particlespriteemitter_5
cohort.a18c73eace7fa8e52597ab7d00f5cd41207a31fb4137bbb49e16bf2e962c5acf,NATIVE_EVIDENCE_COHORT,4,0,DimensionMaster,1,MESH_PARTICLE / alpha_two_sided_depth_read,NO,program.2c2b30c7ac12729edf096dcc0a452b24992d8dbb5afd3ea696f07caf1d736311,DXBC_LITERAL_TRANSLATION,,,layout-evidence.ccb44f6833fff902727de6305e6b72e3c13a892849ce04d2bb11439aab684746,adapter.cdd1d6578205cf5d29b2f74c99dceb6385159f496a3ba920244d860784ddc057,RENDER_PROFILE_STATIC_DISPATCH,alpha_two_sided_depth_read,False,False,effect.dimensionmaster.skill.2050210,fx_pc_swp_00.par_j_swp_willowrend_swinghit_00_1.particlespriteemitter_
cohort.a64e7aa88942aa8e4cead24a055669d1acbe67d491a9bac38b1b21be73413e65,NATIVE_EVIDENCE_COHORT,4,0,DimensionMaster,1,SPRITE_PARTICLE / alpha_one_sided_depth_read,NO,program.942a74ab25e07d02e6cf5528cc85339f42778622eb2dfefadd4bede83260ac00,DXBC_LITERAL_TRANSLATION,,,layout-evidence.78f407b0bc9a51c6303efe32c5c8fc154eaafb4a53a9c80fce66a9c0207e63bd,adapter.bfd80f9d70ca306a7e870fee98b30dba2275b1dd02db47395b58dac672961429,RENDER_PROFILE_STATIC_DISPATCH,alpha_one_sided_depth_read,False,False,effect.dimensionmaster.skill.2050120,fx_pc_swp_05.par_k_swp_tentdevider_atk_00_03.particlespriteemitter_23.
cohort.c0d724c3f579d84943e0e616824cd0a40fdbac9c35fb625ea20a150fbbf50d73,NATIVE_EVIDENCE_COHORT,4,0,DimensionMaster,1,STANDALONE_MESH / alpha_two_sided_depth_read,NO,program.38b8194fab789f82904642e56c38d60285dc918103e7b6cabb7d545a8a5cbfee,DXBC_LITERAL_TRANSLATION,,,layout-evidence.dcedc21b003456671f4f5f9c6ebbb3048af59a94ed8ded5b5754b37df8b8b45a,adapter.d1f80557011f9128355671e536bbcac0cf858585f0ae41e59cdb4f0e1867a8c8,RENDER_PROFILE_STATIC_DISPATCH,alpha_two_sided_depth_read,False,False,effect.dimensionmaster.skill.2050010.ba2,authored.approx.s001.mesh01
cohort.d22cc7771d8084167946f2e58d0fbf87158bc3b1317e4e61f1b336a43294dec2,NATIVE_EVIDENCE_COHORT,4,0,DimensionMaster,1,SPRITE_PARTICLE / additive_two_sided_depth_read,NO,program.d6dbc4cf16ae27d35f519b7c1f1752f72c695d9ef6f0847cb9013ac0f34011dd,DXBC_LITERAL_TRANSLATION,,,layout-evidence.44cfdf621ca8e9c5be32842620a40795b33f3c6e45297f81575cdb17b61d2669,adapter.89260f2b5e4096259f73ea743803b79440919c0b05e1b1cd1fc3bc79496f03f2,RENDER_PROFILE_STATIC_DISPATCH,additive_two_sided_depth_read,False,False,effect.dimensionmaster.skill.2050540,fx_pc_swp_04.par_m_swp_tw_s2_world_background_01_test_0.particlesprite
cohort.e40282ec918ca419d8d5436d0ec79ee7ab6ac30a414e430014b2f03e694bf564,NATIVE_EVIDENCE_COHORT,4,0,DimensionMaster,1,SPRITE_PARTICLE / additive_one_sided_depth_read,NO,program.d6dbc4cf16ae27d35f519b7c1f1752f72c695d9ef6f0847cb9013ac0f34011dd,DXBC_LITERAL_TRANSLATION,,,layout-evidence.44cfdf621ca8e9c5be32842620a40795b33f3c6e45297f81575cdb17b61d2669,adapter.9d709e7b7c8fe01ae9913c67a40149ba19d1673da3a1839c5b4e03ff3ea0667a,RENDER_PROFILE_STATIC_DISPATCH,additive_one_sided_depth_read,False,False,effect.dimensionmaster.skill.2050120,fx_pc_swp_05.par_k_swp_tentdevider_atk_00_01.particlespriteemitter_119
cohort.e5ec535892ec724023eb740dee607a9f6b036f4731e10bc521573481e403033f,NATIVE_EVIDENCE_COHORT,4,0,DimensionMaster,1,STANDALONE_MESH / alpha_one_sided_depth_read,NO,program.d530669f96151b1d537f92662f5862c6f4358477cf907d0842b3355dfef35cf8,DXBC_LITERAL_TRANSLATION,,,layout-evidence.d36c89cc1cb5f96553eeec73e2cb29342b59484577711324843003157250d325,adapter.7b53c4bab0de1c4a826ea1376b8d48c986116585f8f28bb7f873327bcaa2e219,RENDER_PROFILE_STATIC_DISPATCH,alpha_one_sided_depth_read,False,False,effect.dimensionmaster.skill.2050210.authored-baseline,authored.baseline.a.hit01.rim
cohort.e7657933e8af3d56a6cafaa03dbf6805f4e7d928845ddcc3284d07a4c15ca3ac,NATIVE_EVIDENCE_COHORT,4,0,DimensionMaster,1,MESH_PARTICLE / additive_two_sided_depth_read,NO,program.98eb69b6401a824bffae8671ce2746f92e519a4e8935f5a980af55c3002d13eb,DXBC_LITERAL_TRANSLATION,,,layout-evidence.143140501d579eda59f57f5b7548094ee56dd70a82f1cdd05e46cc05a4299218,adapter.4217aabcb3c9d07f49c24b213da7885664af59cbdf988046f2221c60d079cbfa,RENDER_PROFILE_STATIC_DISPATCH,additive_two_sided_depth_read,False,False,effect.dimensionmaster.skill.2050540,fx_pc_swp_04.par_m_swp_tw_exp_01.particlespriteemitter_19
cohort.07ec6dbeb31d5affa5021d5f1cc31fc36745a98e8dd1663c2fa0315f42dce041,NATIVE_EVIDENCE_COHORT,3,0,DimensionMaster,1,LEGACY_STANDALONE_SPRITE / additive_two_sided_depth_read,NO,program.25ab0211a7a032b88b507e1b3e0619c8111f9f02d97511c073c019c0c9b48bcb,DXBC_LITERAL_TRANSLATION,,,layout-evidence.6eb8dacc2dd8ceeb7d2bc849ce99cdea4ac321e59b86472bb58b94ca58060940,adapter.317feba534ef735ca90e775cad01940223b3f3c5264866ee58fe7cc372eac08f,RENDER_PROFILE_STATIC_DISPATCH,additive_two_sided_depth_read,False,False,effect.dimensionmaster.skill.2050540.authored-baseline,authored.approx.s005.sprite03
cohort.112206a2a4ef2d69ee409d987ec2eface7ed9bb2eafeb25fc129678faf3a9305,NATIVE_EVIDENCE_COHORT,3,0,DimensionMaster,1,SPRITE_PARTICLE / alpha_two_sided_depth_read,NO,program.276194b3d210a3a6d65e27d9a78c454d56f22819f9d3358787cd90586e7ab056,DXBC_LITERAL_TRANSLATION,,,layout-evidence.8f031ed372169361f424109e67cb22429bbf6ea16b000473de88986f456c786e,adapter.a0db127f797e7cf93586bf7ebf61092fe02deb64ae4cc0c58e801910f84ce6ff,RENDER_PROFILE_STATIC_DISPATCH,alpha_two_sided_depth_read,False,False,effect.dimensionmaster.skill.2050010.ba2.unified,authored.source-particle.7823110ed221a2329cb06536
cohort.123cbecfe7c6fcc772bc0fa9421eac1e3a871ec2242b36b87bab4252d8c41fce,NATIVE_EVIDENCE_COHORT,3,0,DimensionMaster,1,SPRITE_PARTICLE / additive_one_sided_depth_read,NO,program.fbb03b7d14e4e769e10746243950aec6f5f89c3b277e40102ff6ce3d4a0b60f3,DXBC_LITERAL_TRANSLATION,,,layout-evidence.6537427df92150c5b9eda632b317999a1d584adff47b8c640bbfc3f10bfc929d,adapter.d6fb24eb2acf498be47d27575136e2f2bfe988975a587e5e01b1cde26b70f2ee,RENDER_PROFILE_STATIC_DISPATCH,additive_one_sided_depth_read,False,False,effect.dimensionmaster.skill.2050520,fx_bs_04.state.par_j_exmove_01.particlespriteemitter_0
cohort.1e3defe833c986ce98f744dcfbc057fa5874fca4c95afae4713f608cfb7b01d7,NATIVE_EVIDENCE_COHORT,3,0,Warlord,1,LEGACY_STANDALONE_SPRITE / alpha_two_sided_depth_read,NO,program.682d3ef8774dad79f41986dca3b12526f1a2d4565782cae482436ffc29bac68d,DXBC_LITERAL_TRANSLATION,,,layout-evidence.9255b2807b5c9eeddf3b844c1661cef91da750e27c0296066f0099508169b65e,adapter.e051a6fe425cf8683ab6415b524680ebd0a794185ac2be5797a91ea1dbacc2df,RENDER_PROFILE_STATIC_DISPATCH,alpha_two_sided_depth_read,False,False,effect.warlord.skill.17240.ba1,authored.approx.s002.sprite02
cohort.209e62886043f957adb884cd39303061edf0767e9a5063abad90c3cb97ca9b93,NATIVE_EVIDENCE_COHORT,3,0,DimensionMaster,1,SPRITE_PARTICLE / additive_two_sided_depth_read,NO,program.ec8dbe8f9af26e7fa971f2c98e3880b8bfaa33691e745f03a97ee7005e4c70e6,DXBC_LITERAL_TRANSLATION,,,layout-evidence.f2e8621e6c2446fc78eebcb8c6b517c54c44917bbb761c5720171429eecf6cdd,adapter.f487ab293a057b3205996cdb34823fac6cc433bd999da08758899d285affc702,RENDER_PROFILE_STATIC_DISPATCH,additive_two_sided_depth_read,False,False,effect.dimensionmaster.skill.2050540,fx_pc_swp_04.par_m_swp_tw_exp_01.particlespriteemitter_0
cohort.25a6c9c763a0567f3b4896dda018ef66133850487c8bb52fdfb45345d6fab584,NATIVE_EVIDENCE_COHORT,3,0,DimensionMaster,1,SPRITE_PARTICLE / alpha_two_sided_depth_read,NO,program.bfcecee81634c27e8fdc732b7a8ff11029da91ff7442f5384ce5d4e58b5f7b7a,DXBC_LITERAL_TRANSLATION,,,layout-evidence.73e5ae1dce838e38efb3b9aa2923831cdd477fad3d01910822c66fb697bbac2e,adapter.ba8c5893a1231d063bd6e6a238ec2493a5de4305d4b02606e06fd8b445ebd374,RENDER_PROFILE_STATIC_DISPATCH,alpha_two_sided_depth_read,False,False,effect.dimensionmaster.skill.2050540,fx_pc_swp_04.par_m_swp_tw_expground_01.particlespriteemitter_29
cohort.2bab0e71d4aa0f0cf42d57e315544760665922bf78316bee89f00c0a0cbc34af,NATIVE_EVIDENCE_COHORT,3,0,Warlord,1,LEGACY_STANDALONE_SPRITE / alpha_two_sided_depth_read,NO,program.1b0f9b40d6150befd7f5afb0b753873473a968cf8e88d1a118bc29a26919b4cd,DXBC_LITERAL_TRANSLATION,,,layout-evidence.69222e2575022a453e3af21f908f2e5ccaeb4cff239ab1c35a51fcfe523184c8,adapter.e051a6fe425cf8683ab6415b524680ebd0a794185ac2be5797a91ea1dbacc2df,RENDER_PROFILE_STATIC_DISPATCH,alpha_two_sided_depth_read,False,False,effect.warlord.skill.17140.authored-baseline,authored.approx.s013.sprite03
cohort.3d66e677d7ceb3dfcae7223a489a7f79e98c0f925d0c9d3dfb196fc55cd35cbd,NATIVE_EVIDENCE_COHORT,3,0,DimensionMaster,1,LEGACY_STANDALONE_SPRITE / alpha_two_sided_depth_read,NO,program.bfcecee81634c27e8fdc732b7a8ff11029da91ff7442f5384ce5d4e58b5f7b7a,DXBC_LITERAL_TRANSLATION,,,layout-evidence.73e5ae1dce838e38efb3b9aa2923831cdd477fad3d01910822c66fb697bbac2e,adapter.e051a6fe425cf8683ab6415b524680ebd0a794185ac2be5797a91ea1dbacc2df,RENDER_PROFILE_STATIC_DISPATCH,alpha_two_sided_depth_read,False,False,effect.dimensionmaster.skill.2050540.authored-baseline,authored.approx.s010.sprite01
cohort.407fcb6b2cadb3979e49b2c2361d0fd06830ba232452daed866a066a7c2c736a,NATIVE_EVIDENCE_COHORT,3,0,Warlord,1,LEGACY_STANDALONE_SPRITE / additive_two_sided_depth_read,NO,program.396db27813519e8784d917a857a4424a8415ea23dcac70a1233a8b296d463fe3,DXBC_LITERAL_TRANSLATION,,,layout-evidence.34f991bd7e934020df974fae872ccae4a690efbb6ac9dbf1342abe5418e8ddff,adapter.1f6585de5a568228fd1346e6b73ab42d2959aa0a0bc26346d8a8561055f4532c,RENDER_PROFILE_STATIC_DISPATCH,additive_two_sided_depth_read,False,False,effect.warlord.skill.17140.authored-baseline,authored.approx.s004.sprite01
cohort.4c0af1cbd348f22a0accec00766863dec91de48daee555a56d9938e3696a6093,NATIVE_EVIDENCE_COHORT,3,0,DimensionMaster,1,LEGACY_STANDALONE_SPRITE / additive_two_sided_depth_read,NO,program.d6dbc4cf16ae27d35f519b7c1f1752f72c695d9ef6f0847cb9013ac0f34011dd,DXBC_LITERAL_TRANSLATION,,,layout-evidence.44cfdf621ca8e9c5be32842620a40795b33f3c6e45297f81575cdb17b61d2669,adapter.5ddcd0db5dd16507df3bec2a88f0ac1ba3ee34450c82d29216ed1083effab06c,RENDER_PROFILE_STATIC_DISPATCH,additive_two_sided_depth_read,False,False,effect.dimensionmaster.skill.2050540.authored-baseline,authored.approx.s007.sprite02
cohort.5c56e9d61ab2c10ed48ba204d64f9f7fdaf9ebf796b77d99e314f9895a264271,NATIVE_EVIDENCE_COHORT,3,0,DimensionMaster,1,SPRITE_PARTICLE / additive_two_sided_depth_read,NO,program.4954626a7d02b2450b53a356190e2710d9c3e8ef715819b7da5f57d809c225b5,DXBC_LITERAL_TRANSLATION,,,layout-evidence.44d3289eed635a4acbb90a10ecdaf47107d5582c766ae7f10982c1fed3901909,adapter.f487ab293a057b3205996cdb34823fac6cc433bd999da08758899d285affc702,RENDER_PROFILE_STATIC_DISPATCH,additive_two_sided_depth_read,False,False,effect.dimensionmaster.skill.2050190,fx_pc_swp_04.par_m_swp_vt_exp_hit_01.particlespriteemitter_227
cohort.5d455f024912a713125858d975ba5d067c73ea8b341fd8746ed34dd34a941e56,NATIVE_EVIDENCE_COHORT,3,0,Artist|DimensionMaster,2,LEGACY_STANDALONE_SPRITE / additive_two_sided_depth_read,NO,program.66b4c799ff94507e92ebb436363c058db160fbfdca3855e88d13b0958fc29de9,DXBC_LITERAL_TRANSLATION,,,layout-evidence.7f12813fdc53c893f7a90a33afff4c89c270616f9ed0ac85a9472941bdd7d820,adapter.ff3e4f2ea2bf746ed88f74dd01d9b8cbdea5a49311ebdc2a7c26f278ecce3c1c,RENDER_PROFILE_STATIC_DISPATCH,additive_two_sided_depth_read,False,False,effect.artist.skill.31930.authored-baseline,authored.approx.s014.sprite03
cohort.8fb16e3670416b85fa91ac336ade4ef0f7e3079b22db2002cbab6047e6b5738c,NATIVE_EVIDENCE_COHORT,3,0,Artist|Warlord,2,STANDALONE_MESH / alpha_two_sided_depth_read,NO,program.7c7c3fedeb2f69c8f13e11c057b526708d9591ed81e8a2bb844643b84aa52812,DXBC_LITERAL_TRANSLATION,,,layout-evidence.24dec4b0d036e8b1bfa9c2cc328533663262ac20533573b29c61b5b0ed708504,adapter.d1f80557011f9128355671e536bbcac0cf858585f0ae41e59cdb4f0e1867a8c8,RENDER_PROFILE_STATIC_DISPATCH,alpha_two_sided_depth_read,False,False,effect.artist.skill.31910.authored-baseline,authored.approx.s011.mesh01
cohort.a9ddf2f65f1a3425e0a1f04a078fb2e9821dca9c1f6ed76ac7dc630f9ef0d369,NATIVE_EVIDENCE_COHORT,3,0,Warlord,1,STANDALONE_MESH / additive_two_sided_depth_read,NO,program.e5c776ecaddc2ab1ae347df53d84f2062f2824893c2176b436511d57f663a40a,DXBC_LITERAL_TRANSLATION,,,layout-evidence.f7179ccb1e76119046fbb4cae189f1b94b226fa5396a39ddefb0f257c43783ed,adapter.4df701a4e1e831e52d3a7aefeac0d60104983de87bb811d03aa209ccc7f46590,RENDER_PROFILE_STATIC_DISPATCH,additive_two_sided_depth_read,False,False,effect.warlord.skill.17140.authored-baseline,authored.approx.s014.mesh01
cohort.cb25554e575f8956b2c17abc11d067fae9bf4770810d1f39ade5c5dcdf706171,NATIVE_EVIDENCE_COHORT,3,0,DimensionMaster,1,SPRITE_PARTICLE / alpha_two_sided_depth_read,NO,program.bb8952d848c87f0f575ec0e5661f996ad00299a11c3aedb8a260d5a74282f4e1,DXBC_LITERAL_TRANSLATION,,,layout-evidence.de6545af94448baa532ea7afc959fdd50596e7b684cd1876b40f59b2b34666e7,adapter.2b2c75d118047e7a68f6aea208a43e93a310aa520e9616539498a5b8b9af2f00,RENDER_PROFILE_STATIC_DISPATCH,alpha_two_sided_depth_read,False,False,effect.dimensionmaster.skill.2050510,fx_pc_swp_00.par_j_swp_dimensionthrust_weapon_01_01.particlespriteemit
cohort.e10b89c70872c78d9fee0a33752cce6dbdb9154e7454053dfd74658c26c3cb64,NATIVE_EVIDENCE_COHORT,3,0,DimensionMaster,1,SPRITE_PARTICLE / additive_one_sided_depth_read,NO,program.13cbbbc6bcb5aa37a4a718f6ff218253c4080d2a1a74322d655f7adf627c3053,DXBC_LITERAL_TRANSLATION,,,layout-evidence.325e35fb840c0a2868504061ceca6ae75b8e848463632b5971ed76762e682843,adapter.d6fb24eb2acf498be47d27575136e2f2bfe988975a587e5e01b1cde26b70f2ee,RENDER_PROFILE_STATIC_DISPATCH,additive_one_sided_depth_read,False,False,effect.dimensionmaster.skill.2050120,fx_pc_swp_05.par_k_swp_tentdevider_crack_00_01.particlespriteemitter_2
cohort.e6519c3f4321e862ed9bf49c2d6bc51705db425adac624518c57a239e712ba1f,NATIVE_EVIDENCE_COHORT,3,0,DimensionMaster,1,SPRITE_PARTICLE / alpha_one_sided_depth_read,NO,program.3929c7008f6b326d5325431571bcec9219fbabd45aee0fcaa84bf4e8ff889041,DXBC_LITERAL_TRANSLATION,,,layout-evidence.9add7fc61d59b7323d604624cc8f2069fac373a662c5df5ad4ab42b076f62d01,adapter.bb2789457906f2177219ba00f477bafae97fd395aff5fc1b16a8dec9c87c24a7,RENDER_PROFILE_STATIC_DISPATCH,alpha_one_sided_depth_read,False,False,effect.dimensionmaster.skill.2050160,fx_pc_swp_01.par_w_swp_overslash_01_e.particlespriteemitter_58.event_s
cohort.f7cc4cc7b2f4a4683b4a59ea26333226572659e3598cd16eb81d0c8a5b0ad396,NATIVE_EVIDENCE_COHORT,3,0,DimensionMaster,1,SPRITE_PARTICLE / additive_one_sided_depth_read,NO,program.4da025b1d279eee9f3798123479f9c442da9ebf2b65441ef5b3dab79fc641705,DXBC_LITERAL_TRANSLATION,,,layout-evidence.bbc2bf17e35b3a30a8852ab43f2f5032c293bd3e16b540d06a86f9ab8256bf23,adapter.9d709e7b7c8fe01ae9913c67a40149ba19d1673da3a1839c5b4e03ff3ea0667a,RENDER_PROFILE_STATIC_DISPATCH,additive_one_sided_depth_read,False,False,effect.dimensionmaster.skill.2050180,fx_pc_swp_03.par_s_swp_foldcut_body_02.particlespriteemitter_110.event
cohort.018f566bb074587e5de126a6dd276b7ca2ad6bbb31777d131692b14bd45f862a,NATIVE_EVIDENCE_COHORT,2,0,DimensionMaster,1,SPRITE_PARTICLE / alpha_two_sided_depth_read,NO,program.ccfcfd43044f0c9970977c3318d7fe5998a283e3ecc51371a461a13e5a2ab189,DXBC_LITERAL_TRANSLATION,,,layout-evidence.9ee40d7dc28822ebeb84c9072bc3c154dec556f052d2a70e6a86149a134689d1,adapter.1e39f218bb32a4476f27736ea5aee7c55849d94089c6c06063c310a53201907d,RENDER_PROFILE_STATIC_DISPATCH,alpha_two_sided_depth_read,False,False,effect.dimensionmaster.skill.2050190,fx_pc_swp_04.par_m_swp_vt_start_exp_01.particlespriteemitter_0
cohort.04a699c77d3c1f21df4a5640d35cc161bd19ed3bbfabc87baca4a81596e4d1ef,NATIVE_EVIDENCE_COHORT,2,0,DimensionMaster,1,MESH_PARTICLE / alpha_two_sided_depth_read,NO,program.4bb8d64e851212a621bf0d07f1a2e87dff0d3334647996a1417450c7ddbf2f24,DXBC_LITERAL_TRANSLATION,,,layout-evidence.0755646b88110e56b1a34ad9ce080b2da95ac57d58beb3b9f0156890322e42ed,adapter.cdd1d6578205cf5d29b2f74c99dceb6385159f496a3ba920244d860784ddc057,RENDER_PROFILE_STATIC_DISPATCH,alpha_two_sided_depth_read,False,False,effect.dimensionmaster.skill.2050190,fx_pc_swp_04.par_m_swp_vt_start_exp_01.particlespriteemitter_14
cohort.0b4129443ebaddeda23f49511b1882fc3deea3822915e07e4204cb48e7b7ca47,NATIVE_EVIDENCE_COHORT,2,0,DimensionMaster,1,SPRITE_PARTICLE / alpha_one_sided_depth_read,NO,program.357be03ea90e1042faa60e9abe77d96b38a8a159e7c2cc6c2e5dbb30e0088bd3,DXBC_LITERAL_TRANSLATION,,,layout-evidence.3e54c45aca7dfd00ba96169f5692dc2710fc0c920991d2516374cba01b0e6dd1,adapter.eb393e58723d1d02c24fca9ea00cc53ae33edc6bc11e9164bc18da2ba4524fb8,RENDER_PROFILE_STATIC_DISPATCH,alpha_one_sided_depth_read,False,False,effect.dimensionmaster.skill.2050120,fx_pc_swp_05.par_k_swp_tentdevider_atk_00_01.particlespriteemitter_1
cohort.0c2907c96b37f037d4633a6c5d60b955726a374b76e2b523eb65d0989e6b77b5,NATIVE_EVIDENCE_COHORT,2,0,Warlord,1,MESH_PARTICLE / additive_two_sided_depth_read,NO,program.564150a8f822f6a44daf58c86ff71edff3cb7b8e55427ac1facc06d960166575,DXBC_LITERAL_TRANSLATION,,,layout-evidence.47f4d95faff89914f6b16b717c9c9c3ae0b9549fd1a36c1c6021f5e18786555b,adapter.a736f47ad97e27d711c539d2188b51e107c8482600d2ae6bf5b6767d4d9d0a9f,RENDER_PROFILE_STATIC_DISPATCH,additive_two_sided_depth_read,False,False,effect.warlord.skill.17820.clip3.unified,authored.source-particle.dd4e9e267a33d18cc22ceb3f
cohort.0d0f78b4eaaf146b97886fcf8af580bc9d61200167616887b0934f2a97a17a4d,NATIVE_EVIDENCE_COHORT,2,0,LanceMaster,1,LEGACY_STANDALONE_SPRITE / additive_two_sided_depth_read,NO,program.25d764b212e9cd4a633594dc86306e4acbe3470f6dc8419d4aa2aae597ac8412,DXBC_LITERAL_TRANSLATION,,,layout-evidence.6fe2a06ab51d5281e5a4a60de3acfb0f274ef5efb12b4553ab48a1ded99361a9,adapter.5ddcd0db5dd16507df3bec2a88f0ac1ba3ee34450c82d29216ed1083effab06c,RENDER_PROFILE_STATIC_DISPATCH,additive_two_sided_depth_read,False,False,effect.lancemaster.skill.34630.authored-baseline,authored.approx.s028.sprite03
cohort.2399aed8c44874880fd35bbee579d55cab75b8e091a1bbff7cfe8b4966d50290,NATIVE_EVIDENCE_COHORT,2,0,LanceMaster,1,LEGACY_STANDALONE_SPRITE / alpha_two_sided_depth_read,NO,program.6b8e81281de9c79e4b40a01a5a00d79279f15e74312bc4f60ea8c02726463e27,DXBC_LITERAL_TRANSLATION,,,layout-evidence.49bac476f2fdcd8845bb50fd44baa7bfb9d5ff76530a496ba5774248fade7b47,adapter.e051a6fe425cf8683ab6415b524680ebd0a794185ac2be5797a91ea1dbacc2df,RENDER_PROFILE_STATIC_DISPATCH,alpha_two_sided_depth_read,False,False,effect.lancemaster.skill.34630.authored-baseline.clip1,authored.approx.s005.sprite01
cohort.254a0f49a5100c00ffe426acc319ce21bd003fc674a3ee148f7ff94ed00c38bf,NATIVE_EVIDENCE_COHORT,2,0,Warlord,1,STANDALONE_MESH / alpha_two_sided_depth_read,NO,program.fc432f8e143a6593d56e4a3f517d5f4882dbeb3e40dc84102dccb8e7b0aef457,DXBC_LITERAL_TRANSLATION,,,layout-evidence.85d0c468cf40ccfe701487e2fe494ffdb1226d1f0c614fc9b9960178d9aa3005,adapter.d1f80557011f9128355671e536bbcac0cf858585f0ae41e59cdb4f0e1867a8c8,RENDER_PROFILE_STATIC_DISPATCH,alpha_two_sided_depth_read,False,False,effect.warlord.skill.17250.authored-baseline.clip2,authored.approx.s022.mesh01
cohort.2a454937e269ec755e0351811d6897617dffd46d144c820b325cdc4afecbc66c,TYPED_EXECUTION_COHORT,2,0,Warlord,1,MESH_PARTICLE / additive_one_sided_depth_read,NO,program.34ebe92eb6a21d294316cb44f6ac44fe336dcf26166517463b9c73c0fd3b002d,TYPED_RUNTIME_PROGRAM,22,runtimeMaterialV2,layout.559b276d051947cab419064984d13058e9e3962f768a688703560a9d982a2d5b,adapter.f8f8703ffca2f20ded8d0f8f78635ba8949caf155a4caf9d00f5de2957a2b7c8,TYPED_STATIC_DISPATCH,additive_one_sided_depth_read,False,False,effect.warlord.skill.17140.wpo-sinwave-v1.unified,authored.source-particle.8c0d6ab070c1a6c83479e590
cohort.2be9fcf989e13903c521db850c721aee0ce0d81884351e870160e4b1ce118245,NATIVE_EVIDENCE_COHORT,2,0,DimensionMaster,1,STANDALONE_MESH / additive_two_sided_depth_read,NO,program.ebf21161735a9ba2cf3fe112dfa34b4040f70742294dd234d68792035620f3dc,DXBC_LITERAL_TRANSLATION,,,layout-evidence.d5f417535d53c70ffd575d41477e724afada906c9a0958a7cee28b04dc2fdeb3,adapter.4df701a4e1e831e52d3a7aefeac0d60104983de87bb811d03aa209ccc7f46590,RENDER_PROFILE_STATIC_DISPATCH,additive_two_sided_depth_read,False,False,effect.dimensionmaster.skill.2050240.authored-baseline,authored.approx.s008.mesh03
cohort.4a22e3425a95f112680a74ca1c82921a448b2d4e09c4488a20933a4c8ffc77af,NATIVE_EVIDENCE_COHORT,2,0,DimensionMaster,1,LEGACY_STANDALONE_SPRITE / additive_two_sided_depth_read,NO,program.ec8dbe8f9af26e7fa971f2c98e3880b8bfaa33691e745f03a97ee7005e4c70e6,DXBC_LITERAL_TRANSLATION,,,layout-evidence.f2e8621e6c2446fc78eebcb8c6b517c54c44917bbb761c5720171429eecf6cdd,adapter.1f6585de5a568228fd1346e6b73ab42d2959aa0a0bc26346d8a8561055f4532c,RENDER_PROFILE_STATIC_DISPATCH,additive_two_sided_depth_read,False,False,effect.dimensionmaster.skill.2050220.authored-baseline,authored.approx.s002.sprite03
cohort.4d63a01493debe091c7b4e6472437ab1cb353e7c9b86aebb1bd2144a5af824a5,NATIVE_EVIDENCE_COHORT,2,0,DimensionMaster,1,MESH_PARTICLE / additive_two_sided_depth_read,NO,program.84884c21cc426484d9ac808605e890ed761c1650e94ab045d95c902cf640d3bf,DXBC_LITERAL_TRANSLATION,,,layout-evidence.ca703f2d653faf8831ad70ff1251f14de05290f91d794780b3d5b39c4adf7b4a,adapter.4217aabcb3c9d07f49c24b213da7885664af59cbdf988046f2221c60d079cbfa,RENDER_PROFILE_STATIC_DISPATCH,additive_two_sided_depth_read,False,False,effect.dimensionmaster.skill.2050200,fx_pc_swp_04.par_m_swp_ts_castcrack_01.particlespriteemitter_2
cohort.5e2eaff36793fb5f2c7a0c1c8a8796f6223d79fb89d5e04daa048468f2fa1f4f,NATIVE_EVIDENCE_COHORT,2,0,DimensionMaster,1,LEGACY_STANDALONE_SPRITE / alpha_two_sided_depth_read,NO,program.5ecd53c252de85fb7ff1f8391b993fc2e348832eb95f45604fff4c91d5e57d71,DXBC_LITERAL_TRANSLATION,,,layout-evidence.741107ea37fa952cfb2707bf89dd650f001811477297fb6ebc8e08fda88b3172,adapter.dee8628e29b90cf1086022c1830ec919c4b754653797c7fa0374be3ebf7d8d54,RENDER_PROFILE_STATIC_DISPATCH,alpha_two_sided_depth_read,False,False,effect.dimensionmaster.skill.2050120.authored-baseline.clip2,authored.approx.s003.sprite01
cohort.618b6dfbce81bdb5157d7bd15bada14b12178a8b7b250cd134e703f733ef99dc,NATIVE_EVIDENCE_COHORT,2,0,DimensionMaster,1,LEGACY_STANDALONE_SPRITE / alpha_two_sided_depth_read,NO,program.7693a68c855c788b8240b54cedd08bb239dbd58bd1e4931e933a152636c27517,DXBC_LITERAL_TRANSLATION,,,layout-evidence.63cec146d659196e6950e21a51b1201e5daad8f01ec6d6dafcaf803c8df7c5e4,adapter.e051a6fe425cf8683ab6415b524680ebd0a794185ac2be5797a91ea1dbacc2df,RENDER_PROFILE_STATIC_DISPATCH,alpha_two_sided_depth_read,False,False,effect.dimensionmaster.skill.2050160.authored-baseline.clip4,authored.approx.s003.sprite03
cohort.66826c43e45c1eef7eedcad0cd27bebfc33ddec3a27ce4d1debe7095933cceb3,NATIVE_EVIDENCE_COHORT,2,0,LanceMaster,1,LEGACY_STANDALONE_SPRITE / alpha_two_sided_depth_read,NO,program.093389e8c8e2858073fc83b247b8b4d15e98c6a402de8b586ebc4ab5500006f1,DXBC_LITERAL_TRANSLATION,,,layout-evidence.48f625a19943749d8c090a3762f90672d9e649308c18fc74b954dafd337df6d9,adapter.dee8628e29b90cf1086022c1830ec919c4b754653797c7fa0374be3ebf7d8d54,RENDER_PROFILE_STATIC_DISPATCH,alpha_two_sided_depth_read,False,False,effect.lancemaster.skill.34610.authored-baseline,authored.approx.s019.sprite02
cohort.6a76bc96063e98d42f710682b213ca0c074ed07d658e19e8f11e353245a835cc,NATIVE_EVIDENCE_COHORT,2,0,DimensionMaster,1,SPRITE_PARTICLE / additive_one_sided_depth_read,NO,program.c0f8ab4a5c743aa63a3eb6b6c32bbfb92150657af15dad3db5eb9ab0b26a11c1,DXBC_LITERAL_TRANSLATION,,,layout-evidence.bc2a4b7c19c68b78fba563cca2d49c4898d1dca13a6bd60ee671fee2ff8a6780,adapter.9f1dc38cca1f90aad0774bca015149b77d64886d991d7b1ef6dae570a0b3434d,RENDER_PROFILE_STATIC_DISPATCH,additive_one_sided_depth_read,False,False,effect.dimensionmaster.skill.2050010,fx_pc_swp_00.par_j_swp_normalatk_signal_01.particlespriteemitter_12
cohort.89bb79736668b5ed1f690503310a6223269faa469b2758db04a3ecf001784cd2,NATIVE_EVIDENCE_COHORT,2,0,DimensionMaster,1,LEGACY_STANDALONE_SPRITE / alpha_two_sided_depth_read,NO,program.8cfef0b72ae65114ad157873cd1a221254c6f68d401f4ec18afd444b1cfd85fb,DXBC_LITERAL_TRANSLATION,,,layout-evidence.8ccab1bb5828bd44bcd49bdc96c62201167eba2eda617fad8270f4f5437c4654,adapter.dee8628e29b90cf1086022c1830ec919c4b754653797c7fa0374be3ebf7d8d54,RENDER_PROFILE_STATIC_DISPATCH,alpha_two_sided_depth_read,False,False,effect.dimensionmaster.skill.2050120.authored-baseline,authored.approx.s007.sprite01
cohort.8d3f05d4bb493a03de003fd5842c636fac159df5867317203a76e19e9539c687,NATIVE_EVIDENCE_COHORT,2,0,DimensionMaster,1,SPRITE_PARTICLE / alpha_two_sided_depth_read,NO,program.8428ab09869d16b9f8f0e4e88fe1c939d8e26ebea0999872ac2cb7ba1690362a,DXBC_LITERAL_TRANSLATION,,,layout-evidence.34852456014ab32de11fe512de489c5306476fe6dfacb53b0d1eaadca86af78e,adapter.2b2c75d118047e7a68f6aea208a43e93a310aa520e9616539498a5b8b9af2f00,RENDER_PROFILE_STATIC_DISPATCH,alpha_two_sided_depth_read,False,False,effect.dimensionmaster.skill.2050120,fx_pc_swp_05.par_k_swp_tentdevider_atk_00_01.particlespriteemitter_47
cohort.997f4a97ca4e1fbc9cb4b1fc640e32f008c3c4146703544c574a51d3536f2177,NATIVE_EVIDENCE_COHORT,2,0,DimensionMaster,1,MESH_PARTICLE / alpha_two_sided_depth_read,NO,program.eb86c01a9850bbf1e45ee33c864782b98f61b9b319ce23e371a31f185de25174,DXBC_LITERAL_TRANSLATION,,,layout-evidence.f8886f1d2d0f6198703f35436d761198752439320256e2e48c1af3cff7276f24,adapter.cdd1d6578205cf5d29b2f74c99dceb6385159f496a3ba920244d860784ddc057,RENDER_PROFILE_STATIC_DISPATCH,alpha_two_sided_depth_read,False,False,effect.dimensionmaster.skill.2050550,fx_pc_swp_03.par_s_swp_instance_clock_01_b.particlespriteemitter_6
cohort.a73a712b60865e2419a199eb5048a747f40861245003537403b354ce03e4448a,NATIVE_EVIDENCE_COHORT,2,0,DimensionMaster|LanceMaster,2,SPRITE_PARTICLE / additive_two_sided_depth_read,NO,program.4f14fc95d56deefacc01a442099859cb8aea07292906e596b372a03127828c98,DXBC_LITERAL_TRANSLATION,,,layout-evidence.739e90c95f9d46f536a8cdb5f68e99e504539a0c5079140621f0b49f4b44271f,adapter.89260f2b5e4096259f73ea743803b79440919c0b05e1b1cd1fc3bc79496f03f2,RENDER_PROFILE_STATIC_DISPATCH,additive_two_sided_depth_read,False,False,effect.dimensionmaster.skill.2050520,fx_bs_04.state.par_j_exmove_01.particlespriteemitter_15
cohort.ac68a46421d0dde1f803bf98010116b928bba50cebd1bba0db005dcb6df2f4da,NATIVE_EVIDENCE_COHORT,2,0,DimensionMaster,1,SPRITE_PARTICLE / alpha_one_sided_depth_read,NO,program.3929c7008f6b326d5325431571bcec9219fbabd45aee0fcaa84bf4e8ff889041,DXBC_LITERAL_TRANSLATION,,,layout-evidence.9add7fc61d59b7323d604624cc8f2069fac373a662c5df5ad4ab42b076f62d01,adapter.f9eb28d1a1bd4738cb72b4c5a842dd6856951f7c3c823c351bc51cd1aea0065e,RENDER_PROFILE_STATIC_DISPATCH,alpha_one_sided_depth_read,False,False,effect.dimensionmaster.skill.2050160.clip2.unified,authored.source-particle.43b8f86e200a0b3173316405
cohort.ada80f015293ea3f157d9f077b24130ad1b648545ad80adf81258d63751c2d46,NATIVE_EVIDENCE_COHORT,2,0,LanceMaster,1,LEGACY_STANDALONE_SPRITE / alpha_two_sided_depth_read,NO,program.2fab238d837c7ca6387dc366df1ea4c52b9009d72c287dc8836cad290a49322a,DXBC_LITERAL_TRANSLATION,,,layout-evidence.44e857a357aaf4306f5e9fdb55ae03e600a61c75c9681175193d9c1aac9ffe05,adapter.e051a6fe425cf8683ab6415b524680ebd0a794185ac2be5797a91ea1dbacc2df,RENDER_PROFILE_STATIC_DISPATCH,alpha_two_sided_depth_read,False,False,effect.lancemaster.skill.34630.authored-baseline.clip1,authored.approx.s006.sprite01
cohort.b0e31785ea91b0b2847b2077555fc773d012bbb1b4464b763f7c53aeab566d2c,NATIVE_EVIDENCE_COHORT,2,0,DimensionMaster,1,LEGACY_STANDALONE_SPRITE / alpha_two_sided_depth_read,NO,program.3d232c016faaec730a0d5951a221bdf0e81f82a0e50eb97036ee34d55791b73f,DXBC_LITERAL_TRANSLATION,,,layout-evidence.fc51283e4322db54772628d02c0cae6fe529c95fae8782a402d12e7c097388c7,adapter.e051a6fe425cf8683ab6415b524680ebd0a794185ac2be5797a91ea1dbacc2df,RENDER_PROFILE_STATIC_DISPATCH,alpha_two_sided_depth_read,False,False,effect.dimensionmaster.skill.2050240.authored-baseline,authored.approx.s007.sprite03
cohort.be1bbbffbebd5b3d59b39fbde6efd37cf544890e7559190af9b570f67972ebeb,NATIVE_EVIDENCE_COHORT,2,0,DimensionMaster,1,MESH_PARTICLE / alpha_two_sided_depth_read,NO,program.d530669f96151b1d537f92662f5862c6f4358477cf907d0842b3355dfef35cf8,DXBC_LITERAL_TRANSLATION,,,layout-evidence.d36c89cc1cb5f96553eeec73e2cb29342b59484577711324843003157250d325,adapter.cdd1d6578205cf5d29b2f74c99dceb6385159f496a3ba920244d860784ddc057,RENDER_PROFILE_STATIC_DISPATCH,alpha_two_sided_depth_read,False,False,effect.dimensionmaster.skill.2050200,fx_pc_swp_04.par_m_swp_ts_tratil_01.particlespriteemitter_3
cohort.c46048d02f75b8c8a1bb1eca2134936c4c43a83e89e52da51903303a3e056f4f,NATIVE_EVIDENCE_COHORT,2,0,DimensionMaster,1,STANDALONE_MESH / additive_two_sided_depth_read,NO,program.84884c21cc426484d9ac808605e890ed761c1650e94ab045d95c902cf640d3bf,DXBC_LITERAL_TRANSLATION,,,layout-evidence.ca703f2d653faf8831ad70ff1251f14de05290f91d794780b3d5b39c4adf7b4a,adapter.4df701a4e1e831e52d3a7aefeac0d60104983de87bb811d03aa209ccc7f46590,RENDER_PROFILE_STATIC_DISPATCH,additive_two_sided_depth_read,False,False,effect.dimensionmaster.skill.2050240.authored-baseline,authored.approx.s008.mesh05
cohort.c58848ecce6cd6738895dffd6eb4c2345fd1fbe2e044c8f44a3cdb2de3e95b0e,NATIVE_EVIDENCE_COHORT,2,0,Warlord,1,LEGACY_STANDALONE_SPRITE / additive_two_sided_depth_read,NO,program.2853676ebd3d29e97a7eb3aec624e100ee2f5390d09f8e45f922a97eaa8be44c,DXBC_LITERAL_TRANSLATION,,,layout-evidence.02aba0ee1d766a7dff6d393bc51a243a6a8b87272e8a947d775c3a0667ec0018,adapter.317feba534ef735ca90e775cad01940223b3f3c5264866ee58fe7cc372eac08f,RENDER_PROFILE_STATIC_DISPATCH,additive_two_sided_depth_read,False,False,effect.warlord.skill.17250.authored-baseline.clip2,authored.approx.s019.sprite01
cohort.c5eb4b476fe5ffa989ca5ecb50f7644afa08743ded363d31307fc8395af29c31,NATIVE_EVIDENCE_COHORT,2,0,DimensionMaster,1,LEGACY_STANDALONE_SPRITE / alpha_two_sided_depth_read,NO,program.a70b2eb7be49da60f8b23eb5523770a61a29b702ad8ca91a63d2d2cb44f7133e,DXBC_LITERAL_TRANSLATION,,,layout-evidence.f54eeaf7fea551d2f67659809e1a7a1537250d2db2d3c56da359199436134ad3,adapter.dee8628e29b90cf1086022c1830ec919c4b754653797c7fa0374be3ebf7d8d54,RENDER_PROFILE_STATIC_DISPATCH,alpha_two_sided_depth_read,False,False,effect.dimensionmaster.skill.2050240.authored-baseline,authored.approx.s005.sprite03
cohort.c8c4530679f7c27e60b93f0e758d5556a1ac3ff7f83b5b73fdac7767ccaec7f1,NATIVE_EVIDENCE_COHORT,2,0,DimensionMaster,1,STANDALONE_MESH / alpha_two_sided_depth_read,NO,program.4bb8d64e851212a621bf0d07f1a2e87dff0d3334647996a1417450c7ddbf2f24,DXBC_LITERAL_TRANSLATION,,,layout-evidence.0755646b88110e56b1a34ad9ce080b2da95ac57d58beb3b9f0156890322e42ed,adapter.d1f80557011f9128355671e536bbcac0cf858585f0ae41e59cdb4f0e1867a8c8,RENDER_PROFILE_STATIC_DISPATCH,alpha_two_sided_depth_read,False,False,effect.dimensionmaster.skill.2050240.authored-baseline.clip2,authored.approx.s008.mesh01
cohort.d29ec3e61874f269b98ad2f95023e97f3ae23027d6a82205247d8f308444ec76,NATIVE_EVIDENCE_COHORT,2,0,DimensionMaster,1,SPRITE_PARTICLE / additive_two_sided_depth_read,NO,program.66b4c799ff94507e92ebb436363c058db160fbfdca3855e88d13b0958fc29de9,DXBC_LITERAL_TRANSLATION,,,layout-evidence.7f12813fdc53c893f7a90a33afff4c89c270616f9ed0ac85a9472941bdd7d820,adapter.44f48baaa979eaa568f1622de41d1e617b7195899c218a02f26ac6fd37232918,RENDER_PROFILE_STATIC_DISPATCH,additive_two_sided_depth_read,False,False,effect.dimensionmaster.skill.2050540,fx_pc_swp_04.par_m_swp_tw_exp_01.particlespriteemitter_51
cohort.d6bd3b14a96d35274c7446c093fd8ac9fc6f369fa69f078c80b0fe4d1b0e9f3a,NATIVE_EVIDENCE_COHORT,2,0,Artist,1,LEGACY_STANDALONE_SPRITE / alpha_two_sided_depth_read,NO,program.88f38bec3f5efb80659a5e2e8f5d53e68213d40c48fd887ef14072c8d886543e,DXBC_LITERAL_TRANSLATION,,,layout-evidence.f396af21b2f3b41f7abcaf064befc0bf67c5e3957380cf02fd8c53207ec72ab8,adapter.e255de38300723dd0d7aa6beb278860e43759753d6dbf9350234cd117a613916,RENDER_PROFILE_STATIC_DISPATCH,alpha_two_sided_depth_read,False,False,effect.artist.skill.31930.authored-baseline,authored.approx.s008.sprite03
cohort.d8eea7d9ec46d63a329f514bf45b0ff15471b0c032825f5307e97684dba4be4e,NATIVE_EVIDENCE_COHORT,2,0,DimensionMaster,1,SPRITE_PARTICLE / additive_two_sided_depth_read,NO,program.13cbbbc6bcb5aa37a4a718f6ff218253c4080d2a1a74322d655f7adf627c3053,DXBC_LITERAL_TRANSLATION,,,layout-evidence.325e35fb840c0a2868504061ceca6ae75b8e848463632b5971ed76762e682843,adapter.44f48baaa979eaa568f1622de41d1e617b7195899c218a02f26ac6fd37232918,RENDER_PROFILE_STATIC_DISPATCH,additive_two_sided_depth_read,False,False,effect.dimensionmaster.skill.2050540,fx_pc_swp_04.par_m_swp_tw_expground_01.particlespriteemitter_59
cohort.df2fb70f460e27826b03c028d018f53de5a2de0e20371fbf928dab398bd73573,NATIVE_EVIDENCE_COHORT,2,0,LanceMaster,1,STANDALONE_MESH / additive_two_sided_depth_read,NO,program.e0367f908c86293c8fe57da7ca21ec490b79149d4c359f1d933e3d0cb237186e,DXBC_LITERAL_TRANSLATION,,,layout-evidence.d971e1e7f9094d17b9ebba5656717e722c595d6e43f05d33ad3f76acb9e5fb6c,adapter.4df701a4e1e831e52d3a7aefeac0d60104983de87bb811d03aa209ccc7f46590,RENDER_PROFILE_STATIC_DISPATCH,additive_two_sided_depth_read,False,False,effect.lancemaster.skill.34590.ba3,authored.approx.s024.mesh03
cohort.ea80b227d9a2ecee1983303dd7e4fb93a3395a147f95de5eea6d89bc3cd060a5,NATIVE_EVIDENCE_COHORT,2,0,DimensionMaster,1,SPRITE_PARTICLE / additive_one_sided_depth_read,NO,program.25ab0211a7a032b88b507e1b3e0619c8111f9f02d97511c073c019c0c9b48bcb,DXBC_LITERAL_TRANSLATION,,,layout-evidence.6eb8dacc2dd8ceeb7d2bc849ce99cdea4ac321e59b86472bb58b94ca58060940,adapter.7a3263db47e6a3d00d91a72331a219fb00ca1fe0fac3deb574940660cff69157,RENDER_PROFILE_STATIC_DISPATCH,additive_one_sided_depth_read,False,False,effect.dimensionmaster.skill.2050500,fx_pc_swp_01.par_w_swp_dimensionprison_00_exp.particlespriteemitter_93
cohort.eab144b54245ce3c512f322763410ff58b3e84d7af0cc76170873285e38bccb4,NATIVE_EVIDENCE_COHORT,2,0,Warlord,1,STANDALONE_MESH / alpha_two_sided_depth_read,NO,program.fa91048ce9095211abee52a651f67eb2088c9b3652e44d5cc623200ca5c70c5d,DXBC_LITERAL_TRANSLATION,,,layout-evidence.e3e255eb4ab4906efa88e40d3ea81bb5f5825541b923111e3cb8209c40f1c2a5,adapter.d1f80557011f9128355671e536bbcac0cf858585f0ae41e59cdb4f0e1867a8c8,RENDER_PROFILE_STATIC_DISPATCH,alpha_two_sided_depth_read,False,False,effect.warlord.skill.17250.authored-baseline.clip1,authored.approx.s001.mesh01
cohort.ec1594e975f6f5c044e63446386faf7b53dbe449cc65e89fc0da17aed02b35e1,NATIVE_EVIDENCE_COHORT,2,0,DimensionMaster,1,SPRITE_PARTICLE / alpha_two_sided_depth_read,NO,program.8cfecd3cbe58d8f15d3f4f96cb97724f0baf5d3858208fe82c85696b82d1355d,DXBC_LITERAL_TRANSLATION,,,layout-evidence.b74a8a50fb29a0dda4b8564368922d272f98c1623885b65d0ac8ca346186bd0f,adapter.8324077f57cdd67fa0bff05e43be1286ff25956b2acdd8e8fbfa5dfcfd5312cc,RENDER_PROFILE_STATIC_DISPATCH,alpha_two_sided_depth_read,False,False,effect.dimensionmaster.skill.2050230,fx_pc_swp_03.par_s_swp_chrono_start_01.particlespriteemitter_15
cohort.edc7a51073aa905696cf8d1d277d3a11bcba520b21ae55569eb6be8731e7bd57,NATIVE_EVIDENCE_COHORT,2,0,DimensionMaster,1,SPRITE_PARTICLE / additive_two_sided_depth_read,NO,program.25ab0211a7a032b88b507e1b3e0619c8111f9f02d97511c073c019c0c9b48bcb,DXBC_LITERAL_TRANSLATION,,,layout-evidence.6eb8dacc2dd8ceeb7d2bc849ce99cdea4ac321e59b86472bb58b94ca58060940,adapter.7a1df8e67717a5be30371df5642f6743acca71c518cfa9de934481540396a237,RENDER_PROFILE_STATIC_DISPATCH,additive_two_sided_depth_read,False,False,effect.dimensionmaster.skill.2050510,fx_pc_swp_00.par_j_swp_dimensionthrust_exp_01_01.particlespriteemitter
cohort.fadc4954c80732bab0a5f8d2025515f953d1e28c1c805ca062de54aa49fdbcf2,NATIVE_EVIDENCE_COHORT,2,0,LanceMaster,1,STANDALONE_MESH / alpha_two_sided_depth_read,NO,program.4f007568e64a91fde65a236f98bb158be80320c8a94e61983242932c160530e5,DXBC_LITERAL_TRANSLATION,,,layout-evidence.9835c71ce5ce4261031516e6c4844a82bef3aa092f210fe2ad28686f4d76c236,adapter.d1f80557011f9128355671e536bbcac0cf858585f0ae41e59cdb4f0e1867a8c8,RENDER_PROFILE_STATIC_DISPATCH,alpha_two_sided_depth_read,False,False,effect.lancemaster.skill.34630.authored-baseline.clip1,authored.approx.s009.mesh05
cohort.fd502ae2efc1f872bea0c17c5b8e6e2a462f3bc176df117cd3be5f21333966c0,NATIVE_EVIDENCE_COHORT,2,0,Artist,1,STANDALONE_MESH / alpha_two_sided_depth_read,NO,program.10ed4fabc8625ebba8132d0bee4d93c8cb8ad46253680b15c3eb7852373d1295,DXBC_LITERAL_TRANSLATION,,,layout-evidence.309cd8e69d6eaba630111de149411b7998577903a027eed99ff2fa114b0ad52e,adapter.d1f80557011f9128355671e536bbcac0cf858585f0ae41e59cdb4f0e1867a8c8,RENDER_PROFILE_STATIC_DISPATCH,alpha_two_sided_depth_read,False,False,effect.artist.skill.31930.authored-baseline.clip2,authored.approx.s014.mesh05
cohort.04fa1d0ed6c5938a5283244681ea7fd14f9094074d9d8763d7d6d612f9456c5d,NATIVE_EVIDENCE_COHORT,1,0,DimensionMaster,1,SPRITE_PARTICLE / alpha_two_sided_depth_read,NO,program.3c14e64a61d4bd0846b8d3bf7497ba63ca53d40727feed518305d1857f80eefd,DXBC_LITERAL_TRANSLATION,,,layout-evidence.222184908ff19b5269a924c9b911bda5fa8de95f110cc56f1f2b8ac4dea4022e,adapter.2b2c75d118047e7a68f6aea208a43e93a310aa520e9616539498a5b8b9af2f00,RENDER_PROFILE_STATIC_DISPATCH,alpha_two_sided_depth_read,False,False,effect.dimensionmaster.skill.2050010,fx_pc_swp_00.par_j_swp_normalatk_core_3_1.particlespriteemitter_4
cohort.05625b5139a5575a7ac52cb27062c0549e9bc3bb095a09167c58dbb6bb895d99,NATIVE_EVIDENCE_COHORT,1,0,DimensionMaster,1,SPRITE_PARTICLE / alpha_one_sided_depth_read,NO,program.e150f8dff2e523362ce7550a4e50fde52e38b05ddecb9544a760c74652a77f10,DXBC_LITERAL_TRANSLATION,,,layout-evidence.cce302626542a4fe12a17857981af2a0ec66e61edad6980f6d88586ff3283369,adapter.bb2789457906f2177219ba00f477bafae97fd395aff5fc1b16a8dec9c87c24a7,RENDER_PROFILE_STATIC_DISPATCH,alpha_one_sided_depth_read,False,False,effect.dimensionmaster.skill.2050220,fx_pc_swp_02.par_r_swp_momentaryrift_00_05.particlespriteemitter_49
cohort.0936cd1e5058c4c73b85ff1decfb87d8ed889015ffa166af424838b4d4a4e332,NATIVE_EVIDENCE_COHORT,1,0,DimensionMaster,1,SPRITE_PARTICLE / alpha_two_sided_depth_read,NO,program.8cfecd3cbe58d8f15d3f4f96cb97724f0baf5d3858208fe82c85696b82d1355d,DXBC_LITERAL_TRANSLATION,,,layout-evidence.b74a8a50fb29a0dda4b8564368922d272f98c1623885b65d0ac8ca346186bd0f,adapter.ba8c5893a1231d063bd6e6a238ec2493a5de4305d4b02606e06fd8b445ebd374,RENDER_PROFILE_STATIC_DISPATCH,alpha_two_sided_depth_read,False,False,effect.dimensionmaster.skill.2050180,fx_pc_swp_03.par_s_swp_foldcut_body_01.particlespriteemitter_16
cohort.0a2f4d611f3cf44cf3ef5361bbf6b4b1da3679f50fe57f88ffdf75f85815f7b9,NATIVE_EVIDENCE_COHORT,1,0,DimensionMaster,1,SPRITE_PARTICLE / alpha_one_sided_depth_read,NO,program.d62ceb3ee57e20f368f8dff0a861a964a75a85966035cbf0b853d97cdddd7d59,DXBC_LITERAL_TRANSLATION,,,layout-evidence.d25187c7b836bc8cebdf71a712bea23de3078b6a742c10fd4aa89361eecbf7c8,adapter.eb393e58723d1d02c24fca9ea00cc53ae33edc6bc11e9164bc18da2ba4524fb8,RENDER_PROFILE_STATIC_DISPATCH,alpha_one_sided_depth_read,False,False,effect.dimensionmaster.skill.2050500,fx_pc_swp_01.par_w_swp_dimensionprison_00_exp.particlespriteemitter_2
cohort.0cccda57125e61a5e079ba3a6b9ddb38c1f59582b8fc8e2af0cd62dab2a842a6,NATIVE_EVIDENCE_COHORT,1,0,DimensionMaster,1,MESH_PARTICLE / alpha_two_sided_depth_read,NO,program.ea729e7b7b517150dd02c81a598320cffc91b6052f42759ddd0df24fbc5f7a47,DXBC_LITERAL_TRANSLATION,,,layout-evidence.7f584f7cfca7c0674988da7db5e7bfaa7e1d03bdcbde6a8933b9501e51bda42c,adapter.cdd1d6578205cf5d29b2f74c99dceb6385159f496a3ba920244d860784ddc057,RENDER_PROFILE_STATIC_DISPATCH,alpha_two_sided_depth_read,False,False,effect.dimensionmaster.skill.2050510,fx_pc_swp_00.par_j_swp_dimensionthrust_exp_01_01.particlespriteemitter
cohort.0d2ca2bec1f4a32e0116edbcf18504fab3d4281cb8c18b658a9a069fc11f50d3,NATIVE_EVIDENCE_COHORT,1,0,DimensionMaster,1,SPRITE_PARTICLE / additive_one_sided_depth_read,NO,program.3a70765906c105d01347d876e9298487cb28e6206795084643335822996e627d,DXBC_LITERAL_TRANSLATION,,,layout-evidence.eb66b165d7436d8c4d9ec9e889a542ca4fa6120160143d86d6cbd4217993c1ed,adapter.7a3263db47e6a3d00d91a72331a219fb00ca1fe0fac3deb574940660cff69157,RENDER_PROFILE_STATIC_DISPATCH,additive_one_sided_depth_read,False,False,effect.dimensionmaster.skill.2050230,fx_pc_swp_03.par_s_swp_chrono_rewind_02.particlespriteemitter_18
cohort.142f75902b2702919b8fd69cba4324844fc0f1a152d9b18811c7920444517f8c,NATIVE_EVIDENCE_COHORT,1,0,DimensionMaster,1,MESH_PARTICLE / alpha_one_sided_depth_read,NO,program.ea729e7b7b517150dd02c81a598320cffc91b6052f42759ddd0df24fbc5f7a47,DXBC_LITERAL_TRANSLATION,,,layout-evidence.7f584f7cfca7c0674988da7db5e7bfaa7e1d03bdcbde6a8933b9501e51bda42c,adapter.e532f9c29ef792bc7e8045d0a61b8ea67fe6fd5cf73e32990f9d74abfee91be9,RENDER_PROFILE_STATIC_DISPATCH,alpha_one_sided_depth_read,False,False,effect.dimensionmaster.skill.2050230,fx_pc_swp_03.par_s_swp_chrono_atk_01.particlespriteemitter_20
cohort.15e0453f0f89bb76f7e210ed09d231ca6d68393da43c698845504e442be105eb,NATIVE_EVIDENCE_COHORT,1,0,DimensionMaster,1,MESH_PARTICLE / additive_one_sided_depth_read,NO,program.5f0ad22758dd1600307f2346f4afee8e45365ecca713bd84ff575978b89b2557,DXBC_LITERAL_TRANSLATION,,,layout-evidence.adf049fd6ece1657c3376a3008c31e92284c85bedafbfaa4c6e749bb47606207,adapter.3ce7c35f82cd733153838b57bcd2f7589093b392c6cd9bc03fc2fa177f06c785,RENDER_PROFILE_STATIC_DISPATCH,additive_one_sided_depth_read,False,False,effect.dimensionmaster.skill.2050230,fx_pc_swp_03.par_s_swp_chrono_atk_01.particlespriteemitter_12
cohort.1d745ef0685363b566d233e189f38dbc6d36a5fb9990337e3d9679be4ab82402,NATIVE_EVIDENCE_COHORT,1,0,DimensionMaster,1,SPRITE_PARTICLE / additive_one_sided_depth_read,NO,program.bb8952d848c87f0f575ec0e5661f996ad00299a11c3aedb8a260d5a74282f4e1,DXBC_LITERAL_TRANSLATION,,,layout-evidence.de6545af94448baa532ea7afc959fdd50596e7b684cd1876b40f59b2b34666e7,adapter.1cc834775c89afac9ee890b48ea86fc9ff69babc9962d5d26b88957d2a243615,RENDER_PROFILE_STATIC_DISPATCH,additive_one_sided_depth_read,False,False,effect.dimensionmaster.skill.2050010.ba2.unified,authored.source-particle.1ad6428e6d2bd40cb2bc1aa5
cohort.1e96a08fc284487efd1c3c175df2486e1e94c86cbff84ca04c173261ac3cbf6b,NATIVE_EVIDENCE_COHORT,1,0,DimensionMaster,1,MESH_PARTICLE / additive_two_sided_depth_read,NO,program.a0dcef528177b5479f1744166932b1d608b3e939a34b0fd21788b9cba205c0fe,DXBC_LITERAL_TRANSLATION,,,layout-evidence.040aeacf1d9776705fdec4cfef2d13d02f99e21a8bf8a7558745555036495906,adapter.4217aabcb3c9d07f49c24b213da7885664af59cbdf988046f2221c60d079cbfa,RENDER_PROFILE_STATIC_DISPATCH,additive_two_sided_depth_read,False,False,effect.dimensionmaster.skill.2050540,fx_pc_swp_04.par_m_swp_tw_exp_01.particlespriteemitter_6
cohort.244d762c544f1ed4d0fb3d2547f55779aa3a204f7b6625a6630c45635e3b82b5,NATIVE_EVIDENCE_COHORT,1,0,DimensionMaster,1,LEGACY_STANDALONE_SPRITE / additive_two_sided_depth_read,NO,program.d7f79f1b66c1df732079324c5f3e26cb7630f7e114b8eb8beb121087874bb81a,DXBC_LITERAL_TRANSLATION,,,layout-evidence.67d4c69733c2046bd3784ecaf0330961749cad87f880f08b325c040bb2e42d67,adapter.1f6585de5a568228fd1346e6b73ab42d2959aa0a0bc26346d8a8561055f4532c,RENDER_PROFILE_STATIC_DISPATCH,additive_two_sided_depth_read,False,False,effect.dimensionmaster.skill.2050500.authored-baseline,authored.approx.s004.sprite01
cohort.24bb1d605db9c4d943402b82f7bb861bd89325d8a240f999c4f79c809cf093f5,NATIVE_EVIDENCE_COHORT,1,0,DimensionMaster,1,SPRITE_PARTICLE / additive_one_sided_depth_read,NO,program.c0f8ab4a5c743aa63a3eb6b6c32bbfb92150657af15dad3db5eb9ab0b26a11c1,DXBC_LITERAL_TRANSLATION,,,layout-evidence.bc2a4b7c19c68b78fba563cca2d49c4898d1dca13a6bd60ee671fee2ff8a6780,adapter.9d709e7b7c8fe01ae9913c67a40149ba19d1673da3a1839c5b4e03ff3ea0667a,RENDER_PROFILE_STATIC_DISPATCH,additive_one_sided_depth_read,False,False,effect.dimensionmaster.skill.2050500,fx_pc_wgl_07.par_s_superawake_exmove_01.particlespriteemitter_36
cohort.2b052bdc7d13ab65077f4315f2ce305859bbe0e1234bc9e6032f6fb5caf5dccd,NATIVE_EVIDENCE_COHORT,1,0,DimensionMaster,1,SPRITE_PARTICLE / additive_two_sided_depth_read,NO,program.167056b519bde45ccd29ebb643016636492c1503731be48e06056421042ac0d3,DXBC_LITERAL_TRANSLATION,,,layout-evidence.1f2449136325adafc253f6d053f92e6584c0c76e9f9ef28625830ea0c78941ad,adapter.53a367d260c7528a67e531c65aa4b935c96a389292a8709f7d2c32b23ee4e2c4,RENDER_PROFILE_STATIC_DISPATCH,additive_two_sided_depth_read,False,False,effect.dimensionmaster.skill.2050100,fx_pc_swp_00.par_j_swp_nailstrike_00_2.particlespriteemitter_6
cohort.2f3402418347a714def3621153ea38ebfbc52b9624f85e59f4cbcc07749715da,NATIVE_EVIDENCE_COHORT,1,0,DimensionMaster,1,LEGACY_STANDALONE_SPRITE / alpha_two_sided_depth_read,NO,program.806db64a62fa747118ea6d81495c91ebd19a206b9b4c4fdd53bb249baa7f3b1b,DXBC_LITERAL_TRANSLATION,,,layout-evidence.da8c79828bfa29a05e340736dc783ee0ee40a0f7cf051151f12d6e287f267425,adapter.e051a6fe425cf8683ab6415b524680ebd0a794185ac2be5797a91ea1dbacc2df,RENDER_PROFILE_STATIC_DISPATCH,alpha_two_sided_depth_read,False,False,effect.dimensionmaster.skill.2050540.authored-baseline,authored.approx.s005.sprite01
cohort.38b9ca465400287b8b1d47dca11da575f88386581ce5852b50b62290b57aec1e,NATIVE_EVIDENCE_COHORT,1,0,DimensionMaster,1,MESH_PARTICLE / additive_one_sided_depth_read,NO,program.5316a74118ef88cb400052d3d170a8d4a6801e27c4ce8a573dd333682d204695,DXBC_LITERAL_TRANSLATION,,,layout-evidence.1a5e342f29af2589388a78f9b1f9f168de20543d6563c901d67ebcab506189a6,adapter.3ce7c35f82cd733153838b57bcd2f7589093b392c6cd9bc03fc2fa177f06c785,RENDER_PROFILE_STATIC_DISPATCH,additive_one_sided_depth_read,False,False,effect.dimensionmaster.skill.2050500,fx_pc_swp_01.par_w_swp_dimensionprison_00_exp.particlespriteemitter_97
cohort.3b014b0194362d7044a2f5fb5b3bdcdf0024069a39e77f4bb3a4f90941d8da32,NATIVE_EVIDENCE_COHORT,1,0,DimensionMaster,1,LEGACY_STANDALONE_SPRITE / alpha_two_sided_depth_read,NO,program.8428ab09869d16b9f8f0e4e88fe1c939d8e26ebea0999872ac2cb7ba1690362a,DXBC_LITERAL_TRANSLATION,,,layout-evidence.fc57fc46adff362e891f7ac2bb89a5ddb59af8ab064f1af73d19b1fc55c9a64e,adapter.dee8628e29b90cf1086022c1830ec919c4b754653797c7fa0374be3ebf7d8d54,RENDER_PROFILE_STATIC_DISPATCH,alpha_two_sided_depth_read,False,False,effect.dimensionmaster.skill.2050100.authored-baseline,authored.approx.s002.sprite02
cohort.3fcc81f844f350a1e2e731a44e87abdfc097a8db774ecf8bf0e7c513785f246f,NATIVE_EVIDENCE_COHORT,1,0,DimensionMaster,1,LEGACY_STANDALONE_SPRITE / additive_two_sided_depth_read,NO,program.d7892dd0d640f65ef94b24c5e8b1e71239347405660b03664e11af4f097ac959,DXBC_LITERAL_TRANSLATION,,,layout-evidence.be3ecac9c5a759e04546916a7e4cd2731c9ec70cac3052f0877c58fe2633db5d,adapter.ff3e4f2ea2bf746ed88f74dd01d9b8cbdea5a49311ebdc2a7c26f278ecce3c1c,RENDER_PROFILE_STATIC_DISPATCH,additive_two_sided_depth_read,False,False,effect.dimensionmaster.skill.2050500.authored-baseline,authored.approx.s006.sprite03
cohort.40ddb2465056a59cd749cd1ace0eef29cb15a0792f9e2d8ed34ef7996505b9f0,NATIVE_EVIDENCE_COHORT,1,0,DimensionMaster,1,SPRITE_PARTICLE / alpha_two_sided_depth_read,NO,program.e88f0a5db0410874f832c347ba66c7913431feba51c3b6d4f527eb35881a1438,DXBC_LITERAL_TRANSLATION,,,layout-evidence.b6c5e64ee25cb6759d0159335e821a6d575304769687a74a4577a1e5c88daf47,adapter.ba8c5893a1231d063bd6e6a238ec2493a5de4305d4b02606e06fd8b445ebd374,RENDER_PROFILE_STATIC_DISPATCH,alpha_two_sided_depth_read,False,False,effect.dimensionmaster.skill.2050230,fx_pc_swp_03.par_s_swp_chrono_atk_01.particlespriteemitter_38
cohort.419cc0aece0f4e961d2145a8fdfcd32655063518c48af8876bca4b7d99163497,NATIVE_EVIDENCE_COHORT,1,0,LanceMaster,1,SPRITE_PARTICLE / alpha_two_sided_depth_read,NO,program.9c95483976fb8b881056bed50ccd4bd912582c1b6e072bbf0761a967ade77c21,DXBC_LITERAL_TRANSLATION,,,layout-evidence.c639c14084cd1b734edc4d6712d253f623ac5bbac96b159266e5c5ede6de52bf,adapter.ba8c5893a1231d063bd6e6a238ec2493a5de4305d4b02606e06fd8b445ebd374,RENDER_PROFILE_STATIC_DISPATCH,alpha_two_sided_depth_read,False,False,effect.lancemaster.skill.34610.restoration-candidate,restore.lancemaster.34610.19bfa48dd0c9bb4d
cohort.4701f6d2a44395f441c4280524abdbf5d3c3a28c09f5744a941654f307b7e8be,NATIVE_EVIDENCE_COHORT,1,0,DimensionMaster,1,STANDALONE_MESH / alpha_two_sided_depth_read,NO,program.ea729e7b7b517150dd02c81a598320cffc91b6052f42759ddd0df24fbc5f7a47,DXBC_LITERAL_TRANSLATION,,,layout-evidence.7f584f7cfca7c0674988da7db5e7bfaa7e1d03bdcbde6a8933b9501e51bda42c,adapter.d1f80557011f9128355671e536bbcac0cf858585f0ae41e59cdb4f0e1867a8c8,RENDER_PROFILE_STATIC_DISPATCH,alpha_two_sided_depth_read,False,False,effect.dimensionmaster.skill.2050230.authored-baseline,authored.approx.s003.mesh05
cohort.4a74e7a580027118a47fff55ccb2ec4a05223af931dea131af8c0d38cc9e2644,NATIVE_EVIDENCE_COHORT,1,0,DimensionMaster,1,MESH_PARTICLE / additive_two_sided_depth_read,NO,program.e5a5a89451f954bb94b54fe0d049cc3cdca28505182d70b0faf1a273a0f7409f,DXBC_LITERAL_TRANSLATION,,,layout-evidence.d8dec3de7c030e4275f0a17ea264ae198c221f56894236ee009c809321ad64c1,adapter.4217aabcb3c9d07f49c24b213da7885664af59cbdf988046f2221c60d079cbfa,RENDER_PROFILE_STATIC_DISPATCH,additive_two_sided_depth_read,False,False,effect.dimensionmaster.skill.2050510,fx_pc_wgl_07.par_s_superawake_exmove_01.particlespriteemitter_6
cohort.528a5bef6132043d2408672d653d2f50743d689e345fb01752031607171bc9f5,NATIVE_EVIDENCE_COHORT,1,0,DimensionMaster,1,SPRITE_PARTICLE / alpha_one_sided_depth_read,NO,program.a70b2eb7be49da60f8b23eb5523770a61a29b702ad8ca91a63d2d2cb44f7133e,DXBC_LITERAL_TRANSLATION,,,layout-evidence.f54eeaf7fea551d2f67659809e1a7a1537250d2db2d3c56da359199436134ad3,adapter.bb2789457906f2177219ba00f477bafae97fd395aff5fc1b16a8dec9c87c24a7,RENDER_PROFILE_STATIC_DISPATCH,alpha_one_sided_depth_read,False,False,effect.dimensionmaster.skill.2050240,fx_pc_swp_01.par_w_swp_flickerthrust_jump.particlespriteemitter_11
cohort.599493dea6fbd5dd8da16b93d3889e00dc4a6bf9a83d3df11355a47e88a809b0,NATIVE_EVIDENCE_COHORT,1,0,DimensionMaster,1,SPRITE_PARTICLE / additive_two_sided_depth_read,NO,program.d7892dd0d640f65ef94b24c5e8b1e71239347405660b03664e11af4f097ac959,DXBC_LITERAL_TRANSLATION,,,layout-evidence.be3ecac9c5a759e04546916a7e4cd2731c9ec70cac3052f0877c58fe2633db5d,adapter.44f48baaa979eaa568f1622de41d1e617b7195899c218a02f26ac6fd37232918,RENDER_PROFILE_STATIC_DISPATCH,additive_two_sided_depth_read,False,False,effect.dimensionmaster.skill.2050500,fx_pc_swp_01.par_w_swp_dimensionprison_00_exp_local.particlespriteemit
cohort.5d92cb060e3e604f19e41801871aede293bfbce49027ed8a22c6898aae699c58,NATIVE_EVIDENCE_COHORT,1,0,DimensionMaster,1,SPRITE_PARTICLE / alpha_two_sided_depth_read,NO,program.08fdf999cc55e9cb62b5aaa7a252cc14560ba5772dc9a27a91e2db4726bb1e2d,DXBC_LITERAL_TRANSLATION,,,layout-evidence.8cb2e50e408b160612e0c30e773c030863de0f0f986e5e78455dfa9835fdf1d7,adapter.ba8c5893a1231d063bd6e6a238ec2493a5de4305d4b02606e06fd8b445ebd374,RENDER_PROFILE_STATIC_DISPATCH,alpha_two_sided_depth_read,False,False,effect.dimensionmaster.skill.2050550,fx_pc_swp_03.par_s_swp_instance_wp_01.particlespriteemitter_34
cohort.5ea1950fd03a560b1eb6ddbab5e3031778144bc73a75ceae2e82144115663152,NATIVE_EVIDENCE_COHORT,1,0,DimensionMaster,1,MESH_PARTICLE / additive_two_sided_depth_read,NO,program.d3358b7d08b114fdad2efab064fbdafb7b961861f09f4cf8107d8e69add15134,DXBC_LITERAL_TRANSLATION,,,layout-evidence.26d26786d23d14feaca5da145c5d9d964b439a083dfaa0e72d6630dc41d178a5,adapter.4217aabcb3c9d07f49c24b213da7885664af59cbdf988046f2221c60d079cbfa,RENDER_PROFILE_STATIC_DISPATCH,additive_two_sided_depth_read,False,False,effect.dimensionmaster.skill.2050540,fx_pc_swp_04.par_m_swp_tw_expground_01.particlespriteemitter_90
cohort.687f45eb0e6bbc67c3b4e59eec9bd259b73f29dcfe97a0a1a480889b7fd1fe7e,NATIVE_EVIDENCE_COHORT,1,0,DimensionMaster,1,SPRITE_PARTICLE / additive_one_sided_depth_read,NO,program.bb8952d848c87f0f575ec0e5661f996ad00299a11c3aedb8a260d5a74282f4e1,DXBC_LITERAL_TRANSLATION,,,layout-evidence.de6545af94448baa532ea7afc959fdd50596e7b684cd1876b40f59b2b34666e7,adapter.7a3263db47e6a3d00d91a72331a219fb00ca1fe0fac3deb574940660cff69157,RENDER_PROFILE_STATIC_DISPATCH,additive_one_sided_depth_read,False,False,effect.dimensionmaster.skill.2050010,fx_pc_swp_00.par_j_swp_normalatk_signal_01.particlespriteemitter_0
cohort.6aeeaa82fb9187db0e1f8bfc28df5ecd225ac36e01f4be9c3f1c37b576388cf4,NATIVE_EVIDENCE_COHORT,1,0,DimensionMaster,1,SPRITE_PARTICLE / additive_two_sided_depth_read,NO,program.c0f8ab4a5c743aa63a3eb6b6c32bbfb92150657af15dad3db5eb9ab0b26a11c1,DXBC_LITERAL_TRANSLATION,,,layout-evidence.bc2a4b7c19c68b78fba563cca2d49c4898d1dca13a6bd60ee671fee2ff8a6780,adapter.89260f2b5e4096259f73ea743803b79440919c0b05e1b1cd1fc3bc79496f03f2,RENDER_PROFILE_STATIC_DISPATCH,additive_two_sided_depth_read,False,False,effect.dimensionmaster.skill.2050200,fx_pc_swp_04.par_m_swp_ts_cast_wp_01.particlespriteemitter_7
cohort.6b06fe63a8c8c03858d10f7482c0594e575ac081c27f86eafe5f9b5b86d4c10c,NATIVE_EVIDENCE_COHORT,1,0,DimensionMaster,1,SPRITE_PARTICLE / additive_two_sided_depth_read,NO,program.49cde5cd5932137e978fd883b1b17c661d9538fb7d60a13e69ba2d2664966026,DXBC_LITERAL_TRANSLATION,,,layout-evidence.ef7d66603729b27edcad4dd2d3b0904be890cad7421b5b231ef2767c0bb0125a,adapter.53a367d260c7528a67e531c65aa4b935c96a389292a8709f7d2c32b23ee4e2c4,RENDER_PROFILE_STATIC_DISPATCH,additive_two_sided_depth_read,False,False,effect.dimensionmaster.skill.2050550,fx_pc_swp_03.par_s_swp_instance_hand_01.particlespriteemitter_112
cohort.78921dd263986614a18c488ae06cc7c58837a04ad745e7dcd42738b400e294bd,NATIVE_EVIDENCE_COHORT,1,0,DimensionMaster,1,MESH_PARTICLE / alpha_one_sided_depth_read,NO,program.fdcfccdcc601d8cc99d6332e8bc6a06e962037e4671628f3a56bfe2a04b2aacb,DXBC_LITERAL_TRANSLATION,,,layout-evidence.840f446da384e33d787e68a284f6bb4de0fcde6462a4d018b3a3e69ad851dd00,adapter.e532f9c29ef792bc7e8045d0a61b8ea67fe6fd5cf73e32990f9d74abfee91be9,RENDER_PROFILE_STATIC_DISPATCH,alpha_one_sided_depth_read,False,False,effect.dimensionmaster.skill.2050500,fx_pc_swp_01.par_w_swp_dimensionprison_00.particlespriteemitter_13
cohort.7dd0eeaf8c22b4c7aaf1f65431ea416c78209ffdb9789771ab917ef05607eeff,NATIVE_EVIDENCE_COHORT,1,0,DimensionMaster,1,SPRITE_PARTICLE / alpha_two_sided_depth_read,NO,program.ae132c43b58b5dc33e47edd2a47bdbcebcae6c1db554224b206491604f836c2d,DXBC_LITERAL_TRANSLATION,,,layout-evidence.30dc0f11efcd488cee738644f14dc01a0f3d1cb6f0e1afd9b1000813ab64bf74,adapter.ba8c5893a1231d063bd6e6a238ec2493a5de4305d4b02606e06fd8b445ebd374,RENDER_PROFILE_STATIC_DISPATCH,alpha_two_sided_depth_read,False,False,effect.dimensionmaster.skill.2050120,fx_pc_swp_05.par_k_swp_tentdevider_atk_00_01.particlespriteemitter_3
cohort.7ea8ab17a4671b01cddb3bf9a67a92d841521bbb40ad6f4b9fe114536ccabbfc,NATIVE_EVIDENCE_COHORT,1,0,DimensionMaster,1,STANDALONE_MESH / additive_two_sided_depth_read,NO,program.5f0ad22758dd1600307f2346f4afee8e45365ecca713bd84ff575978b89b2557,DXBC_LITERAL_TRANSLATION,,,layout-evidence.adf049fd6ece1657c3376a3008c31e92284c85bedafbfaa4c6e749bb47606207,adapter.4df701a4e1e831e52d3a7aefeac0d60104983de87bb811d03aa209ccc7f46590,RENDER_PROFILE_STATIC_DISPATCH,additive_two_sided_depth_read,False,False,effect.dimensionmaster.skill.2050230.authored-baseline,authored.approx.s003.mesh04
cohort.8454b9821cce7ceb79727ba75230d430588390edb73e507af97578d62e3a2ba9,NATIVE_EVIDENCE_COHORT,1,0,DimensionMaster,1,MESH_PARTICLE / additive_two_sided_depth_read,NO,program.95f1b0639f3648262963fd1065e003a80b024c411e98fb222adbd244d078ef3c,DXBC_LITERAL_TRANSLATION,,,layout-evidence.f110f172e6a39912767287d700e9afab30ca1cd7c6fee45b0ae486e70b950334,adapter.4217aabcb3c9d07f49c24b213da7885664af59cbdf988046f2221c60d079cbfa,RENDER_PROFILE_STATIC_DISPATCH,additive_two_sided_depth_read,False,False,effect.dimensionmaster.skill.2050540,fx_pc_swp_04.par_m_swp_tw_exp_01.particlespriteemitter_1
cohort.846a9916b5aaf29b58cade5b3806068f078d5473161a8696c8f0b959b9228677,NATIVE_EVIDENCE_COHORT,1,0,DimensionMaster,1,LEGACY_STANDALONE_SPRITE / alpha_two_sided_depth_read,NO,program.3c14e64a61d4bd0846b8d3bf7497ba63ca53d40727feed518305d1857f80eefd,DXBC_LITERAL_TRANSLATION,,,layout-evidence.222184908ff19b5269a924c9b911bda5fa8de95f110cc56f1f2b8ac4dea4022e,adapter.dee8628e29b90cf1086022c1830ec919c4b754653797c7fa0374be3ebf7d8d54,RENDER_PROFILE_STATIC_DISPATCH,alpha_two_sided_depth_read,False,False,effect.dimensionmaster.skill.2050010.ba4,authored.approx.s001.sprite01
cohort.86aeb6717e3c28ff8a59b7c5994b9c33ecf9b9efc77d57baefb543778c9823ef,NATIVE_EVIDENCE_COHORT,1,0,DimensionMaster,1,SPRITE_PARTICLE / alpha_one_sided_depth_read,NO,program.20f01b1be753a8fe20e23c76bf4b5b73fbfff29418bfd0cb0bf757a5a50011a0,DXBC_LITERAL_TRANSLATION,,,layout-evidence.d788c2b8a71ecf15a939c23dd326fb88302413d3d29a01da4e39d8d41b854702,adapter.eb393e58723d1d02c24fca9ea00cc53ae33edc6bc11e9164bc18da2ba4524fb8,RENDER_PROFILE_STATIC_DISPATCH,alpha_one_sided_depth_read,False,False,effect.dimensionmaster.skill.2050500,fx_pc_swp_01.par_w_swp_dimensionprison_00_exp.particlespriteemitter_67
cohort.914d0165be74a6aa34f5fd5429f2b8ddb6f3f42027d7f9545a371c0d55b1f118,NATIVE_EVIDENCE_COHORT,1,0,DimensionMaster,1,SPRITE_PARTICLE / alpha_one_sided_depth_read,NO,program.70adc86f74b29e95b1a1c7f520e4a9c6c94f35cf2a4c1ab0c50897f98adb617e,DXBC_LITERAL_TRANSLATION,,,layout-evidence.70c6cf2682ae32bdee1e86fb194a7be52c1507b0c1bec79d69ae7154c0ed8921,adapter.eb393e58723d1d02c24fca9ea00cc53ae33edc6bc11e9164bc18da2ba4524fb8,RENDER_PROFILE_STATIC_DISPATCH,alpha_one_sided_depth_read,False,False,effect.dimensionmaster.skill.2050500,fx_pc_swp_01.par_w_swp_dimensionprison_00_exp.particlespriteemitter_65
cohort.94c5fba7c64552c449ad89f60c8c5dfed4e7b0a6e9aa9e9b7a1d4108a7540afc,NATIVE_EVIDENCE_COHORT,1,0,DimensionMaster,1,SPRITE_PARTICLE / alpha_one_sided_depth_read,NO,program.8cfef0b72ae65114ad157873cd1a221254c6f68d401f4ec18afd444b1cfd85fb,DXBC_LITERAL_TRANSLATION,,,layout-evidence.8ccab1bb5828bd44bcd49bdc96c62201167eba2eda617fad8270f4f5437c4654,adapter.bb2789457906f2177219ba00f477bafae97fd395aff5fc1b16a8dec9c87c24a7,RENDER_PROFILE_STATIC_DISPATCH,alpha_one_sided_depth_read,False,False,effect.dimensionmaster.skill.2050120,fx_pc_swp_05.par_k_swp_tentdevider_crack_00_01.particlespriteemitter_5
cohort.98594c330afb56a55ed6c9f082798c48493886750277f792f5ed9a0fd8494334,NATIVE_EVIDENCE_COHORT,1,0,DimensionMaster,1,SPRITE_PARTICLE / alpha_two_sided_depth_read,NO,program.0d1dfb5302be1aa7719160fc41c7f63ab31600bb25f684e88b2d63e57ca68842,DXBC_LITERAL_TRANSLATION,,,layout-evidence.323077aa6941da9a802857330b3c31b9e3c3934c91b7cce84e1fa1dcda121881,adapter.ba8c5893a1231d063bd6e6a238ec2493a5de4305d4b02606e06fd8b445ebd374,RENDER_PROFILE_STATIC_DISPATCH,alpha_two_sided_depth_read,False,False,effect.dimensionmaster.skill.2050540,fx_pc_swp_04.par_m_swp_tw_expground_01.particlespriteemitter_44
cohort.9f49bdb3a51877b8463fd6fd794cb1304851a3761a4b1a29e2d3238e3d27791d,NATIVE_EVIDENCE_COHORT,1,0,DimensionMaster,1,LEGACY_STANDALONE_SPRITE / additive_two_sided_depth_read,NO,program.c0f8ab4a5c743aa63a3eb6b6c32bbfb92150657af15dad3db5eb9ab0b26a11c1,DXBC_LITERAL_TRANSLATION,,,layout-evidence.bc2a4b7c19c68b78fba563cca2d49c4898d1dca13a6bd60ee671fee2ff8a6780,adapter.5ddcd0db5dd16507df3bec2a88f0ac1ba3ee34450c82d29216ed1083effab06c,RENDER_PROFILE_STATIC_DISPATCH,additive_two_sided_depth_read,False,False,effect.dimensionmaster.skill.2050500.authored-baseline,authored.approx.s001.sprite02
cohort.a5b35cf58a64188006a4fe1eb9915ebc0b0623dabc1d7b14884142d49296670a,NATIVE_EVIDENCE_COHORT,1,0,DimensionMaster,1,SPRITE_PARTICLE / alpha_two_sided_depth_read,NO,program.3c14e64a61d4bd0846b8d3bf7497ba63ca53d40727feed518305d1857f80eefd,DXBC_LITERAL_TRANSLATION,,,layout-evidence.222184908ff19b5269a924c9b911bda5fa8de95f110cc56f1f2b8ac4dea4022e,adapter.9cb62e6f2a370a2bcd90b996cb3ec1cf33a3420cf00b8089a9b6f6cf997a4670,RENDER_PROFILE_STATIC_DISPATCH,alpha_two_sided_depth_read,False,False,effect.dimensionmaster.skill.2050010.ba4.unified,authored.source-particle.be73f5b0b9f4592fa06075a0
cohort.a66aa9fdc20243a140c883aaf807e805e57013abe208cf25d1e2ce8ccca4219d,NATIVE_EVIDENCE_COHORT,1,0,DimensionMaster,1,SPRITE_PARTICLE / additive_one_sided_depth_read,NO,program.d7f79f1b66c1df732079324c5f3e26cb7630f7e114b8eb8beb121087874bb81a,DXBC_LITERAL_TRANSLATION,,,layout-evidence.67d4c69733c2046bd3784ecaf0330961749cad87f880f08b325c040bb2e42d67,adapter.4b8200956fa5835f6fe462e8d4f77edffe4053d28085fafd83d8f4543736e083,RENDER_PROFILE_STATIC_DISPATCH,additive_one_sided_depth_read,False,False,effect.dimensionmaster.skill.2050500,fx_pc_swp_01.par_w_swp_dimensionprison_hand.particlespriteemitter_8
cohort.a947e7403c552abc7d373acb2e5bb92c4af84b2051e9bcac22eeb7693be11cd0,NATIVE_EVIDENCE_COHORT,1,0,DimensionMaster,1,SPRITE_PARTICLE / alpha_one_sided_depth_read,NO,program.0be23255a7a40396a0cae000ede60934f7dca761578ca80a44df9aa0a29cb4f8,DXBC_LITERAL_TRANSLATION,,,layout-evidence.c00f85fbe0ba538497b37c5894d5c348ab803018cb1a0e535b7b018d20ad1b27,adapter.eb393e58723d1d02c24fca9ea00cc53ae33edc6bc11e9164bc18da2ba4524fb8,RENDER_PROFILE_STATIC_DISPATCH,alpha_one_sided_depth_read,False,False,effect.dimensionmaster.skill.2050500,fx_pc_swp_01.par_w_swp_dimensionprison_00.particlespriteemitter_28
cohort.af04e635272f8cac530043229ffb831c7528a5479544e627c359f14bc8fb81e8,NATIVE_EVIDENCE_COHORT,1,0,DimensionMaster,1,LEGACY_STANDALONE_SPRITE / alpha_two_sided_depth_read,NO,program.d4b3c5e7910cb56ff1930596eb631d7a947183460efcd4f721476b368cd4187d,DXBC_LITERAL_TRANSLATION,,,layout-evidence.50b811de1dbb8f93ec1112d8855f634fa104e4a8e1c61eae3e84d3c4c4c394ab,adapter.e051a6fe425cf8683ab6415b524680ebd0a794185ac2be5797a91ea1dbacc2df,RENDER_PROFILE_STATIC_DISPATCH,alpha_two_sided_depth_read,False,False,effect.dimensionmaster.skill.2050180.authored-baseline,authored.approx.s001.sprite02
cohort.b0f823a09c4995740a7dcd2073710def224e1feb8557a952ec3785b0f55aa3da,NATIVE_EVIDENCE_COHORT,1,0,DimensionMaster,1,MESH_PARTICLE / additive_one_sided_depth_read,NO,program.e5a5a89451f954bb94b54fe0d049cc3cdca28505182d70b0faf1a273a0f7409f,DXBC_LITERAL_TRANSLATION,,,layout-evidence.d8dec3de7c030e4275f0a17ea264ae198c221f56894236ee009c809321ad64c1,adapter.3ce7c35f82cd733153838b57bcd2f7589093b392c6cd9bc03fc2fa177f06c785,RENDER_PROFILE_STATIC_DISPATCH,additive_one_sided_depth_read,False,False,effect.dimensionmaster.skill.2050500,fx_pc_wgl_07.par_s_superawake_exmove_01.particlespriteemitter_6
cohort.b1b9753072d94f13feaa695948db614284d74486dda5d85520c82d2cddaf4347,NATIVE_EVIDENCE_COHORT,1,0,DimensionMaster,1,SPRITE_PARTICLE / alpha_one_sided_depth_read,NO,program.64b86c35a234a958896dc1dd7c08c86a7c08e9a7876411e277a3fae119452914,DXBC_LITERAL_TRANSLATION,,,layout-evidence.259b39efb0739b665c20e16253351a7a6037f56f335fa6d3ab99c848b59a8078,adapter.bb2789457906f2177219ba00f477bafae97fd395aff5fc1b16a8dec9c87c24a7,RENDER_PROFILE_STATIC_DISPATCH,alpha_one_sided_depth_read,False,False,effect.dimensionmaster.skill.2050230,fx_pc_swp_03.par_s_swp_chrono_rewind_02.particlespriteemitter_11
cohort.b21914a4f6cb3978225497554323280a6b4b343ed646bbfb385fb96a781202c0,NATIVE_EVIDENCE_COHORT,1,0,DimensionMaster,1,SPRITE_PARTICLE / alpha_two_sided_depth_read,NO,program.46750187600cdf7acacc93142df22787228d6475ae40edf953e0d9a60b3a572f,DXBC_LITERAL_TRANSLATION,,,layout-evidence.7d3423dee5dbe8162f0ef2b9931d6fece784cee3008696240235cf1e585b3645,adapter.ba8c5893a1231d063bd6e6a238ec2493a5de4305d4b02606e06fd8b445ebd374,RENDER_PROFILE_STATIC_DISPATCH,alpha_two_sided_depth_read,False,False,effect.dimensionmaster.skill.2050500,fx_pc_swp_01.par_w_swp_dimensionprison_00_exp.particlespriteemitter_68
cohort.b27ac6584a7fb7d1215b632fc2f3a8dbab54a727de99342b53deeb02b4399fc3,NATIVE_EVIDENCE_COHORT,1,0,DimensionMaster,1,SPRITE_PARTICLE / alpha_one_sided_depth_read,NO,program.d4b3c5e7910cb56ff1930596eb631d7a947183460efcd4f721476b368cd4187d,DXBC_LITERAL_TRANSLATION,,,layout-evidence.50b811de1dbb8f93ec1112d8855f634fa104e4a8e1c61eae3e84d3c4c4c394ab,adapter.eb393e58723d1d02c24fca9ea00cc53ae33edc6bc11e9164bc18da2ba4524fb8,RENDER_PROFILE_STATIC_DISPATCH,alpha_one_sided_depth_read,False,False,effect.dimensionmaster.skill.2050180,fx_pc_swp_03.par_s_swp_foldcut_body_01.particlespriteemitter_86
cohort.b29eb336b9b4237b80a89cedcfc695e28518bc8b1375b24124d559c521bcf7af,NATIVE_EVIDENCE_COHORT,1,0,DimensionMaster,1,SPRITE_PARTICLE / alpha_one_sided_depth_read,NO,program.ccfcfd43044f0c9970977c3318d7fe5998a283e3ecc51371a461a13e5a2ab189,DXBC_LITERAL_TRANSLATION,,,layout-evidence.9ee40d7dc28822ebeb84c9072bc3c154dec556f052d2a70e6a86149a134689d1,adapter.4cf3e65b7070db4346373924ea4f9b0060e9bba7b0bf38029256d26716012eff,RENDER_PROFILE_STATIC_DISPATCH,alpha_one_sided_depth_read,False,False,effect.dimensionmaster.skill.2050230,fx_pc_swp_03.par_s_swp_chrono_start_01.particlespriteemitter_3
cohort.b6766e3acc3bb5ec6edae7d327cdc5bddb22425b9fdd04e22ae57b88d220c741,NATIVE_EVIDENCE_COHORT,1,0,DimensionMaster,1,SPRITE_PARTICLE / alpha_two_sided_depth_read,NO,program.a70b2eb7be49da60f8b23eb5523770a61a29b702ad8ca91a63d2d2cb44f7133e,DXBC_LITERAL_TRANSLATION,,,layout-evidence.f54eeaf7fea551d2f67659809e1a7a1537250d2db2d3c56da359199436134ad3,adapter.2b2c75d118047e7a68f6aea208a43e93a310aa520e9616539498a5b8b9af2f00,RENDER_PROFILE_STATIC_DISPATCH,alpha_two_sided_depth_read,False,False,effect.dimensionmaster.skill.2050550,fx_pc_swp_03.par_s_swp_instance_hand_01.particlespriteemitter_50
cohort.b81415b550e966f1a51272afeed0aedacc65dc4b4a8b69736a3608d2e8e103f5,NATIVE_EVIDENCE_COHORT,1,0,DimensionMaster,1,MESH_PARTICLE / alpha_one_sided_depth_read,NO,program.4bb8d64e851212a621bf0d07f1a2e87dff0d3334647996a1417450c7ddbf2f24,DXBC_LITERAL_TRANSLATION,,,layout-evidence.0755646b88110e56b1a34ad9ce080b2da95ac57d58beb3b9f0156890322e42ed,adapter.e532f9c29ef792bc7e8045d0a61b8ea67fe6fd5cf73e32990f9d74abfee91be9,RENDER_PROFILE_STATIC_DISPATCH,alpha_one_sided_depth_read,False,False,effect.dimensionmaster.skill.2050240,fx_pc_swp_01.par_w_swp_flickerthrust_01.particlespriteemitter_40
cohort.bf559601837da7105bfbbf2cdfc363572823e2ef191f172476a01e8250feeaae,NATIVE_EVIDENCE_COHORT,1,0,Artist,1,LEGACY_STANDALONE_SPRITE / alpha_two_sided_depth_read,NO,program.d16db0755c89c99cf235e581038f079dfbb50d02dd189d2702fa09dda471bb3b,DXBC_LITERAL_TRANSLATION,,,layout-evidence.e662adc4e1934e226a9823122fd083df19e63eeafb615e0006296555bc5cdeb7,adapter.e051a6fe425cf8683ab6415b524680ebd0a794185ac2be5797a91ea1dbacc2df,RENDER_PROFILE_STATIC_DISPATCH,alpha_two_sided_depth_read,False,False,effect.artist.skill.31910.authored-baseline,authored.approx.s011.sprite01
cohort.c4ef83df8507cc792f01350f7e1e5c14b27187739806b355b08a11d1c68e53a3,NATIVE_EVIDENCE_COHORT,1,0,DimensionMaster,1,SPRITE_PARTICLE / alpha_two_sided_depth_read,NO,program.7693a68c855c788b8240b54cedd08bb239dbd58bd1e4931e933a152636c27517,DXBC_LITERAL_TRANSLATION,,,layout-evidence.63cec146d659196e6950e21a51b1201e5daad8f01ec6d6dafcaf803c8df7c5e4,adapter.ba8c5893a1231d063bd6e6a238ec2493a5de4305d4b02606e06fd8b445ebd374,RENDER_PROFILE_STATIC_DISPATCH,alpha_two_sided_depth_read,False,False,effect.dimensionmaster.skill.2050160,fx_pc_swp_01.par_w_swp_overslash_01_1_s.particlespriteemitter_31
cohort.c6733e5d4c47c7b52e4e6b4daff6ddc6bf9fde9d4b621bbd57deef387fe1f7de,NATIVE_EVIDENCE_COHORT,1,0,DimensionMaster,1,MESH_PARTICLE / additive_two_sided_depth_read,NO,program.ebf21161735a9ba2cf3fe112dfa34b4040f70742294dd234d68792035620f3dc,DXBC_LITERAL_TRANSLATION,,,layout-evidence.d5f417535d53c70ffd575d41477e724afada906c9a0958a7cee28b04dc2fdeb3,adapter.4217aabcb3c9d07f49c24b213da7885664af59cbdf988046f2221c60d079cbfa,RENDER_PROFILE_STATIC_DISPATCH,additive_two_sided_depth_read,False,False,effect.dimensionmaster.skill.2050240,fx_pc_swp_01.par_w_swp_flickerthrust_01.particlespriteemitter_52
cohort.ce8768d577d2c9671f3f054a8da4328140ba1566cab8f593403f6bc6cf4bd8be,NATIVE_EVIDENCE_COHORT,1,0,DimensionMaster,1,LEGACY_STANDALONE_SPRITE / alpha_two_sided_depth_read,NO,program.286662d9d7fb7e6280b04c0bc079ab554421c88c599e0202113750666f009019,DXBC_LITERAL_TRANSLATION,,,layout-evidence.aeb5fe56c226197990da32e9dc1a459413451857a3776a20c8c6cb93ef06d1b0,adapter.dee8628e29b90cf1086022c1830ec919c4b754653797c7fa0374be3ebf7d8d54,RENDER_PROFILE_STATIC_DISPATCH,alpha_two_sided_depth_read,False,False,effect.dimensionmaster.skill.2050230.authored-baseline,authored.approx.s004.sprite03
cohort.d3ce5fb4bc763c654c61f0cbef029709297866dbb83b60582d4f3b11cbca305c,NATIVE_EVIDENCE_COHORT,1,0,DimensionMaster,1,SPRITE_PARTICLE / alpha_two_sided_depth_read,NO,program.fda0c94e0bc7e134a72eda90c41e32800e10ee441def888d95828b09231e62d5,DXBC_LITERAL_TRANSLATION,,,layout-evidence.1ad46248e5699c6f8e839e61af941a90a91af34ac230f1cd106b166b65e062f4,adapter.2b2c75d118047e7a68f6aea208a43e93a310aa520e9616539498a5b8b9af2f00,RENDER_PROFILE_STATIC_DISPATCH,alpha_two_sided_depth_read,False,False,effect.dimensionmaster.skill.2050150,fx_pc_swp_05.par_k_swp_riftslash_rib_00_01.particlespriteemitter_17
cohort.d8e0d19c0b1552342ba11dca10d90bc4e87c19b2c32c1d644f27b7d762bece96,NATIVE_EVIDENCE_COHORT,1,0,DimensionMaster,1,LEGACY_STANDALONE_SPRITE / alpha_two_sided_depth_read,NO,program.bb8952d848c87f0f575ec0e5661f996ad00299a11c3aedb8a260d5a74282f4e1,DXBC_LITERAL_TRANSLATION,,,layout-evidence.de6545af94448baa532ea7afc959fdd50596e7b684cd1876b40f59b2b34666e7,adapter.dee8628e29b90cf1086022c1830ec919c4b754653797c7fa0374be3ebf7d8d54,RENDER_PROFILE_STATIC_DISPATCH,alpha_two_sided_depth_read,False,False,effect.dimensionmaster.skill.2050010.ba2,authored.approx.s002.sprite01
cohort.e9185099d1c2e78280d669cb0abada59c458c01cd610d494dec5ddbd198b0a0c,NATIVE_EVIDENCE_COHORT,1,0,DimensionMaster,1,LEGACY_STANDALONE_SPRITE / additive_two_sided_depth_read,NO,program.167056b519bde45ccd29ebb643016636492c1503731be48e06056421042ac0d3,DXBC_LITERAL_TRANSLATION,,,layout-evidence.1f2449136325adafc253f6d053f92e6584c0c76e9f9ef28625830ea0c78941ad,adapter.317feba534ef735ca90e775cad01940223b3f3c5264866ee58fe7cc372eac08f,RENDER_PROFILE_STATIC_DISPATCH,additive_two_sided_depth_read,False,False,effect.dimensionmaster.skill.2050100.authored-baseline,authored.approx.s002.sprite01
cohort.ea4973d1caae523816c70dffaf3e1eab8359fb108c3df3557e975398f8f24372,NATIVE_EVIDENCE_COHORT,1,0,DimensionMaster,1,SPRITE_PARTICLE / alpha_two_sided_depth_read,NO,program.70adc86f74b29e95b1a1c7f520e4a9c6c94f35cf2a4c1ab0c50897f98adb617e,DXBC_LITERAL_TRANSLATION,,,layout-evidence.70c6cf2682ae32bdee1e86fb194a7be52c1507b0c1bec79d69ae7154c0ed8921,adapter.8324077f57cdd67fa0bff05e43be1286ff25956b2acdd8e8fbfa5dfcfd5312cc,RENDER_PROFILE_STATIC_DISPATCH,alpha_two_sided_depth_read,False,False,effect.dimensionmaster.skill.2050550,fx_pc_swp_03.par_s_swp_instance_dust_01.particlespriteemitter_7
cohort.ea74434436b1fad2d4569b937de53c560156a6d32ded8d35961c0d16bfa28c74,NATIVE_EVIDENCE_COHORT,1,0,DimensionMaster,1,STANDALONE_MESH / additive_two_sided_depth_read,NO,program.95f1b0639f3648262963fd1065e003a80b024c411e98fb222adbd244d078ef3c,DXBC_LITERAL_TRANSLATION,,,layout-evidence.f110f172e6a39912767287d700e9afab30ca1cd7c6fee45b0ae486e70b950334,adapter.4df701a4e1e831e52d3a7aefeac0d60104983de87bb811d03aa209ccc7f46590,RENDER_PROFILE_STATIC_DISPATCH,additive_two_sided_depth_read,False,False,effect.dimensionmaster.skill.2050540.authored-baseline,authored.approx.s009.mesh04
cohort.ee282f2bed4726b87ffa11eba499835cae4f14dcb0079ebd375d438b092d539c,NATIVE_EVIDENCE_COHORT,1,0,DimensionMaster,1,SPRITE_PARTICLE / alpha_two_sided_depth_read,NO,program.e4c2c18c31c6e90f736339d9ae0a7e1ff8f3fe125b54bf9a3b5ee2e0e93609d1,DXBC_LITERAL_TRANSLATION,,,layout-evidence.00f133b6733847bc280a84fe3d64eb3b6018320fd0c8ebb592c36b37d1b5d3fe,adapter.ba8c5893a1231d063bd6e6a238ec2493a5de4305d4b02606e06fd8b445ebd374,RENDER_PROFILE_STATIC_DISPATCH,alpha_two_sided_depth_read,False,False,effect.dimensionmaster.skill.2050540,fx_pc_swp_04.par_m_swp_tw_exp_01.particlespriteemitter_106
cohort.ef8f5c49d9e8eac51da2fe632a51c3d9a56ec7147b7638e87ad345d2ee6a312f,NATIVE_EVIDENCE_COHORT,1,0,DimensionMaster,1,SPRITE_PARTICLE / alpha_two_sided_depth_read,NO,program.5ecd53c252de85fb7ff1f8391b993fc2e348832eb95f45604fff4c91d5e57d71,DXBC_LITERAL_TRANSLATION,,,layout-evidence.741107ea37fa952cfb2707bf89dd650f001811477297fb6ebc8e08fda88b3172,adapter.2b2c75d118047e7a68f6aea208a43e93a310aa520e9616539498a5b8b9af2f00,RENDER_PROFILE_STATIC_DISPATCH,alpha_two_sided_depth_read,False,False,effect.dimensionmaster.skill.2050150,fx_pc_swp_00.par_j_swp_willowrend_core_00_1.particlespriteemitter_23
cohort.f0db3f867f0d02740dba7b85de26f359578cf6f2ec9a48d66f1fa78a121f59b4,NATIVE_EVIDENCE_COHORT,1,0,DimensionMaster,1,SPRITE_PARTICLE / alpha_two_sided_depth_read,NO,program.806db64a62fa747118ea6d81495c91ebd19a206b9b4c4fdd53bb249baa7f3b1b,DXBC_LITERAL_TRANSLATION,,,layout-evidence.da8c79828bfa29a05e340736dc783ee0ee40a0f7cf051151f12d6e287f267425,adapter.ba8c5893a1231d063bd6e6a238ec2493a5de4305d4b02606e06fd8b445ebd374,RENDER_PROFILE_STATIC_DISPATCH,alpha_two_sided_depth_read,False,False,effect.dimensionmaster.skill.2050540,fx_pc_swp_04.par_m_swp_tw_s2_hand_deco_01.particlespriteemitter_0
cohort.f38d2528d9f7006e04c2a3a98458b00d015445d1d32ae0631cb76bfe50f7c85e,NATIVE_EVIDENCE_COHORT,1,0,DimensionMaster,1,SPRITE_PARTICLE / alpha_two_sided_depth_read,NO,program.a92de07b82d65ebf0adee17eaf1038dcafa04989b1e961641e8f98883d05025a,DXBC_LITERAL_TRANSLATION,,,layout-evidence.7a35b9d8e614b43e72bca4323d846e93fbbc691accdd9f29ddfb5e04e18df10f,adapter.2b2c75d118047e7a68f6aea208a43e93a310aa520e9616539498a5b8b9af2f00,RENDER_PROFILE_STATIC_DISPATCH,alpha_two_sided_depth_read,False,False,effect.dimensionmaster.skill.2050230,fx_pc_swp_03.par_s_swp_chrono_rewind_02.particlespriteemitter_1
cohort.f4c070b478f315c2acc305bcbfeb217566d4d7553792f6e2e545ae3aba7e6ba3,NATIVE_EVIDENCE_COHORT,1,0,DimensionMaster,1,SPRITE_PARTICLE / alpha_one_sided_depth_read,NO,program.fda0c94e0bc7e134a72eda90c41e32800e10ee441def888d95828b09231e62d5,DXBC_LITERAL_TRANSLATION,,,layout-evidence.1ad46248e5699c6f8e839e61af941a90a91af34ac230f1cd106b166b65e062f4,adapter.bb2789457906f2177219ba00f477bafae97fd395aff5fc1b16a8dec9c87c24a7,RENDER_PROFILE_STATIC_DISPATCH,alpha_one_sided_depth_read,False,False,effect.dimensionmaster.skill.2050500,fx_pc_swp_01.par_w_swp_dimensionprison_00_exp.particlespriteemitter_95
cohort.fd85c4a8b83ac84d899f127c1a19821ff1da213e3232d091bee7dafcd143e97a,NATIVE_EVIDENCE_COHORT,1,0,DimensionMaster,1,SPRITE_PARTICLE / alpha_one_sided_depth_read,NO,program.3d232c016faaec730a0d5951a221bdf0e81f82a0e50eb97036ee34d55791b73f,DXBC_LITERAL_TRANSLATION,,,layout-evidence.fc51283e4322db54772628d02c0cae6fe529c95fae8782a402d12e7c097388c7,adapter.eb393e58723d1d02c24fca9ea00cc53ae33edc6bc11e9164bc18da2ba4524fb8,RENDER_PROFILE_STATIC_DISPATCH,alpha_one_sided_depth_read,False,False,effect.dimensionmaster.skill.2050240,fx_pc_swp_01.par_w_swp_flickerthrust_dust_00.particlespriteemitter_13
